% Model:              DipoleAxial_below.mph
% Version:            COMSOL 6.2.0.290
% Date:               Jun 11 2025, 22:57
% Dimension:          1
% Nodes:              361
% Expressions:        22
% Description:        Radiation pattern
% theta                   Far-field norm           Elevation angle          Far-field norm           Elevation angle          Far-field norm           Elevation angle          Far-field norm           Elevation angle          Far-field norm           Elevation angle          Far-field norm           Elevation angle          Far-field norm           Elevation angle          Far-field norm           Elevation angle          Far-field norm           Elevation angle          Far-field norm           Elevation angle          Far-field norm           Elevation angle
0                         0                        0                        0                        0                        0                        0                        0                        0                        0                        0                        0                        0                        0                        0                        0                        0                        0                        0                        0                        0                        0                        0
0.017453292519943295      2.105290739993549E-11    0.017453292519943295     5.985056014418988E-11    0.017453292519943295     1.0713583134848485E-10   0.017453292519943295     1.3572946661461918E-10   0.017453292519943295     1.5924629172662572E-10   0.017453292519943295     1.9796835692791673E-10   0.017453292519943295     2.535196361777251E-10    0.017453292519943295     3.0294964568609027E-10   0.017453292519943295     3.346089743345857E-10    0.017453292519943295     3.5601420528414203E-10   0.017453292519943295     3.8928863919213183E-10   0.017453292519943295
0.03490658503988659       4.148375725015986E-11    0.03490658503988659      1.1971034512360328E-10   0.03490658503988659      2.1576174236047228E-10   0.03490658503988659      2.732101175557827E-10    0.03490658503988659      3.202150426476111E-10    0.03490658503988659      3.980416539180676E-10    0.03490658503988659      5.095091597655362E-10    0.03490658503988659      6.085623645694525E-10    0.03490658503988659      6.731612706194735E-10    0.03490658503988659      7.168354001238142E-10    0.03490658503988659      7.824728743614714E-10    0.03490658503988659
0.05235987755982988       2.3146580696858558E-11   0.05235987755982988      6.940907944649469E-11    0.05235987755982988      1.2507773463781541E-10   0.05235987755982988      1.5946092741821407E-10   0.05235987755982988      1.869482881747596E-10    0.05235987755982988      2.3100671261510934E-10   0.05235987755982988      2.955292501925434E-10    0.05235987755982988      3.542849416489726E-10    0.05235987755982988      3.920248765692356E-10    0.05235987755982988      4.1682942674141534E-10   0.05235987755982988      4.551921478975138E-10    0.05235987755982988
0.06981317007977318       9.310346137586912E-12    0.06981317007977318      2.398265139135246E-11    0.06981317007977318      4.178446222411809E-11    0.06981317007977318      5.3008397708224724E-11   0.06981317007977318      6.218701578632686E-11    0.06981317007977318      7.738970674416204E-11    0.06981317007977318      9.964759857904919E-11    0.06981317007977318      1.1932480580493807E-10   0.06981317007977318      1.3065281160854446E-10   0.06981317007977318      1.38471742319794E-10     0.06981317007977318      1.5272240723970372E-10   0.06981317007977318
0.08726646259971647       2.619982975885333E-11    0.08726646259971647      7.483483310689696E-11    0.08726646259971647      1.35333340296947E-10     0.08726646259971647      1.7071819328283517E-10   0.08726646259971647      2.0002618740094518E-10   0.08726646259971647      2.4943154115400124E-10   0.08726646259971647      3.1924086385769485E-10   0.08726646259971647      3.8042059191038883E-10   0.08726646259971647      4.210790394008194E-10    0.08726646259971647      4.4902594250209284E-10   0.08726646259971647      4.896143490164687E-10    0.08726646259971647
0.10471975511965977       1.6879242553082374E-11   0.10471975511965977      5.2549983134728624E-11   0.10471975511965977      9.43444859138636E-11     0.10471975511965977      1.210783834765529E-10    0.10471975511965977      1.421838566351119E-10    0.10471975511965977      1.7471870742422488E-10   0.10471975511965977      2.232490224946843E-10    0.10471975511965977      2.686339710666714E-10    0.10471975511965977      2.9734953265375095E-10   0.10471975511965977      3.1554936480806047E-10   0.10471975511965977      3.44852744243775E-10     0.10471975511965977
0.12217304763960307       7.115855871905709E-12    0.12217304763960307      1.5349624804197687E-11   0.12217304763960307      2.6295598621920724E-11   0.12217304763960307      3.361856707684804E-11    0.12217304763960307      3.868571574953009E-11    0.12217304763960307      4.794358558533828E-11    0.12217304763960307      6.296708930769867E-11    0.12217304763960307      7.590869345328217E-11    0.12217304763960307      8.163093796307619E-11    0.12217304763960307      8.594080010363781E-11    0.12217304763960307      9.615740185887596E-11    0.12217304763960307
0.13962634015954636       2.0558806484508475E-11   0.13962634015954636      5.793950472282038E-11    0.13962634015954636      1.051958505956938E-10    0.13962634015954636      1.3197815546519792E-10   0.13962634015954636      1.545944771805346E-10    0.13962634015954636      1.93669524183615E-10     0.13962634015954636      2.478460681269035E-10    0.13962634015954636      2.9434016235887936E-10   0.13962634015954636      3.2602063904819396E-10   0.13962634015954636      3.484213972295943E-10    0.13962634015954636      3.794476506028707E-10    0.13962634015954636
0.15707963267948966       1.4984537278592202E-11   0.15707963267948966      4.804916093228797E-11    0.15707963267948966      8.571489133065769E-11    0.15707963267948966      1.1065264158004763E-10   0.15707963267948966      1.3032437856777E-10      0.15707963267948966      1.5944113901433448E-10   0.15707963267948966      2.0333497405657716E-10   0.15707963267948966      2.454433444177238E-10    0.15707963267948966      2.7182713198666017E-10   0.15707963267948966      2.878652441624401E-10    0.15707963267948966      3.1483992795958626E-10   0.15707963267948966
0.17453292519943295       6.088354732437976E-12    0.17453292519943295      9.573447160328271E-12    0.17453292519943295      1.846314887533401E-11    0.17453292519943295      2.3744016182920302E-11   0.17453292519943295      2.478475025134491E-11    0.17453292519943295      3.032755685408846E-11    0.17453292519943295      4.2544167475939566E-11   0.17453292519943295      5.167261509387267E-11    0.17453292519943295      5.3970713773495046E-11   0.17453292519943295      5.697080092814072E-11    0.17453292519943295      6.427878612150295E-11    0.17453292519943295
0.19198621771937624       1.6753643302837553E-11   0.19198621771937624      4.617108152403392E-11    0.19198621771937624      8.401361562419114E-11    0.19198621771937624      1.0445183775179356E-10   0.19198621771937624      1.223554908512053E-10    0.19198621771937624      1.5442225553247003E-10   0.19198621771937624      1.976546055816321E-10    0.19198621771937624      2.3354465213488066E-10   0.19198621771937624      2.5875150194837696E-10   0.19198621771937624      2.774027213144945E-10    0.19198621771937624      3.017756693903614E-10    0.19198621771937624
0.20943951023931953       1.4895085589989E-11      0.2094395102393195       4.8025576126209964E-11   0.2094395102393195       8.500166604680882E-11    0.2094395102393195       1.1020944625560559E-10   0.2094395102393195       1.3029535032062107E-10   0.2094395102393195       1.5906993596817158E-10   0.2094395102393195       2.0240557183066432E-10   0.2094395102393195       2.447123374181654E-10    0.2094395102393195       2.71151239857117E-10     0.2094395102393195       2.866961311668439E-10    0.2094395102393195       3.137980760584219E-10    0.2094395102393195
0.22689280275926285       6.803183759394329E-12    0.22689280275926285      1.358404292507995E-11    0.22689280275926285      2.940406808636067E-11    0.22689280275926285      3.717949974602035E-11    0.22689280275926285      3.9858445079152466E-11   0.22689280275926285      4.924581447926623E-11    0.22689280275926285      6.630245943678381E-11    0.22689280275926285      7.900684818497767E-11    0.22689280275926285      8.605566969026354E-11    0.22689280275926285      9.31679488451436E-11     0.22689280275926285      1.0128034277510417E-10   0.22689280275926285
0.24434609527920614       1.2655476087102508E-11   0.24434609527920614      3.353524289356155E-11    0.24434609527920614      6.069015040592342E-11    0.24434609527920614      7.385183023711907E-11    0.24434609527920614      8.659978979623336E-11    0.24434609527920614      1.1101661886460296E-10   0.24434609527920614      1.4217679167267156E-10   0.24434609527920614      1.6646837693228726E-10   0.24434609527920614      1.8446580632619162E-10   0.24434609527920614      1.9866643623689404E-10   0.24434609527920614      2.1570170216730511E-10   0.24434609527920614
0.2617993877991494        1.5352668702252923E-11   0.2617993877991494       4.783577914656652E-11    0.2617993877991494       8.377642432353025E-11    0.2617993877991494       1.0898768095882926E-10   0.2617993877991494       1.2939743562156095E-10   0.2617993877991494       1.57964527941167E-10     0.2617993877991494       2.0060315695845562E-10   0.2617993877991494       2.426247673362227E-10    0.2617993877991494       2.6877666919544136E-10   0.2617993877991494       2.8378544659997884E-10   0.2617993877991494       3.1100234808553926E-10   0.2617993877991494
0.2792526803190927        9.891048897451018E-12    0.2792526803190927       2.6960159803941643E-11   0.2792526803190927       5.411749918143021E-11    0.2792526803190927       6.82122587374799E-11     0.2792526803190927       7.713757653928482E-11    0.2792526803190927       9.602682537260218E-11    0.2792526803190927       1.2489913145166998E-10   0.2792526803190927       1.479662389825085E-10    0.2792526803190927       1.63449342691283E-10     0.2792526803190927       1.7695768613080938E-10   0.2792526803190927       1.9214731736570298E-10   0.2792526803190927
0.29670597283903605       6.826266541556262E-12    0.2967059728390361       1.870584195239443E-11    0.2967059728390361       3.1899980905551545E-11   0.2967059728390361       3.5929974549127007E-11   0.2967059728390361       4.285065784528982E-11    0.2967059728390361       5.714134149681637E-11    0.2967059728390361       7.252692026332996E-11    0.2967059728390361       8.365738405406534E-11    0.2967059728390361       9.416890045513353E-11    0.2967059728390361       1.0131771394361273E-10   0.2967059728390361       1.0766195787490177E-10   0.2967059728390361
0.3141592653589793        1.4679580583203036E-11   0.3141592653589793       4.0934533656418126E-11   0.3141592653589793       7.035610020691896E-11    0.3141592653589793       9.199561393923527E-11    0.3141592653589793       1.0958546253783207E-10   0.3141592653589793       1.337821057356652E-10    0.3141592653589793       1.6989637974652302E-10   0.3141592653589793       2.0583331596519615E-10   0.3141592653589793       2.2737876405415175E-10   0.3141592653589793       2.3911349882007824E-10   0.3141592653589793       2.62932127720242E-10     0.3141592653589793
0.3316125578789226        1.3539274926610319E-11   0.3316125578789226       3.9628985951077585E-11   0.3316125578789226       7.627359441546097E-11    0.3316125578789226       9.569813909253368E-11    0.3316125578789226       1.1040908466953366E-10   0.3316125578789226       1.384159876907552E-10    0.3316125578789226       1.7836996019556608E-10   0.3316125578789226       2.1050289167302865E-10   0.3316125578789226       2.325575000863803E-10    0.3316125578789226       2.517559475383654E-10    0.3316125578789226       2.7462733182962757E-10   0.3316125578789226
0.3490658503988659        3.473375408439408E-12    0.3490658503988659       2.3107838158684982E-11   0.3490658503988659       3.836062416194246E-11    0.3490658503988659       4.992113715524625E-11    0.3490658503988659       6.10406029283619E-11     0.3490658503988659       7.321267950941047E-11    0.3490658503988659       8.993497964387109E-11    0.3490658503988659       1.1058780545964199E-10   0.3490658503988659       1.2704238839108406E-10   0.3490658503988659       1.3249310511972967E-10   0.3490658503988659       1.4004167395910257E-10   0.3490658503988659
0.3665191429188092        1.136741952854326E-11    0.3665191429188092       2.1247152575724077E-11   0.3665191429188092       3.648518989816028E-11    0.3665191429188092       4.883178879863775E-11    0.3665191429188092       5.5991033903770054E-11   0.3665191429188092       6.716413584451272E-11    0.3665191429188092       8.800335009896724E-11    0.3665191429188092       1.0896123363519919E-10   0.3665191429188092       1.175450897505346E-10    0.3665191429188092       1.2055143882070007E-10   0.3665191429188092       1.3498962494844375E-10   0.3665191429188092
0.3839724354387525        1.3476601257703523E-11   0.3839724354387525       3.8315493001472865E-11   0.3839724354387525       7.148367756197925E-11    0.3839724354387525       8.767431186922465E-11    0.3839724354387525       1.0199372151705948E-10   0.3839724354387525       1.302738082264722E-10    0.3839724354387525       1.67840830210456E-10     0.3839724354387525       1.9609933644387065E-10   0.3839724354387525       2.1565657136715792E-10   0.3839724354387525       2.344121330422389E-10    0.3839724354387525       2.570812152410533E-10    0.3839724354387525
0.40142572795869574       1.1719718183886174E-11   0.40142572795869574      4.0975271759519094E-11   0.40142572795869574      7.034154692805498E-11    0.40142572795869574      9.311548948136798E-11    0.40142572795869574      1.1271729374510476E-10   0.40142572795869574      1.3638305360726567E-10   0.40142572795869574      1.6994558265540264E-10   0.40142572795869574      2.0629548172333173E-10   0.40142572795869574      2.3231597029771488E-10   0.40142572795869574      2.450093344219537E-10    0.40142572795869574      2.647172445728734E-10    0.40142572795869574
0.41887902047863906       1.0187235345710393E-11   0.41887902047863906      2.375881280758456E-11    0.41887902047863906      5.089097178590514E-11    0.41887902047863906      6.522466386231152E-11    0.41887902047863906      7.175767841209782E-11    0.41887902047863906      8.775651280359761E-11    0.41887902047863906      1.1650757634985355E-10   0.41887902047863906      1.3995605544612984E-10   0.41887902047863906      1.5191147887876764E-10   0.41887902047863906      1.6327338329729258E-10   0.41887902047863906      1.807716264643001E-10    0.41887902047863906
0.4363323129985824        4.707440990149234E-12    0.4363323129985824       2.0237829147295137E-11   0.4363323129985824       3.325425711408205E-11    0.4363323129985824       3.6993947611730213E-11   0.4363323129985824       4.481009008251337E-11    0.4363323129985824       5.964351628763051E-11    0.4363323129985824       7.513364133773127E-11    0.4363323129985824       8.614334991152199E-11    0.4363323129985824       9.788808310446849E-11    0.4363323129985824       1.0692251255371662E-10   0.4363323129985824       1.1287403991095328E-10   0.4363323129985824
0.4537856055185257        1.3987055702556213E-11   0.45378560551852565      3.0800979639089515E-11   0.45378560551852565      5.159271516450593E-11    0.45378560551852565      6.916399069872833E-11    0.45378560551852565      8.28748641859304E-11     0.45378560551852565      1.0011624162758787E-10   0.45378560551852565      1.2618557507209328E-10   0.45378560551852565      1.5444630496402573E-10   0.45378560551852565      1.7182492769592045E-10   0.45378560551852565      1.7865811614509937E-10   0.45378560551852565      1.9457441540588737E-10   0.45378560551852565
0.47123889803846897       1.2983048423364857E-11   0.4712388980384689       3.879537038594001E-11    0.4712388980384689       7.409422887830296E-11    0.4712388980384689       9.173397536379582E-11    0.4712388980384689       1.059100821924551E-10    0.4712388980384689       1.3423664050156127E-10   0.4712388980384689       1.7398762919785248E-10   0.4712388980384689       2.042881466500237E-10    0.4712388980384689       2.2291308297507308E-10   0.4712388980384689       2.4188516906955826E-10   0.4712388980384689       2.682326432531661E-10    0.4712388980384689
0.4886921905584123        1.1033894518913337E-11   0.4886921905584123       3.9954326301881915E-11   0.4886921905584123       6.773765741599592E-11    0.4886921905584123       9.011330862358132E-11    0.4886921905584123       1.1070144367311996E-10   0.4886921905584123       1.34273025610773E-10     0.4886921905584123       1.6515857337254302E-10   0.4886921905584123       1.9895998498440422E-10   0.4886921905584123       2.2666687178544652E-10   0.4886921905584123       2.415330515841782E-10    0.4886921905584123       2.5829056456723635E-10   0.4886921905584123
0.5061454830783556        1.1106194417191932E-11   0.5061454830783556       2.669901015189867E-11    0.5061454830783556       5.735557263677065E-11    0.5061454830783556       7.437463500338856E-11    0.5061454830783556       8.23229374888726E-11     0.5061454830783556       9.945114764904573E-11    0.5061454830783556       1.3146400207277158E-10   0.5061454830783556       1.596825016918599E-10    0.5061454830783556       1.735727476877136E-10    0.5061454830783556       1.8417247463086223E-10   0.5061454830783556       2.0451155550369842E-10   0.5061454830783556
0.5235987755982988        1.6076573861897133E-12   0.5235987755982988       2.4197442636885714E-11   0.5235987755982988       3.9552731277515943E-11   0.5235987755982988       4.7293272969530526E-11   0.5235987755982988       5.830100600517796E-11    0.5235987755982988       7.429611453548717E-11    0.5235987755982988       9.203286248921712E-11    0.5235987755982988       1.0692941520924382E-10   0.5235987755982988       1.225245985097631E-10    0.5235987755982988       1.3440296539395482E-10   0.5235987755982988       1.423552434106374E-10    0.5235987755982988
0.5410520681182421        1.3958713020869608E-11   0.5410520681182421       2.197183753183475E-11    0.5410520681182421       3.951962253607493E-11    0.5410520681182421       5.455129437145738E-11    0.5410520681182421       6.260579863837219E-11    0.5410520681182421       7.3178391387922E-11      0.5410520681182421       9.384383025929683E-11    0.5410520681182421       1.1822497516401016E-10   0.5410520681182421       1.3181503913271436E-10   0.5410520681182421       1.3415154620275236E-10   0.5410520681182421       1.4405515622951596E-10   0.5410520681182421
0.5585053606381855        9.562968935534293E-12    0.5585053606381855       3.187458382669751E-11    0.5585053606381855       5.885274559026055E-11    0.5585053606381855       6.957020616799835E-11    0.5585053606381855       7.978820841360502E-11    0.5585053606381855       1.0399078779008405E-10   0.5585053606381855       1.3665912280480984E-10   0.5585053606381855       1.5902018425293005E-10   0.5585053606381855       1.7081891936107063E-10   0.5585053606381855       1.8522725637826327E-10   0.5585053606381855       2.0840615118764072E-10   0.5585053606381855
0.5759586531581288        1.607776464529884E-11    0.5759586531581288       3.8793506155082675E-11   0.5759586531581288       6.429707355260825E-11    0.5759586531581288       8.6402823056612E-11      0.5759586531581288       1.069810132861525E-10    0.5759586531581288       1.3059403170156082E-10   0.5759586531581288       1.6012868140792572E-10   0.5759586531581288       1.9153825733802238E-10   0.5759586531581288       2.1789641466656018E-10   0.5759586531581288       2.335229802504824E-10    0.5759586531581288       2.50461877785436E-10     0.5759586531581288
0.5934119456780721        1.2015930434816474E-11   0.5934119456780721       3.91799370862178E-11     0.5934119456780721       7.70262782163914E-11     0.5934119456780721       9.706750498172755E-11    0.5934119456780721       1.1123276339241783E-10   0.5934119456780721       1.3835401984907458E-10   0.5934119456780721       1.8002974985061288E-10   0.5934119456780721       2.148209918640636E-10    0.5934119456780721       2.3370568493655853E-10   0.5934119456780721       2.4946431572852317E-10   0.5934119456780721       2.7796319305612184E-10   0.5934119456780721
0.6108652381980153        1.351196913458932E-11    0.6108652381980153       4.246924374415527E-11    0.6108652381980153       7.096225427678612E-11    0.6108652381980153       9.462062827884573E-11    0.6108652381980153       1.1846538686765765E-10   0.6108652381980153       1.4553746435387028E-10   0.6108652381980153       1.7730764800741515E-10   0.6108652381980153       2.0909513909399015E-10   0.6108652381980153       2.3862976830765396E-10   0.6108652381980153       2.602764448118016E-10    0.6108652381980153       2.801321560351131E-10    0.6108652381980153
0.6283185307179586        1.1923588557429185E-11   0.6283185307179586       3.55487735141308E-11     0.6283185307179586       7.406432519731967E-11    0.6283185307179586       9.663015466794944E-11    0.6283185307179586       1.0966278098987824E-10   0.6283185307179586       1.3204177562477853E-10   0.6283185307179586       1.7121943025776605E-10   0.6283185307179586       2.086036213977667E-10    0.6283185307179586       2.296159015206451E-10    0.6283185307179586       2.4195991098808365E-10   0.6283185307179586       2.657277850467495E-10    0.6283185307179586
0.6457718232379019        9.340118942635239E-12    0.6457718232379019       3.85703120306365E-11     0.6457718232379019       6.447562027311237E-11    0.6457718232379019       8.450250625460863E-11    0.6457718232379019       1.0612988890405499E-10   0.6457718232379019       1.3163232867529003E-10   0.6457718232379019       1.6082464894403545E-10   0.6457718232379019       1.8753993968043407E-10   0.6457718232379019       2.128963457514278E-10    0.6457718232379019       2.34646586051656E-10     0.6457718232379019       2.546180111268153E-10    0.6457718232379019
0.6632251157578452        1.274785643722102E-11    0.6632251157578452       2.9715918845544795E-11   0.6632251157578452       6.5016799824794E-11      0.6632251157578452       8.733468749736828E-11    0.6632251157578452       9.821111019809978E-11    0.6632251157578452       1.1479390931748701E-10   0.6632251157578452       1.4806775715692932E-10   0.6632251157578452       1.8402478132031392E-10   0.6632251157578452       2.0557685074977324E-10   0.6632251157578452       2.1433787523958237E-10   0.6632251157578452       2.3066191384527128E-10   0.6632251157578452
0.6806784082777885        6.344129865439817E-12    0.6806784082777885       3.5242203634801904E-11   0.6806784082777885       5.913074912785956E-11    0.6806784082777885       7.526631246817917E-11    0.6806784082777885       9.382735273175783E-11    0.6806784082777885       1.1814122342493267E-10   0.6806784082777885       1.464804567284553E-10    0.6806784082777885       1.6960282490225647E-10   0.6806784082777885       1.892775665390665E-10    0.6806784082777885       2.0871471456615146E-10   0.6806784082777885       2.297159414789239E-10    0.6806784082777885
0.6981317007977318        1.4254009548746563E-11   0.6981317007977318       2.7432590854146075E-11   0.6981317007977318       6.058936750699864E-11    0.6981317007977318       8.309801984988016E-11    0.6981317007977318       9.377438934216407E-11    0.6981317007977318       1.0795256336668573E-10   0.6981317007977318       1.374514188858743E-10    0.6981317007977318       1.7203155136343976E-10   0.6981317007977318       1.9504901867631406E-10   0.6981317007977318       2.0362654472730542E-10   0.6981317007977318       2.1566395022810105E-10   0.6981317007977318
0.715584993317675         5.742842354184131E-12    0.715584993317675        3.504160901905374E-11    0.715584993317675        5.935093886163535E-11    0.715584993317675        7.44411385592341E-11     0.715584993317675        9.19228123889981E-11     0.715584993317675        1.1677737152363575E-10   0.715584993317675        1.4672764663979499E-10   0.715584993317675        1.6995908686653862E-10   0.715584993317675        1.8680759747584185E-10   0.715584993317675        2.043244475653611E-10    0.715584993317675        2.272156521199803E-10    0.715584993317675
0.7330382858376184        1.51066806168693E-11     0.7330382858376184       2.8438774971438938E-11   0.7330382858376184       6.266049141405503E-11    0.7330382858376184       8.679717726823629E-11    0.7330382858376184       9.893109178855055E-11    0.7330382858376184       1.1366850393202097E-10   0.7330382858376184       1.4278131172268923E-10   0.7330382858376184       1.777347433351569E-10    0.7330382858376184       2.0334028751196916E-10   0.7330382858376184       2.1451423024203567E-10   0.7330382858376184       2.264979891705345E-10    0.7330382858376184
0.7504915783575616        8.038553298386468E-12    0.7504915783575616       3.777062196500126E-11    0.7504915783575616       6.402080980315432E-11    0.7504915783575616       8.108206164645182E-11    0.7504915783575616       1.0043343661171533E-10   0.7504915783575616       1.2747089943801872E-10   0.7504915783575616       1.6007225881336548E-10   0.7504915783575616       1.8570574165382815E-10   0.7504915783575616       2.035948054366964E-10    0.7504915783575616       2.2172411284919999E-10   0.7504915783575616       2.47130189341529E-10     0.7504915783575616
0.767944870877505         1.4283601020174703E-11   0.767944870877505        3.172970979628999E-11    0.767944870877505        7.077774381740889E-11    0.767944870877505        9.83327960830441E-11     0.767944870877505        1.1299855658373363E-10   0.767944870877505        1.2980538237944103E-10   0.767944870877505        1.6147956958470587E-10   0.767944870877505        1.997554210817041E-10    0.767944870877505        2.297658914544607E-10    0.767944870877505        2.451575848551413E-10    0.767944870877505        2.5970520813588944E-10   0.767944870877505
0.7853981633974483        1.3518425026026845E-11   0.7853981633974483       4.407312699169409E-11    0.7853981633974483       7.352952518334631E-11    0.7853981633974483       9.464069803281635E-11    0.7853981633974483       1.1850061686877187E-10   0.7853981633974483       1.5005436639867158E-10   0.7853981633974483       1.8701104126044387E-10   0.7853981633974483       2.1686293703498969E-10   0.7853981633974483       2.387868833553756E-10    0.7853981633974483       2.6045276647879966E-10   0.7853981633974483       2.9011636247325095E-10   0.7853981633974483
0.8028514559173915        1.0862161979158859E-11   0.8028514559173915       3.8012205898247595E-11   0.8028514559173915       8.420235054314137E-11    0.8028514559173915       1.1644451996325014E-10   0.8028514559173915       1.351542348489669E-10    0.8028514559173915       1.5596185286890992E-10   0.8028514559173915       1.928145330809311E-10    0.8028514559173915       2.3708466541702995E-10   0.8028514559173915       2.733274841193749E-10    0.8028514559173915       2.9439577512514486E-10   0.8028514559173915       3.1360179441203233E-10   0.8028514559173915
0.8203047484373349        2.151832321925092E-11    0.8203047484373349       5.3296151016841514E-11   0.8203047484373349       8.65334860198318E-11     0.8203047484373349       1.1155439405006093E-10   0.8203047484373349       1.404166928421384E-10    0.8203047484373349       1.78460033962573E-10     0.8203047484373349       2.2204809863868954E-10   0.8203047484373349       2.5728041203233353E-10   0.8203047484373349       2.836416671271722E-10    0.8203047484373349       3.094903428092853E-10    0.8203047484373349       3.4490337899971585E-10   0.8203047484373349
0.8377580409572781        4.804301899429555E-12    0.8377580409572781       4.525863844072007E-11    0.8377580409572781       9.5318633303508E-11      0.8377580409572781       1.2982717429170932E-10   0.8377580409572781       1.526787224668484E-10    0.8377580409572781       1.7882813527860995E-10   0.8377580409572781       2.2088078606573593E-10   0.8377580409572781       2.692957181598148E-10    0.8377580409572781       3.093725324114709E-10    0.8377580409572781       3.3516149991762886E-10   0.8377580409572781       3.597677559056283E-10    0.8377580409572781
0.8552113334772214        2.820353518216784E-11    0.8552113334772216       5.7772094708453936E-11   0.8552113334772216       9.174505055838275E-11    0.8552113334772216       1.1682122222628367E-10   0.8552113334772216       1.4566727342761114E-10   0.8552113334772216       1.8625852427272402E-10   0.8552113334772216       2.3362267119370907E-10   0.8552113334772216       2.7106237123793897E-10   0.8552113334772216       2.977314847550552E-10    0.8552113334772216       3.235440454969484E-10    0.8552113334772216       3.6108586178149687E-10   0.8552113334772216
0.8726646259971648        5.551321739503966E-12    0.8726646259971648       4.712793032425665E-11    0.8726646259971648       8.966015599077522E-11    0.8726646259971648       1.1713313285693304E-10   0.8726646259971648       1.3901928828736162E-10   0.8726646259971648       1.6801167144831844E-10   0.8726646259971648       2.1056376610677248E-10   0.8726646259971648       2.547352362701448E-10    0.8726646259971648       2.88818061166193E-10     0.8726646259971648       3.118418161024235E-10    0.8726646259971648       3.373589218037074E-10    0.8726646259971648
0.890117918517108         2.512190510369813E-11    0.890117918517108        4.648707694271007E-11    0.890117918517108        8.108672003923922E-11    0.890117918517108        1.076285489536993E-10    0.890117918517108        1.2916356556545628E-10   0.890117918517108        1.580921980816754E-10    0.890117918517108        1.9808092986025384E-10   0.890117918517108        2.3414931362338443E-10   0.890117918517108        2.613950038580579E-10    0.890117918517108        2.84208299219472E-10     0.890117918517108        3.140530399225521E-10    0.890117918517108
0.9075712110370514        1.664665977742408E-11    0.9075712110370514       5.223648656636986E-11    0.9075712110370514       8.589497943755082E-11    0.9075712110370514       1.0504764308882456E-10   0.9075712110370514       1.2571129647587674E-10   0.9075712110370514       1.6030804374528583E-10   0.9075712110370514       2.0804125104287442E-10   0.9075712110370514       2.5071285144259884E-10   0.9075712110370514       2.7765001377397955E-10   0.9075712110370514       2.941654468255223E-10    0.9075712110370514       3.1870671420653804E-10   0.9075712110370514
0.9250245035569946        6.548963152091079E-12    0.9250245035569946       4.1222927518837824E-11   0.9250245035569946       9.412942631445446E-11    0.9250245035569946       1.385995584082184E-10    0.9250245035569946       1.7047469007554642E-10   0.9250245035569946       1.9783331650046157E-10   0.9250245035569946       2.351390772239408E-10    0.9250245035569946       2.7992044730356537E-10   0.9250245035569946       3.2467086414490044E-10   0.9250245035569946       3.622390377094955E-10    0.9250245035569946       3.969340784415421E-10    0.9250245035569946
0.9424777960769379        2.7646673363660678E-11   0.9424777960769379       6.805491253624021E-11    0.9424777960769379       1.1291628471789647E-10   0.9424777960769379       1.4411741747579263E-10   0.9424777960769379       1.7589309245341375E-10   0.9424777960769379       2.2152258803768456E-10   0.9424777960769379       2.819803160575543E-10    0.9424777960769379       3.36332913965084E-10     0.9424777960769379       3.7369157606014483E-10   0.9424777960769379       4.001138393404085E-10    0.9424777960769379       4.357377280585051E-10    0.9424777960769379
0.9599310885968813        1.3943566165500443E-11   0.9599310885968814       5.7816318194145456E-11   0.9599310885968814       1.0707462465380416E-10   0.9599310885968814       1.445725269537082E-10    0.9599310885968814       1.804667705076141E-10    0.9599310885968814       2.216775201243927E-10    0.9599310885968814       2.7068810542376164E-10   0.9599310885968814       3.1843425828167906E-10   0.9599310885968814       3.603899988961556E-10    0.9599310885968814       3.9793619417146775E-10   0.9599310885968814       4.404855620795143E-10    0.9599310885968814
0.9773843811168246        1.6521285090452194E-11   0.9773843811168246       4.923528532200379E-11    0.9773843811168246       9.67061950743354E-11     0.9773843811168246       1.3665348846609667E-10   0.9773843811168246       1.6948044563213208E-10   0.9773843811168246       2.0402504211380218E-10   0.9773843811168246       2.487965421563453E-10    0.9773843811168246       2.930752418168662E-10    0.9773843811168246       3.299345800592339E-10    0.9773843811168246       3.614464495633165E-10    0.9773843811168246       3.990718302809211E-10    0.9773843811168246
0.9948376736367678        2.190531558930448E-11    0.9948376736367677       7.100994239430804E-11    0.9948376736367677       1.2099799095525274E-10   0.9948376736367677       1.5104094825995276E-10   0.9948376736367677       1.7685117031945287E-10   0.9948376736367677       2.1740605852662473E-10   0.9948376736367677       2.794420076236994E-10    0.9948376736367677       3.425565260930068E-10    0.9948376736367677       3.8911724297197816E-10   0.9948376736367677       4.1755055862605567E-10   0.9948376736367677       4.4711138839678894E-10   0.9948376736367677
1.0122909661567112        1.6336940771811456E-11   1.0122909661567112       6.598000224928589E-11    1.0122909661567112       1.2644335015288775E-10   1.0122909661567112       1.7671478604831842E-10   1.0122909661567112       2.2453680271494328E-10   1.0122909661567112       2.7479081920660266E-10   1.0122909661567112       3.3037808158104276E-10   1.0122909661567112       3.8316034088787195E-10   1.0122909661567112       4.3160250446226873E-10   1.0122909661567112       4.788920687104145E-10    1.0122909661567112       5.347590165177168E-10    1.0122909661567112
1.0297442586766543        2.294954387453531E-11    1.0297442586766543       6.700873259520233E-11    1.0297442586766543       1.2258775160451418E-10   1.0297442586766543       1.6797993990407193E-10   1.0297442586766543       2.1011515773310162E-10   1.0297442586766543       2.574387198944472E-10    1.0297442586766543       3.1540034321057745E-10   1.0297442586766543       3.7165746397396177E-10   1.0297442586766543       4.184959567579051E-10    1.0297442586766543       4.5803787865467326E-10   1.0297442586766543       5.035520601818891E-10    1.0297442586766543
1.0471975511965976        2.0764797923788747E-11   1.0471975511965976       7.784579795638323E-11    1.0471975511965976       1.38465421495882E-10     1.0471975511965976       1.759436733189602E-10    1.0471975511965976       2.052223474286384E-10    1.0471975511965976       2.4663981685415015E-10   1.0471975511965976       3.113041693070587E-10    1.0471975511965976       3.820769573951672E-10    1.0471975511965976       4.401431362545139E-10    1.0471975511965976       4.796727253343414E-10    1.0471975511965976       5.168685367758725E-10    1.0471975511965976
1.064650843716541         1.8915913440271467E-11   1.064650843716541        7.671380175845823E-11    1.064650843716541        1.4752234657465808E-10   1.064650843716541        2.0470491154159084E-10   1.064650843716541        2.5954670640865234E-10   1.064650843716541        3.201951293744883E-10    1.064650843716541        3.890537330375319E-10    1.064650843716541        4.52759371698314E-10     1.064650843716541        5.063444500449983E-10    1.064650843716541        5.546912790707264E-10    1.064650843716541        6.144550547565815E-10    1.064650843716541
1.0821041362364843        2.5582362063300637E-11   1.0821041362364843       7.715063727562524E-11    1.0821041362364843       1.425702330745499E-10    1.0821041362364843       1.9543152291631424E-10   1.0821041362364843       2.4766737104651464E-10   1.0821041362364843       3.0781772697149237E-10   1.0821041362364843       3.7747924777377857E-10   1.0821041362364843       4.415174079874072E-10    1.0821041362364843       4.93848595576263E-10     1.0821041362364843       5.404336743340446E-10    1.0821041362364843       5.973755480822274E-10    1.0821041362364843
1.0995574287564276        2.8560011735086475E-11   1.0995574287564276       9.29108424782597E-11     1.0995574287564276       1.6858670665643374E-10   1.0995574287564276       2.2141693649112795E-10   1.0995574287564276       2.656745103500123E-10    1.0995574287564276       3.1732568450369653E-10   1.0995574287564276       3.891419599490015E-10    1.0995574287564276       4.688741572827845E-10    1.0995574287564276       5.424339716534109E-10    1.0995574287564276       6.034255326756706E-10    1.0995574287564276       6.618889640424858E-10    1.0995574287564276
1.117010721276371         3.0516260671970137E-11   1.117010721276371        9.682929386653814E-11    1.117010721276371        1.792801250589849E-10    1.117010721276371        2.429189846809697E-10    1.117010721276371        3.0397757938107316E-10   1.117010721276371        3.7354411585228297E-10   1.117010721276371        4.5633126220194294E-10   1.117010721276371        5.364401981948318E-10    1.117010721276371        6.058953151751754E-10    1.117010721276371        6.668263465122668E-10    1.117010721276371        7.346028291506431E-10    1.117010721276371
1.1344640137963142        2.0567703548793793E-11   1.1344640137963142       8.56580640776425E-11     1.1344640137963142       1.6657336495284424E-10   1.1344640137963142       2.3247190426288933E-10   1.1344640137963142       2.9536189508542875E-10   1.1344640137963142       3.6683628969700055E-10   1.1344640137963142       4.5314407820683154E-10   1.1344640137963142       5.345926495185282E-10    1.1344640137963142       5.993019828123348E-10    1.1344640137963142       6.507693891526563E-10    1.1344640137963142       7.111886493889432E-10    1.1344640137963142
1.1519173063162575        4.1731621516065667E-11   1.1519173063162575       1.1629866784536106E-10   1.1519173063162575       2.0991440281541334E-10   1.1519173063162575       2.831950214486168E-10    1.1519173063162575       3.5216275018234173E-10   1.1519173063162575       4.286449219268989E-10    1.1519173063162575       5.224293118369092E-10    1.1519173063162575       6.175593025748908E-10    1.1519173063162575       7.043518226879073E-10    1.1519173063162575       7.821316248247757E-10    1.1519173063162575       8.664679180046254E-10    1.1519173063162575
1.1693705988362006        3.867556681746816E-11    1.1693705988362006       1.1876644190477194E-10   1.1693705988362006       2.1559445172456125E-10   1.1693705988362006       2.8653762991146517E-10   1.1693705988362006       3.489868892586998E-10    1.1693705988362006       4.208225754876071E-10    1.1693705988362006       5.137940603470532E-10    1.1693705988362006       6.083125074862994E-10    1.1693705988362006       6.928876915236073E-10    1.1693705988362006       7.686298037904856E-10    1.1693705988362006       8.535064250018256E-10    1.1693705988362006
1.1868238913561442        4.228287838242823E-11    1.1868238913561442       1.2422917368765595E-10   1.1868238913561442       2.3227106196996695E-10   1.1868238913561442       3.2410660508352855E-10   1.1868238913561442       4.1312218946978436E-10   1.1868238913561442       5.080185229809938E-10    1.1868238913561442       6.178943083142457E-10    1.1868238913561442       7.251248298935442E-10    1.1868238913561442       8.216701330919733E-10    1.1868238913561442       9.084968290000898E-10    1.1868238913561442       1.0013869185845287E-9    1.1868238913561442
1.2042771838760873        3.892401573103121E-11    1.2042771838760873       1.2503086744421793E-10   1.2042771838760873       2.3354139084442225E-10   1.2042771838760873       3.2398247699469106E-10   1.2042771838760873       4.1234367830026585E-10   1.2042771838760873       5.103667520042294E-10    1.2042771838760873       6.264298847585633E-10    1.2042771838760873       7.392844525136174E-10    1.2042771838760873       8.383373123609533E-10    1.2042771838760873       9.257169451095858E-10    1.2042771838760873       1.0206781291211822E-9    1.2042771838760873
1.2217304763960306        6.005929405990678E-11    1.2217304763960306       1.5918882489899484E-10   1.2217304763960306       2.860187208089694E-10    1.2217304763960306       3.9103826828700886E-10   1.2217304763960306       4.923385234197119E-10    1.2217304763960306       5.985607238946724E-10    1.2217304763960306       7.218394795428203E-10    1.2217304763960306       8.459748154479714E-10    1.2217304763960306       9.657914557023648E-10    1.2217304763960306       1.0799411082433243E-9    1.2217304763960306       1.2027876075389355E-9    1.2217304763960306
1.239183768915974         6.086059718319506E-11    1.239183768915974        1.699333654543434E-10    1.239183768915974        3.054152003509639E-10    1.239183768915974        4.129906836525912E-10    1.239183768915974        5.128314202516039E-10    1.239183768915974        6.181676789449906E-10    1.239183768915974        7.453256071560942E-10    1.239183768915974        8.741242018057237E-10    1.239183768915974        9.980935215027169E-10    1.239183768915974        1.1149699900072296E-9    1.239183768915974        1.2432309120349472E-9    1.239183768915974
1.2566370614359172        7.462094061504576E-11    1.2566370614359172       1.8745518163726002E-10   1.2566370614359172       3.3672980529680755E-10   1.2566370614359172       4.6397762346613945E-10   1.2566370614359172       5.911306773410537E-10    1.2566370614359172       7.244187762971514E-10    1.2566370614359172       8.764997833294618E-10    1.2566370614359172       1.025924579120511E-9     1.2566370614359172       1.1712601848419478E-9    1.2566370614359172       1.3109628700083117E-9    1.2566370614359172       1.4607286299609359E-9    1.2566370614359172
1.2740903539558606        6.986269155179849E-11    1.2740903539558606       1.890816941048511E-10    1.2740903539558606       3.508757941894129E-10    1.2740903539558606       4.928970089477813E-10    1.2740903539558606       6.330609519805072E-10    1.2740903539558606       7.788400402781172E-10    1.2740903539558606       9.486618767354794E-10    1.2740903539558606       1.12056712972333E-9      1.2740903539558606       1.2857987269926794E-9    1.2740903539558606       1.4387928513207686E-9    1.2740903539558606       1.5965107743562342E-9    1.2740903539558606
1.2915436464758039        8.482672194064629E-11    1.2915436464758039       2.1585686111217227E-10   1.2915436464758039       3.9215001572971935E-10   1.2915436464758039       5.458513806833891E-10    1.2915436464758039       7.018942915618937E-10    1.2915436464758039       8.687905912976465E-10    1.2915436464758039       1.0599665599338863E-9    1.2915436464758039       1.2484585161788829E-9    1.2915436464758039       1.4270061194093243E-9    1.2915436464758039       1.5967624089786784E-9    1.2915436464758039       1.7791824475676684E-9    1.2915436464758039
1.3089969389957472        1.0712872901795153E-10   1.3089969389957472       2.5521909301599156E-10   1.3089969389957472       4.5944526238289675E-10   1.3089969389957472       6.436393297246884E-10    1.3089969389957472       8.292293563499615E-10    1.3089969389957472       1.0202586769661828E-9    1.3089969389957472       1.2316570039144337E-9    1.3089969389957472       1.441450262118602E-9     1.3089969389957472       1.647550076853466E-9     1.3089969389957472       1.848367229478084E-9     1.3089969389957472       2.062581657675255E-9     1.3089969389957472
1.3264502315156903        1.1107332222388111E-10   1.3264502315156903       2.829845400942514E-10    1.3264502315156903       5.116819646371112E-10    1.3264502315156903       7.184114791458531E-10    1.3264502315156903       9.217643770261683E-10    1.3264502315156903       1.129729189835914E-9     1.3264502315156903       1.361870382212372E-9     1.3264502315156903       1.5958827679147689E-9    1.3264502315156903       1.8258006725162472E-9    1.3264502315156903       2.0474855901147373E-9    1.3264502315156903       2.2829620205028808E-9    1.3264502315156903
1.3439035240356338        1.3007950345256148E-10   1.3439035240356338       3.247912501878173E-10    1.3439035240356338       5.81525909461432E-10     1.3439035240356338       8.168001292082076E-10    1.3439035240356338       1.0544823249979256E-9    1.3439035240356338       1.299842218211018E-9     1.3439035240356338       1.570278556559457E-9     1.3439035240356338       1.8401815918020682E-9    1.3439035240356338       2.1056859386443437E-9    1.3439035240356338       2.3674254391311323E-9    1.3439035240356338       2.6491046533099757E-9    1.3439035240356338
1.361356816555577         1.5740824696194104E-10   1.361356816555577        3.741606964315931E-10    1.361356816555577        6.700588860900797E-10    1.361356816555577        9.471942421797884E-10    1.361356816555577        1.2321759223153863E-9    1.361356816555577        1.522869408695213E-9     1.361356816555577        1.838393734885714E-9     1.361356816555577        2.1543164050570007E-9    1.361356816555577        2.4735100783368326E-9    1.361356816555577        2.7942062090660873E-9    1.361356816555577        3.1366634620940337E-9    1.361356816555577
1.3788101090755203        1.7906371715303624E-10   1.3788101090755203       4.2608731848586587E-10   1.3788101090755203       7.668690084668212E-10    1.3788101090755203       1.0845750872271033E-9    1.3788101090755203       1.4096509355455154E-9    1.3788101090755203       1.7415858754190939E-9    1.3788101090755203       2.1053585791471525E-9    1.3788101090755203       2.473583522639529E-9     1.3788101090755203       2.8491303550980905E-9    1.3788101090755203       3.224727150445915E-9     1.3788101090755203       3.626299678288178E-9     1.3788101090755203
1.3962634015954636        2.1247300447210276E-10   1.3962634015954636       4.994937558858752E-10    1.3962634015954636       8.958525883138352E-10    1.3962634015954636       1.2610389366934682E-9    1.3962634015954636       1.6359134386375639E-9    1.3962634015954636       2.023864249303377E-9     1.3962634015954636       2.4521343994339587E-9    1.3962634015954636       2.8847388782665716E-9    1.3962634015954636       3.3235829952517074E-9    1.3962634015954636       3.764399758515306E-9     1.3962634015954636       4.24393513665046E-9      1.3962634015954636
1.413716694115407         2.6391509139096324E-10   1.413716694115407        6.008217290301379E-10    1.413716694115407        1.07259191116006E-9      1.413716694115407        1.508678174924679E-9     1.413716694115407        1.9622486254487743E-9    1.413716694115407        2.4315244908510645E-9    1.413716694115407        2.942565369240424E-9     1.413716694115407        3.456906690800781E-9     1.413716694115407        3.98359055355107E-9      1.413716694115407        4.520756730189271E-9     1.413716694115407        5.106340741578119E-9     1.413716694115407
1.43116998663535          3.2281468562695997E-10   1.43116998663535         7.24008876792366E-10     1.43116998663535         1.29040679013292E-9      1.43116998663535         1.8218348920782038E-9    1.43116998663535         2.3781089821321906E-9    1.43116998663535         2.9474560525221875E-9    1.43116998663535         3.5598103916998584E-9    1.43116998663535         4.178392644516494E-9     1.43116998663535         4.8191839887036244E-9    1.43116998663535         5.478470646891318E-9     1.43116998663535         6.190083577892686E-9     1.43116998663535
1.4486232791552935        3.9110650837627746E-10   1.4486232791552935       8.716759975552999E-10    1.4486232791552935       1.5535730604131044E-9    1.4486232791552935       2.19874252466879E-9      1.4486232791552935       2.8754010694363317E-9    1.4486232791552935       3.56431155450488E-9      1.4486232791552935       4.304528083041287E-9     1.4486232791552935       5.054855771708353E-9     1.4486232791552935       5.8338206624234895E-9    1.4486232791552935       6.63523783463032E-9      1.4486232791552935       7.493840040952421E-9     1.4486232791552935
1.4660765716752369        4.762259685277867E-10    1.4660765716752369       1.0561209061937538E-9    1.4660765716752369       1.885441657392638E-9     1.4660765716752369       2.668942218939285E-9     1.4660765716752369       3.491192247041695E-9     1.4660765716752369       4.329452847361752E-9     1.4660765716752369       5.231674125810632E-9     1.4660765716752369       6.147831566501702E-9     1.4660765716752369       7.097307104530488E-9     1.4660765716752369       8.068935571408703E-9     1.4660765716752369       9.10711120055381E-9      1.4660765716752369
1.4835298641951802        5.885613218315269E-10    1.4835298641951802       1.2958521464960171E-9    1.4835298641951802       2.313739157108323E-9     1.4835298641951802       3.2754990335829785E-9    1.4835298641951802       4.28611775300463E-9      1.4835298641951802       5.3181712254024586E-9    1.4835298641951802       6.425071119069634E-9     1.4835298641951802       7.544842899811302E-9     1.4835298641951802       8.703850682157595E-9     1.4835298641951802       9.88937909271572E-9      1.4835298641951802       1.1153905574695102E-8    1.4835298641951802
1.5009831567151233        7.388415433340151E-10    1.5009831567151233       1.6097594820927272E-9    1.5009831567151233       2.8692220035416457E-9    1.5009831567151233       4.06377897192424E-9      1.5009831567151233       5.322484142573497E-9     1.5009831567151233       6.602910303053513E-9     1.5009831567151233       7.965239884905697E-9     1.5009831567151233       9.333649982652605E-9     1.5009831567151233       1.0749728885113707E-8    1.5009831567151233       1.2199997394828226E-8    1.5009831567151233       1.3741446108814826E-8    1.5009831567151233
1.5184364492350666        9.340024024563583E-10    1.5184364492350666       2.0188526362638387E-9    1.5184364492350666       3.5911968866022954E-9    1.5184364492350666       5.086878983601014E-9     1.5184364492350666       6.6625685118866876E-9    1.5184364492350666       8.252636077009603E-9     1.5184364492350666       9.93001562863355E-9      1.5184364492350666       1.1602898594739167E-8    1.5184364492350666       1.3332837710604413E-8    1.5184364492350666       1.50975976765705E-8      1.5184364492350666       1.6956802350250993E-8    1.5184364492350666
1.53588974175501          1.1900636842052324E-9    1.53588974175501         2.5492819788328683E-9    1.53588974175501         4.523191014157022E-9     1.53588974175501         6.401929887589749E-9     1.53588974175501         8.376531008800426E-9     1.53588974175501         1.0349263848437986E-8    1.53588974175501         1.241114564838213E-8     1.53588974175501         1.4451130722454425E-8    1.53588974175501         1.6550367911854966E-8    1.53588974175501         1.8669859645682786E-8    1.53588974175501         2.0869571641613458E-8    1.53588974175501
1.5533430342749535        1.5215909371613647E-9    1.5533430342749535       3.2298615353640974E-9    1.5533430342749535       5.716761290795299E-9     1.5533430342749535       8.077388895723845E-9     1.5533430342749535       1.0549545266785536E-8    1.5533430342749535       1.2993147396360246E-8    1.5533430342749535       1.5516437994845403E-8    1.5533430342749535       1.7983052804301448E-8    1.5533430342749535       2.0491238428701097E-8    1.5533430342749535       2.2986593273571388E-8    1.5533430342749535       2.552853960095514E-8     1.5533430342749535
1.5707963267948966        1.9402820547367415E-9    1.5707963267948966       4.092736125150107E-9     1.5707963267948966       7.232486639958062E-9     1.5707963267948966       1.0200327392039952E-8    1.5707963267948966       1.3284029918183835E-8    1.5707963267948966       1.629242338951965E-8     1.5707963267948966       1.9350053820573175E-8    1.5707963267948966       2.228944141312083E-8     1.5707963267948966       2.522990506620986E-8     1.5707963267948966       2.8088096988145464E-8    1.5707963267948966       3.0919974879218194E-8    1.5707963267948966
1.5882496193148399        2.4644785606889434E-9    1.5882496193148399       5.177462707606948E-9     1.5882496193148399       9.140681390326262E-9     1.5882496193148399       1.2862573088483886E-8    1.5882496193148399       1.6684172950174585E-8    1.5882496193148399       2.0347185485466964E-8    1.5882496193148399       2.4000767062773873E-8    1.5882496193148399       2.7434222135687648E-8    1.5882496193148399       3.078616062088139E-8     1.5882496193148399       3.393009555273769E-8     1.5882496193148399       3.691835040590207E-8     1.5882496193148399
1.605702911834783         3.1221943550704874E-9    1.605702911834783        6.534174516993685E-9     1.605702911834783        1.1513233934685887E-8    1.605702911834783        1.6146997677750072E-8    1.605702911834783        2.0839375561310506E-8    1.605702911834783        2.523728747016029E-8     1.605702911834783        2.9516393821098662E-8    1.605702911834783        3.3409350976949005E-8    1.605702911834783        3.7074761677712027E-8    1.605702911834783        4.0336593165952057E-8    1.605702911834783        4.324053529152294E-8     1.605702911834783
1.6231562043547263        3.936666029432954E-9     1.6231562043547263       8.205494262802502E-9     1.6231562043547263       1.441434440024905E-8     1.6231562043547263       2.012550806715173E-8     1.6231562043547263       2.5804653116400634E-8    1.6231562043547263       3.0980093904895214E-8    1.6231562043547263       3.58560785576581E-8      1.6231562043547263       4.009145223183896E-8     1.6231562043547263       4.3866727868925626E-8    1.6231562043547263       4.69439703633516E-8      1.6231562043547263       4.937241899760049E-8     1.6231562043547263
1.6406094968746698        4.917186736280192E-9     1.6406094968746698       1.0217631637837375E-8    1.6406094968746698       1.788402038329895E-8     1.6406094968746698       2.4827021118877552E-8    1.6406094968746698       3.1572298155118416E-8    1.6406094968746698       3.750274262045566E-8     1.6406094968746698       4.285225703510599E-8     1.6406094968746698       4.7191047666416685E-8    1.6406094968746698       5.0721665161784754E-8    1.6406094968746698       5.314878058978811E-8     1.6406094968746698       5.4542113674070036E-8    1.6406094968746698
1.6580627893946132        6.063803619647593E-9     1.6580627893946132       1.2571400981987597E-8    1.6580627893946132       2.1913029342842358E-8    1.6580627893946132       3.02089771908105E-8      1.6580627893946132       3.803497777941779E-8     1.6580627893946132       4.459742250094071E-8     1.6580627893946132       5.0160520536344195E-8    1.6580627893946132       5.420391840308903E-8     1.6580627893946132       5.6957055657122356E-8    1.6580627893946132       5.808837964161635E-8     1.6580627893946132       5.771825754566002E-8     1.6580627893946132
1.6755160819145563        7.366490462411426E-9     1.6755160819145563       1.523618411143709E-8     1.6755160819145563       2.642550879720549E-8     1.6755160819145563       3.6123130850028036E-8    1.6755160819145563       4.4939013491849775E-8    1.6755160819145563       5.1877833333076595E-8    1.6755160819145563       5.723359274420999E-8     1.6755160819145563       6.039892119918253E-8     1.6755160819145563       6.165288646301043E-8     1.6755160819145563       6.066887859316885E-8     1.6755160819145563       5.7677344655595565E-8    1.6755160819145563
1.6929693744344996        8.795365832227995E-9     1.6929693744344996       1.813243014172027E-8     1.6929693744344996       3.125950147964842E-8     1.6929693744344996       4.230122735814662E-8     1.6929693744344996       5.1874366890422815E-8    1.6929693744344996       5.876894290769731E-8     1.6929693744344996       6.331509857158575E-8     1.6929693744344996       6.484191485008706E-8     1.6929693744344996       6.371201743005687E-8     1.6929693744344996       5.968726020404244E-8     1.6929693744344996       5.32032363884666E-8      1.6929693744344996
1.710422666954443         1.0292827104522325E-8    1.710422666954443        2.1135429287063772E-8    1.710422666954443        3.6169644423980646E-8    1.710422666954443        4.835644988263587E-8     1.710422666954443        5.8286128627936756E-8    1.710422666954443        6.45394490498839E-8      1.710422666954443        6.749861006358015E-8     1.710422666954443        6.648968426271538E-8     1.710422666954443        6.2022598566598E-8       1.710422666954443        5.4072117693695556E-8    1.710422666954443        4.339218066967902E-8     1.710422666954443
1.7278759594743864        1.179541520951033E-8     1.7278759594743864       2.4087237457830723E-8    1.7278759594743864       4.084710481371151E-8     1.7278759594743864       5.382190649468655E-8     1.7278759594743864       6.354027100772975E-8     1.7278759594743864       6.840481882624981E-8     1.7278759594743864       6.888084307195249E-8     1.7278759594743864       6.439841546858915E-8     1.7278759594743864       5.572358772191836E-8     1.7278759594743864       4.320915127747843E-8     1.7278759594743864       2.8051510646267456E-8    1.7278759594743864
1.7453292519943295        1.3230828569460994E-8    1.7453292519943295       2.6820403156074298E-8    1.7453292519943295       4.49806380425913E-8      1.7453292519943295       5.824653150310392E-8     1.7453292519943295       6.706201885412852E-8     1.7453292519943295       6.971009443958644E-8     1.7453292519943295       6.679375717687634E-8     1.7453292519943295       5.801134799544555E-8     1.7453292519943295       4.4549971689080817E-8    1.7453292519943295       2.7343378115699976E-8    1.7453292519943295       8.131856748577934E-9     1.7453292519943295
1.7627825445142729        1.4559639273179215E-8    1.7627825445142729       2.92232902841764E-8      1.7627825445142729       4.836422151136682E-8     1.7627825445142729       6.135138355494817E-8     1.7627825445142729       6.853370666461861E-8     1.7627825445142729       6.815954742918979E-8     1.7627825445142729       6.107506857530812E-8     1.7627825445142729       4.7467762331903305E-8    1.7627825445142729       2.9158185183419206E-8    1.7627825445142729       8.059925012967844E-9     1.7627825445142729       1.4382968684408607E-8    1.7627825445142729
1.780235837034216         1.5798557728124105E-8    1.780235837034216        3.131004737546606E-8     1.780235837034216        5.102707182576609E-8     1.780235837034216        6.320200587282657E-8     1.780235837034216        6.809523318636607E-8     1.780235837034216        6.404386576696651E-8     1.780235837034216        5.22892080513115E-8      1.780235837034216        3.377075169994968E-8     1.780235837034216        1.126805093212989E-8     1.780235837034216        1.3490615115988572E-8    1.780235837034216        3.5922467598635204E-8    1.780235837034216
1.7976891295541593        1.70159202498199E-8      1.7976891295541593       3.3240736793994995E-8    1.7976891295541593       5.3272816364546573E-8    1.7976891295541593       6.425408999600096E-8     1.7976891295541593       6.63877964591387E-8      1.7976891295541593       5.825318281442361E-8     1.7976891295541593       4.1695889335011086E-8    1.7976891295541593       1.866622833066888E-8     1.7976891295541593       7.449971519696204E-9     1.7976891295541593       3.2456821162888337E-8    1.7976891295541593       5.311689083422494E-8     1.7976891295541593
1.8151424220741028        1.8291277123408638E-8    1.8151424220741028       3.5239470862404735E-8    1.8151424220741028       5.5525786133494075E-8    1.8151424220741028       6.510960615374134E-8     1.8151424220741028       6.420868146098656E-8     1.8151424220741028       5.184846026477977E-8     1.8151424220741028       3.0745484812621615E-8    1.8151424220741028       4.074802412415828E-9     1.8151424220741028       2.3479457024117766E-8    1.8151424220741028       4.727275359988151E-8     1.8151424220741028       6.338889382432734E-8     1.8151424220741028
1.8325957145940461        1.9654271576706533E-8    1.8325957145940461       3.7412971100993134E-8    1.8325957145940461       5.7969030237019344E-8    1.8325957145940461       6.600278480742472E-8     1.8325957145940461       6.186147143433295E-8     1.8325957145940461       4.527465520865635E-8     1.8325957145940461       2.012031407399368E-8     1.8325957145940461       9.213668247845472E-9     1.8325957145940461       3.657984129374896E-8     1.8325957145940461       5.6914413998990385E-8    1.8325957145940461       6.630231508026185E-8     1.8325957145940461
1.8500490071139892        2.105953688669047E-8     1.8500490071139892       3.962925406899118E-8     1.8500490071139892       6.030824022687084E-8     1.8500490071139892       6.648862002181893E-8     1.8500490071139892       5.880360568821282E-8     1.8500490071139892       3.796159508952741E-8     1.8500490071139892       9.212599447594248E-9     1.8500490071139892       2.1494492470577457E-8    1.8500490071139892       4.723450853668479E-8     1.8500490071139892       6.234949388872248E-8     1.8500490071139892       6.357944881242936E-8     1.8500490071139892
1.8675022996339325        2.2441280480963574E-8    1.8675022996339325       4.162390464196961E-8     1.8675022996339325       6.201608621678064E-8     1.8675022996339325       6.584777655493218E-8     1.8675022996339325       5.4219368094432476E-8    1.8675022996339325       2.907552145797114E-8     1.8675022996339325       2.8600400857223163E-9    1.8675022996339325       3.3891412002683064E-8    1.8675022996339325       5.6467921334602834E-8    1.8675022996339325       6.488160178185111E-8     1.8675022996339325       5.719009678833059E-8     1.8675022996339325
1.8849555921538759        2.3778222571684004E-8    1.8849555921538759       4.327752932087953E-8     1.8849555921538759       6.291442889595224E-8     1.8849555921538759       6.39203255358938E-8      1.8849555921538759       4.804067245424164E-8     1.8849555921538759       1.871763305445258E-8     1.8849555921538759       1.568156067727324E-8     1.8849555921538759       4.580636017702377E-8     1.8849555921538759       6.356955420973388E-8     1.8849555921538759       6.392320142177639E-8     1.8849555921538759       4.7009488285262596E-8    1.8849555921538759
1.902408884673819         2.5111047189058678E-8    1.902408884673819        4.4777965579191763E-8    1.902408884673819        6.343665835717839E-8     1.902408884673819        6.139522883503857E-8     1.902408884673819        4.1228639118608706E-8    1.902408884673819        8.140139692149347E-9     1.902408884673819        2.756663135164955E-8     1.902408884673819        5.511452565374998E-8     1.902408884673819        6.63020697324101E-8      1.902408884673819        5.753586080367589E-8     1.902408884673819        3.1745092853328507E-8    1.902408884673819
1.9198621771937625        2.6475657670386233E-8    1.9198621771937625       4.637796390224872E-8     1.9198621771937625       6.407334266623307E-8     1.9198621771937625       5.895246050440012E-8     1.9198621771937625       3.4655381736655476E-8    1.9198621771937625       1.6052931558922541E-9    1.9198621771937625       3.722327246014049E-8     1.9198621771937625       6.045151511142634E-8     1.9198621771937625       6.365174191927282E-8     1.9198621771937625       4.551573110732845E-8     1.9198621771937625       1.2318205940815188E-8    1.9198621771937625
1.9373154697137058        2.786552178482626E-8     1.9373154697137058       4.8009826905902235E-8    1.9373154697137058       6.46006757825594E-8      1.9373154697137058       5.6218277506495924E-8    1.9373154697137058       2.7879278843620325E-8    1.9373154697137058       1.0702986850909055E-8    1.9373154697137058       4.516834052817662E-8     1.9373154697137058       6.278626253654831E-8     1.9373154697137058       5.737051277112142E-8     1.9373154697137058       3.0624475602438406E-8    1.9373154697137058       7.561121211739315E-9     1.9373154697137058
1.9547687622336491        2.927672394423384E-8     1.9547687622336491       4.937826318132195E-8     1.9547687622336491       6.440711333834703E-8     1.9547687622336491       5.239484081520649E-8     1.9547687622336491       2.0062965075923842E-8    1.9547687622336491       2.0297927658146695E-8    1.9547687622336491       5.251894021363204E-8     1.9547687622336491       6.363921097260911E-8     1.9547687622336491       4.953709535863091E-8     1.9547687622336491       1.5575264547434502E-8    1.9547687622336491       2.462884602959922E-8     1.9547687622336491
1.9722220547535922        3.070143714704635E-8     1.9722220547535922       5.0460556404054285E-8    1.9722220547535922       6.358261443927994E-8     1.9722220547535922       4.777533638950872E-8     1.9722220547535922       1.1706879927076884E-8    1.9722220547535922       2.963354891670098E-8     1.9722220547535922       5.847185409246137E-8     1.9722220547535922       6.214823470565523E-8     1.9722220547535922       3.938466613381113E-8     1.9722220547535922       2.414256456079692E-10    1.9722220547535922       3.937519483165158E-8     1.9722220547535922
1.9896753472735356        3.210012791502719E-8     1.9896753472735356       5.155040129518675E-8     1.9896753472735356       6.279972349696534E-8     1.9896753472735356       4.333158803891664E-8     1.9896753472735356       4.012025635074608E-9     1.9896753472735356       3.734513501354993E-8     1.9896753472735356       6.146222150933806E-8     1.9896753472735356       5.6786205996961325E-8    1.9896753472735356       2.580548387341414E-8     1.9896753472735356       1.7298151616455606E-8    1.9896753472735356       5.227036748025674E-8     1.9896753472735356
2.007128639793479         3.3507242879891196E-8    2.007128639793479        5.267828135373132E-8     2.007128639793479        6.195542282274596E-8     2.007128639793479        3.880134009594473E-8     2.007128639793479        3.408938452215564E-9     2.007128639793479        4.3759662575422615E-8    2.007128639793479        6.20831114812153E-8      2.007128639793479        4.882557811503167E-8     2.007128639793479        1.0975775632187556E-8    2.007128639793479        3.26972138559886E-8      2.007128639793479        6.027432317104827E-8     2.007128639793479
2.0245819323134224        3.501008757685245E-8     2.0245819323134224       5.3541452631835454E-8    2.0245819323134224       6.038045395032023E-8     2.0245819323134224       3.335053110731856E-8     2.0245819323134224       1.1322589252510942E-8    2.0245819323134224       4.9818769954320364E-8    2.0245819323134224       6.16926640552293E-8      2.0245819323134224       4.0239946422806194E-8    2.0245819323134224       2.739564943442382E-9     2.0245819323134224       4.4111159931699077E-8    2.0245819323134224       6.171743196775781E-8     2.0245819323134224
2.0420352248333655        3.6529096526079504E-8    2.0420352248333655       5.416698000587164E-8     2.0420352248333655       5.8399113268835815E-8    2.0420352248333655       2.7650090450981016E-8    2.0420352248333655       1.8856977454555656E-8    2.0420352248333655       5.458289577776908E-8     2.0420352248333655       5.933051995802339E-8     2.0420352248333655       2.998230904367995E-8     2.0420352248333655       1.6308579885752642E-8    2.0420352248333655       5.303452023731929E-8     2.0420352248333655       5.903247763886393E-8     2.0420352248333655
2.0594885173533086        3.795473181826836E-8     2.0594885173533086       5.483347810395508E-8     2.0594885173533086       5.659032958483155E-8     2.0594885173533086       2.239978670902052E-8     2.0594885173533086       2.530734339886002E-8     2.0594885173533086       5.7309736454527717E-8    2.0594885173533086       5.4269854532242796E-8    2.0594885173533086       1.7609964717294157E-8    2.0594885173533086       2.9950205629854907E-8    2.0594885173533086       5.9350110227228666E-8    2.0594885173533086       5.268129491506517E-8     2.0594885173533086
2.076941809873252         3.9484035169195347E-8    2.076941809873252        5.539149721879085E-8     2.076941809873252        5.43380342917074E-8      2.076941809873252        1.665654584039125E-8     2.076941809873252        3.1688424883931E-8       2.076941809873252        5.9127041753014514E-8    2.076941809873252        4.818261012377144E-8     2.076941809873252        5.63963208985124E-9      2.076941809873252        4.057907760116904E-8     2.076941809873252        6.038943442509389E-8     2.076941809873252        4.098112136213618E-8     2.076941809873252
2.0943951023931953        4.113529869823257E-8     2.0943951023931953       5.5637361055285374E-8    2.0943951023931953       5.149978028668326E-8     2.0943951023931953       1.0538647130855858E-8    2.0943951023931953       3.7703257779121786E-8    2.0943951023931953       5.988737974308529E-8     2.0943951023931953       4.1193574161082355E-8    2.0943951023931953       5.8455181302529515E-9    2.0943951023931953       4.8588656082402874E-8    2.0943951023931953       5.7526688066845864E-8    2.0943951023931953       2.6530580836633483E-8    2.0943951023931953
2.111848394913139         4.262663400608447E-8     2.111848394913139        5.584568462815104E-8     2.111848394913139        4.884931767302371E-8     2.111848394913139        5.067705536986488E-9     2.111848394913139        4.2367649019939873E-8    2.111848394913139        5.864589921192329E-8     2.111848394913139        3.226147970006914E-8     2.111848394913139        1.7961480800761227E-8    2.111848394913139        5.522869847147669E-8     2.111848394913139        5.23239925684293E-8      2.111848394913139        1.1546639182431228E-8    2.111848394913139
2.129301687433082         4.424691679957938E-8     2.129301687433082        5.601984733894614E-8     2.129301687433082        4.588092039050184E-8     2.129301687433082        7.685569323573691E-10    2.129301687433082        4.6675593424975144E-8    2.129301687433082        5.643970751046656E-8     2.129301687433082        2.2911631298636003E-8    2.129301687433082        2.842089692563085E-8     2.129301687433082        5.79245238521744E-8      2.129301687433082        4.28368342496109E-8      2.129301687433082        5.130695700650215E-9     2.129301687433082
2.1467549799530254        4.605264996845387E-8     2.1467549799530254       5.5869046640547607E-8    2.1467549799530254       4.2366963483122E-8       2.1467549799530254       6.5737392379058695E-9    2.1467549799530254       5.034338816324977E-8     2.1467549799530254       5.326776249450139E-8     2.1467549799530254       1.3503372732962896E-8    2.1467549799530254       3.706857732306559E-8     2.1467549799530254       5.746359986041386E-8     2.1467549799530254       3.105603222262278E-8     2.1467549799530254       2.0689666198647707E-8    2.1467549799530254
2.1642082724729685        4.76242419929522E-8      2.1642082724729685       5.566433526587959E-8     2.1642082724729685       3.91126688147308E-8      2.1642082724729685       1.1671299336606982E-8    2.1642082724729685       5.259529970042005E-8     2.1642082724729685       4.84620974516993E-8      2.1642082724729685       3.1717303118015565E-9    2.1642082724729685       4.5105796508689436E-8    2.1642082724729685       5.5297933304144066E-8    2.1642082724729685       1.8625140550892525E-8    2.1642082724729685       3.353631029363376E-8     2.1642082724729685
2.1816615649929116        4.948927778598666E-8     2.1816615649929116       5.541143896226049E-8     2.1816615649929116       3.541854454007249E-8     2.1816615649929116       1.7112895491973764E-8    2.1816615649929116       5.453574398667996E-8     2.1816615649929116       4.310017101506902E-8     2.1816615649929116       6.5150877111166785E-9    2.1816615649929116       5.028438714944875E-8     2.1816615649929116       4.923195735732888E-8     2.1816615649929116       4.1628202777740296E-9    2.1816615649929116       4.471650229857295E-8     2.1816615649929116
2.199114857512855         5.143193753688456E-8     2.199114857512855        5.478456311408887E-8     2.199114857512855        3.1414449550419956E-8    2.199114857512855        2.21591438074056E-8      2.199114857512855        5.5343896990977166E-8    2.199114857512855        3.681873831596557E-8     2.199114857512855        1.571016376598677E-8     2.199114857512855        5.3536256190894465E-8    2.199114857512855        4.1502768121688734E-8    2.199114857512855        9.354337922491243E-9     2.199114857512855        5.152522482900657E-8     2.199114857512855
2.2165681500327987        5.315708514222561E-8     2.2165681500327987       5.4196438858255755E-8    2.2165681500327987       2.7673209196494987E-8    2.2165681500327987       2.6569640487460013E-8    2.2165681500327987       5.5111080139525446E-8    2.2165681500327987       2.9633019361934188E-8    2.2165681500327987       2.471970803675612E-8     2.2165681500327987       5.523164729281554E-8     2.2165681500327987       3.229497687887025E-8     2.2165681500327987       2.1934731753291223E-8    2.2165681500327987       5.456883378079695E-8     2.2165681500327987
2.234021442552742         5.545408331996043E-8     2.234021442552742        5.338367813979751E-8     2.234021442552742        2.3247219558342066E-8    2.234021442552742        3.1290251205232306E-8    2.234021442552742        5.4438837599086015E-8    2.234021442552742        2.22680747708372E-8      2.234021442552742        3.214090425188473E-8     2.234021442552742        5.37147606363937E-8      2.234021442552742        2.0715593064011743E-8    2.234021442552742        3.3572228245037405E-8    2.234021442552742        5.411043353300118E-8     2.234021442552742
2.251474735072685         5.737451051394299E-8     2.251474735072685        5.22370684174446E-8      2.251474735072685        1.904488387531569E-8     2.251474735072685        3.49119798895112E-8      2.251474735072685        5.230508075951251E-8     2.251474735072685        1.4218988879907548E-8    2.251474735072685        3.88889395877476E-8      2.251474735072685        5.113088815422873E-8     2.251474735072685        9.737974313607883E-9     2.251474735072685        4.1791095194362067E-8    2.251474735072685        4.9005665310341805E-8    2.251474735072685
2.2689280275926285        5.971616108932867E-8     2.2689280275926285       5.1204734913195725E-8    2.2689280275926285       1.4587145526521676E-8    2.2689280275926285       3.866903773612211E-8     2.2689280275926285       4.986652859256435E-8     2.2689280275926285       6.162512743338311E-9     2.2689280275926285       4.4183606870916564E-8    2.2689280275926285       4.5989764179643037E-8    2.2689280275926285       2.6110260267452107E-9    2.2689280275926285       4.846686399192936E-8     2.2689280275926285       4.139918486578902E-8     2.2689280275926285
2.286381320112572         6.224026172995845E-8     2.286381320112572        4.954115123799293E-8     2.286381320112572        9.741542274927807E-9     2.286381320112572        4.170654781636983E-8     2.286381320112572        4.6137648268714055E-8    2.286381320112572        2.0142320808319015E-9    2.286381320112572        4.7747658659539884E-8    2.286381320112572        3.914480067367841E-8     2.286381320112572        1.3847529961982604E-8    2.286381320112572        5.113461601745562E-8     2.286381320112572        3.034880134350479E-8     2.286381320112572
2.303834612632515         6.451646540708181E-8     2.303834612632515        4.7994268168715357E-8    2.303834612632515        5.237234627193039E-9     2.303834612632515        4.4136042685668895E-8    2.303834612632515        4.183583788070444E-8     2.303834612632515        1.0058918518610745E-8    2.303834612632515        5.023176378429219E-8     2.303834612632515        3.132615584851313E-8     2.303834612632515        2.4274931839463644E-8    2.303834612632515        5.122138174474889E-8     2.303834612632515        1.7815308183328903E-8    2.303834612632515
2.321287905152458         6.785154929673092E-8     2.321287905152458        4.586119498396464E-8     2.321287905152458        5.223250652673934E-10    2.321287905152458        4.6452316563376786E-8    2.321287905152458        3.658450983967367E-8     2.321287905152458        1.7864731426004082E-8    2.321287905152458        5.0360795451579556E-8    2.321287905152458        2.128607616387807E-8     2.321287905152458        3.3781596180301976E-8    2.321287905152458        4.789666879183777E-8     2.321287905152458        3.960535638665156E-9     2.321287905152458
2.3387411976724013        7.021596568278487E-8     2.3387411976724013       4.336364586470827E-8     2.3387411976724013       5.109416562375198E-9     2.3387411976724013       4.734434548028318E-8     2.3387411976724013       3.038161882432511E-8     2.3387411976724013       2.5122620317377883E-8    2.3387411976724013       4.926907142343267E-8     2.3387411976724013       1.1596417234545452E-8    2.3387411976724013       4.039248323357558E-8     2.3387411976724013       4.1373077290620575E-8    2.3387411976724013       9.880018319751411E-9     2.3387411976724013
2.356194490192345         7.456892333387023E-8     2.356194490192345        4.05303907375357E-8      2.356194490192345        1.1199397474669224E-8    2.356194490192345        4.8571279195740015E-8    2.356194490192345        2.342099356676409E-8     2.356194490192345        3.2112279387199965E-8    2.356194490192345        4.580232933959246E-8     2.356194490192345        3.162037314309992E-10    2.356194490192345        4.6155279266531634E-8    2.356194490192345        3.239803869719805E-8     2.356194490192345        2.3053062271808202E-8    2.356194490192345
2.3736477827122884        7.720827592727825E-8     2.3736477827122884       3.6185894017989825E-8    2.3736477827122884       1.688822507620584E-8     2.3736477827122884       4.731107676291023E-8     2.3736477827122884       1.484759984087075E-8     2.3736477827122884       3.772588957922886E-8     2.3736477827122884       4.013605652819358E-8     2.3736477827122884       1.095273657883498E-8     2.3736477827122884       4.7128436310058174E-8    2.3736477827122884       2.0057687562888065E-8    2.3736477827122884       3.407573065873178E-8     2.3736477827122884
2.3911010752322315        8.350853726058972E-8     2.3911010752322315       3.1600314187430795E-8    2.3911010752322315       2.450235807563655E-8     2.3911010752322315       4.66550940703136E-8      2.3911010752322315       5.122112549872944E-9     2.3911010752322315       4.3450545549685506E-8    2.3911010752322315       3.211193661629901E-8     2.3911010752322315       2.3734786083728957E-8    2.3911010752322315       4.7139841279775296E-8    2.3911010752322315       5.966512685948007E-9     2.3911010752322315       4.311717831158164E-8     2.3911010752322315
2.4085543677521746        8.355257026362357E-8     2.4085543677521746       1.900204477979478E-8     2.4085543677521746       3.27651784433515E-8      2.4085543677521746       3.768543191571388E-8     2.4085543677521746       1.056457037245811E-8     2.4085543677521746       4.383570916380774E-8     2.4085543677521746       1.5797847855028172E-8    2.4085543677521746       3.45620826887589E-8      2.4085543677521746       3.5672202832018165E-8    2.4085543677521746       1.4068806407764641E-8    2.4085543677521746       4.4037964781437864E-8    2.4085543677521746
2.426007660272118         6.428675523814162E-8     2.426007660272118        1.1565965888855698E-8    2.426007660272118        3.056509783165443E-8     2.426007660272118        2.5030542538982414E-8    2.426007660272118        1.951244440457205E-8     2.426007660272118        3.284862787890967E-8     2.426007660272118        1.1435448560336536E-8    2.426007660272118        3.247863962284487E-8     2.426007660272118        2.1426542533003906E-8    2.426007660272118        2.333763734318147E-8     2.426007660272118        3.110917507201715E-8     2.426007660272118
2.443460952792061         5.496156502861478E-8     2.443460952792061        1.4686691859347756E-8    2.443460952792061        2.6609877142286598E-8    2.443460952792061        2.3175783636214406E-8    2.443460952792061        1.9673184806579414E-8    2.443460952792061        2.845182711046305E-8     2.443460952792061        1.5412219402497056E-8    2.443460952792061        2.8219909659933647E-8    2.443460952792061        1.942700807385244E-8     2.443460952792061        2.3499911964150545E-8    2.443460952792061        2.636643670591654E-8     2.443460952792061
2.4609142453120043        4.9584022983728107E-8    2.4609142453120043       1.52168921314044E-8      2.4609142453120043       2.5547571196332166E-8    2.4609142453120043       2.1047056917729236E-8    2.4609142453120043       2.1170187519061043E-8    2.4609142453120043       2.503160028534508E-8     2.4609142453120043       1.726123783473286E-8     2.4609142453120043       2.6726505741259552E-8    2.4609142453120043       1.79949598860514E-8      2.4609142453120043       2.432253731931005E-8     2.4609142453120043       2.196052501576613E-8     2.4609142453120043
2.478367537831948         4.581714357632256E-8     2.478367537831948        1.6279806841287138E-8    2.478367537831948        2.3775073084429044E-8    2.478367537831948        2.060247266813484E-8     2.478367537831948        2.0850299491062743E-8    2.478367537831948        2.3537745176066955E-8    2.478367537831948        1.839310499193076E-8     2.478367537831948        2.432827093187957E-8     2.478367537831948        1.830154878799183E-8     2.478367537831948        2.363969243046568E-8     2.478367537831948        2.0854515067663693E-8    2.478367537831948
2.4958208303518914        4.229429967794259E-8     2.4958208303518914       1.665892256036851E-8     2.4958208303518914       2.2885991440801793E-8    2.4958208303518914       1.9778015462317218E-8    2.4958208303518914       2.1105438309505697E-8    2.4958208303518914       2.1378726933187713E-8    2.4958208303518914       1.9459663309774364E-8    2.4958208303518914       2.296842044326191E-8     2.4958208303518914       1.855882559301791E-8     2.4958208303518914       2.2664369570468933E-8    2.4958208303518914       1.9150245583027715E-8    2.4958208303518914
2.5132741228718345        4.009253988481913E-8     2.5132741228718345       1.6965545064994114E-8    2.5132741228718345       2.163654975349748E-8     2.5132741228718345       1.9575799453827205E-8    2.5132741228718345       2.0529555591848965E-8    2.5132741228718345       2.0897262813076074E-8    2.5132741228718345       1.934910091863131E-8     2.5132741228718345       2.131431399026387E-8     2.5132741228718345       1.904131047132049E-8     2.5132741228718345       2.1781643511188842E-8    2.5132741228718345       1.9265882506691738E-8    2.5132741228718345
2.5307274153917776        3.726851116921128E-8     2.5307274153917776       1.7246691020075478E-8    2.5307274153917776       2.0750662810310787E-8    2.5307274153917776       1.925823466013776E-8     2.5307274153917776       2.010360697729157E-8     2.5307274153917776       1.9541949389795653E-8    2.5307274153917776       1.987497127716647E-8     2.5307274153917776       2.0257625632801405E-8    2.5307274153917776       1.9193278928648543E-8    2.5307274153917776       2.0231591790331252E-8    2.5307274153917776       1.9210281022888337E-8    2.5307274153917776
2.548180707911721         3.580176243784868E-8     2.548180707911721        1.710740165800124E-8     2.548180707911721        1.978896690064947E-8     2.548180707911721        1.903220128877029E-8     2.548180707911721        1.9510869754322494E-8    2.548180707911721        1.9406159884892458E-8    2.548180707911721        1.9033890159635196E-8    2.548180707911721        1.938422391627606E-8     2.548180707911721        1.928927418042432E-8     2.548180707911721        1.9647490131556986E-8    2.548180707911721        1.8961484584125225E-8    2.548180707911721
2.5656340004316647        3.341193549053848E-8     2.5656340004316647       1.7304066637568914E-8    2.5656340004316647       1.8872309174685803E-8    2.5656340004316647       1.8901392842203517E-8    2.5656340004316647       1.8656796311412924E-8    2.5656340004316647       1.8747573711681033E-8    2.5656340004316647       1.911050641404283E-8     2.5656340004316647       1.8614554806491428E-8    2.5656340004316647       1.8915011198661186E-8    2.5656340004316647       1.8391641902369327E-8    2.5656340004316647       1.9371094606771038E-8    2.5656340004316647
2.5830872929516078        3.2212195112711164E-8    2.5830872929516078       1.6941171537651335E-8    2.5830872929516078       1.8114155905567357E-8    2.5830872929516078       1.8607695211311065E-8    2.5830872929516078       1.8120662343900014E-8    2.5830872929516078       1.8488247114568134E-8    2.5830872929516078       1.8046337794997152E-8    2.5830872929516078       1.8356476276664385E-8    2.5830872929516078       1.8566372761271856E-8    2.5830872929516078       1.8044869976158016E-8    2.5830872929516078       1.8444924618532806E-8    2.5830872929516078
2.600540585471551         3.032172210041085E-8     2.600540585471551        1.6984775731079746E-8    2.600540585471551        1.7196116765120564E-8    2.600540585471551        1.8470228671809457E-8    2.600540585471551        1.710611471666725E-8     2.600540585471551        1.836740594804296E-8     2.600540585471551        1.7559483300789758E-8    2.600540585471551        1.7827915556997092E-8    2.600540585471551        1.7823922954005297E-8    2.600540585471551        1.759430081826979E-8     2.600540585471551        1.841473656727939E-8     2.600540585471551
2.6179938779914944        2.9025383835038008E-8    2.6179938779914944       1.6592066043588046E-8    2.6179938779914944       1.6562034750782936E-8    2.6179938779914944       1.812798076679324E-8     2.6179938779914944       1.651105871373836E-8     2.6179938779914944       1.7858425220575423E-8    2.6179938779914944       1.676852182611978E-8     2.6179938779914944       1.777649497908047E-8     2.6179938779914944       1.7055492951618614E-8    2.6179938779914944       1.7219797122862565E-8    2.6179938779914944       1.7426006164156536E-8    2.6179938779914944
2.6354471705114375        2.7711189521939872E-8    2.6354471705114375       1.6357914302269566E-8    2.6354471705114375       1.5698394363537342E-8    2.6354471705114375       1.7860708197976455E-8    2.6354471705114375       1.56650499452861E-8      2.6354471705114375       1.7895545667901196E-8    2.6354471705114375       1.570221143300286E-8     2.6354471705114375       1.750644793568911E-8     2.6354471705114375       1.627617626564006E-8     2.6354471705114375       1.731156663659543E-8     2.6354471705114375       1.6416239448475368E-8    2.6354471705114375
2.6529004630313806        2.6170963622292502E-8    2.6529004630313806       1.608467016737653E-8     2.6529004630313806       1.5087910401600085E-8    2.6529004630313806       1.7525867104972235E-8    2.6529004630313806       1.4853661116029064E-8    2.6529004630313806       1.7382164473432826E-8    2.6529004630313806       1.53134822121773E-8      2.6529004630313806       1.7218491047866576E-8    2.6529004630313806       1.5205572335915535E-8    2.6529004630313806       1.6965696809428202E-8    2.6529004630313806       1.5927493264247217E-8    2.6529004630313806
2.670353755551324         2.5283176785722286E-8    2.670353755551324        1.557798855125688E-8     2.670353755551324        1.4378778006645044E-8    2.670353755551324        1.7102649916733738E-8    2.670353755551324        1.4319970267975986E-8    2.670353755551324        1.7130478718147016E-8    2.670353755551324        1.4065660575161473E-8    2.670353755551324        1.7158783513199183E-8    2.670353755551324        1.4560344967780202E-8    2.670353755551324        1.688971171044825E-8     2.670353755551324        1.4307412999854899E-8    2.670353755551324
2.6878070480712677        2.3748658546552406E-8    2.6878070480712677       1.5356815477106568E-8    2.6878070480712677       1.3698345781889778E-8    2.6878070480712677       1.6733469669677704E-8    2.6878070480712677       1.3408255112946105E-8    2.6878070480712677       1.6834313316494467E-8    2.6878070480712677       1.3658945477477401E-8    2.6878070480712677       1.6596148412337934E-8    2.6878070480712677       1.3550508289853512E-8    2.6878070480712677       1.672218041456749E-8     2.6878070480712677       1.3936933892349742E-8    2.6878070480712677
2.705260340591211         2.2820983856930535E-8    2.705260340591211        1.4790423140447667E-8    2.705260340591211        1.3152114374321782E-8    2.705260340591211        1.6231407851580616E-8    2.705260340591211        1.2936133592993144E-8    2.705260340591211        1.620320716805097E-8     2.705260340591211        1.2903820262463629E-8    2.705260340591211        1.6379310737402337E-8    2.705260340591211        1.2869729075295973E-8    2.705260340591211        1.620585931160648E-8     2.705260340591211        1.2921280660857951E-8    2.705260340591211
2.722713633111154         2.1720355730486547E-8    2.722713633111154        1.4393900324525734E-8    2.722713633111154        1.2464763900611854E-8    2.722713633111154        1.5751150394527348E-8    2.722713633111154        1.2305586314478718E-8    2.722713633111154        1.5918970361075996E-8    2.722713633111154        1.2065502770247419E-8    2.722713633111154        1.5901709422281826E-8    2.722713633111154        1.2303312336407478E-8    2.722713633111154        1.591982013943753E-8     2.722713633111154        1.1985902040630444E-8    2.722713633111154
2.740166925631097         2.045179307287193E-8     2.740166925631097        1.3970214157498172E-8    2.740166925631097        1.1942621481287649E-8    2.740166925631097        1.523667121558857E-8     2.740166925631097        1.1592693207575424E-8    2.740166925631097        1.5291423715685845E-8    2.740166925631097        1.1875178840753024E-8    2.740166925631097        1.518733905775686E-8     2.740166925631097        1.1539214910495588E-8    2.740166925631097        1.5362667124649554E-8    2.740166925631097        1.1935792488238135E-8    2.740166925631097
2.7576202181510405        1.9719483007548425E-8    2.7576202181510405       1.333185686741067E-8     2.7576202181510405       1.1364596080184935E-8    2.7576202181510405       1.464749931011808E-8     2.7576202181510405       1.1290024850490375E-8    2.7576202181510405       1.4646390001227962E-8    2.7576202181510405       1.1025475921480452E-8    2.7576202181510405       1.4863099528781146E-8    2.7576202181510405       1.1257632009339356E-8    2.7576202181510405       1.456993359170713E-8     2.7576202181510405       1.1052417552702815E-8    2.7576202181510405
2.775073510670984         1.844432102576595E-8     2.775073510670984        1.2966599196626785E-8    2.775073510670984        1.0770054655487389E-8    2.775073510670984        1.4095142280484591E-8    2.775073510670984        1.0573388343719034E-8    2.775073510670984        1.4212233208955977E-8    2.775073510670984        1.0675811408302996E-8    2.775073510670984        1.3976428658251366E-8    2.775073510670984        1.0765397371304E-8       2.775073510670984        1.4097164363085912E-8    2.775073510670984        1.0867156361542281E-8    2.775073510670984
2.792526803190927         1.7507925735319638E-8    2.792526803190927        1.2364004540084657E-8    2.792526803190927        1.029479173435523E-8     2.792526803190927        1.3478437048501906E-8    2.792526803190927        1.0118963402581023E-8    2.792526803190927        1.3402103803819654E-8    2.792526803190927        1.0393436255005996E-8    2.792526803190927        1.3321539770308531E-8    2.792526803190927        1.0357521193792553E-8    2.792526803190927        1.3195140428489914E-8    2.792526803190927        1.0800523298611697E-8    2.792526803190927
2.8099800957108703        1.6708300831729718E-8    2.8099800957108703       1.1765172195472695E-8    2.8099800957108703       9.712644541405806E-9     2.8099800957108703       1.2848872132446638E-8    2.8099800957108703       9.799058194933222E-9     2.8099800957108703       1.2773858004661265E-8    2.8099800957108703       9.690767012476617E-9     2.8099800957108703       1.2786763776518046E-8    2.8099800957108703       1.0172749218597425E-8    2.8099800957108703       1.2297603065099299E-8    2.8099800957108703       1.0254306895182934E-8    2.8099800957108703
2.827433388230814         1.545978223385452E-8     2.827433388230814        1.1336017224419269E-8    2.827433388230814        9.206460407234786E-9     2.827433388230814        1.2234528863119776E-8    2.827433388230814        9.090871143363738E-9     2.827433388230814        1.221626705475956E-8     2.827433388230814        9.532974980546691E-9     2.827433388230814        1.1717156557707599E-8    2.827433388230814        9.749047968731812E-9     2.827433388230814        1.1751816101581157E-8    2.827433388230814        1.0207073111227146E-8    2.827433388230814
2.844886680750757         1.4749335894694435E-8    2.844886680750757        1.0641323727421341E-8    2.844886680750757        8.729695886109121E-9     2.844886680750757        1.156466751641959E-8     2.844886680750757        8.801030058021661E-9     2.844886680750757        1.1314589319964314E-8    2.844886680750757        9.122347480835903E-9     2.844886680750757        1.117720380109545E-8     2.844886680750757        9.457735474203442E-9     2.844886680750757        1.0642423144308116E-8    2.844886680750757        1.0033533821478318E-8    2.844886680750757
2.8623399732707           1.3830529990219885E-8    2.8623399732707          1.0083207522844685E-8    2.8623399732707          8.163742759861485E-9     2.8623399732707          1.0907109135406213E-8    2.8623399732707          8.380967638976623E-9     2.8623399732707          1.0717121484415702E-8    2.8623399732707          8.55999260703475E-9      2.8623399732707          1.0455016164667046E-8    2.8623399732707          9.190205868481958E-9     2.8623399732707          9.840525401491163E-9     2.8623399732707          9.537905501465764E-9     2.8623399732707
2.8797932657906435        1.2677554091625168E-8    2.8797932657906435       9.589819421977476E-9     2.8797932657906435       7.690680156648276E-9     2.8797932657906435       1.0253134119219494E-8    2.8797932657906435       7.704437154324016E-9     2.8797932657906435       1.008536659787661E-8     2.8797932657906435       8.358746003099446E-9     2.8797932657906435       9.382168268909242E-9     2.8797932657906435       8.755311597063085E-9     2.8797932657906435       9.299050697498582E-9     2.8797932657906435       9.305485000562847E-9     2.8797932657906435
2.897246558310587         1.2075889917360534E-8    2.897246558310587        8.84124027452858E-9      2.897246558310587        7.197844224514068E-9     2.897246558310587        9.554026671237879E-9     2.897246558310587        7.48125171642093E-9      2.897246558310587        9.15636697770491E-9      2.897246558310587        7.862341548757697E-9     2.897246558310587        8.975382713237607E-9     2.897246558310587        8.378567682028735E-9     2.897246558310587        8.129216242192578E-9     2.897246558310587        9.017118932756616E-9     2.897246558310587
2.9146998508305306        1.1075298511295849E-8    2.9146998508305306       8.30823024103968E-9      2.9146998508305306       6.64913702702587E-9      2.9146998508305306       8.88506007595103E-9      2.9146998508305306       6.94915210679644E-9      2.9146998508305306       8.604066843548227E-9     2.9146998508305306       7.324545749738333E-9     2.9146998508305306       8.137411316933928E-9     2.9146998508305306       7.997144831763256E-9     2.9146998508305306       7.539018958579521E-9     2.9146998508305306       8.390097245434682E-9     2.9146998508305306
2.9321531433504737        1.0030992444689354E-8    2.9321531433504737       7.753511330465122E-9     2.9321531433504737       6.189298419724059E-9     2.9321531433504737       8.208987426267485E-9     2.9321531433504737       6.306600702861047E-9     2.9321531433504737       7.953449112903661E-9     2.9321531433504737       7.030719456204098E-9     2.9321531433504737       7.170339779507354E-9     2.9321531433504737       7.492795649199545E-9     2.9321531433504737       7.04314322864803E-9      2.9321531433504737       7.936576212077442E-9     2.9321531433504737
2.949606435870417         9.47786783207688E-9      2.949606435870417        6.987230059055702E-9     2.949606435870417        5.681237645695096E-9     2.949606435870417        7.515122078691995E-9     2.949606435870417        6.093476486483888E-9     2.949606435870417        7.027283350222821E-9     2.949606435870417        6.462665093352582E-9     2.949606435870417        6.861688372279795E-9     2.949606435870417        6.973044632638536E-9     2.949606435870417        5.883593537197697E-9     2.949606435870417        7.591277214121694E-9     2.949606435870417
2.9670597283903604        8.419167055417213E-9     2.9670597283903604       6.4620228974929836E-9    2.9670597283903604       5.141869782477113E-9     2.9670597283903604       6.829362409258434E-9     2.9670597283903604       5.4576816894316835E-9    2.9670597283903604       6.536066630722447E-9     2.9670597283903604       5.892955899300471E-9     2.9670597283903604       5.976020581949783E-9     2.9670597283903604       6.490745686537151E-9     2.9670597283903604       5.4973913649729784E-9    2.9670597283903604       6.767459903320582E-9     2.9670597283903604
2.9845130209103035        7.445631570185744E-9     2.9845130209103035       5.874045070135859E-9     2.9845130209103035       4.675475433607317E-9     2.9845130209103035       6.141134002943957E-9     2.9845130209103035       4.8200760013471345E-9    2.9845130209103035       5.895933801296287E-9     2.9845130209103035       5.487957638528653E-9     2.9845130209103035       5.111047515727431E-9     2.9845130209103035       5.907652628276898E-9     2.9845130209103035       5.072178933785044E-9     2.9845130209103035       6.176423871186209E-9     2.9845130209103035
3.0019663134302466        6.923895654017457E-9     3.0019663134302466       5.0801639018795686E-9    3.0019663134302466       4.158882023656156E-9     3.0019663134302466       5.456638000641832E-9     3.0019663134302466       4.596943913578926E-9     3.0019663134302466       4.959624310639955E-9     3.0019663134302466       4.896141672723153E-9     3.0019663134302466       4.923772152774664E-9     3.0019663134302466       5.26790444787252E-9      3.0019663134302466       3.9195430529338595E-9    3.0019663134302466       5.812900059001296E-9     3.0019663134302466
3.01941960595019          5.832057877115763E-9     3.01941960595019         4.5663952516314355E-9    3.01941960595019         3.6162945592155244E-9    3.01941960595019         4.76517509539955E-9      3.01941960595019         3.874921582780471E-9     3.01941960595019         4.530832134040317E-9     3.01941960595019         4.2651510011173496E-9    3.01941960595019         3.998490486881121E-9     3.01941960595019         4.7211467009792315E-9    3.01941960595019         3.732473493415937E-9     3.01941960595019         4.836919573082259E-9     3.01941960595019
3.036872898470133         4.8717363233157946E-9    3.036872898470133        3.962631684402103E-9     3.036872898470133        3.1275640631424014E-9    3.036872898470133        4.085489652954343E-9     3.036872898470133        3.2201508128266474E-9    3.036872898470133        3.926088113528805E-9     3.036872898470133        3.771226968169451E-9     3.036872898470133        3.2044731158122133E-9    3.036872898470133        4.077174294724216E-9     3.036872898470133        3.366484730438963E-9     3.036872898470133        4.139454712177959E-9     3.036872898470133
3.0543261909900763        4.433295695611906E-9     3.0543261909900763       3.143737637839458E-9     3.0543261909900763       2.6131474338919097E-9    3.0543261909900763       3.4028010906457182E-9    3.0543261909900763       3.025312800894229E-9     3.0543261909900763       2.9384877090563095E-9    3.0543261909900763       3.166203639649484E-9     3.0543261909900763       3.16722536939537E-9      3.0543261909900763       3.3368291849050508E-9    3.0543261909900763       2.1485052736639534E-9    3.0543261909900763       3.871885858159252E-9     3.0543261909900763
3.07177948351002          3.2782579321318317E-9    3.07177948351002         2.6458437088519426E-9    3.07177948351002         2.075175054302867E-9     3.07177948351002         2.7122896332832847E-9    3.07177948351002         2.213230236613008E-9     3.07177948351002         2.6077355395754805E-9    3.07177948351002         2.49227504475187E-9      3.07177948351002         2.1696781514307194E-9    3.07177948351002         2.776144466062756E-9     3.07177948351002         2.14962309575934E-9      3.07177948351002         2.7431889012392365E-9    3.07177948351002
3.0892327760299634        2.3007026978673284E-9    3.0892327760299634       2.047664793636154E-9     3.0892327760299634       1.5739669589054424E-9    3.0892327760299634       2.0361338334761947E-9    3.0892327760299634       1.5241190306536362E-9    3.0892327760299634       2.0792831970117477E-9    3.0892327760299634       1.9575141246271354E-9    3.0892327760299634       1.3777950023922905E-9    3.0892327760299634       2.13639668275656E-9      3.0892327760299634       1.8922075082146947E-9    3.0892327760299634       1.9948027651453067E-9    3.0892327760299634
3.106686068549907         2.0760134535138616E-9    3.106686068549907        1.1395914831553077E-9    3.106686068549907        1.07262749695424E-9      3.106686068549907        1.3582473189283623E-9    3.106686068549907        1.4588100649480777E-9    3.106686068549907        1.0131575889510929E-9    3.106686068549907        1.4292036661860789E-9    3.106686068549907        1.647491775065865E-9     3.106686068549907        1.320622727760061E-9     3.106686068549907        3.613211037187873E-10    3.106686068549907        2.0500699683503655E-9    3.106686068549907
3.12413936106985          6.594916462267628E-10    3.12413936106985         7.46011069587213E-10     3.12413936106985         5.178106866525352E-10    3.12413936106985         6.64372378282261E-10     3.12413936106985         4.253029927119054E-10    3.12413936106985         8.347258979228474E-10    3.12413936106985         6.905155445906044E-10    3.12413936106985         2.8397644022750677E-10   3.12413936106985         8.012705504869745E-10    3.12413936106985         8.264196709800144E-10    3.12413936106985         6.124812521004152E-10    3.12413936106985
3.141592653589793         2.779232515539758E-23    3.141592653589793        1.185387038924372E-23    3.141592653589793        1.0746569498408185E-23   3.141592653589793        6.641317254271173E-24    3.141592653589793        2.3076207119882754E-23   3.141592653589793        2.880028713391939E-23    3.141592653589793        3.4880908864818136E-23   3.141592653589793        3.199680052776781E-23    3.141592653589793        2.2615261241458225E-23   3.141592653589793        3.13058603153989E-23     3.141592653589793        5.258521285807008E-23    3.141592653589793
3.159045946109736         6.594916462268219E-10    3.1241393610698505       7.460110695872296E-10    3.1241393610698505       5.178106866525068E-10    3.1241393610698505       6.643723782823262E-10    3.1241393610698505       4.2530299271183306E-10   3.1241393610698505       8.347258979228131E-10    3.1241393610698505       6.905155445906242E-10    3.1241393610698505       2.8397644022749354E-10   3.1241393610698505       8.012705504869544E-10    3.1241393610698505       8.264196709798816E-10    3.1241393610698505       6.124812521003515E-10    3.1241393610698505
3.1764992386296798        2.0760134535138463E-9    3.106686068549907        1.1395914831552955E-9    3.106686068549907        1.0726274969542503E-9    3.106686068549907        1.3582473189283428E-9    3.106686068549907        1.4588100649480949E-9    3.106686068549907        1.0131575889511117E-9    3.106686068549907        1.4292036661861078E-9    3.106686068549907        1.6474917750659151E-9    3.106686068549907        1.3206227277600953E-9    3.106686068549907        3.6132110371884686E-10   3.106686068549907        2.0500699683503647E-9    3.106686068549907
3.193952531149623         2.3007026978672605E-9    3.089232776029964        2.047664793636255E-9     3.089232776029964        1.573966958905491E-9     3.089232776029964        2.0361338334762108E-9    3.089232776029964        1.5241190306535944E-9    3.089232776029964        2.0792831970116658E-9    3.089232776029964        1.9575141246270957E-9    3.089232776029964        1.3777950023922402E-9    3.089232776029964        2.1363966827565532E-9    3.089232776029964        1.8922075082147138E-9    3.089232776029964        1.9948027651452645E-9    3.089232776029964
3.211405823669566         3.2782579321318346E-9    3.0717794835100207       2.6458437088518003E-9    3.0717794835100207       2.075175054302787E-9     3.0717794835100207       2.712289633283201E-9     3.0717794835100207       2.2132302366130722E-9    3.0717794835100207       2.607735539575461E-9     3.0717794835100207       2.492275044751922E-9     3.0717794835100207       2.1696781514307955E-9    3.0717794835100207       2.7761444660626763E-9    3.0717794835100207       2.149623095759271E-9     3.0717794835100207       2.743188901239215E-9     3.0717794835100207
3.2288591161895095        4.43329569561182E-9      3.054326190990077        3.1437376378394328E-9    3.054326190990077        2.613147433891913E-9     3.054326190990077        3.402801090645692E-9     3.054326190990077        3.0253128008941626E-9    3.054326190990077        2.9384877090563137E-9    3.054326190990077        3.1662036396494133E-9    3.054326190990077        3.167225369395294E-9     3.054326190990077        3.3368291849050772E-9    3.054326190990077        2.148505273664022E-9     3.054326190990077        3.871885858159243E-9     3.054326190990077
3.2463124087094526        4.871736323315128E-9     3.036872898470134        3.9626316844019815E-9    3.036872898470134        3.1275640631426657E-9    3.036872898470134        4.085489652954245E-9     3.036872898470134        3.2201508128267706E-9    3.036872898470134        3.926088113529025E-9     3.036872898470134        3.7712269681695034E-9    3.036872898470134        3.20447311581227E-9      3.036872898470134        4.077174294724005E-9     3.036872898470134        3.3664847304389317E-9    3.036872898470134        4.139454712177686E-9     3.036872898470134
3.2637657012293966        5.832057877115743E-9     3.01941960595019         4.566395251631438E-9     3.01941960595019         3.6162945592155224E-9    3.01941960595019         4.765175095399566E-9     3.01941960595019         3.874921582780381E-9     3.01941960595019         4.530832134040373E-9     3.01941960595019         4.265151001117276E-9     3.01941960595019         3.998490486881094E-9     3.01941960595019         4.721146700979229E-9     3.01941960595019         3.732473493415948E-9     3.01941960595019         4.83691957308228E-9      3.01941960595019
3.2812189937493397        6.9238956540172005E-9    3.001966313430247        5.080163901879445E-9     3.001966313430247        4.1588820236561204E-9    3.001966313430247        5.456638000641942E-9     3.001966313430247        4.596943913578724E-9     3.001966313430247        4.959624310639961E-9     3.001966313430247        4.8961416727232645E-9    3.001966313430247        4.923772152774786E-9     3.001966313430247        5.267904447872852E-9     3.001966313430247        3.919543052933759E-9     3.001966313430247        5.812900059001424E-9     3.001966313430247
3.2986722862692828        7.4456315701856225E-9    2.984513020910304        5.874045070135802E-9     2.984513020910304        4.675475433607384E-9     2.984513020910304        6.14113400294394E-9      2.984513020910304        4.8200760013471E-9       2.984513020910304        5.895933801296263E-9     2.984513020910304        5.48795763852864E-9      2.984513020910304        5.111047515727359E-9     2.984513020910304        5.907652628276838E-9     2.984513020910304        5.072178933785028E-9     2.984513020910304        6.176423871186201E-9     2.984513020910304
3.3161255787892263        8.419167055417252E-9     2.9670597283903604       6.462022897492795E-9     2.9670597283903604       5.141869782477159E-9     2.9670597283903604       6.829362409258457E-9     2.9670597283903604       5.4576816894317985E-9    2.9670597283903604       6.536066630722523E-9     2.9670597283903604       5.89295589930044E-9      2.9670597283903604       5.97602058194975E-9      2.9670597283903604       6.490745686537105E-9     2.9670597283903604       5.4973913649730306E-9    2.9670597283903604       6.767459903320638E-9     2.9670597283903604
3.3335788713091694        9.47786783207689E-9      2.9496064358704173       6.987230059055711E-9     2.9496064358704173       5.681237645695091E-9     2.9496064358704173       7.515122078691967E-9     2.9496064358704173       6.093476486483906E-9     2.9496064358704173       7.027283350222845E-9     2.9496064358704173       6.462665093352575E-9     2.9496064358704173       6.861688372279843E-9     2.9496064358704173       6.97304463263849E-9      2.9496064358704173       5.883593537197693E-9     2.9496064358704173       7.591277214121757E-9     2.9496064358704173
3.3510321638291125        1.0030992444689366E-8    2.932153143350474        7.753511330465107E-9     2.932153143350474        6.189298419724073E-9     2.932153143350474        8.208987426267516E-9     2.932153143350474        6.3066007028610605E-9    2.932153143350474        7.953449112903681E-9     2.932153143350474        7.030719456204088E-9     2.932153143350474        7.170339779507376E-9     2.932153143350474        7.492795649199564E-9     2.932153143350474        7.043143228647983E-9     2.932153143350474        7.936576212077478E-9     2.932153143350474
3.368485456349056         1.1075298511295822E-8    2.9146998508305306       8.308230241039836E-9     2.9146998508305306       6.649137027025837E-9     2.9146998508305306       8.885060075951167E-9     2.9146998508305306       6.949152106796257E-9     2.9146998508305306       8.60406684354824E-9      2.9146998508305306       7.3245457497385756E-9    2.9146998508305306       8.137411316933918E-9     2.9146998508305306       7.997144831763407E-9     2.9146998508305306       7.539018958579493E-9     2.9146998508305306       8.390097245434702E-9     2.9146998508305306
3.385938748868999         1.2075889917360468E-8    2.8972465583105875       8.841240274528897E-9     2.8972465583105875       7.197844224514059E-9     2.8972465583105875       9.554026671238018E-9     2.8972465583105875       7.481251716420902E-9     2.8972465583105875       9.15636697770481E-9      2.8972465583105875       7.86234154875747E-9      2.8972465583105875       8.97538271323758E-9      2.8972465583105875       8.378567682028771E-9     2.8972465583105875       8.1292162421923E-9       2.8972465583105875       9.017118932756857E-9     2.8972465583105875
3.4033920413889422        1.2677554091624806E-8    2.8797932657906444       9.589819421977255E-9     2.8797932657906444       7.690680156648261E-9     2.8797932657906444       1.0253134119219529E-8    2.8797932657906444       7.70443715432394E-9      2.8797932657906444       1.0085366597876617E-8    2.8797932657906444       8.358746003099539E-9     2.8797932657906444       9.382168268909315E-9     2.8797932657906444       8.755311597062994E-9     2.8797932657906444       9.29905069749868E-9      2.8797932657906444       9.305485000562865E-9     2.8797932657906444
3.420845333908886         1.3830529990220084E-8    2.862339973270701        1.0083207522844952E-8    2.862339973270701        8.163742759861528E-9     2.862339973270701        1.0907109135406118E-8    2.862339973270701        8.380967638976536E-9     2.862339973270701        1.0717121484415732E-8    2.862339973270701        8.559992607034757E-9     2.862339973270701        1.045501616466696E-8     2.862339973270701        9.190205868482039E-9     2.862339973270701        9.840525401491141E-9     2.862339973270701        9.537905501465467E-9     2.862339973270701
3.438298626428829         1.4749335894694614E-8    2.8448866807507573       1.0641323727421236E-8    2.8448866807507573       8.729695886109151E-9     2.8448866807507573       1.156466751641983E-8     2.8448866807507573       8.801030058021736E-9     2.8448866807507573       1.1314589319964435E-8    2.8448866807507573       9.122347480836089E-9     2.8448866807507573       1.1177203801095351E-8    2.8448866807507573       9.457735474203403E-9     2.8448866807507573       1.064242314430823E-8     2.8448866807507573       1.0033533821478328E-8    2.8448866807507573
3.455751918948773         1.5459782233854558E-8    2.827433388230814        1.1336017224419254E-8    2.827433388230814        9.206460407234862E-9     2.827433388230814        1.2234528863119744E-8    2.827433388230814        9.090871143363685E-9     2.827433388230814        1.2216267054759524E-8    2.827433388230814        9.53297498054679E-9      2.827433388230814        1.1717156557707496E-8    2.827433388230814        9.749047968731884E-9     2.827433388230814        1.1751816101581193E-8    2.827433388230814        1.0207073111227132E-8    2.827433388230814
3.473205211468716         1.6708300831729705E-8    2.8099800957108707       1.1765172195472761E-8    2.8099800957108707       9.712644541405816E-9     2.8099800957108707       1.2848872132446843E-8    2.8099800957108707       9.799058194933377E-9     2.8099800957108707       1.2773858004661216E-8    2.8099800957108707       9.690767012476665E-9     2.8099800957108707       1.2786763776518066E-8    2.8099800957108707       1.0172749218597431E-8    2.8099800957108707       1.2297603065099415E-8    2.8099800957108707       1.0254306895182969E-8    2.8099800957108707
3.490658503988659         1.7507925735319674E-8    2.7925268031909276       1.2364004540084604E-8    2.7925268031909276       1.0294791734355145E-8    2.7925268031909276       1.3478437048501956E-8    2.7925268031909276       1.0118963402580967E-8    2.7925268031909276       1.3402103803819637E-8    2.7925268031909276       1.039343625500606E-8     2.7925268031909276       1.332153977030857E-8     2.7925268031909276       1.0357521193792473E-8    2.7925268031909276       1.3195140428489862E-8    2.7925268031909276       1.080052329861166E-8     2.7925268031909276
3.5081117965086026        1.844432102576604E-8     2.775073510670984        1.2966599196626772E-8    2.775073510670984        1.0770054655487486E-8    2.775073510670984        1.4095142280484634E-8    2.775073510670984        1.0573388343718993E-8    2.775073510670984        1.4212233208956055E-8    2.775073510670984        1.0675811408302948E-8    2.775073510670984        1.3976428658251359E-8    2.775073510670984        1.0765397371304E-8       2.775073510670984        1.4097164363085973E-8    2.775073510670984        1.086715636154221E-8     2.775073510670984
3.5255650890285457        1.9719483007548435E-8    2.757620218151041        1.3331856867410759E-8    2.757620218151041        1.1364596080184925E-8    2.757620218151041        1.4647499310118268E-8    2.757620218151041        1.1290024850490415E-8    2.757620218151041        1.4646390001228085E-8    2.757620218151041        1.1025475921480515E-8    2.757620218151041        1.486309952878104E-8     2.757620218151041        1.125763200933934E-8     2.757620218151041        1.456993359170706E-8     2.757620218151041        1.105241755270276E-8     2.757620218151041
3.543018381548489         2.045179307287189E-8     2.7401669256310974       1.3970214157498157E-8    2.7401669256310974       1.1942621481287472E-8    2.7401669256310974       1.5236671215588447E-8    2.7401669256310974       1.1592693207575383E-8    2.7401669256310974       1.5291423715685937E-8    2.7401669256310974       1.187517884075313E-8     2.7401669256310974       1.5187339057756786E-8    2.7401669256310974       1.1539214910495597E-8    2.7401669256310974       1.5362667124649563E-8    2.7401669256310974       1.1935792488237996E-8    2.7401669256310974
3.560471674068432         2.172035573048642E-8     2.7227136331111548       1.4393900324525646E-8    2.7227136331111548       1.2464763900611788E-8    2.7227136331111548       1.5751150394527262E-8    2.7227136331111548       1.2305586314478687E-8    2.7227136331111548       1.5918970361076042E-8    2.7227136331111548       1.2065502770247381E-8    2.7227136331111548       1.5901709422281945E-8    2.7227136331111548       1.2303312336407435E-8    2.7227136331111548       1.591982013943749E-8     2.7227136331111548       1.1985902040630292E-8    2.7227136331111548
3.5779249665883754        2.282098385693058E-8     2.7052603405912112       1.4790423140447795E-8    2.7052603405912112       1.3152114374321798E-8    2.7052603405912112       1.6231407851580636E-8    2.7052603405912112       1.293613359299328E-8     2.7052603405912112       1.6203207168050936E-8    2.7052603405912112       1.290382026246358E-8     2.7052603405912112       1.637931073740228E-8     2.7052603405912112       1.2869729075295872E-8    2.7052603405912112       1.6205859311606356E-8    2.7052603405912112       1.2921280660858019E-8    2.7052603405912112
3.5953782591083185        2.3748658546552516E-8    2.687807048071268        1.5356815477106783E-8    2.687807048071268        1.3698345781889849E-8    2.687807048071268        1.673346966967773E-8     2.687807048071268        1.3408255112946317E-8    2.687807048071268        1.683431331649447E-8     2.687807048071268        1.3658945477477435E-8    2.687807048071268        1.659614841233794E-8     2.687807048071268        1.3550508289853494E-8    2.687807048071268        1.672218041456754E-8     2.687807048071268        1.3936933892349631E-8    2.687807048071268
3.6128315516282616        2.5283176785722213E-8    2.670353755551325        1.5577988551257018E-8    2.670353755551325        1.4378778006645115E-8    2.670353755551325        1.7102649916733778E-8    2.670353755551325        1.4319970267975867E-8    2.670353755551325        1.7130478718146993E-8    2.670353755551325        1.4065660575161385E-8    2.670353755551325        1.7158783513199093E-8    2.670353755551325        1.4560344967780205E-8    2.670353755551325        1.6889711710448208E-8    2.670353755551325        1.4307412999854793E-8    2.670353755551325
3.6302848441482056        2.6170963622292347E-8    2.652900463031381        1.6084670167376356E-8    2.652900463031381        1.508791040160007E-8     2.652900463031381        1.7525867104972388E-8    2.652900463031381        1.4853661116029074E-8    2.652900463031381        1.7382164473432683E-8    2.652900463031381        1.5313482212177244E-8    2.652900463031381        1.7218491047866603E-8    2.652900463031381        1.5205572335915512E-8    2.652900463031381        1.6965696809428162E-8    2.652900463031381        1.5927493264247177E-8    2.652900463031381
3.6477381366681487        2.7711189521940124E-8    2.635447170511438        1.6357914302269583E-8    2.635447170511438        1.5698394363537306E-8    2.635447170511438        1.786070819797647E-8     2.635447170511438        1.5665049945286034E-8    2.635447170511438        1.7895545667901226E-8    2.635447170511438        1.5702211433002953E-8    2.635447170511438        1.7506447935689148E-8    2.635447170511438        1.6276176265640034E-8    2.635447170511438        1.7311566636595536E-8    2.635447170511438        1.6416239448475404E-8    2.635447170511438
3.6651914291880923        2.902538383503797E-8     2.6179938779914944       1.6592066043588056E-8    2.6179938779914944       1.656203475078295E-8     2.6179938779914944       1.8127980766793214E-8    2.6179938779914944       1.6511058713738357E-8    2.6179938779914944       1.785842522057539E-8     2.6179938779914944       1.67685218261197E-8      2.6179938779914944       1.777649497908048E-8     2.6179938779914944       1.705549295161855E-8     2.6179938779914944       1.7219797122862562E-8    2.6179938779914944       1.7426006164156562E-8    2.6179938779914944
3.6826447217080354        3.032172210041099E-8     2.6005405854715513       1.6984775731079696E-8    2.6005405854715513       1.7196116765120588E-8    2.6005405854715513       1.84702286718095E-8      2.6005405854715513       1.7106114716667183E-8    2.6005405854715513       1.8367405948042968E-8    2.6005405854715513       1.7559483300789616E-8    2.6005405854715513       1.782791555699713E-8     2.6005405854715513       1.782392295400525E-8     2.6005405854715513       1.759430081826974E-8     2.6005405854715513       1.8414736567279308E-8    2.6005405854715513
3.7000980142279785        3.221219511271092E-8     2.5830872929516078       1.694117153765133E-8     2.5830872929516078       1.8114155905567416E-8    2.5830872929516078       1.860769521131104E-8     2.5830872929516078       1.8120662343900027E-8    2.5830872929516078       1.8488247114568114E-8    2.5830872929516078       1.8046337794997056E-8    2.5830872929516078       1.8356476276664375E-8    2.5830872929516078       1.8566372761271862E-8    2.5830872929516078       1.8044869976157997E-8    2.5830872929516078       1.8444924618532813E-8    2.5830872929516078
3.717551306747922         3.3411935490538555E-8    2.5656340004316647       1.730406663756893E-8     2.5656340004316647       1.887230917468575E-8     2.5656340004316647       1.8901392842203302E-8    2.5656340004316647       1.8656796311412964E-8    2.5656340004316647       1.874757371168109E-8     2.5656340004316647       1.911050641404278E-8     2.5656340004316647       1.861455480649146E-8     2.5656340004316647       1.8915011198661163E-8    2.5656340004316647       1.8391641902369356E-8    2.5656340004316647       1.9371094606770906E-8    2.5656340004316647
3.735004599267865         3.5801762437848545E-8    2.548180707911721        1.710740165800138E-8     2.548180707911721        1.978896690064941E-8     2.548180707911721        1.903220128877031E-8     2.548180707911721        1.9510869754322527E-8    2.548180707911721        1.9406159884892385E-8    2.548180707911721        1.903389015963525E-8     2.548180707911721        1.9384223916276106E-8    2.548180707911721        1.9289274180424238E-8    2.548180707911721        1.9647490131557072E-8    2.548180707911721        1.8961484584125354E-8    2.548180707911721
3.752457891787808         3.726851116921108E-8     2.530727415391778        1.7246691020075547E-8    2.530727415391778        2.075066281031087E-8     2.530727415391778        1.9258234660137812E-8    2.530727415391778        2.01036069772914E-8      2.530727415391778        1.954194938979567E-8     2.530727415391778        1.987497127716644E-8     2.530727415391778        2.0257625632801256E-8    2.530727415391778        1.9193278928648672E-8    2.530727415391778        2.0231591790331186E-8    2.530727415391778        1.921028102288846E-8     2.530727415391778
3.7699111843077517        4.0092539884819175E-8    2.5132741228718345       1.6965545064994133E-8    2.5132741228718345       2.1636549753497573E-8    2.5132741228718345       1.957579945382722E-8     2.5132741228718345       2.052955559184909E-8     2.5132741228718345       2.0897262813076107E-8    2.5132741228718345       1.9349100918631347E-8    2.5132741228718345       2.1314313990263838E-8    2.5132741228718345       1.9041310471320592E-8    2.5132741228718345       2.17816435111888E-8      2.5132741228718345       1.926588250669166E-8     2.5132741228718345
3.787364476827695         4.2294299677942474E-8    2.4958208303518914       1.665892256036858E-8     2.4958208303518914       2.2885991440801744E-8    2.4958208303518914       1.9778015462317185E-8    2.4958208303518914       2.1105438309505713E-8    2.4958208303518914       2.1378726933187733E-8    2.4958208303518914       1.945966330977434E-8     2.4958208303518914       2.2968420443261836E-8    2.4958208303518914       1.8558825593018E-8       2.4958208303518914       2.2664369570468903E-8    2.4958208303518914       1.9150245583027602E-8    2.4958208303518914
3.804817769347638         4.581714357632267E-8     2.4783675378319483       1.627980684128702E-8     2.4783675378319483       2.377507308442889E-8     2.4783675378319483       2.0602472668134688E-8    2.4783675378319483       2.085029949106263E-8     2.4783675378319483       2.3537745176066932E-8    2.4783675378319483       1.8393104991930812E-8    2.4783675378319483       2.4328270931879607E-8    2.4783675378319483       1.8301548787991815E-8    2.4783675378319483       2.363969243046556E-8     2.4783675378319483       2.085451506766358E-8     2.4783675378319483
3.822271061867582         4.958402298372805E-8     2.4609142453120043       1.5216892131404514E-8    2.4609142453120043       2.5547571196332166E-8    2.4609142453120043       2.1047056917729313E-8    2.4609142453120043       2.117018751906099E-8     2.4609142453120043       2.5031600285345038E-8    2.4609142453120043       1.726123783473286E-8     2.4609142453120043       2.6726505741259386E-8    2.4609142453120043       1.7994959886051444E-8    2.4609142453120043       2.432253731930996E-8     2.4609142453120043       2.196052501576608E-8     2.4609142453120043
3.839724354387525         5.496156502861476E-8     2.4434609527920617       1.468669185934779E-8     2.4434609527920617       2.6609877142286595E-8    2.4434609527920617       2.317578363621461E-8     2.4434609527920617       1.9673184806579374E-8    2.4434609527920617       2.8451827110462877E-8    2.4434609527920617       1.541221940249709E-8     2.4434609527920617       2.8219909659933545E-8    2.4434609527920617       1.9427008073852318E-8    2.4434609527920617       2.349991196415057E-8     2.4434609527920617       2.6366436705916497E-8    2.4434609527920617
3.8571776469074686        6.428675523814181E-8     2.426007660272118        1.1565965888855624E-8    2.426007660272118        3.0565097831654644E-8    2.426007660272118        2.5030542538982533E-8    2.426007660272118        1.951244440457211E-8     2.426007660272118        3.284862787890977E-8     2.426007660272118        1.1435448560336428E-8    2.426007660272118        3.24786396228449E-8      2.426007660272118        2.1426542533004098E-8    2.426007660272118        2.3337637343181305E-8    2.426007660272118        3.1109175072017226E-8    2.426007660272118
3.8746309394274117        8.355257026362348E-8     2.408554367752175        1.9002044779794662E-8    2.408554367752175        3.276517844335144E-8     2.408554367752175        3.768543191571375E-8     2.408554367752175        1.0564570372458252E-8    2.408554367752175        4.3835709163807714E-8    2.408554367752175        1.5797847855027924E-8    2.408554367752175        3.4562082688758854E-8    2.408554367752175        3.5672202832017947E-8    2.408554367752175        1.4068806407764772E-8    2.408554367752175        4.403796478143773E-8     2.408554367752175
3.8920842319473548        8.350853726058972E-8     2.3911010752322315       3.160031418743066E-8     2.3911010752322315       2.450235807563663E-8     2.3911010752322315       4.665509407031356E-8     2.3911010752322315       5.122112549872864E-9     2.3911010752322315       4.3450545549685625E-8    2.3911010752322315       3.2111936616299E-8       2.3911010752322315       2.3734786083729152E-8    2.3911010752322315       4.713984127977513E-8     2.3911010752322315       5.96651268594785E-9      2.3911010752322315       4.311717831158172E-8     2.3911010752322315
3.9095375244672983        7.72082759272782E-8      2.3736477827122884       3.618589401798983E-8     2.3736477827122884       1.6888225076205726E-8    2.3736477827122884       4.7311076762909913E-8    2.3736477827122884       1.4847599840870865E-8    2.3736477827122884       3.7725889579228735E-8    2.3736477827122884       4.013605652819375E-8     2.3736477827122884       1.0952736578834962E-8    2.3736477827122884       4.712843631005826E-8     2.3736477827122884       2.0057687562888214E-8    2.3736477827122884       3.4075730658731634E-8    2.3736477827122884
3.9269908169872414        7.45689233338703E-8      2.3561944901923453       4.053039073753565E-8     2.3561944901923453       1.1199397474669275E-8    2.3561944901923453       4.857127919573998E-8     2.3561944901923453       2.3420993566764012E-8    2.3561944901923453       3.211227938720013E-8     2.3561944901923453       4.580232933959242E-8     2.3561944901923453       3.1620373143101664E-10   2.3561944901923453       4.615527926653173E-8     2.3561944901923453       3.2398038697197844E-8    2.3561944901923453       2.3053062271808325E-8    2.3561944901923453
3.9444441095071845        7.021596568278508E-8     2.338741197672402        4.33636458647082E-8      2.338741197672402        5.10941656237528E-9      2.338741197672402        4.7344345480283256E-8    2.338741197672402        3.038161882432482E-8     2.338741197672402        2.51226203173782E-8      2.338741197672402        4.9269071423432567E-8    2.338741197672402        1.1596417234545027E-8    2.338741197672402        4.0392483233575927E-8    2.338741197672402        4.137307729062051E-8     2.338741197672402        9.880018319751912E-9     2.338741197672402
3.9618974020271276        6.785154929673107E-8     2.321287905152459        4.586119498396454E-8     2.321287905152459        5.223250652675285E-10    2.321287905152459        4.645231656337689E-8     2.321287905152459        3.6584509839673434E-8    2.321287905152459        1.786473142600431E-8     2.321287905152459        5.036079545157957E-8     2.321287905152459        2.1286076163877616E-8    2.321287905152459        3.3781596180302306E-8    2.321287905152459        4.789666879183764E-8     2.321287905152459        3.960535638664753E-9     2.321287905152459
3.979350694547071         6.451646540708184E-8     2.3038346126325155       4.7994268168715456E-8    2.3038346126325155       5.237234627192921E-9     2.3038346126325155       4.413604268566888E-8     2.3038346126325155       4.183583788070431E-8     2.3038346126325155       1.0058918518610771E-8    2.3038346126325155       5.0231763784291956E-8    2.3038346126325155       3.1326155848512865E-8    2.3038346126325155       2.4274931839463793E-8    2.3038346126325155       5.1221381744748906E-8    2.3038346126325155       1.7815308183328688E-8    2.3038346126325155
3.9968039870670142        6.224026172995842E-8     2.2863813201125724       4.9541151237992844E-8    2.2863813201125724       9.741542274927734E-9     2.2863813201125724       4.170654781636983E-8     2.2863813201125724       4.6137648268713996E-8    2.2863813201125724       2.0142320808320074E-9    2.2863813201125724       4.7747658659539765E-8    2.2863813201125724       3.914480067367833E-8     2.2863813201125724       1.3847529961982648E-8    2.2863813201125724       5.1134616017455785E-8    2.2863813201125724       3.034880134350464E-8     2.2863813201125724
4.014257279586958         5.97161610893287E-8      2.2689280275926285       5.120473491319558E-8     2.2689280275926285       1.4587145526521705E-8    2.2689280275926285       3.866903773612216E-8     2.2689280275926285       4.986652859256433E-8     2.2689280275926285       6.162512743338214E-9     2.2689280275926285       4.418360687091644E-8     2.2689280275926285       4.5989764179642924E-8    2.2689280275926285       2.6110260267452343E-9    2.2689280275926285       4.846686399192949E-8     2.2689280275926285       4.1399184865788935E-8    2.2689280275926285
4.031710572106902         5.7374510513942996E-8    2.2514747350726845       5.2237068417444705E-8    2.2514747350726845       1.904488387531572E-8     2.2514747350726845       3.4911979889511244E-8    2.2514747350726845       5.230508075951267E-8     2.2514747350726845       1.4218988879907695E-8    2.2514747350726845       3.888893958774748E-8     2.2514747350726845       5.1130888154228686E-8    2.2514747350726845       9.737974313607977E-9     2.2514747350726845       4.179109519436207E-8     2.2514747350726845       4.900566531034201E-8     2.2514747350726845
4.049163864626845         5.54540833199603E-8      2.2340214425527414       5.338367813979753E-8     2.2340214425527414       2.3247219558342007E-8    2.2340214425527414       3.129025120523218E-8     2.2340214425527414       5.4438837599085975E-8    2.2340214425527414       2.226807477083731E-8     2.2340214425527414       3.214090425188462E-8     2.2340214425527414       5.3714760636393784E-8    2.2340214425527414       2.071559306401181E-8     2.2340214425527414       3.357222824503728E-8     2.2340214425527414       5.411043353300129E-8     2.2340214425527414
4.066617157146788         5.31570851422255E-8      2.2165681500327987       5.419643885825594E-8     2.2165681500327987       2.7673209196495017E-8    2.2165681500327987       2.656964048745991E-8     2.2165681500327987       5.511108013952556E-8     2.2165681500327987       2.9633019361934324E-8    2.2165681500327987       2.471970803675598E-8     2.2165681500327987       5.5231647292815536E-8    2.2165681500327987       3.229497687887026E-8     2.2165681500327987       2.1934731753291058E-8    2.2165681500327987       5.4568833780797095E-8    2.2165681500327987
4.084070449666731         5.143193753688462E-8     2.1991148575128556       5.478456311408882E-8     2.1991148575128556       3.1414449550419804E-8    2.1991148575128556       2.2159143807405758E-8    2.1991148575128556       5.534389699097704E-8     2.1991148575128556       3.681873831596533E-8     2.1991148575128556       1.5710163765987027E-8    2.1991148575128556       5.353625619089461E-8     2.1991148575128556       4.150276812168857E-8     2.1991148575128556       9.354337922491397E-9     2.1991148575128556       5.152522482900653E-8     2.1991148575128556
4.101523742186674         4.948927778598671E-8     2.1816615649929125       5.541143896226021E-8     2.1816615649929125       3.5418544540072463E-8    2.1816615649929125       1.7112895491974092E-8    2.1816615649929125       5.453574398668002E-8     2.1816615649929125       4.310017101506896E-8     2.1816615649929125       6.515087711116995E-9     2.1816615649929125       5.028438714944878E-8     2.1816615649929125       4.923195735732842E-8     2.1816615649929125       4.162820277773473E-9     2.1816615649929125       4.47165022985734E-8      2.1816615649929125
4.118977034706617         4.762424199295237E-8     2.164208272472969        5.566433526587954E-8     2.164208272472969        3.9112668814730486E-8    2.164208272472969        1.167129933660719E-8     2.164208272472969        5.2595299700420115E-8    2.164208272472969        4.8462097451699E-8       2.164208272472969        3.1717303118012798E-9    2.164208272472969        4.510579650868963E-8     2.164208272472969        5.529793330414406E-8     2.164208272472969        1.862514055089205E-8     2.164208272472969        3.3536310293634284E-8    2.164208272472969
4.136430327226561         4.605264996845379E-8     2.146754979953025        5.5869046640547646E-8    2.146754979953025        4.236696348312201E-8     2.146754979953025        6.57373923790594E-9      2.146754979953025        5.0343388163249746E-8    2.146754979953025        5.326776249450133E-8     2.146754979953025        1.3503372732962896E-8    2.146754979953025        3.706857732306549E-8     2.146754979953025        5.746359986041403E-8     2.146754979953025        3.105603222262295E-8     2.146754979953025        2.068966619864756E-8     2.146754979953025
4.153883619746504         4.424691679957935E-8     2.1293016874330823       5.6019847338946086E-8    2.1293016874330823       4.588092039050181E-8     2.1293016874330823       7.685569323574492E-10    2.1293016874330823       4.667559342497527E-8     2.1293016874330823       5.643970751046648E-8     2.1293016874330823       2.2911631298635877E-8    2.1293016874330823       2.8420896925630944E-8    2.1293016874330823       5.792452385217441E-8     2.1293016874330823       4.283683424961067E-8     2.1293016874330823       5.130695700650462E-9     2.1293016874330823
4.171336912266447         4.262663400608474E-8     2.111848394913139        5.5845684628151105E-8    2.111848394913139        4.884931767302366E-8     2.111848394913139        5.067705536986446E-9     2.111848394913139        4.236764901993991E-8     2.111848394913139        5.864589921192334E-8     2.111848394913139        3.2261479700068884E-8    2.111848394913139        1.7961480800761263E-8    2.111848394913139        5.522869847147685E-8     2.111848394913139        5.2323992568429415E-8    2.111848394913139        1.1546639182431074E-8    2.111848394913139
4.1887902047863905        4.113529869823263E-8     2.094395102393196        5.563736105528535E-8     2.094395102393196        5.1499780286683046E-8    2.094395102393196        1.0538647130855462E-8    2.094395102393196        3.7703257779121964E-8    2.094395102393196        5.988737974308514E-8     2.094395102393196        4.1193574161082024E-8    2.094395102393196        5.845518130253492E-9     2.094395102393196        4.8588656082403404E-8    2.094395102393196        5.7526688066845745E-8    2.094395102393196        2.653058083663279E-8     2.094395102393196
4.2062434973063345        3.948403516919538E-8     2.076941809873252        5.539149721879084E-8     2.076941809873252        5.433803429170748E-8     2.076941809873252        1.6656545840391278E-8    2.076941809873252        3.1688424883930935E-8    2.076941809873252        5.912704175301441E-8     2.076941809873252        4.818261012377163E-8     2.076941809873252        5.639632089851248E-9     2.076941809873252        4.0579077601168926E-8    2.076941809873252        6.03894344250938E-8      2.076941809873252        4.098112136213624E-8     2.076941809873252
4.223696789826278         3.7954731818268365E-8    2.059488517353309        5.4833478103955036E-8    2.059488517353309        5.659032958483162E-8     2.059488517353309        2.2399786709020476E-8    2.059488517353309        2.5307343398860122E-8    2.059488517353309        5.7309736454527717E-8    2.059488517353309        5.426985453224279E-8     2.059488517353309        1.760996471729387E-8     2.059488517353309        2.9950205629854966E-8    2.059488517353309        5.935011022722858E-8     2.059488517353309        5.2681294915064974E-8    2.059488517353309
4.241150082346221         3.652909652607957E-8     2.042035224833366        5.416698000587167E-8     2.042035224833366        5.839911326883571E-8     2.042035224833366        2.7650090450980973E-8    2.042035224833366        1.8856977454555768E-8    2.042035224833366        5.458289577776909E-8     2.042035224833366        5.933051995802334E-8     2.042035224833366        2.998230904367977E-8     2.042035224833366        1.6308579885752754E-8    2.042035224833366        5.30345202373194E-8      2.042035224833366        5.903247763886383E-8     2.042035224833366
4.258603374866164         3.5010087576852464E-8    2.024581932313423        5.354145263183545E-8     2.024581932313423        6.03804539503202E-8      2.024581932313423        3.335053110731843E-8     2.024581932313423        1.1322589252511086E-8    2.024581932313423        4.981876995432029E-8     2.024581932313423        6.169266405522924E-8     2.024581932313423        4.02399464228062E-8      2.024581932313423        2.739564943442471E-9     2.024581932313423        4.4111159931699235E-8    2.024581932313423        6.171743196775777E-8     2.024581932313423
4.276056667386107         3.350724287989144E-8     2.0071286397934798       5.267828135373133E-8     2.0071286397934798       6.195542282274589E-8     2.0071286397934798       3.8801340095944554E-8    2.0071286397934798       3.4089384522158584E-9    2.0071286397934798       4.375966257542291E-8     2.0071286397934798       6.208311148121523E-8     2.0071286397934798       4.88255781150313E-8      2.0071286397934798       1.0975775632186954E-8    2.0071286397934798       3.269721385598902E-8     2.0071286397934798       6.027432317104819E-8     2.0071286397934798
4.293509959906051         3.210012791502719E-8     1.9896753472735356       5.155040129518675E-8     1.9896753472735356       6.279972349696534E-8     1.9896753472735356       4.333158803891664E-8     1.9896753472735356       4.012025635074608E-9     1.9896753472735356       3.734513501354993E-8     1.9896753472735356       6.146222150933806E-8     1.9896753472735356       5.6786205996961325E-8    1.9896753472735356       2.580548387341414E-8     1.9896753472735356       1.7298151616455606E-8    1.9896753472735356       5.227036748025674E-8     1.9896753472735356
4.310963252425994         3.0701437147046344E-8    1.9722220547535925       5.0460556404054285E-8    1.9722220547535925       6.358261443927987E-8     1.9722220547535925       4.7775336389508694E-8    1.9722220547535925       1.1706879927076715E-8    1.9722220547535925       2.9633548916701097E-8    1.9722220547535925       5.847185409246147E-8     1.9722220547535925       6.214823470565519E-8     1.9722220547535925       3.938466613381097E-8     1.9722220547535925       2.414256456081807E-10    1.9722220547535925       3.9375194831651784E-8    1.9722220547535925
4.328416544945937         2.9276723944233736E-8    1.9547687622336494       4.9378263181321936E-8    1.9547687622336494       6.440711333834698E-8     1.9547687622336494       5.23948408152064E-8      1.9547687622336494       2.006296507592365E-8     1.9547687622336494       2.029792765814679E-8     1.9547687622336494       5.2518940213632154E-8    1.9547687622336494       6.363921097260914E-8     1.9547687622336494       4.953709535863075E-8     1.9547687622336494       1.5575264547434277E-8    1.9547687622336494       2.462884602959944E-8     1.9547687622336494
4.34586983746588          2.7865521784826278E-8    1.9373154697137063       4.8009826905902196E-8    1.9373154697137063       6.460067578255948E-8     1.9373154697137063       5.6218277506495904E-8    1.9373154697137063       2.7879278843620067E-8    1.9373154697137063       1.0702986850909238E-8    1.9373154697137063       4.516834052817685E-8     1.9373154697137063       6.278626253654831E-8     1.9373154697137063       5.737051277112122E-8     1.9373154697137063       3.062447560243805E-8     1.9373154697137063       7.561121211739808E-9     1.9373154697137063
4.363323129985823         2.6475657670386305E-8    1.9198621771937632       4.637796390224873E-8     1.9198621771937632       6.407334266623315E-8     1.9198621771937632       5.895246050439998E-8     1.9198621771937632       3.465538173665523E-8     1.9198621771937632       1.6052931558926148E-9    1.9198621771937632       3.7223272460140884E-8    1.9198621771937632       6.045151511142636E-8     1.9198621771937632       6.365174191927264E-8     1.9198621771937632       4.551573110732791E-8     1.9198621771937632       1.2318205940814418E-8    1.9198621771937632
4.380776422505767         2.5111047189058797E-8    1.9024088846738192       4.4777965579191816E-8    1.9024088846738192       6.343665835717842E-8     1.9024088846738192       6.139522883503865E-8     1.9024088846738192       4.122863911860874E-8     1.9024088846738192       8.140139692149171E-9     1.9024088846738192       2.756663135164963E-8     1.9024088846738192       5.511452565375009E-8     1.9024088846738192       6.630206973241017E-8     1.9024088846738192       5.753586080367585E-8     1.9024088846738192       3.174509285332826E-8     1.9024088846738192
4.39822971502571          2.377822257168403E-8     1.884955592153876        4.327752932087942E-8     1.884955592153876        6.29144288959523E-8      1.884955592153876        6.392032553589382E-8     1.884955592153876        4.8040672454241516E-8    1.884955592153876        1.8717633054452305E-8    1.884955592153876        1.568156067727341E-8     1.884955592153876        4.5806360177023926E-8    1.884955592153876        6.356955420973388E-8     1.884955592153876        6.392320142177632E-8     1.884955592153876        4.700948828526244E-8     1.884955592153876
4.4156830075456535        2.2441280480963643E-8    1.867502299633933        4.1623904641969664E-8    1.867502299633933        6.201608621678073E-8     1.867502299633933        6.584777655493216E-8     1.867502299633933        5.421936809443222E-8     1.867502299633933        2.907552145797104E-8     1.867502299633933        2.860040085722498E-9     1.867502299633933        3.389141200268343E-8     1.867502299633933        5.6467921334603105E-8    1.867502299633933        6.488160178185112E-8     1.867502299633933        5.719009678833044E-8     1.867502299633933
4.4331363000655974        2.105953688669056E-8     1.850049007113989        3.9629254068991064E-8    1.850049007113989        6.030824022687077E-8     1.850049007113989        6.648862002181904E-8     1.850049007113989        5.8803605688212924E-8    1.850049007113989        3.796159508952755E-8     1.850049007113989        9.212599447594289E-9     1.850049007113989        2.1494492470577345E-8    1.850049007113989        4.7234508536684616E-8    1.850049007113989        6.234949388872236E-8     1.850049007113989        6.357944881242944E-8     1.850049007113989
4.4505895925855405        1.9654271576706524E-8    1.832595714594046        3.741297110099308E-8     1.832595714594046        5.7969030237019304E-8    1.832595714594046        6.600278480742472E-8     1.832595714594046        6.186147143433297E-8     1.832595714594046        4.527465520865647E-8     1.832595714594046        2.0120314073993802E-8    1.832595714594046        9.213668247845297E-9     1.832595714594046        3.6579841293748776E-8    1.832595714594046        5.6914413998990246E-8    1.832595714594046        6.630231508026176E-8     1.832595714594046
4.468042885105484         1.8291277123408638E-8    1.8151424220741028       3.5239470862404735E-8    1.8151424220741028       5.5525786133494075E-8    1.8151424220741028       6.510960615374134E-8     1.8151424220741028       6.420868146098656E-8     1.8151424220741028       5.184846026477977E-8     1.8151424220741028       3.0745484812621615E-8    1.8151424220741028       4.074802412415828E-9     1.8151424220741028       2.3479457024117766E-8    1.8151424220741028       4.727275359988151E-8     1.8151424220741028       6.338889382432734E-8     1.8151424220741028
4.485496177625427         1.7015920249819853E-8    1.7976891295541597       3.3240736793994975E-8    1.7976891295541597       5.327281636454668E-8     1.7976891295541597       6.425408999600089E-8     1.7976891295541597       6.63877964591387E-8      1.7976891295541597       5.8253182814423433E-8    1.7976891295541597       4.169588933501085E-8     1.7976891295541597       1.8666228330668553E-8    1.7976891295541597       7.449971519696572E-9     1.7976891295541597       3.2456821162888806E-8    1.7976891295541597       5.311689083422524E-8     1.7976891295541597
4.50294947014537          1.5798557728124168E-8    1.7802358370342166       3.131004737546596E-8     1.7802358370342166       5.102707182576607E-8     1.7802358370342166       6.320200587282664E-8     1.7802358370342166       6.809523318636592E-8     1.7802358370342166       6.404386576696622E-8     1.7802358370342166       5.228920805131109E-8     1.7802358370342166       3.377075169994906E-8     1.7802358370342166       1.1268050932129235E-8    1.7802358370342166       1.3490615115989368E-8    1.7802358370342166       3.592246759863602E-8     1.7802358370342166
4.520402762665313         1.4559639273179238E-8    1.7627825445142735       2.9223290284176403E-8    1.7627825445142735       4.8364221511366936E-8    1.7627825445142735       6.135138355494824E-8     1.7627825445142735       6.853370666461853E-8     1.7627825445142735       6.815954742918966E-8     1.7627825445142735       6.107506857530789E-8     1.7627825445142735       4.74677623319028E-8      1.7627825445142735       2.9158185183418524E-8    1.7627825445142735       8.059925012967115E-9     1.7627825445142735       1.4382968684409535E-8    1.7627825445142735
4.537856055185257         1.3230828569460981E-8    1.7453292519943295       2.6820403156074288E-8    1.7453292519943295       4.498063804259132E-8     1.7453292519943295       5.824653150310393E-8     1.7453292519943295       6.706201885412852E-8     1.7453292519943295       6.971009443958644E-8     1.7453292519943295       6.679375717687634E-8     1.7453292519943295       5.801134799544553E-8     1.7453292519943295       4.454997168908081E-8     1.7453292519943295       2.734337811569995E-8     1.7453292519943295       8.131856748577892E-9     1.7453292519943295
4.5553093477052           1.179541520951033E-8     1.7278759594743864       2.4087237457830723E-8    1.7278759594743864       4.084710481371151E-8     1.7278759594743864       5.382190649468655E-8     1.7278759594743864       6.354027100772975E-8     1.7278759594743864       6.840481882624981E-8     1.7278759594743864       6.888084307195249E-8     1.7278759594743864       6.439841546858915E-8     1.7278759594743864       5.572358772191836E-8     1.7278759594743864       4.320915127747843E-8     1.7278759594743864       2.8051510646267456E-8    1.7278759594743864
4.572762640225144         1.0292827104522288E-8    1.7104226669544424       2.1135429287063716E-8    1.7104226669544424       3.616964442398052E-8     1.7104226669544424       4.8356449882635715E-8    1.7104226669544424       5.828612862793664E-8     1.7104226669544424       6.453944904988382E-8     1.7104226669544424       6.749861006358008E-8     1.7104226669544424       6.648968426271533E-8     1.7104226669544424       6.202259856659812E-8     1.7104226669544424       5.407211769369577E-8     1.7104226669544424       4.339218066967932E-8     1.7104226669544424
4.590215932745087         8.795365832227974E-9     1.6929693744344994       1.813243014172023E-8     1.6929693744344994       3.125950147964836E-8     1.6929693744344994       4.230122735814654E-8     1.6929693744344994       5.187436689042277E-8     1.6929693744344994       5.876894290769725E-8     1.6929693744344994       6.331509857158574E-8     1.6929693744344994       6.484191485008703E-8     1.6929693744344994       6.371201743005687E-8     1.6929693744344994       5.968726020404247E-8     1.6929693744344994       5.320323638846666E-8     1.6929693744344994
4.60766922526503          7.366490462411421E-9     1.6755160819145563       1.5236184111437098E-8    1.6755160819145563       2.6425508797205523E-8    1.6755160819145563       3.6123130850028036E-8    1.6755160819145563       4.493901349184978E-8     1.6755160819145563       5.187783333307662E-8     1.6755160819145563       5.723359274420999E-8     1.6755160819145563       6.039892119918254E-8     1.6755160819145563       6.165288646301043E-8     1.6755160819145563       6.066887859316883E-8     1.6755160819145563       5.7677344655595565E-8    1.6755160819145563
4.625122517784973         6.063803619647591E-9     1.6580627893946132       1.2571400981987602E-8    1.6580627893946132       2.1913029342842344E-8    1.6580627893946132       3.020897719081052E-8     1.6580627893946132       3.80349777794178E-8      1.6580627893946132       4.459742250094071E-8     1.6580627893946132       5.0160520536344214E-8    1.6580627893946132       5.4203918403089044E-8    1.6580627893946132       5.695705565712236E-8     1.6580627893946132       5.808837964161636E-8     1.6580627893946132       5.771825754566003E-8     1.6580627893946132
4.642575810304916         4.917186736280221E-9     1.64060949687467         1.0217631637837401E-8    1.64060949687467         1.788402038329898E-8     1.64060949687467         2.482702111887756E-8     1.64060949687467         3.157229815511852E-8     1.64060949687467         3.750274262045571E-8     1.64060949687467         4.285225703510615E-8     1.64060949687467         4.7191047666416843E-8    1.64060949687467         5.0721665161784846E-8    1.64060949687467         5.314878058978817E-8     1.64060949687467         5.454211367407E-8        1.64060949687467
4.6600291028248595        3.9366660294329906E-9    1.623156204354727        8.20549426280257E-9      1.623156204354727        1.4414344400249175E-8    1.623156204354727        2.0125508067151908E-8    1.623156204354727        2.5804653116400826E-8    1.623156204354727        3.098009390489546E-8     1.623156204354727        3.585607855765836E-8     1.623156204354727        4.009145223183924E-8     1.623156204354727        4.38667278689259E-8      1.623156204354727        4.694397036335184E-8     1.623156204354727        4.937241899760071E-8     1.623156204354727
4.677482395344803         3.122194355070527E-9     1.6057029118347839       6.534174516993759E-9     1.6057029118347839       1.1513233934686033E-8    1.6057029118347839       1.6146997677750258E-8    1.6057029118347839       2.0839375561310747E-8    1.6057029118347839       2.523728747016056E-8     1.6057029118347839       2.9516393821098953E-8    1.6057029118347839       3.340935097694931E-8     1.6057029118347839       3.707476167771237E-8     1.6057029118347839       4.033659316595242E-8     1.6057029118347839       4.3240535291523254E-8    1.6057029118347839
4.694935687864747         2.464478560688942E-9     1.5882496193148399       5.177462707606944E-9     1.5882496193148399       9.140681390326265E-9     1.5882496193148399       1.2862573088483891E-8    1.5882496193148399       1.66841729501746E-8      1.5882496193148399       2.0347185485466967E-8    1.5882496193148399       2.400076706277389E-8     1.5882496193148399       2.7434222135687654E-8    1.5882496193148399       3.07861606208814E-8      1.5882496193148399       3.393009555273769E-8     1.5882496193148399       3.691835040590207E-8     1.5882496193148399
4.71238898038469          1.940282054736748E-9     1.5707963267948968       4.09273612515012E-9      1.5707963267948968       7.232486639958088E-9     1.5707963267948968       1.0200327392039992E-8    1.5707963267948968       1.328402991818388E-8     1.5707963267948968       1.6292423389519698E-8    1.5707963267948968       1.9350053820573248E-8    1.5707963267948968       2.228944141312091E-8     1.5707963267948968       2.5229905066209936E-8    1.5707963267948968       2.8088096988145553E-8    1.5707963267948968       3.091997487921827E-8     1.5707963267948968
4.729842272904633         1.5215909371613715E-9    1.5533430342749537       3.2298615353641077E-9    1.5533430342749537       5.71676129079532E-9      1.5533430342749537       8.077388895723875E-9     1.5533430342749537       1.0549545266785574E-8    1.5533430342749537       1.2993147396360293E-8    1.5533430342749537       1.5516437994845456E-8    1.5533430342749537       1.7983052804301505E-8    1.5533430342749537       2.0491238428701157E-8    1.5533430342749537       2.2986593273571457E-8    1.5533430342749537       2.5528539600955197E-8    1.5533430342749537
4.747295565424577         1.190063684205232E-9     1.5358897417550097       2.5492819788328674E-9    1.5358897417550097       4.523191014157018E-9     1.5358897417550097       6.401929887589736E-9     1.5358897417550097       8.3765310088004E-9       1.5358897417550097       1.0349263848437945E-8    1.5358897417550097       1.2411145648382095E-8    1.5358897417550097       1.4451130722454395E-8    1.5358897417550097       1.655036791185493E-8     1.5358897417550097       1.8669859645682736E-8    1.5358897417550097       2.086957164161343E-8     1.5358897417550097
4.76474885794452          9.34002402456353E-10     1.5184364492350666       2.018852636263836E-9     1.5184364492350666       3.5911968866023004E-9    1.5184364492350666       5.086878983601011E-9     1.5184364492350666       6.66256851188669E-9      1.5184364492350666       8.252636077009596E-9     1.5184364492350666       9.930015628633552E-9     1.5184364492350666       1.1602898594739167E-8    1.5184364492350666       1.3332837710604415E-8    1.5184364492350666       1.50975976765705E-8      1.5184364492350666       1.6956802350251003E-8    1.5184364492350666
4.782202150464463         7.3884154333401E-10      1.5009831567151235       1.6097594820927361E-9    1.5009831567151235       2.869222003541662E-9     1.5009831567151235       4.063778971924259E-9     1.5009831567151235       5.322484142573516E-9     1.5009831567151235       6.602910303053531E-9     1.5009831567151235       7.965239884905727E-9     1.5009831567151235       9.333649982652635E-9     1.5009831567151235       1.0749728885113733E-8    1.5009831567151235       1.2199997394828264E-8    1.5009831567151235       1.374144610881486E-8     1.5009831567151235
4.799655442984406         5.885613218315343E-10    1.4835298641951804       1.295852146496017E-9     1.4835298641951804       2.313739157108336E-9     1.4835298641951804       3.2754990335829925E-9    1.4835298641951804       4.286117753004643E-9     1.4835298641951804       5.318171225402479E-9     1.4835298641951804       6.425071119069654E-9     1.4835298641951804       7.544842899811322E-9     1.4835298641951804       8.703850682157628E-9     1.4835298641951804       9.889379092715765E-9     1.4835298641951804       1.115390557469514E-8     1.4835298641951804
4.817108735504349         4.762259685277833E-10    1.4660765716752373       1.0561209061937613E-9    1.4660765716752373       1.8854416573926548E-9    1.4660765716752373       2.6689422189393113E-9    1.4660765716752373       3.4911922470417185E-9    1.4660765716752373       4.329452847361781E-9     1.4660765716752373       5.231674125810655E-9     1.4660765716752373       6.147831566501742E-9     1.4660765716752373       7.0973071045305295E-9    1.4660765716752373       8.068935571408759E-9     1.4660765716752373       9.10711120055386E-9      1.4660765716752373
4.834562028024293         3.911065083762827E-10    1.4486232791552933       8.716759975553081E-10    1.4486232791552933       1.5535730604130934E-9    1.4486232791552933       2.1987425246687685E-9    1.4486232791552933       2.875401069436334E-9     1.4486232791552933       3.5643115545048733E-9    1.4486232791552933       4.304528083041278E-9     1.4486232791552933       5.0548557717083435E-9    1.4486232791552933       5.833820662423476E-9     1.4486232791552933       6.635237834630302E-9     1.4486232791552933       7.493840040952401E-9     1.4486232791552933
4.852015320544236         3.228146856268919E-10    1.4311699866353502       7.240088767924283E-10    1.4311699866353502       1.290406790132981E-9     1.4311699866353502       1.8218348920782776E-9    1.4311699866353502       2.3781089821321914E-9    1.4311699866353502       2.947456052522161E-9     1.4311699866353502       3.5598103916998332E-9    1.4311699866353502       4.1783926445164416E-9    1.4311699866353502       4.819183988703588E-9     1.4311699866353502       5.478470646891401E-9     1.4311699866353502       6.190083577892678E-9     1.4311699866353502
4.869468613064179         2.6391509139097053E-10   1.4137166941154071       6.008217290301355E-10    1.4137166941154071       1.072591911160057E-9     1.4137166941154071       1.508678174924684E-9     1.4137166941154071       1.962248625448781E-9     1.4137166941154071       2.4315244908510777E-9    1.4137166941154071       2.9425653692404426E-9    1.4137166941154071       3.456906690800777E-9     1.4137166941154071       3.983590553551071E-9     1.4137166941154071       4.520756730189272E-9     1.4137166941154071       5.106340741578133E-9     1.4137166941154071
4.886921905584122         2.1247300447210637E-10   1.396263401595464        4.994937558858783E-10    1.396263401595464        8.958525883138424E-10    1.396263401595464        1.2610389366934682E-9    1.396263401595464        1.6359134386375748E-9    1.396263401595464        2.0238642493033847E-9    1.396263401595464        2.4521343994339827E-9    1.396263401595464        2.8847388782665716E-9    1.396263401595464        3.323582995251728E-9     1.396263401595464        3.7643997585153255E-9    1.396263401595464        4.2439351366504735E-9    1.396263401595464
4.9043751981040655        1.790637171530118E-10    1.378810109075521        4.2608731848589084E-10   1.378810109075521        7.668690084668903E-10    1.378810109075521        1.084575087227106E-9     1.378810109075521        1.4096509355454672E-9    1.378810109075521        1.741585875419124E-9     1.378810109075521        2.105358579147141E-9     1.378810109075521        2.473583522639538E-9     1.378810109075521        2.849130355098055E-9     1.378810109075521        3.2247271504459035E-9    1.378810109075521        3.6262996782881514E-9    1.378810109075521
4.921828490624009         1.5740824696203883E-10   1.3613568165555778       3.741606964315964E-10    1.3613568165555778       6.700588860899639E-10    1.3613568165555778       9.471942421797681E-10    1.3613568165555778       1.23217592231536E-9      1.3613568165555778       1.5228694086952204E-9    1.3613568165555778       1.8383937348856757E-9    1.3613568165555778       2.1543164050570817E-9    1.3613568165555778       2.473510078336713E-9     1.3613568165555778       2.79420620906621E-9      1.3613568165555778       3.1366634620940932E-9    1.3613568165555778
4.939281783143953         1.3007950345256148E-10   1.3439035240356338       3.247912501878173E-10    1.3439035240356338       5.81525909461432E-10     1.3439035240356338       8.168001292082076E-10    1.3439035240356338       1.0544823249979256E-9    1.3439035240356338       1.299842218211018E-9     1.3439035240356338       1.570278556559457E-9     1.3439035240356338       1.8401815918020682E-9    1.3439035240356338       2.1056859386443437E-9    1.3439035240356338       2.3674254391311323E-9    1.3439035240356338       2.6491046533099757E-9    1.3439035240356338
4.956735075663896         1.1107332222383641E-10   1.3264502315156907       2.829845400942755E-10    1.3264502315156907       5.116819646371319E-10    1.3264502315156907       7.184114791457877E-10    1.3264502315156907       9.217643770261357E-10    1.3264502315156907       1.1297291898359561E-9    1.3264502315156907       1.3618703822123072E-9    1.3264502315156907       1.5958827679147331E-9    1.3264502315156907       1.8258006725161924E-9    1.3264502315156907       2.0474855901148833E-9    1.3264502315156907       2.282962020502888E-9     1.3264502315156907
4.97418836818384          1.071287290179554E-10    1.3089969389957468       2.552190930160485E-10    1.3089969389957468       4.5944526238280204E-10   1.3089969389957468       6.436393297246225E-10    1.3089969389957468       8.292293563499269E-10    1.3089969389957468       1.020258676966235E-9     1.3089969389957468       1.2316570039144122E-9    1.3089969389957468       1.441450262118575E-9     1.3089969389957468       1.6475500768534867E-9    1.3089969389957468       1.8483672294780087E-9    1.3089969389957468       2.0625816576752015E-9    1.3089969389957468
4.991641660703783         8.482672194064863E-11    1.2915436464758037       2.1585686111218129E-10   1.2915436464758037       3.921500157297207E-10    1.2915436464758037       5.458513806833886E-10    1.2915436464758037       7.018942915618973E-10    1.2915436464758037       8.687905912976571E-10    1.2915436464758037       1.0599665599338874E-9    1.2915436464758037       1.2484585161788827E-9    1.2915436464758037       1.4270061194093156E-9    1.2915436464758037       1.5967624089786896E-9    1.2915436464758037       1.7791824475676765E-9    1.2915436464758037
5.009094953223726         6.986269155180333E-11    1.2740903539558606       1.8908169410485806E-10   1.2740903539558606       3.5087579418941973E-10   1.2740903539558606       4.928970089477964E-10    1.2740903539558606       6.330609519805098E-10    1.2740903539558606       7.788400402781226E-10    1.2740903539558606       9.486618767354753E-10    1.2740903539558606       1.1205671297233205E-9    1.2740903539558606       1.285798726992686E-9     1.2740903539558606       1.438792851320763E-9     1.2740903539558606       1.596510774356248E-9     1.2740903539558606
5.026548245743669         7.46209406150411E-11     1.2566370614359175       1.874551816372709E-10    1.2566370614359175       3.36729805296814E-10     1.2566370614359175       4.639776234661437E-10    1.2566370614359175       5.911306773410499E-10    1.2566370614359175       7.244187762971465E-10    1.2566370614359175       8.764997833294747E-10    1.2566370614359175       1.0259245791205023E-9    1.2566370614359175       1.1712601848419428E-9    1.2566370614359175       1.310962870008309E-9     1.2566370614359175       1.4607286299609398E-9    1.2566370614359175
5.044001538263612         6.086059718318463E-11    1.2391837689159744       1.69933365454383E-10     1.2391837689159744       3.0541520035100974E-10   1.2391837689159744       4.12990683652612E-10     1.2391837689159744       5.128314202516733E-10    1.2391837689159744       6.181676789449803E-10    1.2391837689159744       7.453256071560777E-10    1.2391837689159744       8.741242018057984E-10    1.2391837689159744       9.98093521502729E-10     1.2391837689159744       1.1149699900072183E-9    1.2391837689159744       1.2432309120349542E-9    1.2391837689159744
5.061454830783555         6.005929405983966E-11    1.2217304763960313       1.5918882489888576E-10   1.2217304763960313       2.860187208089256E-10    1.2217304763960313       3.910382682870701E-10    1.2217304763960313       4.923385234197616E-10    1.2217304763960313       5.985607238946363E-10    1.2217304763960313       7.218394795428559E-10    1.2217304763960313       8.459748154479563E-10    1.2217304763960313       9.657914557023597E-10    1.2217304763960313       1.0799411082433842E-9    1.2217304763960313       1.2027876075388507E-9    1.2217304763960313
5.078908123303498         3.892401573115874E-11    1.2042771838760882       1.2503086744421473E-10   1.2042771838760882       2.335413908442804E-10    1.2042771838760882       3.2398247699471127E-10   1.2042771838760882       4.1234367830019895E-10   1.2042771838760882       5.103667520041125E-10    1.2042771838760882       6.264298847585887E-10    1.2042771838760882       7.392844525137587E-10    1.2042771838760882       8.383373123609533E-10    1.2042771838760882       9.257169451094374E-10    1.2042771838760882       1.0206781291212744E-9    1.2042771838760882
5.096361415823442         4.228287838242823E-11    1.1868238913561442       1.2422917368765595E-10   1.1868238913561442       2.3227106196996695E-10   1.1868238913561442       3.2410660508352855E-10   1.1868238913561442       4.1312218946978436E-10   1.1868238913561442       5.080185229809938E-10    1.1868238913561442       6.178943083142457E-10    1.1868238913561442       7.251248298935442E-10    1.1868238913561442       8.216701330919733E-10    1.1868238913561442       9.084968290000898E-10    1.1868238913561442       1.0013869185845287E-9    1.1868238913561442
5.113814708343385         3.8675566817314444E-11   1.169370598836201        1.1876644190467092E-10   1.169370598836201        2.1559445172450293E-10   1.169370598836201        2.8653762991147577E-10   1.169370598836201        3.489868892588322E-10    1.169370598836201        4.2082257548756713E-10   1.169370598836201        5.137940603470021E-10    1.169370598836201        6.08312507486209E-10     1.169370598836201        6.928876915236493E-10    1.169370598836201        7.686298037905303E-10    1.169370598836201        8.535064250017608E-10    1.169370598836201
5.131268000863329         4.173162151608558E-11    1.151917306316257        1.1629866784523894E-10   1.151917306316257        2.0991440281553205E-10   1.151917306316257        2.8319502144861107E-10   1.151917306316257        3.52162750182205E-10     1.151917306316257        4.2864492192694074E-10   1.151917306316257        5.224293118369809E-10    1.151917306316257        6.175593025748892E-10    1.151917306316257        7.043518226879756E-10    1.151917306316257        7.821316248248726E-10    1.151917306316257        8.664679180046019E-10    1.151917306316257
5.1487212933832724        2.0567703548792026E-11   1.134464013796314        8.565806407765864E-11    1.134464013796314        1.6657336495283814E-10   1.134464013796314        2.324719042628867E-10    1.134464013796314        2.9536189508543123E-10   1.134464013796314        3.668362896969983E-10    1.134464013796314        4.531440782068181E-10    1.134464013796314        5.345926495185191E-10    1.134464013796314        5.993019828123207E-10    1.134464013796314        6.507693891526424E-10    1.134464013796314        7.111886493889402E-10    1.134464013796314
5.1661745859032155        3.051626067196969E-11    1.117010721276371        9.682929386652497E-11    1.117010721276371        1.792801250589812E-10    1.117010721276371        2.429189846809689E-10    1.117010721276371        3.0397757938107125E-10   1.117010721276371        3.735441158522984E-10    1.117010721276371        4.56331262201943E-10     1.117010721276371        5.364401981948163E-10    1.117010721276371        6.058953151752017E-10    1.117010721276371        6.668263465122471E-10    1.117010721276371        7.346028291506203E-10    1.117010721276371
5.183627878423159         2.856001173520855E-11    1.0995574287564278       9.291084247824572E-11    1.0995574287564278       1.6858670665638667E-10   1.0995574287564278       2.2141693649110045E-10   1.0995574287564278       2.656745103499814E-10    1.0995574287564278       3.1732568450373924E-10   1.0995574287564278       3.8914195994899765E-10   1.0995574287564278       4.688741572828061E-10    1.0995574287564278       5.424339716532793E-10    1.0995574287564278       6.034255326756195E-10    1.0995574287564278       6.618889640424677E-10    1.0995574287564278
5.201081170943102         2.5582362063274765E-11   1.0821041362364847       7.715063727563858E-11    1.0821041362364847       1.4257023307446205E-10   1.0821041362364847       1.9543152291635932E-10   1.0821041362364847       2.4766737104656835E-10   1.0821041362364847       3.0781772697154707E-10   1.0821041362364847       3.7747924777372444E-10   1.0821041362364847       4.4151740798731844E-10   1.0821041362364847       4.93848595576263E-10     1.0821041362364847       5.404336743341795E-10    1.0821041362364847       5.973755480822684E-10    1.0821041362364847
5.218534463463045         1.8915913440278145E-11   1.0646508437165416       7.671380175838192E-11    1.0646508437165416       1.4752234657468233E-10   1.0646508437165416       2.047049115415763E-10    1.0646508437165416       2.59546706408654E-10     1.0646508437165416       3.201951293745038E-10    1.0646508437165416       3.890537330375869E-10    1.0646508437165416       4.5275937169832017E-10   1.0646508437165416       5.063444500450647E-10    1.0646508437165416       5.546912790708097E-10    1.0646508437165416       6.144550547565687E-10    1.0646508437165416
5.235987755982989         2.0764797923788747E-11   1.0471975511965976       7.784579795638323E-11    1.0471975511965976       1.38465421495882E-10     1.0471975511965976       1.759436733189602E-10    1.0471975511965976       2.052223474286384E-10    1.0471975511965976       2.4663981685415015E-10   1.0471975511965976       3.113041693070587E-10    1.0471975511965976       3.820769573951672E-10    1.0471975511965976       4.401431362545139E-10    1.0471975511965976       4.796727253343414E-10    1.0471975511965976       5.168685367758725E-10    1.0471975511965976
5.253441048502932         2.2949543874361292E-11   1.0297442586766545       6.700873259519268E-11    1.0297442586766545       1.22587751604519E-10     1.0297442586766545       1.6797993990399446E-10   1.0297442586766545       2.10115157733111E-10     1.0297442586766545       2.574387198944748E-10    1.0297442586766545       3.1540034321055496E-10   1.0297442586766545       3.716574639739069E-10    1.0297442586766545       4.1849595675793905E-10   1.0297442586766545       4.580378786547228E-10    1.0297442586766545       5.03552060181872E-10     1.0297442586766545
5.270894341022875         1.6336940771795177E-11   1.0122909661567114       6.598000224928578E-11    1.0122909661567114       1.2644335015288207E-10   1.0122909661567114       1.7671478604829852E-10   1.0122909661567114       2.245368027149267E-10    1.0122909661567114       2.747908192065967E-10    1.0122909661567114       3.3037808158103443E-10   1.0122909661567114       3.831603408878662E-10    1.0122909661567114       4.3160250446227535E-10   1.0122909661567114       4.788920687104145E-10    1.0122909661567114       5.3475901651772E-10      1.0122909661567114
5.288347633542818         2.1905315589183388E-11   0.9948376736367683       7.100994239427932E-11    0.9948376736367683       1.2099799095536402E-10   0.9948376736367683       1.5104094825989142E-10   0.9948376736367683       1.7685117031948252E-10   0.9948376736367683       2.1740605852671425E-10   0.9948376736367683       2.794420076236367E-10    0.9948376736367683       3.4255652609305723E-10   0.9948376736367683       3.8911724297190294E-10   0.9948376736367683       4.1755055862613436E-10   0.9948376736367683       4.4711138839680177E-10   0.9948376736367683
5.305800926062761         1.65212850905115E-11     0.9773843811168252       4.92352853220639E-11     0.9773843811168252       9.670619507431152E-11    0.9773843811168252       1.366534884660548E-10    0.9773843811168252       1.6948044563205394E-10   0.9773843811168252       2.0402504211385248E-10   0.9773843811168252       2.4879654215634095E-10   0.9773843811168252       2.930752418168547E-10    0.9773843811168252       3.299345800593015E-10    0.9773843811168252       3.6144644956334545E-10   0.9773843811168252       3.9907183028094567E-10   0.9773843811168252
5.323254218582705         1.3943566165500443E-11   0.9599310885968814       5.7816318194145456E-11   0.9599310885968814       1.0707462465380416E-10   0.9599310885968814       1.445725269537082E-10    0.9599310885968814       1.804667705076141E-10    0.9599310885968814       2.216775201243927E-10    0.9599310885968814       2.7068810542376164E-10   0.9599310885968814       3.1843425828167906E-10   0.9599310885968814       3.603899988961556E-10    0.9599310885968814       3.9793619417146775E-10   0.9599310885968814       4.404855620795143E-10    0.9599310885968814
5.340707511102648         2.764667336369468E-11    0.9424777960769383       6.805491253626525E-11    0.9424777960769383       1.1291628471786059E-10   0.9424777960769383       1.441174174756942E-10    0.9424777960769383       1.7589309245347946E-10   0.9424777960769383       2.2152258803772215E-10   0.9424777960769383       2.8198031605765914E-10   0.9424777960769383       3.363329139650269E-10    0.9424777960769383       3.73691576060088E-10     0.9424777960769383       4.0011383934036164E-10   0.9424777960769383       4.3573772805842177E-10   0.9424777960769383
5.358160803622591         6.5489631520856E-12      0.9250245035569951       4.1222927518881174E-11   0.9250245035569951       9.412942631445296E-11    0.9250245035569951       1.385995584082455E-10    0.9250245035569951       1.7047469007549017E-10   0.9250245035569951       1.9783331650051534E-10   0.9250245035569951       2.3513907722388825E-10   0.9250245035569951       2.799204473036474E-10    0.9250245035569951       3.2467086414489046E-10   0.9250245035569951       3.622390377095449E-10    0.9250245035569951       3.9693407844160307E-10   0.9250245035569951
5.375614096142535         1.6646659777425342E-11   0.9075712110370511       5.223648656630693E-11    0.9075712110370511       8.589497943747858E-11    0.9075712110370511       1.0504764308881262E-10   0.9075712110370511       1.2571129647598185E-10   0.9075712110370511       1.6030804374528704E-10   0.9075712110370511       2.080412510428655E-10    0.9075712110370511       2.507128514425985E-10    0.9075712110370511       2.776500137740819E-10    0.9075712110370511       2.941654468255491E-10    0.9075712110370511       3.1870671420653075E-10   0.9075712110370511
5.3930673886624785        2.512190510369813E-11    0.890117918517108        4.648707694271007E-11    0.890117918517108        8.108672003923922E-11    0.890117918517108        1.076285489536993E-10    0.890117918517108        1.2916356556545628E-10   0.890117918517108        1.580921980816754E-10    0.890117918517108        1.9808092986025384E-10   0.890117918517108        2.3414931362338443E-10   0.890117918517108        2.613950038580579E-10    0.890117918517108        2.84208299219472E-10     0.890117918517108        3.140530399225521E-10    0.890117918517108
5.410520681182422         5.551321739546191E-12    0.8726646259971649       4.7127930324307226E-11   0.8726646259971649       8.966015599086286E-11    0.8726646259971649       1.1713313285689957E-10   0.8726646259971649       1.390192882873575E-10    0.8726646259971649       1.6801167144832668E-10   0.8726646259971649       2.105637661067281E-10    0.8726646259971649       2.547352362701298E-10    0.8726646259971649       2.888180611662455E-10    0.8726646259971649       3.118418161024611E-10    0.8726646259971649       3.373589218037715E-10    0.8726646259971649
5.427973973702365         2.8203535182137812E-11   0.8552113334772218       5.777209470841116E-11    0.8552113334772218       9.174505055835947E-11    0.8552113334772218       1.1682122222619625E-10   0.8552113334772218       1.45667273427508E-10     0.8552113334772218       1.8625852427275558E-10   0.8552113334772218       2.3362267119378346E-10   0.8552113334772218       2.7106237123794713E-10   0.8552113334772218       2.977314847551288E-10    0.8552113334772218       3.235440454969624E-10    0.8552113334772218       3.6108586178155193E-10   0.8552113334772218
5.445427266222308         4.804301899401304E-12    0.8377580409572788       4.525863844074406E-11    0.8377580409572788       9.531863330354267E-11    0.8377580409572788       1.2982717429183673E-10   0.8377580409572788       1.5267872246689127E-10   0.8377580409572788       1.7882813527872151E-10   0.8377580409572788       2.2088078606576114E-10   0.8377580409572788       2.692957181599066E-10    0.8377580409572788       3.093725324112808E-10    0.8377580409572788       3.3516149991775873E-10   0.8377580409572788       3.597677559057391E-10    0.8377580409572788
5.462880558742251         2.1518323219285382E-11   0.8203047484373357       5.329615101684048E-11    0.8203047484373357       8.653348601980287E-11    0.8203047484373357       1.1155439405012949E-10   0.8203047484373357       1.4041669284204608E-10   0.8203047484373357       1.7846003396260482E-10   0.8203047484373357       2.2204809863869226E-10   0.8203047484373357       2.572804120322984E-10    0.8203047484373357       2.836416671270578E-10    0.8203047484373357       3.0949034280930786E-10   0.8203047484373357       3.4490337899977153E-10   0.8203047484373357
5.480333851262194         1.0862161979171811E-11   0.8028514559173925       3.8012205898236836E-11   0.8028514559173925       8.420235054312002E-11    0.8028514559173925       1.1644451996329604E-10   0.8028514559173925       1.351542348489497E-10    0.8028514559173925       1.5596185286885082E-10   0.8028514559173925       1.928145330809205E-10    0.8028514559173925       2.370846654170951E-10    0.8028514559173925       2.7332748411933026E-10   0.8028514559173925       2.9439577512509663E-10   0.8028514559173925       3.1360179441201465E-10   0.8028514559173925
5.497787143782138         1.351842502602879E-11    0.7853981633974485       4.407312699162781E-11    0.7853981633974485       7.352952518338087E-11    0.7853981633974485       9.464069803282025E-11    0.7853981633974485       1.185006168687834E-10    0.7853981633974485       1.5005436639872384E-10   0.7853981633974485       1.8701104126047877E-10   0.7853981633974485       2.168629370349783E-10    0.7853981633974485       2.3878688335537003E-10   0.7853981633974485       2.6045276647880163E-10   0.7853981633974485       2.9011636247324195E-10   0.7853981633974485
5.515240436302081         1.4283601020228032E-11   0.7679448708775054       3.172970979636823E-11    0.7679448708775054       7.077774381750496E-11    0.7679448708775054       9.833279608305484E-11    0.7679448708775054       1.1299855658371677E-10   0.7679448708775054       1.2980538237944835E-10   0.7679448708775054       1.614795695847417E-10    0.7679448708775054       1.9975542108172126E-10   0.7679448708775054       2.297658914544296E-10    0.7679448708775054       2.451575848551149E-10    0.7679448708775054       2.5970520813583097E-10   0.7679448708775054
5.532693728822025         8.038553298408823E-12    0.7504915783575614       3.777062196503473E-11    0.7504915783575614       6.40208098030981E-11     0.7504915783575614       8.108206164644752E-11    0.7504915783575614       1.0043343661173583E-10   0.7504915783575614       1.2747089943804935E-10   0.7504915783575614       1.600722588134406E-10    0.7504915783575614       1.8570574165376635E-10   0.7504915783575614       2.035948054367334E-10    0.7504915783575614       2.2172411284922098E-10   0.7504915783575614       2.471301893415898E-10    0.7504915783575614
5.550147021341968         1.510668061689703E-11    0.7330382858376183       2.843877497147578E-11    0.7330382858376183       6.266049141405225E-11    0.7330382858376183       8.679717726822677E-11    0.7330382858376183       9.893109178854965E-11    0.7330382858376183       1.1366850393199819E-10   0.7330382858376183       1.427813117227232E-10    0.7330382858376183       1.7773474333516637E-10   0.7330382858376183       2.0334028751193152E-10   0.7330382858376183       2.145142302420418E-10    0.7330382858376183       2.26497989170528E-10     0.7330382858376183
5.567600313861911         5.742842354154699E-12    0.7155849933176752       3.504160901905774E-11    0.7155849933176752       5.935093886164141E-11    0.7155849933176752       7.44411385593157E-11     0.7155849933176752       9.192281238901584E-11    0.7155849933176752       1.1677737152364932E-10   0.7155849933176752       1.4672764663973688E-10   0.7155849933176752       1.699590868665548E-10    0.7155849933176752       1.868075974758547E-10    0.7155849933176752       2.043244475653707E-10    0.7155849933176752       2.2721565211996007E-10   0.7155849933176752
5.585053606381854         1.4254009548740358E-11   0.6981317007977322       2.7432590854125386E-11   0.6981317007977322       6.058936750706164E-11    0.6981317007977322       8.309801984989949E-11    0.6981317007977322       9.377438934219712E-11    0.6981317007977322       1.0795256336668171E-10   0.6981317007977322       1.3745141888577535E-10   0.6981317007977322       1.720315513634151E-10    0.6981317007977322       1.950490186763424E-10    0.6981317007977322       2.0362654472734655E-10   0.6981317007977322       2.1566395022812005E-10   0.6981317007977322
5.602506898901797         6.344129865419552E-12    0.680678408277789        3.524220363487609E-11    0.680678408277789        5.91307491279461E-11     0.680678408277789        7.526631246798735E-11    0.680678408277789        9.382735273176247E-11    0.680678408277789        1.1814122342475084E-10   0.680678408277789        1.4648045672849515E-10   0.680678408277789        1.6960282490217897E-10   0.680678408277789        1.8927756653900554E-10   0.680678408277789        2.087147145660958E-10    0.680678408277789        2.2971594147905083E-10   0.680678408277789
5.6199601914217405        1.274785643720404E-11    0.6632251157578459       2.971591884557549E-11    0.6632251157578459       6.501679982489958E-11    0.6632251157578459       8.733468749736956E-11    0.6632251157578459       9.821111019817645E-11    0.6632251157578459       1.1479390931751801E-10   0.6632251157578459       1.4806775715698262E-10   0.6632251157578459       1.8402478132023162E-10   0.6632251157578459       2.0557685074984404E-10   0.6632251157578459       2.1433787523956273E-10   0.6632251157578459       2.306619138452138E-10    0.6632251157578459
5.6374134839416845        9.340118942635239E-12    0.6457718232379019       3.85703120306365E-11     0.6457718232379019       6.447562027311237E-11    0.6457718232379019       8.450250625460863E-11    0.6457718232379019       1.0612988890405499E-10   0.6457718232379019       1.3163232867529003E-10   0.6457718232379019       1.6082464894403545E-10   0.6457718232379019       1.8753993968043407E-10   0.6457718232379019       2.128963457514278E-10    0.6457718232379019       2.34646586051656E-10     0.6457718232379019       2.546180111268153E-10    0.6457718232379019
5.654866776461628         1.1923588557412569E-11   0.6283185307179588       3.5548773514128105E-11   0.6283185307179588       7.406432519731522E-11    0.6283185307179588       9.663015466789898E-11    0.6283185307179588       1.0966278098978422E-10   0.6283185307179588       1.3204177562471646E-10   0.6283185307179588       1.7121943025778967E-10   0.6283185307179588       2.0860362139780281E-10   0.6283185307179588       2.296159015205705E-10    0.6283185307179588       2.4195991098806137E-10   0.6283185307179588       2.65727785046759E-10     0.6283185307179588
5.672320068981571         1.3511969134594822E-11   0.6108652381980157       4.246924374413147E-11    0.6108652381980157       7.096225427672389E-11    0.6108652381980157       9.46206282788238E-11     0.6108652381980157       1.1846538686764095E-10   0.6108652381980157       1.4553746435388354E-10   0.6108652381980157       1.7730764800732005E-10   0.6108652381980157       2.0909513909394717E-10   0.6108652381980157       2.3862976830767717E-10   0.6108652381980157       2.60276444811821E-10     0.6108652381980157       2.8013215603517655E-10   0.6108652381980157
5.689773361501514         1.2015930434827479E-11   0.5934119456780726       3.91799370861925E-11     0.5934119456780726       7.702627821652042E-11    0.5934119456780726       9.706750498183248E-11    0.5934119456780726       1.1123276339245986E-10   0.5934119456780726       1.3835401984911586E-10   0.5934119456780726       1.8002974985059272E-10   0.5934119456780726       2.148209918640663E-10    0.5934119456780726       2.337056849364806E-10    0.5934119456780726       2.494643157286008E-10    0.5934119456780726       2.7796319305611073E-10   0.5934119456780726
5.707226654021458         1.607776464533059E-11    0.5759586531581287       3.879350615507552E-11    0.5759586531581287       6.429707355266359E-11    0.5759586531581287       8.640282305662629E-11    0.5759586531581287       1.069810132861663E-10    0.5759586531581287       1.305940317016399E-10    0.5759586531581287       1.6012868140790734E-10   0.5759586531581287       1.9153825733804391E-10   0.5759586531581287       2.1789641466656843E-10   0.5759586531581287       2.3352298025046535E-10   0.5759586531581287       2.504618777854357E-10    0.5759586531581287
5.7246799465414           9.562968935593756E-12    0.5585053606381865       3.187458382673183E-11    0.5585053606381865       5.885274559026326E-11    0.5585053606381865       6.957020616800514E-11    0.5585053606381865       7.978820841366594E-11    0.5585053606381865       1.0399078779010426E-10   0.5585053606381865       1.3665912280481217E-10   0.5585053606381865       1.590201842528502E-10    0.5585053606381865       1.708189193611051E-10    0.5585053606381865       1.8522725637825975E-10   0.5585053606381865       2.084061511876892E-10    0.5585053606381865
5.742133239061344         1.395871302090544E-11    0.5410520681182425       2.197183753179808E-11    0.5410520681182425       3.9519622536039085E-11   0.5410520681182425       5.4551294371519634E-11   0.5410520681182425       6.260579863840008E-11    0.5410520681182425       7.317839138791875E-11    0.5410520681182425       9.384383025929336E-11    0.5410520681182425       1.1822497516404663E-10   0.5410520681182425       1.318150391327513E-10    0.5410520681182425       1.341515462027886E-10    0.5410520681182425       1.440551562294728E-10    0.5410520681182425
5.759586531581287         1.6076573861897606E-12   0.5235987755982994       2.4197442636915434E-11   0.5235987755982994       3.9552731277539557E-11   0.5235987755982994       4.729327296951556E-11    0.5235987755982994       5.830100600516486E-11    0.5235987755982994       7.42961145354795E-11     0.5235987755982994       9.203286248920886E-11    0.5235987755982994       1.0692941520924105E-10   0.5235987755982994       1.2252459850977966E-10   0.5235987755982994       1.3440296539397415E-10   0.5235987755982994       1.4235524341064874E-10   0.5235987755982994
5.777039824101231         1.1106194417225786E-11   0.5061454830783554       2.6699010151890703E-11   0.5061454830783554       5.735557263679452E-11    0.5061454830783554       7.437463500336725E-11    0.5061454830783554       8.232293748886915E-11    0.5061454830783554       9.945114764904993E-11    0.5061454830783554       1.3146400207282364E-10   0.5061454830783554       1.596825016918725E-10    0.5061454830783554       1.7357274768774398E-10   0.5061454830783554       1.8417247463088922E-10   0.5061454830783554       2.0451155550369082E-10   0.5061454830783554
5.794493116621174         1.1033894518913337E-11   0.4886921905584123       3.9954326301881915E-11   0.4886921905584123       6.773765741599592E-11    0.4886921905584123       9.011330862358132E-11    0.4886921905584123       1.1070144367311996E-10   0.4886921905584123       1.34273025610773E-10     0.4886921905584123       1.6515857337254302E-10   0.4886921905584123       1.9895998498440422E-10   0.4886921905584123       2.2666687178544652E-10   0.4886921905584123       2.415330515841782E-10    0.4886921905584123       2.5829056456723635E-10   0.4886921905584123
5.811946409141117         1.2983048423340388E-11   0.4712388980384692       3.87953703859614E-11     0.4712388980384692       7.409422887833232E-11    0.4712388980384692       9.173397536374386E-11    0.4712388980384692       1.0591008219249018E-10   0.4712388980384692       1.3423664050156452E-10   0.4712388980384692       1.7398762919787988E-10   0.4712388980384692       2.042881466500169E-10    0.4712388980384692       2.2291308297503692E-10   0.4712388980384692       2.4188516906958024E-10   0.4712388980384692       2.682326432531815E-10    0.4712388980384692
5.829399701661061         1.3987055702546007E-11   0.45378560551852526      3.080097963911951E-11    0.45378560551852526      5.1592715164500565E-11   0.45378560551852526      6.916399069878853E-11    0.45378560551852526      8.287486418587503E-11    0.45378560551852526      1.0011624162759515E-10   0.45378560551852526      1.2618557507206203E-10   0.45378560551852526      1.5444630496397833E-10   0.45378560551852526      1.718249276958787E-10    0.45378560551852526      1.786581161451388E-10    0.45378560551852526      1.9457441540586268E-10   0.45378560551852526
5.8468529941810035        4.7074409901622426E-12   0.436332312998583        2.023782914736986E-11    0.436332312998583        3.325425711410049E-11    0.436332312998583        3.69939476117343E-11     0.436332312998583        4.481009008253787E-11    0.436332312998583        5.964351628762123E-11    0.436332312998583        7.513364133770845E-11    0.436332312998583        8.614334991159025E-11    0.436332312998583        9.788808310448446E-11    0.436332312998583        1.0692251255373053E-10   0.436332312998583        1.1287403991094794E-10   0.436332312998583
5.8643062867009474        1.018723534573708E-11    0.418879020478639        2.3758812807598097E-11   0.418879020478639        5.089097178589155E-11    0.418879020478639        6.522466386230434E-11    0.418879020478639        7.175767841208681E-11    0.418879020478639        8.775651280359049E-11    0.418879020478639        1.165075763498351E-10    0.418879020478639        1.3995605544613824E-10   0.418879020478639        1.5191147887875264E-10   0.418879020478639        1.632733832973264E-10    0.418879020478639        1.8077162646429943E-10   0.418879020478639
5.88175957922089          1.1719718183843229E-11   0.40142572795869685      4.0975271759545144E-11   0.40142572795869685      7.034154692806536E-11    0.40142572795869685      9.31154894813436E-11     0.40142572795869685      1.1271729374507377E-10   0.40142572795869685      1.3638305360733097E-10   0.40142572795869685      1.6994558265540882E-10   0.40142572795869685      2.0629548172334595E-10   0.40142572795869685      2.3231597029767546E-10   0.40142572795869685      2.4500933442192514E-10   0.40142572795869685      2.647172445728219E-10    0.40142572795869685
5.899212871740834         1.3476601257652864E-11   0.3839724354387528       3.8315493001464846E-11   0.3839724354387528       7.148367756204302E-11    0.3839724354387528       8.76743118692216E-11     0.3839724354387528       1.0199372151709132E-10   0.3839724354387528       1.3027380822648875E-10   0.3839724354387528       1.6784083021049427E-10   0.3839724354387528       1.9609933644393776E-10   0.3839724354387528       2.1565657136720173E-10   0.3839724354387528       2.344121330422112E-10    0.3839724354387528       2.57081215241029E-10     0.3839724354387528
5.916666164260777         1.1367419528609854E-11   0.36651914291880977      2.124715257567997E-11    0.36651914291880977      3.648518989816687E-11    0.36651914291880977      4.883178879860855E-11    0.36651914291880977      5.599103390376114E-11    0.36651914291880977      6.716413584449944E-11    0.36651914291880977      8.800335009904754E-11    0.36651914291880977      1.0896123363520117E-10   0.36651914291880977      1.1754508975054732E-10   0.36651914291880977      1.2055143882060848E-10   0.36651914291880977      1.349896249484431E-10    0.36651914291880977
5.934119456780721         3.473375408436815E-12    0.3490658503988658       2.31078381587245E-11     0.3490658503988658       3.836062416189333E-11    0.3490658503988658       4.992113715522642E-11    0.3490658503988658       6.104060292832069E-11    0.3490658503988658       7.321267950936338E-11    0.3490658503988658       8.993497964395868E-11    0.3490658503988658       1.1058780545967083E-10   0.3490658503988658       1.270423883911283E-10    0.3490658503988658       1.324931051197857E-10    0.3490658503988658       1.4004167395914926E-10   0.3490658503988658
5.951572749300663         1.3539274926603606E-11   0.3316125578789235       3.962898595108115E-11    0.3316125578789235       7.627359441539307E-11    0.3316125578789235       9.569813909248487E-11    0.3316125578789235       1.1040908466947497E-10   0.3316125578789235       1.3841598769072741E-10   0.3316125578789235       1.7836996019552446E-10   0.3316125578789235       2.1050289167300187E-10   0.3316125578789235       2.3255750008638157E-10   0.3316125578789235       2.517559475383683E-10    0.3316125578789235       2.7462733182955845E-10   0.3316125578789235
5.969026041820607         1.4679580583186027E-11   0.3141592653589796       4.093453365638746E-11    0.3141592653589796       7.03561002070049E-11     0.3141592653589796       9.199561393937886E-11    0.3141592653589796       1.0958546253792077E-10   0.3141592653589796       1.337821057356118E-10    0.3141592653589796       1.6989637974664314E-10   0.3141592653589796       2.0583331596526821E-10   0.3141592653589796       2.273787640541959E-10    0.3141592653589796       2.3911349882007994E-10   0.3141592653589796       2.629321277201981E-10    0.3141592653589796
5.986479334340551         6.826266541560234E-12    0.29670597283903555      1.8705841952406092E-11   0.29670597283903555      3.189998090549272E-11    0.29670597283903555      3.592997454907946E-11    0.29670597283903555      4.285065784536631E-11    0.29670597283903555      5.714134149680753E-11    0.29670597283903555      7.252692026330232E-11    0.29670597283903555      8.365738405402014E-11    0.29670597283903555      9.41689004550283E-11     0.29670597283903555      1.0131771394352049E-10   0.29670597283903555      1.0766195787490453E-10   0.29670597283903555
6.003932626860493         9.891048897508096E-12    0.27925268031909334      2.6960159804040058E-11   0.27925268031909334      5.411749918139623E-11    0.27925268031909334      6.821225873750649E-11    0.27925268031909334      7.713757653924655E-11    0.27925268031909334      9.602682537257627E-11    0.27925268031909334      1.248991314516805E-10    0.27925268031909334      1.4796623898246621E-10   0.27925268031909334      1.634493426912504E-10    0.27925268031909334      1.7695768613074145E-10   0.27925268031909334      1.9214731736571208E-10   0.27925268031909334
6.021385919380437         1.535266870226005E-11    0.26179938779914935      4.783577914657272E-11    0.26179938779914935      8.377642432352369E-11    0.26179938779914935      1.0898768095883005E-10   0.26179938779914935      1.2939743562156888E-10   0.26179938779914935      1.57964527941148E-10     0.26179938779914935      2.006031569584631E-10    0.26179938779914935      2.4262476733625575E-10   0.26179938779914935      2.687766691954262E-10    0.26179938779914935      2.837854465999733E-10    0.26179938779914935      3.1100234808553905E-10   0.26179938779914935
6.03883921190038          1.2655476087092788E-11   0.24434609527920628      3.353524289357661E-11    0.24434609527920628      6.069015040590734E-11    0.24434609527920628      7.385183023712071E-11    0.24434609527920628      8.659978979626306E-11    0.24434609527920628      1.110166188645892E-10    0.24434609527920628      1.4217679167270503E-10   0.24434609527920628      1.664683769323663E-10    0.24434609527920628      1.8446580632615887E-10   0.24434609527920628      1.9866643623687951E-10   0.24434609527920628      2.157017021672933E-10    0.24434609527920628
6.056292504420323         6.803183759436739E-12    0.22689280275926318      1.358404292504403E-11    0.22689280275926318      2.9404068086363096E-11   0.22689280275926318      3.7179499746040724E-11   0.22689280275926318      3.985844507914806E-11    0.22689280275926318      4.924581447921213E-11    0.22689280275926318      6.63024594367538E-11     0.22689280275926318      7.900684818494303E-11    0.22689280275926318      8.60556696902848E-11     0.22689280275926318      9.31679488451634E-11     0.22689280275926318      1.0128034277506908E-10   0.22689280275926318
6.073745796940266         1.489508558997061E-11    0.2094395102393201       4.80255761262446E-11     0.2094395102393201       8.500166604682319E-11    0.2094395102393201       1.1020944625564491E-10   0.2094395102393201       1.3029535032063081E-10   0.2094395102393201       1.590699359681177E-10    0.2094395102393201       2.024055718306588E-10    0.2094395102393201       2.447123374181415E-10    0.2094395102393201       2.711512398571312E-10    0.2094395102393201       2.866961311668263E-10    0.2094395102393201       3.1379807605834606E-10   0.2094395102393201
6.09119908946021          1.6753643302843456E-11   0.1919862177193761       4.617108152402832E-11    0.1919862177193761       8.401361562420254E-11    0.1919862177193761       1.0445183775181569E-10   0.1919862177193761       1.2235549085120837E-10   0.1919862177193761       1.5442225553249014E-10   0.1919862177193761       1.976546055816378E-10    0.1919862177193761       2.3354465213487756E-10   0.1919862177193761       2.5875150194837707E-10   0.1919862177193761       2.774027213145076E-10    0.1919862177193761       3.0177566939039266E-10   0.1919862177193761
6.108652381980153         6.088354732486609E-12    0.1745329251994339       9.573447160375108E-12    0.1745329251994339       1.84631488753668E-11     0.1745329251994339       2.374401618295246E-11    0.1745329251994339       2.478475025136275E-11    0.1745329251994339       3.03275568541029E-11     0.1745329251994339       4.254416747590063E-11    0.1745329251994339       5.1672615093892035E-11   0.1745329251994339       5.397071377347861E-11    0.1745329251994339       5.697080092811449E-11    0.1745329251994339       6.427878612154351E-11    0.1745329251994339
6.126105674500097         1.4984537278582308E-11   0.15707963267948988      4.804916093228379E-11    0.15707963267948988      8.571489133065092E-11    0.15707963267948988      1.106526415800559E-10    0.15707963267948988      1.3032437856775643E-10   0.15707963267948988      1.594411390143045E-10    0.15707963267948988      2.0333497405656687E-10   0.15707963267948988      2.4544334441771225E-10   0.15707963267948988      2.7182713198664223E-10   0.15707963267948988      2.878652441624428E-10    0.15707963267948988      3.148399279595734E-10    0.15707963267948988
6.14355896702004          2.0558806484493127E-11   0.1396263401595468       5.7939504722768486E-11   0.1396263401595468       1.0519585059577188E-10   0.1396263401595468       1.3197815546514865E-10   0.1396263401595468       1.5459447718052097E-10   0.1396263401595468       1.9366952418357872E-10   0.1396263401595468       2.4784606812692425E-10   0.1396263401595468       2.943401623588317E-10    0.1396263401595468       3.260206390482226E-10    0.1396263401595468       3.484213972296233E-10    0.1396263401595468       3.7944765060283883E-10   0.1396263401595468
6.161012259539983         7.115855871930226E-12    0.12217304763960371      1.5349624804168755E-11   0.12217304763960371      2.6295598621996472E-11   0.12217304763960371      3.3618567076873884E-11   0.12217304763960371      3.868571574953218E-11    0.12217304763960371      4.794358558532401E-11    0.12217304763960371      6.29670893077332E-11     0.12217304763960371      7.59086934533741E-11     0.12217304763960371      8.163093796314708E-11    0.12217304763960371      8.594080010375825E-11    0.12217304763960371      9.615740185893181E-11    0.12217304763960371
6.178465552059927         1.687924255309113E-11    0.10471975511965972      5.25499831347536E-11     0.10471975511965972      9.434448591385143E-11    0.10471975511965972      1.210783834765393E-10    0.10471975511965972      1.4218385663511488E-10   0.10471975511965972      1.7471870742421565E-10   0.10471975511965972      2.2324902249469893E-10   0.10471975511965972      2.686339710666674E-10    0.10471975511965972      2.9734953265374465E-10   0.10471975511965972      3.1554936480804527E-10   0.10471975511965972      3.44852744243764E-10     0.10471975511965972
6.19591884457987          2.6199829758859945E-11   0.08726646259971663      7.483483310689146E-11    0.08726646259971663      1.353333402969533E-10    0.08726646259971663      1.7071819328278973E-10   0.08726646259971663      2.000261874009132E-10    0.08726646259971663      2.494315411540095E-10    0.08726646259971663      3.1924086385770023E-10   0.08726646259971663      3.8042059191041427E-10   0.08726646259971663      4.210790394008413E-10    0.08726646259971663      4.490259425020708E-10    0.08726646259971663      4.896143490164515E-10    0.08726646259971663
6.213372137099814         9.310346137597111E-12    0.06981317007977264      2.3982651391323996E-11   0.06981317007977264      4.178446222408541E-11    0.06981317007977264      5.300839770819827E-11    0.06981317007977264      6.218701578628352E-11    0.06981317007977264      7.738970674407956E-11    0.06981317007977264      9.964759857896086E-11    0.06981317007977264      1.193248058048689E-10    0.06981317007977264      1.3065281160848756E-10   0.06981317007977264      1.3847174231975375E-10   0.06981317007977264      1.5272240723966735E-10   0.06981317007977264
6.230825429619756         2.314658069685075E-11    0.052359877559830424     6.940907944648702E-11    0.052359877559830424     1.2507773463780257E-10   0.052359877559830424     1.5946092741817548E-10   0.052359877559830424     1.8694828817471148E-10   0.052359877559830424     2.3100671261511149E-10   0.052359877559830424     2.9552925019250595E-10   0.052359877559830424     3.542849416489538E-10    0.052359877559830424     3.9202487656921075E-10   0.052359877559830424     4.1682942674133986E-10   0.052359877559830424     4.551921478973763E-10    0.052359877559830424
6.2482787221397           4.1483757250152664E-11   0.034906585039886445     1.1971034512361057E-10   0.034906585039886445     2.1576174236047474E-10   0.034906585039886445     2.7321011755577884E-10   0.034906585039886445     3.202150426476183E-10    0.034906585039886445     3.980416539180494E-10    0.034906585039886445     5.095091597655225E-10    0.034906585039886445     6.085623645694461E-10    0.034906585039886445     6.731612706194893E-10    0.034906585039886445     7.168354001238156E-10    0.034906585039886445     7.824728743614536E-10    0.034906585039886445
6.265732014659642         2.1052907399961177E-11   0.017453292519944232     5.985056014422145E-11    0.017453292519944232     1.0713583134851564E-10   0.017453292519944232     1.3572946661471614E-10   0.017453292519944232     1.5924629172669867E-10   0.017453292519944232     1.9796835692805027E-10   0.017453292519944232     2.53519636177888E-10     0.017453292519944232     3.029496456862595E-10    0.017453292519944232     3.346089743347693E-10    0.017453292519944232     3.5601420528435053E-10   0.017453292519944232     3.8928863919235625E-10   0.017453292519944232
6.283185307179586         4.50839215201445E-24     2.4492935982947064E-16   1.3037010823989163E-23   2.4492935982947064E-16   2.3464321635405396E-23   2.4492935982947064E-16   2.9743929270857167E-23   2.4492935982947064E-16   3.486817792419623E-23    2.4492935982947064E-16   4.330582604674919E-23    2.4492935982947064E-16   5.54357636613705E-23     2.4492935982947064E-16   6.62554669213067E-23     2.4492935982947064E-16   7.326816800045021E-23    2.4492935982947064E-16   7.799008205106724E-23    2.4492935982947064E-16   8.516717288088529E-23    2.4492935982947064E-16
