% Model:              Numerators_sphereDipole.mph
% Version:            COMSOL 6.2.0.290
% Date:               Jun 17 2025, 22:40
% Dimension:          1
% Nodes:              1001
% Expressions:        38
% Description:        Radiation pattern
% theta                   (emw.normEfar^2)         Elevation angle          (emw.normEfar^2)         Elevation angle          (emw.normEfar^2)         Elevation angle          (emw.normEfar^2)         Elevation angle          (emw.normEfar^2)         Elevation angle          (emw.normEfar^2)         Elevation angle          (emw.normEfar^2)         Elevation angle          (emw.normEfar^2)         Elevation angle          (emw.normEfar^2)         Elevation angle          (emw.normEfar^2)         Elevation angle          (emw.normEfar^2)         Elevation angle          (emw.normEfar^2)         Elevation angle          (emw.normEfar^2)         Elevation angle          (emw.normEfar^2)         Elevation angle          (emw.normEfar^2)         Elevation angle          (emw.normEfar^2)         Elevation angle          (emw.normEfar^2)         Elevation angle          (emw.normEfar^2)         Elevation angle          (emw.normEfar^2)         Elevation angle
0                         0                        0                        0                        0                        0                        0                        0                        0                        0                        0                        0                        0                        0                        0                        0                        0                        0                        0                        0                        0                        0                        0                        0                        0                        0                        0                        0                        0                        0                        0                        0                        0                        0                        0                        0                        0                        0                        0
0.006283185307179587      2.6531772865697486E-16   0.006283185307179587     2.8157747208488004E-16   0.006283185307179587     3.29704967421237E-16     0.006283185307179587     4.0238649964831783E-16   0.006283185307179587     4.960216350294623E-16    0.006283185307179587     6.067245533830695E-16    0.006283185307179587     7.329306004551666E-16    0.006283185307179587     8.717859871432074E-16    0.006283185307179587     1.0228225734623106E-15   0.006283185307179587     1.1839720709332463E-15   0.006283185307179587     1.354403969800202E-15    0.006283185307179587     1.533553915202323E-15    0.006283185307179587     1.7191607092620636E-15   0.006283185307179587     1.9111134191295194E-15   0.006283185307179587     2.10847636933081E-15     0.006283185307179587     2.3117886368425526E-15   0.006283185307179587     2.5182912272758285E-15   0.006283185307179587     2.7285891565634156E-15   0.006283185307179587     2.9427826276773028E-15   0.006283185307179587
0.012566370614359173      4.832585637606545E-16    0.012566370614359173     5.126798485507218E-16    0.012566370614359173     6.001363553994107E-16    0.012566370614359173     7.3230320695925E-16      0.012566370614359173     9.026480488845218E-16    0.012566370614359173     1.1041194788606734E-15   0.012566370614359173     1.333876537061374E-15    0.012566370614359173     1.5867067555891954E-15   0.012566370614359173     1.8617288111604284E-15   0.012566370614359173     2.1551328038459693E-15   0.012566370614359173     2.4653759252282192E-15   0.012566370614359173     2.791418070405214E-15    0.012566370614359173     3.129148195125876E-15    0.012566370614359173     3.47839299444295E-15     0.012566370614359173     3.837486564063909E-15    0.012566370614359173     4.207454397049092E-15    0.012566370614359173     4.5832896802714214E-15   0.012566370614359173     4.966113265643108E-15    0.012566370614359173     5.356084949402137E-15    0.012566370614359173
0.01884955592153876       2.003456504888427E-16    0.01884955592153876      2.1228649118911035E-16   0.01884955592153876      2.482488067573226E-16    0.01884955592153876      3.027226024804657E-16    0.01884955592153876      3.730494043065131E-16    0.01884955592153876      4.56351817532216E-16     0.01884955592153876      5.514666382594671E-16    0.01884955592153876      6.56207067291475E-16     0.01884955592153876      7.701567863307544E-16    0.01884955592153876      8.91665830865749E-16     0.01884955592153876      1.0200430487173656E-15   0.01884955592153876      1.1548367122161849E-15   0.01884955592153876      1.2943573976905043E-15   0.01884955592153876      1.4385829920967795E-15   0.01884955592153876      1.586887329152363E-15    0.01884955592153876      1.739767904928823E-15    0.01884955592153876      1.8951810906615293E-15   0.01884955592153876      2.0536192855996946E-15   0.01884955592153876      2.2151112566931247E-15   0.01884955592153876
0.025132741228718346      6.652515967751616E-19    0.025132741228718346     7.305197677303846E-19    0.025132741228718346     8.867796240427734E-19    0.025132741228718346     1.1173866673910035E-18   0.025132741228718346     1.4075547293998786E-18   0.025132741228718346     1.738370712012375E-18    0.025132741228718346     2.0984662878287885E-18   0.025132741228718346     2.477439927181025E-18    0.025132741228718346     2.876969057356124E-18    0.025132741228718346     3.2996060105502507E-18   0.025132741228718346     3.7522645804188735E-18   0.025132741228718346     4.242290817767049E-18    0.025132741228718346     4.7680520107378156E-18   0.025132741228718346     5.328647611665056E-18    0.025132741228718346     5.915574082236756E-18    0.025132741228718346     6.52182586248089E-18     0.025132741228718346     7.13038385203337E-18     0.025132741228718346     7.735252852164894E-18    0.025132741228718346     8.334208467017066E-18    0.025132741228718346
0.031415926535897934      1.3402929494695422E-16   0.03141592653589793      1.4254652503525558E-16   0.03141592653589793      1.674091929298562E-16    0.03141592653589793      2.0478694355244998E-16   0.03141592653589793      2.5269045024318115E-16   0.03141592653589793      3.0900996908294153E-16   0.03141592653589793      3.7289900588216874E-16   0.03141592653589793      4.429726944437406E-16    0.03141592653589793      5.191385593679003E-16    0.03141592653589793      6.005342405395466E-16    0.03141592653589793      6.868960596439034E-16    0.03141592653589793      7.780169010384766E-16    0.03141592653589793      8.727217229682303E-16    0.03141592653589793      9.708296319357082E-16    0.03141592653589793      1.0716968486454184E-15   0.03141592653589793      1.1754064350067518E-15   0.03141592653589793      1.2804479264666318E-15   0.03141592653589793      1.3870611353862209E-15   0.03141592653589793      1.4953695902047715E-15   0.03141592653589793
0.03769911184307752       1.3680698791346742E-16   0.037699111843077525     1.4532579579187838E-16   0.037699111843077525     1.7064417741965085E-16   0.037699111843077525     2.0875809732684364E-16   0.037699111843077525     2.575875414221174E-16    0.037699111843077525     3.1495155173698143E-16   0.037699111843077525     3.799830493874585E-16    0.037699111843077525     4.512850314102743E-16    0.037699111843077525     5.28799232616685E-16     0.037699111843077525     6.116684113484183E-16    0.037699111843077525     6.996507856530442E-16    0.037699111843077525     7.925445991765992E-16    0.037699111843077525     8.891344415965353E-16    0.037699111843077525     9.892090769124729E-16    0.037699111843077525     1.0920820833749385E-15   0.037699111843077525     1.1978162914608387E-15   0.037699111843077525     1.3048447967289863E-15   0.037699111843077525     1.4134239026283982E-15   0.037699111843077525     1.5236880929231415E-15   0.037699111843077525
0.0439822971502571        7.55087736171164E-18     0.0439822971502571       8.072222402040837E-18    0.0439822971502571       9.583324862168006E-18    0.0439822971502571       1.1808523858706598E-17   0.0439822971502571       1.4591122150305663E-17   0.0439822971502571       1.7783947034304054E-17   0.0439822971502571       2.1340471069055E-17      0.0439822971502571       2.5209036284439278E-17   0.0439822971502571       2.942940433945182E-17    0.0439822971502571       3.399231338292246E-17    0.0439822971502571       3.891482830479498E-17    0.0439822971502571       4.4190434550296355E-17   0.0439822971502571       4.97309432247486E-17     0.0439822971502571       5.548611690022405E-17    0.0439822971502571       6.137533534440163E-17    0.0439822971502571       6.73669987265341E-17     0.0439822971502571       7.335284963327034E-17    0.0439822971502571       7.93513196059586E-17     0.0439822971502571       8.539538393263124E-17    0.0439822971502571
0.05026548245743669       5.344085268551511E-17    0.05026548245743669      5.66560095336397E-17     0.05026548245743669      6.601651532593336E-17    0.05026548245743669      8.020358521692083E-17    0.05026548245743669      9.864973363788026E-17    0.05026548245743669      1.2070542951066695E-16   0.05026548245743669      1.4611249533078983E-16   0.05026548245743669      1.7426067593373753E-16   0.05026548245743669      2.0493669458015973E-16   0.05026548245743669      2.3757867746138807E-16   0.05026548245743669      2.7188308598905776E-16   0.05026548245743669      3.0765695998636637E-16   0.05026548245743669      3.444640743872453E-16    0.05026548245743669      3.8237488811070663E-16   0.05026548245743669      4.213397419932311E-16    0.05026548245743669      4.616171828617438E-16    0.05026548245743669      5.027697800575146E-16    0.05026548245743669      5.449668656164039E-16    0.05026548245743669      5.881950757600012E-16    0.05026548245743669
0.05654866776461628       1.0503931949209763E-16   0.05654866776461628      1.1104104235061463E-16   0.05654866776461628      1.2935228313116986E-16   0.05654866776461628      1.5725102996802996E-16   0.05654866776461628      1.9353013418269949E-16   0.05654866776461628      2.3683557398507915E-16   0.05654866776461628      2.8661055626036365E-16   0.05654866776461628      3.416493918294418E-16    0.05654866776461628      4.0157638583686247E-16   0.05654866776461628      4.653396032964429E-16    0.05654866776461628      5.324154257522301E-16    0.05654866776461628      6.024849779820879E-16    0.05654866776461628      6.747001178819718E-16    0.05654866776461628      7.491775774985281E-16    0.05654866776461628      8.257731617423502E-16    0.05654866776461628      9.049312351900755E-16    0.05654866776461628      9.857215307372855E-16    0.05654866776461628      1.0684459361777944E-15   0.05654866776461628      1.153065790993037E-15    0.05654866776461628
0.06283185307179587       2.1918166315575087E-17   0.06283185307179587      2.2950031930634646E-17   0.06283185307179587      2.64995495418815E-17     0.06283185307179587      3.204372787461014E-17    0.06283185307179587      3.939205989840129E-17    0.06283185307179587      4.8304612275265076E-17   0.06283185307179587      5.866512785498853E-17    0.06283185307179587      7.018006530136333E-17    0.06283185307179587      8.270409255941928E-17    0.06283185307179587      9.59420702746824E-17     0.06283185307179587      1.0973692717912704E-16   0.06283185307179587      1.2401252888455702E-16   0.06283185307179587      1.3862426728553447E-16   0.06283185307179587      1.5366094853493686E-16   0.06283185307179587      1.6916812180189807E-16   0.06283185307179587      1.8530905105734532E-16   0.06283185307179587      2.0192041326353224E-16   0.06283185307179587      2.1907183474761097E-16   0.06283185307179587      2.367103731080176E-16    0.06283185307179587
0.06911503837897544       1.8142622429656518E-17   0.06911503837897544      1.950960616497786E-17    0.06911503837897544      2.3233569391539685E-17   0.06911503837897544      2.8747848461046325E-17   0.06911503837897544      3.568726654362944E-17    0.06911503837897544      4.366884328778343E-17    0.06911503837897544      5.2525834278539554E-17   0.06911503837897544      6.208122094242863E-17    0.06911503837897544      7.239311796275594E-17    0.06911503837897544      8.345191395587125E-17    0.06911503837897544      9.532272721740857E-17    0.06911503837897544      1.0804319966821529E-16   0.06911503837897544      1.2146060451786714E-16   0.06911503837897544      1.3549828252550715E-16   0.06911503837897544      1.4997128718895351E-16   0.06911503837897544      1.6478176363702744E-16   0.06911503837897544      1.7963066126977706E-16   0.06911503837897544      1.9449912848471682E-16   0.06911503837897544      2.0941265384633103E-16   0.06911503837897544
0.07539822368615504       7.683622071523912E-17    0.07539822368615504      8.189741067089384E-17    0.07539822368615504      9.664249023663544E-17    0.07539822368615504      1.1869414843875437E-16   0.07539822368615504      1.4671078812782802E-16   0.07539822368615504      1.7931873899396165E-16   0.07539822368615504      2.159726281104895E-16    0.07539822368615504      2.55933616202267E-16     0.07539822368615504      2.9930855010803055E-16   0.07539822368615504      3.4579677230113158E-16   0.07539822368615504      3.954176179471135E-16    0.07539822368615504      4.481422784349305E-16    0.07539822368615504      5.032683438492449E-16    0.07539822368615504      5.605675561288583E-16    0.07539822368615504      6.194802415972621E-16    0.07539822368615504      6.798661405070324E-16    0.07539822368615504      7.407024056330881E-16    0.07539822368615504      8.020811171873293E-16    0.07539822368615504      8.641106877912021E-16    0.07539822368615504
0.08168140899333463       3.3050350876033056E-17   0.08168140899333463      3.5261178361848636E-17   0.08168140899333463      4.177681375491184E-17    0.08168140899333463      5.1454171909619694E-17   0.08168140899333463      6.362759541409513E-17    0.08168140899333463      7.765269933197393E-17    0.08168140899333463      9.329737100002619E-17    0.08168140899333463      1.1029104642338024E-16   0.08168140899333463      1.2876527092791702E-16   0.08168140899333463      1.4866442593794896E-16   0.08168140899333463      1.7005554062368764E-16   0.08168140899333463      1.9293903552927684E-16   0.08168140899333463      2.1697159955811593E-16   0.08168140899333463      2.419835907305899E-16    0.08168140899333463      2.676498038963674E-16    0.08168140899333463      2.9384478915461404E-16   0.08168140899333463      3.2007787479138776E-16   0.08168140899333463      3.464030218705334E-16    0.08168140899333463      3.7290470076633897E-16   0.08168140899333463
0.0879645943005142        4.479340847463171E-18    0.0879645943005142       4.84661563506638E-18     0.0879645943005142       5.5827484321616736E-18   0.0879645943005142       6.625464877512384E-18    0.0879645943005142       7.993267297952592E-18    0.0879645943005142       9.702386519126495E-18    0.0879645943005142       1.178637929723965E-17    0.0879645943005142       1.421231509219066E-17    0.0879645943005142       1.6938261754171133E-17   0.0879645943005142       1.986366153998825E-17    0.0879645943005142       2.2894384320850834E-17   0.0879645943005142       2.595308174609534E-17    0.0879645943005142       2.8975160616744547E-17   0.0879645943005142       3.197359204832163E-17    0.0879645943005142       3.498469279038265E-17    0.0879645943005142       3.809552114243487E-17    0.0879645943005142       4.1337065321061016E-17   0.0879645943005142       4.4773587032474386E-17   0.0879645943005142       4.842748667752626E-17    0.0879645943005142
0.09424777960769379       5.581227454554585E-17    0.09424777960769379      5.889854360347657E-17    0.09424777960769379      6.822388456569748E-17    0.09424777960769379      8.24966475754076E-17     0.09424777960769379      1.0125114871768511E-16   0.09424777960769379      1.239191355523255E-16    0.09424777960769379      1.5027443364264297E-16   0.09424777960769379      1.7965068722842566E-16   0.09424777960769379      2.1172230893755431E-16   0.09424777960769379      2.4577232152365957E-16   0.09424777960769379      2.813638277390512E-16    0.09424777960769379      3.1823201734004576E-16   0.09424777960769379      3.5592936831873967E-16   0.09424777960769379      3.946034701473036E-16    0.09424777960769379      4.343310534165176E-16    0.09424777960769379      4.755106259542166E-16    0.09424777960769379      5.178017835874215E-16    0.09424777960769379      5.614211977735772E-16    0.09424777960769379      6.063431368951595E-16    0.09424777960769379
0.10053096491487339       4.313706064067956E-17    0.10053096491487339      4.518193397580247E-17    0.10053096491487339      5.2088839770657093E-17   0.10053096491487339      6.28610569737189E-17     0.10053096491487339      7.716559213612446E-17    0.10053096491487339      9.45715124628048E-17     0.10053096491487339      1.148788980517936E-16    0.10053096491487339      1.37524551665188E-16     0.10053096491487339      1.6220270158288043E-16   0.10053096491487339      1.8830530885012142E-16   0.10053096491487339      2.1547811342067907E-16   0.10053096491487339      2.43533880551087E-16     0.10053096491487339      2.721682421383389E-16    0.10053096491487339      3.0155311226463094E-16   0.10053096491487339      3.3180669617666055E-16   0.10053096491487339      3.6328059297844616E-16   0.10053096491487339      3.957145332493394E-16    0.10053096491487339      4.2926485921620487E-16   0.10053096491487339      4.638608129147531E-16    0.10053096491487339
0.10681415022205297       1.199356370510577E-18    0.10681415022205297      1.2056842078410906E-18   0.10681415022205297      1.3893988925719815E-18   0.10681415022205297      1.7574493656094E-18      0.10681415022205297      2.3039501194627154E-18   0.10681415022205297      2.9880674612489753E-18   0.10681415022205297      3.75669549941316E-18     0.10681415022205297      4.546007905230674E-18    0.10681415022205297      5.3159263851616135E-18   0.10681415022205297      6.043457577733597E-18    0.10681415022205297      6.744344369519192E-18    0.10681415022205297      7.457158898028697E-18    0.10681415022205297      8.225991677934119E-18    0.10681415022205297      9.096641429214555E-18    0.10681415022205297      1.0090334268916792E-17   0.10681415022205297      1.1211896175575279E-17   0.10681415022205297      1.2417821977250338E-17   0.10681415022205297      1.3667397238407924E-17   0.10681415022205297      1.491126446537183E-17    0.10681415022205297
0.11309733552923255       3.359104807803171E-17    0.11309733552923255      3.605746257396885E-17    0.11309733552923255      4.2987091534066035E-17   0.11309733552923255      5.326121250698912E-17    0.11309733552923255      6.614485739868395E-17    0.11309733552923255      8.089212443833107E-17    0.11309733552923255      9.718451772890342E-17    0.11309733552923255      1.1470687191662914E-16   0.11309733552923255      1.336055944467653E-16    0.11309733552923255      1.539028061414475E-16    0.11309733552923255      1.7576194253569402E-16   0.11309733552923255      1.9927080772516776E-16   0.11309733552923255      2.241444321239944E-16    0.11309733552923255      2.5021848332418963E-16   0.11309733552923255      2.77111473548085E-16     0.11309733552923255      3.045982462989279E-16    0.11309733552923255      3.3208640537977785E-16   0.11309733552923255      3.595274419794561E-16    0.11309733552923255      3.869659821734138E-16    0.11309733552923255
0.11938052083641214       4.424585229454036E-17    0.11938052083641214      4.729490658676003E-17    0.11938052083641214      5.620907144939829E-17    0.11938052083641214      6.943129412975833E-17    0.11938052083641214      8.600115897984358E-17    0.11938052083641214      1.049891554424157E-16    0.11938052083641214      1.2604127062341394E-16   0.11938052083641214      1.487898862476347E-16    0.11938052083641214      1.7344852615879758E-16   0.11938052083641214      2.000123338266348E-16    0.11938052083641214      2.2864568165273905E-16   0.11938052083641214      2.594023097563397E-16    0.11938052083641214      2.918469277447476E-16    0.11938052083641214      3.257354860429687E-16    0.11938052083641214      3.6057634673416456E-16   0.11938052083641214      3.9611981691481667E-16   0.11938052083641214      4.3163821177483323E-16   0.11938052083641214      4.671450908213959E-16    0.11938052083641214      5.027372740990951E-16    0.11938052083641214
0.12566370614359174       4.7562820233150215E-18   0.12566370614359174      5.307140732099009E-18    0.12566370614359174      6.5401580318095554E-18   0.12566370614359174      8.191994228597916E-18    0.12566370614359174      1.0093740774915439E-17   0.12566370614359174      1.2124098618629188E-17   0.12566370614359174      1.4282780672314693E-17   0.12566370614359174      1.6603457294884912E-17   0.12566370614359174      1.9203358190573294E-17   0.12566370614359174      2.21487886389492E-17     0.12566370614359174      2.5491219309228147E-17   0.12566370614359174      2.9214433467279636E-17   0.12566370614359174      3.320390838973528E-17    0.12566370614359174      3.7345381691322507E-17   0.12566370614359174      4.149797714805814E-17    0.12566370614359174      4.5584813230266205E-17   0.12566370614359174      4.950306921414828E-17    0.12566370614359174      5.329649555430723E-17    0.12566370614359174      5.70399195945115E-17     0.12566370614359174
0.13194689145077132       1.944864869402958E-17    0.13194689145077132      2.0586486347224096E-17   0.13194689145077132      2.3607950773110603E-17   0.13194689145077132      2.8174712988907725E-17   0.13194689145077132      3.426777761993644E-17    0.13194689145077132      4.1832245899654327E-17   0.13194689145077132      5.088361620642399E-17    0.13194689145077132      6.12101395249553E-17     0.13194689145077132      7.26276103710316E-17     0.13194689145077132      8.476672664531235E-17    0.13194689145077132      9.733065397623759E-17    0.13194689145077132      1.1011259804302042E-16   0.13194689145077132      1.229136531682211E-16    0.13194689145077132      1.3581535794815893E-16   0.13194689145077132      1.489414656508817E-16    0.13194689145077132      1.625706050357331E-16    0.13194689145077132      1.7672597590321953E-16   0.13194689145077132      1.9157961918025055E-16   0.13194689145077132      2.0715911399425802E-16   0.13194689145077132
0.13823007675795088       4.49793318107999E-17     0.1382300767579509       4.708460035226941E-17    0.1382300767579509       5.4057176535430226E-17   0.1382300767579509       6.494041543443355E-17    0.1382300767579509       7.948775295264003E-17    0.1382300767579509       9.734885873095607E-17    0.1382300767579509       1.1837643403895954E-16   0.1382300767579509       1.4199620161843466E-16   0.1382300767579509       1.6783404245693928E-16   0.1382300767579509       1.951733853014113E-16    0.1382300767579509       2.2353845368934736E-16   0.1382300767579509       2.526529515144224E-16    0.1382300767579509       2.8216687925395233E-16   0.1382300767579509       3.1227957298750647E-16   0.1382300767579509       3.4318452714938555E-16   0.1382300767579509       3.7534726708477954E-16   0.1382300767579509       4.086077301711227E-16    0.1382300767579509       4.4319944135766067E-16   0.1382300767579509       4.790819559449051E-16    0.1382300767579509
0.1445132620651305        1.338626360432878E-17    0.1445132620651305       1.3689986542062974E-17   0.1445132620651305       1.540497227350706E-17    0.1445132620651305       1.8329461258417816E-17   0.1445132620651305       2.2471924422217396E-17   0.1445132620651305       2.7761306451524914E-17   0.1445132620651305       3.4121761384446887E-17   0.1445132620651305       4.129807682812392E-17    0.1445132620651305       4.907163512186308E-17    0.1445132620651305       5.71299522294745E-17     0.1445132620651305       6.528371847063937E-17    0.1445132620651305       7.346483322775464E-17    0.1445132620651305       8.163987444705365E-17    0.1445132620651305       8.99734277837394E-17     0.1445132620651305       9.863285615687145E-17    0.1445132620651305       1.07845561369659E-16     0.1445132620651305       1.1759004804336492E-16   0.1445132620651305       1.2791779707171328E-16   0.1445132620651305       1.387388642500878E-16    0.1445132620651305
0.15079644737231007       6.999676305209642E-18    0.15079644737231007      7.629082814568132E-18    0.15079644737231007      9.378373356699793E-18    0.15079644737231007      1.2001086767472818E-17   0.15079644737231007      1.5255623657752408E-17   0.15079644737231007      1.886373423921697E-17    0.15079644737231007      2.2659277993448312E-17   0.15079644737231007      2.652664598839708E-17    0.15079644737231007      3.052399773256997E-17    0.15079644737231007      3.4744796944953705E-17   0.15079644737231007      3.934481595557899E-17    0.15079644737231007      4.4455430816479347E-17   0.15079644737231007      5.008937548802454E-17    0.15079644737231007      5.622015760606379E-17    0.15079644737231007      6.270697870888982E-17    0.15079644737231007      6.939837342393852E-17    0.15079644737231007      7.604123889363296E-17    0.15079644737231007      8.251719102610967E-17    0.15079644737231007      8.877574830692149E-17    0.15079644737231007
0.15707963267948966       3.560125471487366E-17    0.15707963267948966      3.821447613150142E-17    0.15707963267948966      4.574333660982314E-17    0.15707963267948966      5.688407410215962E-17    0.15707963267948966      7.075045566692428E-17    0.15707963267948966      8.646959713730991E-17    0.15707963267948966      1.0367310230632497E-16   0.15707963267948966      1.2204531477505196E-16   0.15707963267948966      1.4181667151289627E-16   0.15707963267948966      1.6310019777813378E-16   0.15707963267948966      1.8615833790951594E-16   0.15707963267948966      2.1114078101117248E-16   0.15707963267948966      2.3774987255822345E-16   0.15707963267948966      2.6576687711149626E-16   0.15707963267948966      2.9470767052793677E-16   0.15707963267948966      3.2423862897708704E-16   0.15707963267948966      3.536418700695679E-16    0.15707963267948966      3.828187794359159E-16    0.15707963267948966      4.1180535622612145E-16   0.15707963267948966
0.16336281798666927       1.9759159785478185E-17   0.16336281798666927      2.134884932016188E-17    0.16336281798666927      2.577212593194263E-17    0.16336281798666927      3.215711817290773E-17    0.16336281798666927      3.9919986551136544E-17   0.16336281798666927      4.8543561316718455E-17   0.16336281798666927      5.786190216179952E-17    0.16336281798666927      6.77856292040845E-17     0.16336281798666927      7.855737483501817E-17    0.16336281798666927      9.032134976202768E-17    0.16336281798666927      1.0327211204422511E-16   0.16336281798666927      1.1747648912117826E-16   0.16336281798666927      1.3269451439340091E-16   0.16336281798666927      1.4870111422311963E-16   0.16336281798666927      1.651223626021231E-16    0.16336281798666927      1.817049707013643E-16    0.16336281798666927      1.9801036638927156E-16   0.16336281798666927      2.140257849379868E-16    0.16336281798666927      2.298383863804218E-16    0.16336281798666927
0.16964600329384882       2.660771458669366E-18    0.16964600329384882      3.1002678228163108E-18   0.16964600329384882      3.645889416585018E-18    0.16964600329384882      4.238667656064796E-18    0.16964600329384882      4.908055931313633E-18    0.16964600329384882      5.720554521374564E-18    0.16964600329384882      6.776440189034444E-18    0.16964600329384882      8.133357278405627E-18    0.16964600329384882      9.811575940506944E-18    0.16964600329384882      1.175032252414171E-17    0.16964600329384882      1.3850338172207253E-17   0.16964600329384882      1.5987411054613214E-17   0.16964600329384882      1.80411952258725E-17     0.16964600329384882      1.995361259851483E-17    0.16964600329384882      2.1715507844797395E-17   0.16964600329384882      2.339879608174955E-17    0.16964600329384882      2.5074227267436536E-17   0.16964600329384882      2.686361118170357E-17    0.16964600329384882      2.886260771647617E-17    0.16964600329384882
0.1759291886010284        2.904077468943739E-17    0.1759291886010284       3.045778190298595E-17    0.1759291886010284       3.471365871109647E-17    0.1759291886010284       4.12952224922667E-17     0.1759291886010284       5.017909086982125E-17    0.1759291886010284       6.128722042443345E-17    0.1759291886010284       7.463319402888716E-17    0.1759291886010284       8.988826133815646E-17    0.1759291886010284       1.0675651253679976E-16   0.1759291886010284       1.2466718793170586E-16   0.1759291886010284       1.431643665190133E-16    0.1759291886010284       1.6193565751816356E-16   0.1759291886010284       1.8068264766481686E-16   0.1759291886010284       1.9953613866802016E-16   0.1759291886010284       2.1869901695695827E-16   0.1759291886010284       2.386002289035595E-16    0.1759291886010284       2.592988707732043E-16    0.1759291886010284       2.810637851730781E-16    0.1759291886010284       3.039472965987599E-16    0.1759291886010284
0.18221237390820802       2.864821485757527E-17    0.182212373908208        2.957496277161839E-17    0.182212373908208        3.346033094845996E-17    0.182212373908208        3.979434848727605E-17    0.182212373908208        4.8545146536789766E-17   0.182212373908208        5.958496828329193E-17    0.182212373908208        7.284115045985227E-17    0.182212373908208        8.789342036340858E-17    0.182212373908208        1.0438434549893595E-16   0.182212373908208        1.2171733597196382E-16   0.182212373908208        1.3947377909817033E-16   0.182212373908208        1.574231735390236E-16    0.182212373908208        1.7536076505074085E-16   0.182212373908208        1.9350308051678586E-16   0.182212373908208        2.1210821254530937E-16   0.182212373908208        2.3161439400301494E-16   0.182212373908208        2.520323188083869E-16    0.182212373908208        2.7356369806733784E-16   0.182212373908208        2.9616241156223876E-16   0.182212373908208
0.18849555921538758       2.946853118503111E-18    0.18849555921538755      2.846786414818784E-18    0.18849555921538755      3.1128564867165063E-18   0.18849555921538755      3.778953753226892E-18    0.18849555921538755      4.8729203613850484E-18   0.18849555921538755      6.343988458799713E-18    0.18849555921538755      8.096674498755312E-18    0.18849555921538755      9.976244638230637E-18    0.18849555921538755      1.1856572987748836E-17   0.18849555921538755      1.363001952018124E-17    0.18849555921538755      1.527411477458082E-17    0.18849555921538755      1.6839320575017707E-17   0.18849555921538755      1.841273314157004E-17    0.18849555921538755      2.0124807362099125E-17   0.18849555921538755      2.207572296628657E-17    0.18849555921538755      2.4342961114408568E-17   0.18849555921538755      2.6885072706112022E-17   0.18849555921538755      2.964840046697016E-17    0.18849555921538755      3.2520476869145256E-17   0.18849555921538755
0.19477874452256716       1.6011374655228233E-17   0.19477874452256716      1.7339211223346004E-17   0.19477874452256716      2.11332424777845E-17     0.19477874452256716      2.677867441514368E-17    0.19477874452256716      3.375536998108433E-17    0.19477874452256716      4.151136742377807E-17    0.19477874452256716      4.974932989304529E-17    0.19477874452256716      5.826376768334679E-17    0.19477874452256716      6.719393354880097E-17    0.19477874452256716      7.670660147228918E-17    0.19477874452256716      8.708110397108676E-17    0.19477874452256716      9.853475201696431E-17    0.19477874452256716      1.1103732138824426E-16   0.19477874452256716      1.24509314775015E-16     0.19477874452256716      1.386597595681656E-16    0.19477874452256716      1.5320383638525284E-16   0.19477874452256716      1.6764509376749865E-16   0.19477874452256716      1.8178784552884595E-16   0.19477874452256716      1.9555314255043633E-16   0.19477874452256716
0.20106192982974677       2.8100025910074306E-17   0.20106192982974677      3.0251599814719235E-17   0.20106192982974677      3.650400586234807E-17    0.20106192982974677      4.568008585136656E-17    0.20106192982974677      5.694592078145472E-17    0.20106192982974677      6.95123112244093E-17     0.20106192982974677      8.305021623278101E-17    0.20106192982974677      9.734317005148494E-17    0.20106192982974677      1.126720274152286E-16    0.20106192982974677      1.2924170870924098E-16   0.20106192982974677      1.473777273221814E-16    0.20106192982974677      1.6726759925431722E-16   0.20106192982974677      1.886848476163716E-16    0.20106192982974677      2.1139971684259716E-16   0.20106192982974677      2.349244468493239E-16    0.20106192982974677      2.5887468946144865E-16   0.20106192982974677      2.825609934068335E-16    0.20106192982974677      3.0584387127467226E-16   0.20106192982974677      3.287345225516569E-16    0.20106192982974677
0.20734511513692636       6.640168671011702E-18    0.20734511513692636      7.528095654034252E-18    0.20734511513692636      9.434769625438771E-18    0.20734511513692636      1.1935344267462131E-17   0.20734511513692636      1.4740717328416036E-17   0.20734511513692636      1.764278554098472E-17    0.20734511513692636      2.0630478072624165E-17   0.20734511513692636      2.377392531402724E-17    0.20734511513692636      2.7285519323298976E-17   0.20734511513692636      3.131707474977543E-17    0.20734511513692636      3.59962136826311E-17     0.20734511513692636      4.13323616034137E-17     0.20734511513692636      4.7169284722333765E-17   0.20734511513692636      5.331358437420661E-17    0.20734511513692636      5.951122257493478E-17    0.20734511513692636      6.558551304519419E-17    0.20734511513692636      7.133012544366185E-17    0.20734511513692636      7.676726714394762E-17    0.20734511513692636      8.199806162315832E-17    0.20734511513692636
0.21362830044410594       9.439406577369974E-18    0.2136283004441059       1.0175649089642073E-17   0.2136283004441059       1.1527198674001194E-17   0.2136283004441059       1.3377002501364201E-17   0.2136283004441059       1.5823408068996795E-17   0.2136283004441059       1.898581411355932E-17    0.2136283004441059       2.3015348718546626E-17   0.2136283004441059       2.790408646870431E-17    0.2136283004441059       3.3569304936274E-17      0.2136283004441059       3.9762753614104006E-17   0.2136283004441059       4.6204423785607014E-17   0.2136283004441059       5.263913921185803E-17    0.2136283004441059       5.884456223698093E-17    0.2136283004441059       6.47953397774926E-17     0.2136283004441059       7.056744414009181E-17    0.2136283004441059       7.63915140831747E-17     0.2136283004441059       8.242848793464932E-17    0.2136283004441059       8.891661724169084E-17    0.2136283004441059       9.600130958868524E-17    0.2136283004441059
0.21991148575128552       2.972505998152121E-17    0.2199114857512855       3.0847122969761996E-17   0.2199114857512855       3.481392077481182E-17    0.2199114857512855       4.112646241495957E-17    0.2199114857512855       4.981565017478406E-17    0.2199114857512855       6.085040764504401E-17    0.2199114857512855       7.426837620952308E-17    0.2199114857512855       8.972205395570315E-17    0.2199114857512855       1.0686577074618772E-16   0.2199114857512855       1.250543983216448E-16    0.2199114857512855       1.4375467388616401E-16   0.2199114857512855       1.6260308651261252E-16   0.2199114857512855       1.81270791057607E-16     0.2199114857512855       1.9990346670331132E-16   0.2199114857512855       2.1875542020633134E-16   0.2199114857512855       2.383314171951951E-16    0.2199114857512855       2.587657757134044E-16    0.2199114857512855       2.803945345643112E-16    0.2199114857512855       3.0330007538916067E-16   0.2199114857512855
0.2261946710584651        1.5333060870670778E-17   0.2261946710584651       1.5450077703432198E-17   0.2261946710584651       1.7061840163638843E-17   0.2261946710584651       2.0002200523575866E-17   0.2261946710584651       2.4361050146102326E-17   0.2261946710584651       3.013015190648783E-17    0.2261946710584651       3.7261694278200903E-17   0.2261946710584651       4.545531834296422E-17    0.2261946710584651       5.440309247233862E-17    0.2261946710584651       6.366318709315536E-17    0.2261946710584651       7.292398488948575E-17    0.2261946710584651       8.203504977600433E-17    0.2261946710584651       9.092556697193129E-17    0.2261946710584651       9.980469846679152E-17    0.2261946710584651       1.0893379812600037E-16   0.2261946710584651       1.1867337798682068E-16   0.2261946710584651       1.2911149005906655E-16   0.2261946710584651       1.403919858925063E-16    0.2261946710584651       1.5245316053279628E-16   0.2261946710584651
0.2324778563656447        3.053031540430184E-18    0.2324778563656447       3.183431550814177E-18    0.2324778563656447       3.936065138405542E-18    0.2324778563656447       5.273000913401355E-18    0.2324778563656447       7.084214737707174E-18    0.2324778563656447       9.17285680949254E-18     0.2324778563656447       1.134900917437671E-17    0.2324778563656447       1.3439251335531857E-17   0.2324778563656447       1.5388386745321556E-17   0.2324778563656447       1.721569351851125E-17    0.2324778563656447       1.904511402598909E-17    0.2324778563656447       2.1038929872358587E-17   0.2324778563656447       2.333704835105896E-17    0.2324778563656447       2.6045820520356017E-17   0.2324778563656447       2.916970119249842E-17    0.2324778563656447       3.2652046432826464E-17   0.2324778563656447       3.6308295961975565E-17   0.2324778563656447       3.997780498693945E-17    0.2324778563656447       4.350316171085076E-17    0.2324778563656447
0.23876104167282428       2.0337890212730246E-17   0.23876104167282428      2.1960028009606208E-17   0.23876104167282428      2.6781395321115442E-17   0.23876104167282428      3.3957550777413466E-17   0.23876104167282428      4.279449131774591E-17    0.23876104167282428      5.257869359304105E-17    0.23876104167282428      6.292935289370025E-17    0.23876104167282428      7.35935674398258E-17     0.23876104167282428      8.475998344155435E-17    0.23876104167282428      9.665111238089344E-17    0.23876104167282428      1.0963892314017414E-16   0.23876104167282428      1.2401692856442149E-16   0.23876104167282428      1.3976149874382214E-16   0.23876104167282428      1.567827286378132E-16    0.23876104167282428      1.747156381327838E-16    0.23876104167282428      1.9318633772261318E-16   0.23876104167282428      2.1154563442764096E-16   0.23876104167282428      2.2951461903539436E-16   0.23876104167282428      2.4696205263288663E-16   0.23876104167282428
0.24504422698000386       1.8604814384115804E-17   0.24504422698000386      2.0229860564777355E-17   0.24504422698000386      2.4769188621238223E-17   0.24504422698000386      3.129062852820048E-17    0.24504422698000386      3.9108259301030893E-17   0.24504422698000386      4.7605126225972795E-17   0.24504422698000386      5.653918067181664E-17    0.24504422698000386      6.581211523322472E-17    0.24504422698000386      7.57189197654153E-17     0.24504422698000386      8.651705228017199E-17    0.24504422698000386      9.853981011485922E-17    0.24504422698000386      1.119808537799621E-16    0.24504422698000386      1.2669123814052266E-16   0.24504422698000386      1.4245801105228835E-16   0.24504422698000386      1.5884710310342883E-16   0.24504422698000386      1.7547745811958477E-16   0.24504422698000386      1.9176639751900345E-16   0.24504422698000386      2.0755198289444823E-16   0.24504422698000386      2.228251528224499E-16    0.24504422698000386
0.25132741228718347       2.9268369475087487E-18   0.25132741228718347      3.6797302840660045E-18   0.25132741228718347      4.715405029833123E-18    0.25132741228718347      5.81868673274307E-18     0.25132741228718347      6.885392936258593E-18    0.25132741228718347      7.89630361599245E-18     0.25132741228718347      8.955261394165367E-18    0.25132741228718347      1.0198123550056642E-17   0.25132741228718347      1.1789125218653093E-17   0.25132741228718347      1.380951215177277E-17    0.25132741228718347      1.6272389233456776E-17   0.25132741228718347      1.9092704081162408E-17   0.25132741228718347      2.209680951752945E-17    0.25132741228718347      2.5106316531831603E-17   0.25132741228718347      2.795001035085588E-17    0.25132741228718347      3.055150282427749E-17    0.25132741228718347      3.286029113353368E-17    0.25132741228718347      3.497423683746545E-17    0.25132741228718347      3.7038331606319774E-17   0.25132741228718347
0.257610597594363         1.5786849636130457E-17   0.25761059759436294      1.668777530194081E-17    0.25761059759436294      1.8747382704338187E-17   0.25761059759436294      2.1752437580870107E-17   0.25761059759436294      2.5826375661217323E-17   0.25761059759436294      3.111173599328377E-17    0.25761059759436294      3.7795650851333777E-17   0.25761059759436294      4.5820942761443746E-17   0.25761059759436294      5.504078673019681E-17    0.25761059759436294      6.506524691677029E-17    0.25761059759436294      7.547682909889139E-17    0.25761059759436294      8.590352119185645E-17    0.25761059759436294      9.601137072201485E-17    0.25761059759436294      1.057682264153048E-16    0.25761059759436294      1.1528480969924401E-16   0.25761059759436294      1.2490075504081912E-16   0.25761059759436294      1.348366780740231E-16    0.25761059759436294      1.454499594084575E-16    0.25761059759436294      1.5695998209592614E-16   0.25761059759436294
0.26389378290154264       2.543529914724387E-17    0.26389378290154264      2.6045377471796102E-17   0.26389378290154264      2.8996574614700024E-17   0.26389378290154264      3.390956366882965E-17    0.26389378290154264      4.0881523170278374E-17   0.26389378290154264      4.995234839274767E-17    0.26389378290154264      6.118309638725785E-17    0.26389378290154264      7.426832021421054E-17    0.26389378290154264      8.886170804583715E-17    0.26389378290154264      1.0433397701193523E-16   0.26389378290154264      1.2015089129481884E-16   0.26389378290154264      1.3593261855673583E-16   0.26389378290154264      1.5136716215526623E-16   0.26389378290154264      1.6658527276463508E-16   0.26389378290154264      1.8185523415069204E-16   0.26389378290154264      1.97689087228905E-16     0.26389378290154264      2.1429328763931592E-16   0.26389378290154264      2.320429154331902E-16    0.26389378290154264      2.5105871548151844E-16   0.26389378290154264
0.2701769682087222        7.941269199182236E-18    0.2701769682087222       7.70773267836214E-18     0.2701769682087222       8.245631843420817E-18    0.2701769682087222       9.568833586156465E-18    0.2701769682087222       1.1789087879001946E-17   0.2701769682087222       1.4911368413087552E-17   0.2701769682087222       1.8860507768984868E-17   0.2701769682087222       2.3389741969547663E-17   0.2701769682087222       2.823628278182142E-17    0.2701769682087222       3.308289655863571E-17    0.2701769682087222       3.773051645889569E-17    0.2701769682087222       4.2109963048748997E-17   0.2701769682087222       4.6250710658971754E-17   0.2701769682087222       5.035553296448488E-17    0.2701769682087222       5.466075429295395E-17    0.2701769682087222       5.944278887713817E-17    0.2701769682087222       6.478640702296996E-17    0.2701769682087222       7.076854303269522E-17    0.2701769682087222       7.730404765478487E-17    0.2701769682087222
0.27646015351590175       6.259789803652951E-18    0.27646015351590175      6.703856754254208E-18    0.27646015351590175      8.382902099880369E-18    0.27646015351590175      1.1102695029234476E-17   0.27646015351590175      1.4597042835830313E-17   0.27646015351590175      1.850045191952452E-17    0.27646015351590175      2.2518350149663287E-17   0.27646015351590175      2.641293486243737E-17    0.27646015351590175      3.0162133545033843E-17   0.27646015351590175      3.385082195279603E-17    0.27646015351590175      3.7707152766474966E-17   0.27646015351590175      4.1991981762347144E-17   0.27646015351590175      4.688521933445221E-17    0.27646015351590175      5.250551279992663E-17    0.27646015351590175      5.880021038208552E-17    0.27646015351590175      6.562790852690399E-17    0.27646015351590175      7.265980523968183E-17    0.27646015351590175      7.963414235640463E-17    0.27646015351590175      8.63225911765168E-17     0.27646015351590175
0.2827433388230814        2.0083187410780883E-17   0.2827433388230814       2.1672912643298012E-17   0.2827433388230814       2.6564703610728377E-17   0.2827433388230814       3.384452894415199E-17    0.2827433388230814       4.2763157374332827E-17   0.2827433388230814       5.2558556315781637E-17   0.2827433388230814       6.28192321224676E-17     0.2827433388230814       7.328124060153053E-17    0.2827433388230814       8.414786127152551E-17    0.2827433388230814       9.567750133057675E-17    0.2827433388230814       1.0829132339180331E-16   0.2827433388230814       1.2234608487345012E-16   0.2827433388230814       1.3786555190942443E-16   0.2827433388230814       1.5479108618580967E-16   0.2827433388230814       1.72759441956952E-16     0.2827433388230814       1.9136650388850502E-16   0.2827433388230814       2.099065563321267E-16    0.2827433388230814       2.280278857316292E-16    0.2827433388230814       2.455236883987583E-16    0.2827433388230814
0.289026524130261         1.1676525848039047E-17   0.289026524130261        1.2989578674264244E-17   0.289026524130261        1.6263502158654194E-17   0.289026524130261        2.078020513768353E-17    0.289026524130261        2.6003047222823084E-17   0.289026524130261        3.1475303089284714E-17   0.289026524130261        3.704396682343781E-17    0.289026524130261        4.2699640469646127E-17   0.289026524130261        4.8731408242161E-17      0.289026524130261        5.540995813531784E-17    0.289026524130261        6.304028194077958E-17    0.289026524130261        7.180049356492745E-17    0.289026524130261        8.158971958822818E-17    0.289026524130261        9.221726180249817E-17    0.289026524130261        1.0330872854883779E-16   0.289026524130261        1.1451793827403566E-16   0.289026524130261        1.2536428227239585E-16   0.289026524130261        1.356862246501284E-16    0.289026524130261        1.4545692493783898E-16   0.289026524130261
0.29530970943744056       3.8763403887671605E-18   0.29530970943744056      4.735104985575352E-18    0.29530970943744056      5.737022856731563E-18    0.29530970943744056      6.723363560374897E-18    0.29530970943744056      7.683896939121386E-18    0.29530970943744056      8.698181757240378E-18    0.29530970943744056      9.949431449681387E-18    0.29530970943744056      1.160011692953619E-17    0.29530970943744056      1.3785416427828132E-17   0.29530970943744056      1.6512618230118476E-17   0.29530970943744056      1.969375951277266E-17    0.29530970943744056      2.3149132605131567E-17   0.29530970943744056      2.6638444185886886E-17   0.29530970943744056      2.996487058654351E-17    0.29530970943744056      3.298272332192986E-17    0.29530970943744056      3.568550026453938E-17    0.29530970943744056      3.8102977980625154E-17   0.29530970943744056      4.041622342348677E-17    0.29530970943744056      4.283242286499613E-17    0.29530970943744056
0.30159289474462014       1.8912684226975843E-17   0.30159289474462014      1.9770533318844068E-17   0.30159289474462014      2.203430361063736E-17    0.30159289474462014      2.5432118121158653E-17   0.30159289474462014      3.010005384284231E-17    0.30159289474462014      3.6204241366886644E-17   0.30159289474462014      4.3966541282217384E-17   0.30159289474462014      5.332951241807128E-17    0.30159289474462014      6.413438601174916E-17    0.30159289474462014      7.592960798970365E-17    0.30159289474462014      8.822553162433988E-17    0.30159289474462014      1.0056656089646037E-16   0.30159289474462014      1.1252894655356114E-16   0.30159289474462014      1.2403259123807932E-16   0.30159289474462014      1.3517138271302938E-16   0.30159289474462014      1.463199849503878E-16    0.30159289474462014      1.577370837103964E-16    0.30159289474462014      1.6987297051619332E-16   0.30159289474462014      1.83036462762965E-16     0.30159289474462014
0.3078760800517997        2.058363460918838E-17    0.30787608005179967      2.0751234359401827E-17   0.30787608005179967      2.2725299281522738E-17   0.30787608005179967      2.624818330296808E-17    0.30787608005179967      3.146379531620926E-17    0.30787608005179967      3.846401738134332E-17    0.30787608005179967      4.7326430291523805E-17   0.30787608005179967      5.780117769013485E-17    0.30787608005179967      6.956714037925887E-17    0.30787608005179967      8.204693900635426E-17    0.30787608005179967      9.473631363492827E-17    0.30787608005179967      1.0725716164123772E-16   0.30787608005179967      1.1931812322575536E-16   0.30787608005179967      1.310150603435203E-16    0.30787608005179967      1.4259862042181905E-16   0.30787608005179967      1.545501982794802E-16    0.30787608005179967      1.6712325480627432E-16   0.30787608005179967      1.807131209207011E-16    0.30787608005179967      1.9548736137832938E-16   0.30787608005179967
0.3141592653589793        5.160334740825937E-18    0.3141592653589793       4.840858376581139E-18    0.3141592653589793       5.1054464478119764E-18   0.3141592653589793       6.0292205379914274E-18   0.3141592653589793       7.698346573479433E-18    0.3141592653589793       1.0077831343840728E-17   0.3141592653589793       1.3045716439457947E-17   0.3141592653589793       1.6354840209272525E-17   0.3141592653589793       1.9762609984628486E-17   0.3141592653589793       2.3019665419051135E-17   0.3141592653589793       2.6002061983850996E-17   0.3141592653589793       2.870360681348185E-17    0.3141592653589793       3.1215724123534616E-17   0.3141592653589793       3.374975159757265E-17    0.3141592653589793       3.6526948152149646E-17   0.3141592653589793       3.977539716968541E-17    0.3141592653589793       4.355310429732233E-17    0.3141592653589793       4.7885693453351845E-17   0.3141592653589793       5.2663161257885194E-17   0.3141592653589793
0.3204424506661589        8.717527652581564E-18    0.3204424506661589       9.318557530973354E-18    0.3204424506661589       1.1624765369370006E-17   0.3204424506661589       1.5329294140047827E-17   0.3204424506661589       2.0064475306135188E-17   0.3204424506661589       2.5350981245623767E-17   0.3204424506661589       3.081210888818716E-17    0.3204424506661589       3.6139982942595585E-17   0.3204424506661589       4.1303134167266186E-17   0.3204424506661589       4.6398675199650684E-17   0.3204424506661589       5.170707416325458E-17    0.3204424506661589       5.75606631860511E-17     0.3204424506661589       6.418806408106429E-17    0.3204424506661589       7.176001011656597E-17    0.3204424506661589       8.023485182038907E-17    0.3204424506661589       8.9455436230692E-17      0.3204424506661589       9.901589077207273E-17    0.3204424506661589       1.0857950165874025E-16   0.3204424506661589       1.1783743609227187E-16   0.3204424506661589
0.32672563597333854       1.7889161934324774E-17   0.32672563597333854      1.9324534492684574E-17   0.32672563597333854      2.386739249099288E-17    0.32672563597333854      3.0629139855310047E-17   0.32672563597333854      3.8872895414820184E-17   0.32672563597333854      4.785223547601351E-17    0.32672563597333854      5.714712001776561E-17    0.32672563597333854      6.649014124755766E-17    0.32672563597333854      7.606721641342555E-17    0.32672563597333854      8.614251953920547E-17    0.32672563597333854      9.715537683482835E-17    0.32672563597333854      1.0950584553072848E-16   0.32672563597333854      1.2328780763797552E-16   0.32672563597333854      1.385046172447089E-16    0.32672563597333854      1.5485138373559642E-16   0.32672563597333854      1.7194215138046423E-16   0.32672563597333854      1.8907945051009357E-16   0.32672563597333854      2.0585477811709708E-16   0.32672563597333854      2.2197955785206797E-16   0.32672563597333854
0.33300882128051806       8.103403375160049E-18    0.33300882128051806      9.327883506279853E-18    0.33300882128051806      1.1966548034676355E-17   0.33300882128051806      1.543001755897025E-17    0.33300882128051806      1.9278643646740908E-17   0.33300882128051806      2.3159025684571355E-17   0.33300882128051806      2.6976551012374703E-17   0.33300882128051806      3.077107899739682E-17    0.33300882128051806      3.482227247456679E-17    0.33300882128051806      3.939682552151937E-17    0.33300882128051806      4.4776206876876776E-17   0.33300882128051806      5.1123141864296563E-17   0.33300882128051806      5.836603210351633E-17    0.33300882128051806      6.633379392775358E-17    0.33300882128051806      7.469508103205998E-17    0.33300882128051806      8.313118135776012E-17    0.33300882128051806      9.121937109710278E-17    0.33300882128051806      9.879392865529697E-17    0.33300882128051806      1.0580786951918879E-16   0.33300882128051806
0.33929200658769765       5.731609030581545E-18    0.33929200658769765      6.739636976108527E-18    0.33929200658769765      7.942708077770169E-18    0.33929200658769765      9.168399293496027E-18    0.33929200658769765      1.0435486561422543E-17   0.33929200658769765      1.1863322534709823E-17   0.33929200658769765      1.3684949814530472E-17   0.33929200658769765      1.6087512769676422E-17   0.33929200658769765      1.9214135628061372E-17   0.33929200658769765      2.3045240333236137E-17   0.33929200658769765      2.7445994855935428E-17   0.33929200658769765      3.2176449594386857E-17   0.33929200658769765      3.69293319681147E-17     0.33929200658769765      4.146168135137814E-17    0.33929200658769765      4.5596266508941896E-17   0.33929200658769765      4.933033654893351E-17    0.33929200658769765      5.270351784809432E-17    0.33929200658769765      5.594541653952242E-17    0.33929200658769765      5.93182764303203E-17     0.33929200658769765
0.3455751918948773        1.949825495208505E-17    0.3455751918948773       2.0230553543952092E-17   0.3455751918948773       2.2370486605941142E-17   0.3455751918948773       2.562043125074406E-17    0.3455751918948773       3.0118066615760135E-17   0.3455751918948773       3.6050462561175675E-17   0.3455751918948773       4.367568374814076E-17    0.3455751918948773       5.297808581552014E-17    0.3455751918948773       6.38341036134359E-17     0.3455751918948773       7.580585718943024E-17    0.3455751918948773       8.838950790707607E-17    0.3455751918948773       1.0108314957366129E-16   0.3455751918948773       1.1339222144211645E-16   0.3455751918948773       1.2515817673514017E-16   0.3455751918948773       1.364052440891436E-16    0.3455751918948773       1.4747179620533322E-16   0.3455751918948773       1.5861785382931192E-16   0.3455751918948773       1.7034941010279053E-16   0.3455751918948773       1.8305969537055668E-16   0.3455751918948773
0.3518583772020568        1.7388483066595995E-17   0.35185837720205687      1.7270663877163218E-17   0.35185837720205687      1.8608342383537884E-17   0.35185837720205687      2.1217388064910873E-17   0.35185837720205687      2.5263454907323413E-17   0.35185837720205687      3.0868005680915384E-17   0.35185837720205687      3.812618850070685E-17    0.35185837720205687      4.683991545559672E-17    0.35185837720205687      5.672375741016712E-17    0.35185837720205687      6.72522946609057E-17     0.35185837720205687      7.794619937462227E-17    0.35185837720205687      8.842237651400122E-17    0.35185837720205687      9.838054814217414E-17    0.35185837720205687      1.0786560764169683E-16   0.35185837720205687      1.1708200581002588E-16   0.35185837720205687      1.2647029783845723E-16   0.35185837720205687      1.363046283089346E-16    0.35185837720205687      1.470076050814095E-16    0.35185837720205687      1.5880367854032503E-16   0.35185837720205687
0.3581415625092364        4.7464370076553274E-18   0.35814156250923634      4.400242856517946E-18    0.35814156250923634      4.675572376791005E-18    0.35814156250923634      5.660669993442784E-18    0.35814156250923634      7.422040554598168E-18    0.35814156250923634      9.891772082564549E-18    0.35814156250923634      1.2914877198831438E-17   0.35814156250923634      1.6222570517048324E-17   0.35814156250923634      1.95639772409434E-17     0.35814156250923634      2.269729261675339E-17    0.35814156250923634      2.551526919944626E-17    0.35814156250923634      2.803055409911212E-17    0.35814156250923634      3.0355520344418096E-17   0.35814156250923634      3.2717616964537416E-17   0.35814156250923634      3.5347262392165966E-17   0.35814156250923634      3.848058964925262E-17    0.35814156250923634      4.217836708812407E-17    0.35814156250923634      4.6465395215138766E-17   0.35814156250923634      5.1228425958147136E-17   0.35814156250923634
0.36442474781641604       9.532524100348358E-18    0.3644247478164161       1.010521278397546E-17    0.3644247478164161       1.2586129936802495E-17   0.3644247478164161       1.6639287756488604E-17   0.3644247478164161       2.1871881138979493E-17   0.3644247478164161       2.776263289867474E-17    0.3644247478164161       3.388520809231211E-17    0.3644247478164161       3.986944795587681E-17    0.3644247478164161       4.5633655123987595E-17   0.3644247478164161       5.123695215191849E-17    0.3644247478164161       5.69544992448079E-17     0.3644247478164161       6.314770175604692E-17    0.3644247478164161       7.009769901614371E-17    0.3644247478164161       7.805301724182316E-17    0.3644247478164161       8.704883564489685E-17    0.3644247478164161       9.698741837966659E-17    0.3644247478164161       1.0747741479972483E-16   0.3644247478164161       1.1815881670136708E-16   0.3644247478164161       1.286605283270859E-16    0.3644247478164161
0.37070793312359557       1.5725387453096873E-17   0.37070793312359557      1.699101931196414E-17    0.37070793312359557      2.1151951826904844E-17   0.37070793312359557      2.7376350342211048E-17   0.37070793312359557      3.496462144552162E-17    0.37070793312359557      4.319746528864447E-17    0.37070793312359557      5.164172029064505E-17    0.37070793312359557      6.000699348953779E-17    0.37070793312359557      6.843012698245564E-17    0.37070793312359557      7.714903470983951E-17    0.37070793312359557      8.659695757032675E-17    0.37070793312359557      9.720446039145847E-17    0.37070793312359557      1.091481368709603E-16    0.37070793312359557      1.225192227132582E-16    0.37070793312359557      1.3711333419239402E-16   0.37070793312359557      1.5260605096969723E-16   0.37070793312359557      1.6834490567259715E-16   0.37070793312359557      1.8388214030195835E-16   0.37070793312359557      1.988461049363006E-16    0.37070793312359557
0.37699111843077515       6.913524170514868E-18    0.37699111843077515      8.175900134170308E-18    0.37699111843077515      1.0666069334213691E-17   0.37699111843077515      1.3838172611361799E-17   0.37699111843077515      1.7285594895149786E-17   0.37699111843077515      2.0684781876373502E-17   0.37699111843077515      2.3952552574894987E-17   0.37699111843077515      2.713481829505918E-17    0.37699111843077515      3.050143819929802E-17    0.37699111843077515      3.431931426429222E-17    0.37699111843077515      3.887520603133875E-17    0.37699111843077515      4.434876658186058E-17    0.37699111843077515      5.0708874262317735E-17   0.37699111843077515      5.781674713936826E-17    0.37699111843077515      6.537317128436956E-17    0.37699111843077515      7.306856682710947E-17    0.37699111843077515      8.048052948647826E-17    0.37699111843077515      8.740564221604039E-17    0.37699111843077515      9.374621849488829E-17    0.37699111843077515
0.3832743037379548        6.776353113788885E-18    0.3832743037379548       7.93748743168092E-18     0.3832743037379548       9.349226275220873E-18    0.3832743037379548       1.0799458400962468E-17   0.3832743037379548       1.2288033511798681E-17   0.3832743037379548       1.3928183328696578E-17   0.3832743037379548       1.5972758908841963E-17   0.3832743037379548       1.8638054905360066E-17   0.3832743037379548       2.211232806905441E-17    0.3832743037379548       2.6412935610107516E-17   0.3832743037379548       3.1430077179068314E-17   0.3832743037379548       3.69259381716103E-17     0.3832743037379548       4.2562575961874255E-17   0.3832743037379548       4.804628738983449E-17    0.3832743037379548       5.3129047231878916E-17   0.3832743037379548       5.774163825035637E-17    0.3832743037379548       6.186027029477842E-17    0.3832743037379548       6.569140501327758E-17    0.3832743037379548       6.950800810057171E-17    0.3832743037379548
0.3895574890451343        1.8813169537334506E-17   0.3895574890451343       1.9471164183473045E-17   0.3895574890451343       2.1412851179600035E-17   0.3895574890451343       2.4321738527765386E-17   0.3895574890451343       2.831888817175973E-17    0.3895574890451343       3.3602351115263724E-17   0.3895574890451343       4.046743971281036E-17    0.3895574890451343       4.8969459556169243E-17   0.3895574890451343       5.906324396682686E-17    0.3895574890451343       7.038535089721986E-17    0.3895574890451343       8.246958265560974E-17    0.3895574890451343       9.480571389183242E-17    0.3895574890451343       1.0684322952483723E-16   0.3895574890451343       1.1832250868623552E-16   0.3895574890451343       1.2915132895688912E-16   0.3895574890451343       1.3956330802678802E-16   0.3895574890451343       1.497665751125961E-16    0.3895574890451343       1.6026749698304774E-16   0.3895574890451343       1.7152350938994002E-16   0.3895574890451343
0.39584067435231396       1.6262169357161398E-17   0.3958406743523139       1.5995821796257662E-17   0.3958406743523139       1.7028716221660193E-17   0.3958406743523139       1.918778963355101E-17    0.3958406743523139       2.2641084845646852E-17   0.3958406743523139       2.7532303984047415E-17   0.3958406743523139       3.3991190334771787E-17   0.3958406743523139       4.1877914782220244E-17   0.3958406743523139       5.095859778390332E-17    0.3958406743523139       6.075186151625008E-17    0.3958406743523139       7.078678118049029E-17    0.3958406743523139       8.065176542972754E-17    0.3958406743523139       8.998989811427877E-17    0.3958406743523139       9.876228792486211E-17    0.3958406743523139       1.0709333309563909E-16   0.3958406743523139       1.1536733797383307E-16   0.3958406743523139       1.2385806101831854E-16   0.3958406743523139       1.3302747455240838E-16   0.3958406743523139       1.431841324762906E-16    0.3958406743523139
0.40212385965949354       5.348426822966005E-18    0.40212385965949354      4.9287459874389475E-18   0.40212385965949354      5.196353036561481E-18    0.40212385965949354      6.244250766600181E-18    0.40212385965949354      8.152433924526178E-18    0.40212385965949354      1.0863497404934703E-17   0.40212385965949354      1.422930209814692E-17    0.40212385965949354      1.7971669257041663E-17   0.40212385965949354      2.181736323690014E-17    0.40212385965949354      2.5483000415144515E-17   0.40212385965949354      2.881436248942013E-17    0.40212385965949354      3.1778202632882774E-17   0.40212385965949354      3.445083919101197E-17    0.40212385965949354      3.705192193572373E-17    0.40212385965949354      3.9828962803929655E-17   0.40212385965949354      4.306894892467065E-17    0.40212385965949354      4.6889361007231545E-17   0.40212385965949354      5.138700147759867E-17    0.40212385965949354      5.650663600578854E-17    0.40212385965949354
0.40840704496667307       9.049653075177777E-18    0.40840704496667307      9.442470828456367E-18    0.40840704496667307      1.1707058916599759E-17   0.40840704496667307      1.556432794603159E-17    0.40840704496667307      2.066996060215792E-17    0.40840704496667307      2.653150087980331E-17    0.40840704496667307      3.270930822760932E-17    0.40840704496667307      3.8784510668149366E-17   0.40840704496667307      4.459117075074165E-17    0.40840704496667307      5.0100587654768534E-17   0.40840704496667307      5.551853118795215E-17    0.40840704496667307      6.117629417605599E-17    0.40840704496667307      6.738568680262804E-17    0.40840704496667307      7.447480901957565E-17    0.40840704496667307      8.259910421234788E-17    0.40840704496667307      9.17892658495454E-17     0.40840704496667307      1.0176570976931757E-16   0.40840704496667307      1.1222618486601E-16      0.40840704496667307      1.2279433793161482E-16   0.40840704496667307
0.4146902302738527        1.4243608397101393E-17   0.4146902302738527       1.5314424950410494E-17   0.4146902302738527       1.9159103066624997E-17   0.4146902302738527       2.5016817756718478E-17   0.4146902302738527       3.223293320902805E-17    0.4146902302738527       4.010904434216979E-17    0.4146902302738527       4.8180028588102886E-17   0.4146902302738527       5.609780155967019E-17    0.4146902302738527       6.391070983359059E-17    0.4146902302738527       7.178892378325234E-17    0.4146902302738527       8.01304412247066E-17     0.4146902302738527       8.938208011272877E-17    0.4146902302738527       9.980748544788189E-17    0.4146902302738527       1.1161618380381774E-16   0.4146902302738527       1.2474663927959365E-16   0.4146902302738527       1.3898963912984136E-16   0.4146902302738527       1.5377916539667987E-16   0.4146902302738527       1.68663106859926E-16     0.4146902302738527       1.8319726059222426E-16   0.4146902302738527
0.4209734155810323        7.130485308332083E-18    0.4209734155810323       8.4517564629726E-18      0.4209734155810323       1.1103638538481377E-17   0.4209734155810323       1.4521817412470403E-17   0.4209734155810323       1.827418590871175E-17    0.4209734155810323       2.1996013125942143E-17   0.4209734155810323       2.555556165664321E-17    0.4209734155810323       2.895000858910055E-17    0.4209734155810323       3.2420984336652504E-17   0.4209734155810323       3.623279162971541E-17    0.4209734155810323       4.070797628281519E-17    0.4209734155810323       4.608985011049442E-17    0.4209734155810323       5.2427988416048734E-17   0.4209734155810323       5.96625876443997E-17     0.4209734155810323       6.754970334655017E-17    0.4209734155810323       7.579514111423255E-17    0.4209734155810323       8.39402762315053E-17     0.4209734155810323       9.170524861571843E-17    0.4209734155810323       9.888712728703827E-17    0.4209734155810323
0.4272566008882119        6.7016034679375586E-18   0.4272566008882119       8.04710397846425E-18     0.4272566008882119       9.685546376610584E-18    0.4272566008882119       1.135345138042676E-17    0.4272566008882119       1.2988099705627213E-17   0.4272566008882119       1.464690541843216E-17    0.4272566008882119       1.6558391419374366E-17   0.4272566008882119       1.8954500518044598E-17   0.4272566008882119       2.2085931084608348E-17   0.4272566008882119       2.6060250337745955E-17   0.4272566008882119       3.08692903261842E-17     0.4272566008882119       3.6356486527197327E-17   0.4272566008882119       4.222557199611836E-17    0.4272566008882119       4.8168412712999394E-17   0.4272566008882119       5.3865458705860106E-17   0.4272566008882119       5.91356726192688E-17     0.4272566008882119       6.382361003349037E-17    0.4272566008882119       6.801947555756638E-17    0.4272566008882119       7.191721144332229E-17    0.4272566008882119
0.43353978619539146       1.7398822866379624E-17   0.43353978619539146      1.812896722498665E-17    0.43353978619539146      1.9954154739037158E-17   0.43353978619539146      2.253162187786444E-17    0.43353978619539146      2.5938715850504693E-17   0.43353978619539146      3.036217117063628E-17    0.43353978619539146      3.612596700482912E-17    0.43353978619539146      4.3374651784002137E-17   0.43353978619539146      5.217933776384261E-17    0.43353978619539146      6.231176295371441E-17    0.43353978619539146      7.340703518717592E-17    0.43353978619539146      8.499737821567364E-17    0.43353978619539146      9.651323382031157E-17    0.43353978619539146      1.0759085691765511E-16   0.43353978619539146      1.179872356392337E-16    0.43353978619539146      1.277624166817755E-16    0.43353978619539146      1.3699902897762982E-16   0.43353978619539146      1.4611936993871743E-16   0.43353978619539146      1.5558278874246662E-16   0.43353978619539146
0.43982297150257105       1.6812308728290156E-17   0.43982297150257105      1.6523770233696093E-17   0.43982297150257105      1.7511829981593842E-17   0.43982297150257105      1.9547987168483762E-17   0.43982297150257105      2.2779584010026355E-17   0.43982297150257105      2.7369511146818417E-17   0.43982297150257105      3.350729887299951E-17    0.43982297150257105      4.11383304658588E-17     0.43982297150257105      5.011629121693963E-17    0.43982297150257105      6.002346996723314E-17    0.43982297150257105      7.0402655573774E-17      0.43982297150257105      8.0798282041018E-17      0.43982297150257105      9.075501608251881E-17    0.43982297150257105      1.001008512285124E-16    0.43982297150257105      1.0882244250955694E-16   0.43982297150257105      1.1719585357007916E-16   0.43982297150257105      1.254466301316134E-16    0.43982297150257105      1.3406207301569316E-16   0.43982297150257105      1.4344597188798424E-16   0.43982297150257105
0.44610615680975063       6.788472786350951E-18    0.44610615680975063      6.240161282867118E-18    0.44610615680975063      6.426664718534451E-18    0.44610615680975063      7.427516131060189E-18    0.44610615680975063      9.364669089994334E-18    0.44610615680975063      1.2240919000142275E-17   0.44610615680975063      1.597306896590495E-17    0.44610615680975063      2.0316237635947736E-17   0.44610615680975063      2.4994435440079993E-17   0.44610615680975063      2.9665478058311416E-17   0.44610615680975063      3.407975047965246E-17    0.44610615680975063      3.80886782869769E-17     0.44610615680975063      4.165128130425639E-17    0.44610615680975063      4.491032870252983E-17    0.44610615680975063      4.808523947011376E-17    0.44610615680975063      5.150747340624127E-17    0.44610615680975063      5.537504274309949E-17    0.44610615680975063      5.99254099625831E-17     0.44610615680975063      6.52434753363183E-17     0.44610615680975063
0.4523893421169302        7.83465048805356E-18     0.45238934211693016      7.928222203599676E-18    0.45238934211693016      9.654522570331818E-18    0.45238934211693016      1.286167395428731E-17    0.45238934211693016      1.7325491537247078E-17   0.45238934211693016      2.26559560466959E-17     0.45238934211693016      2.8454436520620935E-17   0.45238934211693016      3.428432495646384E-17    0.45238934211693016      3.98842415514515E-17     0.45238934211693016      4.509704040982048E-17    0.45238934211693016      4.99865502553204E-17     0.45238934211693016      5.477355367504706E-17    0.45238934211693016      5.97327641733355E-17     0.45238934211693016      6.522711958495025E-17    0.45238934211693016      7.152701233784292E-17    0.45238934211693016      7.883573149023547E-17    0.45238934211693016      8.706947151412092E-17    0.45238934211693016      9.609234044213352E-17    0.45238934211693016      1.056283131709818E-16    0.45238934211693016
0.4586725274241098        1.3139475683575731E-17   0.4586725274241098       1.3921189701173084E-17   0.4586725274241098       1.7392509028529017E-17   0.4586725274241098       2.2898926923892593E-17   0.4586725274241098       2.986073362158814E-17    0.4586725274241098       3.761461831453463E-17    0.4586725274241098       4.5660182504106825E-17   0.4586725274241098       5.356329871967831E-17    0.4586725274241098       6.123868791054089E-17    0.4586725274241098       6.873210254531021E-17    0.4586725274241098       7.634596547832392E-17    0.4586725274241098       8.450097323726388E-17    0.4586725274241098       9.352228282050749E-17    0.4586725274241098       1.0375116599502313E-16   0.4586725274241098       1.1530859487662982E-16   0.4586725274241098       1.2817461097778654E-16   0.4586725274241098       1.419482964193805E-16    0.4586725274241098       1.562554424358966E-16    0.4586725274241098       1.7064032259104928E-16   0.4586725274241098
0.4649557127312894        8.311018177813829E-18    0.4649557127312894       9.596708016325878E-18    0.4649557127312894       1.2565673820967048E-17   0.4649557127312894       1.6600719171624196E-17   0.4649557127312894       2.1211427742106905E-17   0.4649557127312894       2.5938392423554952E-17   0.4649557127312894       3.0540411396614513E-17   0.4649557127312894       3.4894249872780245E-17   0.4649557127312894       3.915957342909074E-17    0.4649557127312894       4.35569941712779E-17     0.4649557127312894       4.8435151573738946E-17   0.4649557127312894       5.4127719911306644E-17   0.4649557127312894       6.080580318943636E-17    0.4649557127312894       6.856107379055491E-17    0.4649557127312894       7.727699545390075E-17    0.4649557127312894       8.674218946502445E-17    0.4649557127312894       9.649101230843097E-17    0.4649557127312894       1.0617279457447646E-16   0.4649557127312894       1.154489926129332E-16    0.4649557127312894
0.47123889803846897       5.989351294066972E-18    0.4712388980384689       7.543722174890538E-18    0.4712388980384689       9.518500476963996E-18    0.4712388980384689       1.1584363314225027E-17   0.4712388980384689       1.357413864362084E-17    0.4712388980384689       1.542748814831142E-17    0.4712388980384689       1.7280291293607054E-17   0.4712388980384689       1.9325051724904405E-17   0.4712388980384689       2.1848543225667622E-17   0.4712388980384689       2.5058176472901393E-17   0.4712388980384689       2.9099821892423856E-17   0.4712388980384689       3.398161203798495E-17    0.4712388980384689       3.954783478179541E-17    0.4712388980384689       4.556829347956884E-17    0.4712388980384689       5.172004226261131E-17    0.4712388980384689       5.773427860444966E-17    0.4712388980384689       6.329629925951913E-17    0.4712388980384689       6.830165232990812E-17    0.4712388980384689       7.275614063586879E-17    0.4712388980384689
0.47752208334564855       1.498361196045966E-17    0.4775220833456485       1.599323589696793E-17    0.4775220833456485       1.7853146908918585E-17   0.4775220833456485       2.0196770987106926E-17   0.4775220833456485       2.3023960361811718E-17   0.4775220833456485       2.646819755480792E-17    0.4775220833456485       3.0846250074655776E-17   0.4775220833456485       3.638271915202855E-17    0.4775220833456485       4.328296121282967E-17    0.4775220833456485       5.15088801192048E-17     0.4775220833456485       6.087749556734113E-17    0.4775220833456485       7.105195674129085E-17    0.4775220833456485       8.15325220212966E-17     0.4775220833456485       9.190350866705324E-17    0.4775220833456485       1.01785634858818E-16     0.4775220833456485       1.1102482112356731E-16   0.4775220833456485       1.1950021011631405E-16   0.4775220833456485       1.2742807173481824E-16   0.4775220833456485       1.351493100893865E-16    0.4775220833456485
0.48380526865282814       1.8110015433078983E-17   0.48380526865282814      1.797694493172581E-17    0.48380526865282814      1.9142830966133352E-17   0.48380526865282814      2.12669698941373E-17     0.48380526865282814      2.4436443019817433E-17   0.48380526865282814      2.8812789202150145E-17   0.48380526865282814      3.465551159527725E-17    0.48380526865282814      4.2028462466479447E-17   0.48380526865282814      5.092821288416631E-17    0.48380526865282814      6.106431376075114E-17    0.48380526865282814      7.205211454494881E-17    0.48380526865282814      8.34312142816036E-17     0.48380526865282814      9.46553828526259E-17     0.48380526865282814      1.0539011166571872E-16   0.48380526865282814      1.154223956953048E-16    0.48380526865282814      1.2482706087362195E-16   0.48380526865282814      1.3368165156107202E-16   0.48380526865282814      1.4240364450876812E-16   0.48380526865282814      1.5143584855287604E-16   0.48380526865282814
0.4900884539600077        9.647499549767023E-18    0.4900884539600077       8.978526797629755E-18    0.4900884539600077       9.141127195114977E-18    0.4900884539600077       1.0130506970381445E-17   0.4900884539600077       1.2097541435252535E-17   0.4900884539600077       1.5127533922723375E-17   0.4900884539600077       1.9259615708731424E-17   0.4900884539600077       2.434815938291783E-17    0.4900884539600077       3.018190103452463E-17    0.4900884539600077       3.6399039378657693E-17   0.4900884539600077       4.266173162978858E-17    0.4900884539600077       4.867109970567765E-17    0.4900884539600077       5.418930875744597E-17    0.4900884539600077       5.918014950343582E-17    0.4900884539600077       6.372574071852426E-17    0.4900884539600077       6.810616495324122E-17    0.4900884539600077       7.253487316705608E-17    0.4900884539600077       7.73823861634964E-17     0.4900884539600077       8.291920472766555E-17    0.4900884539600077
0.49637163926718736       6.7533083494811005E-18   0.49637163926718736      6.472958298540764E-18    0.49637163926718736      7.439350663968983E-18    0.49637163926718736      9.652222197421976E-18    0.49637163926718736      1.3059450901623722E-17   0.49637163926718736      1.7446169085255924E-17   0.49637163926718736      2.2535080940734872E-17   0.49637163926718736      2.794177570560736E-17    0.49637163926718736      3.33487182287195E-17     0.49637163926718736      3.846593726425495E-17    0.49637163926718736      4.3166530318050915E-17   0.49637163926718736      4.746700621935657E-17    0.49637163926718736      5.1491856389276324E-17   0.49637163926718736      5.552195339652775E-17    0.49637163926718736      5.985223798714929E-17    0.49637163926718736      6.481860270966273E-17    0.49637163926718736      7.055368032266106E-17    0.49637163926718736      7.717710543244805E-17    0.49637163926718736      8.464157573529947E-17    0.49637163926718736
0.5026548245743669        1.161820256559158E-17    0.5026548245743669       1.1961914532952574E-17   0.5026548245743669       1.476167629400324E-17    0.5026548245743669       1.9551907908248926E-17   0.5026548245743669       2.5901351219729508E-17   0.5026548245743669       3.325067339140727E-17    0.5026548245743669       4.111084818935825E-17    0.5026548245743669       4.8981164549561566E-17   0.5026548245743669       5.66184096557244E-17     0.5026548245743669       6.388728390778813E-17    0.5026548245743669       7.090751301262866E-17    0.5026548245743669       7.79706286918894E-17     0.5026548245743669       8.537871067414436E-17    0.5026548245743669       9.35464072304201E-17     0.5026548245743669       1.0276773874314665E-16   0.5026548245743669       1.1325830166088543E-16   0.5026548245743669       1.2488779341240037E-16   0.5026548245743669       1.3749754593778792E-16   0.5026548245743669       1.5076291273529512E-16   0.5026548245743669
0.5089380098815465        1.0119818114061113E-17   0.5089380098815465       1.1127760486541952E-17   0.5089380098815465       1.432667031450644E-17    0.5089380098815465       1.906362079436495E-17    0.5089380098815465       2.4808694460427378E-17   0.5089380098815465       3.10069881749914E-17     0.5089380098815465       3.7277807438418707E-17   0.5089380098815465       4.3314001454205214E-17   0.5089380098815465       4.910962076734599E-17    0.5089380098815465       5.4748051966348825E-17   0.5089380098815465       6.052164629773296E-17    0.5089380098815465       6.680244198240254E-17    0.5089380098815465       7.387040912301499E-17    0.5089380098815465       8.201273438747523E-17    0.5089380098815465       9.13286560402857E-17     0.5089380098815465       1.018087774445058E-16    0.5089380098815465       1.131087454294105E-16    0.5089380098815465       1.2492132942320342E-16   0.5089380098815465       1.3684253822712868E-16   0.5089380098815465
0.515221195188726         5.803809798067766E-18    0.515221195188726        7.453418031386102E-18    0.515221195188726        9.924806320581792E-18    0.515221195188726        1.2793901294146447E-17   0.515221195188726        1.575670130113581E-17    0.515221195188726        1.8573285663126078E-17   0.515221195188726        2.1200600053201172E-17   0.515221195188726        2.3684835298649068E-17   0.515221195188726        2.6256800936295745E-17   0.515221195188726        2.914864549412667E-17    0.515221195188726        3.2637735744606215E-17   0.515221195188726        3.693228245146608E-17    0.515221195188726        4.20965248463787E-17     0.515221195188726        4.8108918817698605E-17   0.515221195188726        5.478605894497505E-17    0.515221195188726        6.190592595019458E-17    0.515221195188726        6.907087531441983E-17    0.515221195188726        7.601052802076949E-17    0.515221195188726        8.248865725983807E-17    0.515221195188726
0.5215043804959058        1.1237331499645467E-17   0.5215043804959058       1.272407440727543E-17    0.5215043804959058       1.48266538567703E-17     0.5215043804959058       1.717280252490968E-17    0.5215043804959058       1.9649796649104138E-17   0.5215043804959058       2.227292357086918E-17    0.5215043804959058       2.5269054540209506E-17   0.5215043804959058       2.8871049964293737E-17   0.5215043804959058       3.3378116613789844E-17   0.5215043804959058       3.894811767652859E-17    0.5215043804959058       4.564262848299361E-17    0.5215043804959058       5.336609035600003E-17    0.5215043804959058       6.183252565271893E-17    0.5215043804959058       7.071933253037957E-17    0.5215043804959058       7.962580264438561E-17    0.5215043804959058       8.824849216534747E-17    0.5215043804959058       9.624718027052883E-17    0.5215043804959058       1.0354486503931502E-16   0.5215043804959058       1.1020799484969037E-16   0.5215043804959058
0.5277875658030853        1.8268543696678922E-17   0.5277875658030853       1.860184424820341E-17    0.5277875658030853       2.016315000577247E-17    0.5277875658030853       2.249364168151683E-17    0.5277875658030853       2.556933067208938E-17    0.5277875658030853       2.9498557234509145E-17   0.5277875658030853       3.457034721691834E-17    0.5277875658030853       4.096650228961584E-17    0.5277875658030853       4.886521212908672E-17    0.5277875658030853       5.819319133939278E-17    0.5277875658030853       6.875379016958677E-17    0.5277875658030853       8.02086415926537E-17     0.5277875658030853       9.20376886309882E-17     0.5277875658030853       1.038131248859244E-16    0.5277875658030853       1.151304251064351E-16    0.5277875658030853       1.2579946192225473E-16   0.5277875658030853       1.3563413782213861E-16   0.5277875658030853       1.4480982965024623E-16   0.5277875658030853       1.5363448959160787E-16   0.5277875658030853
0.5340707511102648        1.416789318859415E-17    0.5340707511102648       1.3540242584314073E-17   0.5340707511102648       1.39740010265361E-17     0.5340707511102648       1.5252297918393225E-17   0.5340707511102648       1.747433881974125E-17    0.5340707511102648       2.076830558424742E-17    0.5340707511102648       2.5311782196123527E-17   0.5340707511102648       3.1117407288124064E-17   0.5340707511102648       3.814168157533798E-17    0.5340707511102648       4.611750078977633E-17    0.5340707511102648       5.472097091096534E-17    0.5340707511102648       6.35726298004518E-17     0.5340707511102648       7.223836493059374E-17    0.5340707511102648       8.044474847637189E-17    0.5340707511102648       8.801498521867096E-17    0.5340707511102648       9.501068845180898E-17    0.5340707511102648       1.0147923229932265E-16   0.5340707511102648       1.077641796086339E-16    0.5340707511102648       1.1422702189780841E-16   0.5340707511102648
0.5403539364174444        7.610754153913786E-18    0.5403539364174444       6.978311153996927E-18    0.5403539364174444       7.257110185841013E-18    0.5403539364174444       8.498709515551724E-18    0.5403539364174444       1.0800649870325577E-17   0.5403539364174444       1.4150750366996067E-17   0.5403539364174444       1.8477107059589748E-17   0.5403539364174444       2.3552859416040875E-17   0.5403539364174444       2.912155674025554E-17    0.5403539364174444       3.4839559725779434E-17   0.5403539364174444       4.042178052295489E-17    0.5403539364174444       4.564624900824535E-17    0.5403539364174444       5.037304862800155E-17    0.5403539364174444       5.463902629996859E-17    0.5403539364174444       5.8574219780217E-17      0.5403539364174444       6.247469745485917E-17    0.5403539364174444       6.654738169414276E-17    0.5403539364174444       7.112178044706182E-17    0.5403539364174444       7.642512667890241E-17    0.5403539364174444
0.546637121724624         9.33365740878737E-18     0.546637121724624        9.142389783386635E-18    0.546637121724624        1.0826627811922895E-17   0.546637121724624        1.4199896931432236E-17   0.546637121724624        1.9076976483616854E-17   0.546637121724624        2.51217131796538E-17     0.546637121724624        3.197783966981947E-17    0.546637121724624        3.9189193050301805E-17   0.546637121724624        4.641322285944722E-17    0.546637121724624        5.333963451037109E-17    0.546637121724624        5.983996263166393E-17    0.546637121724624        6.594634897785967E-17    0.546637121724624        7.178145480726713E-17    0.546637121724624        7.765611899008306E-17    0.546637121724624        8.389395123440134E-17    0.546637121724624        9.087037630837652E-17    0.546637121724624        9.87378239156831E-17     0.546637121724624        1.0765511995163836E-16   0.546637121724624        1.17608015726165E-16     0.546637121724624
0.5529203070318035        1.1380616791300534E-17   0.5529203070318035       1.177821647960183E-17    0.5529203070318035       1.468609725172794E-17    0.5529203070318035       1.9535508534874424E-17   0.5529203070318035       2.5868313786420608E-17   0.5529203070318035       3.313892375958663E-17    0.5529203070318035       4.089367264440425E-17    0.5529203070318035       4.866373652199751E-17    0.5529203070318035       5.622453289292538E-17    0.5529203070318035       6.34260241582288E-17     0.5529203070318035       7.035509520564382E-17    0.5529203070318035       7.725947858226653E-17    0.5529203070318035       8.439577551932054E-17    0.5529203070318035       9.215757234893483E-17    0.5529203070318035       1.0085145341690602E-16   0.5529203070318035       1.1074343712100585E-16   0.5529203070318035       1.217784154049207E-16    0.5529203070318035       1.3389657596554903E-16   0.5529203070318035       1.4685554003422966E-16   0.5529203070318035
0.5592034923389833        7.50548168727472E-18     0.5592034923389831       8.81857391810008E-18     0.5592034923389831       1.1746089418589283E-17   0.5592034923389831       1.5746958430626226E-17   0.5592034923389831       2.039800643423077E-17    0.5592034923389831       2.527034722746856E-17    0.5592034923389831       3.0094453753346347E-17   0.5592034923389831       3.465973779398378E-17    0.5592034923389831       3.899780750686364E-17    0.5592034923389831       4.319506306933487E-17    0.5592034923389831       4.7505959807733576E-17   0.5592034923389831       5.223653368255468E-17    0.5592034923389831       5.762607570939056E-17    0.5592034923389831       6.392171494638175E-17    0.5592034923389831       7.122014335694104E-17    0.5592034923389831       7.954927110569283E-17    0.5592034923389831       8.864534924380132E-17    0.5592034923389831       9.82825184663345E-17     0.5592034923389831       1.0812708519491117E-16   0.5592034923389831
0.5654866776461628        7.446224470738016E-18    0.5654866776461628       9.329517592717634E-18    0.5654866776461628       1.1900102316912881E-17   0.5654866776461628       1.477322311964565E-17    0.5654866776461628       1.7702462844326738E-17   0.5654866776461628       2.0509391296183234E-17   0.5654866776461628       2.3214216629338115E-17   0.5654866776461628       2.5902492479225268E-17   0.5654866776461628       2.8822142232998596E-17   0.5654866776461628       3.2199173127240845E-17   0.5654866776461628       3.628743880799175E-17    0.5654866776461628       4.126166751782031E-17    0.5654866776461628       4.7156334493145626E-17   0.5654866776461628       5.393229882927059E-17    0.5654866776461628       6.139293350676412E-17    0.5654866776461628       6.931703054997882E-17    0.5654866776461628       7.730578385123991E-17    0.5654866776461628       8.508620856530541E-17    0.5654866776461628       9.241786235819527E-17    0.5654866776461628
0.5717698629533423        1.4920705000181574E-17   0.5717698629533423       1.611553478829707E-17    0.5717698629533423       1.826962038840494E-17    0.5717698629533423       2.0902380697193658E-17   0.5717698629533423       2.3857579897139113E-17   0.5717698629533423       2.7111770798462393E-17   0.5717698629533423       3.0869351320268515E-17   0.5717698629533423       3.533472908832459E-17    0.5717698629533423       4.0805298332327234E-17   0.5717698629533423       4.744036801024011E-17    0.5717698629533423       5.5324822759628846E-17   0.5717698629533423       6.440039405391003E-17    0.5717698629533423       7.439924017330306E-17    0.5717698629533423       8.502268759422149E-17    0.5717698629533423       9.586440837163734E-17    0.5717698629533423       1.0658455862128359E-16   0.5717698629533423       1.167619796155224E-16    0.5717698629533423       1.2622897249226184E-16   0.5717698629533423       1.349541816159876E-16    0.5717698629533423
0.578053048260522         1.8026122236320933E-17   0.578053048260522        1.788929593236088E-17    0.578053048260522        1.9049653795015987E-17   0.578053048260522        2.1017056148619856E-17   0.578053048260522        2.3730524168418964E-17   0.578053048260522        2.7251418911750163E-17   0.578053048260522        3.1816552689680424E-17   0.578053048260522        3.757992510713927E-17    0.578053048260522        4.4720840061325325E-17   0.578053048260522        5.320451865263223E-17    0.578053048260522        6.290536574243684E-17    0.578053048260522        7.356902338044439E-17    0.578053048260522        8.47543890999327E-17     0.578053048260522        9.607697191386512E-17    0.578053048260522        1.0713327106630091E-16   0.578053048260522        1.176789459299807E-16    0.578053048260522        1.2743307267930031E-16   0.578053048260522        1.364465193146728E-16    0.578053048260522        1.4489375071572355E-16   0.578053048260522
0.5843362335677015        1.2333323497073689E-17   0.5843362335677015       1.1556586899150457E-17   0.5843362335677015       1.1756119225211418E-17   0.5843362335677015       1.2764837302166981E-17   0.5843362335677015       1.4667422313435886E-17   0.5843362335677015       1.755619249232145E-17    0.5843362335677015       2.156610457014662E-17    0.5843362335677015       2.6695365368525204E-17   0.5843362335677015       3.290619897548789E-17    0.5843362335677015       3.9975617160248965E-17   0.5843362335677015       4.763935819668242E-17    0.5843362335677015       5.557600045513876E-17    0.5843362335677015       6.340940351053353E-17    0.5843362335677015       7.088083833901779E-17    0.5843362335677015       7.779301402967458E-17    0.5843362335677015       8.415527050272478E-17    0.5843362335677015       8.994425514297379E-17    0.5843362335677015       9.542071476910776E-17    0.5843362335677015       1.0087535530535522E-16   0.5843362335677015
0.5906194188748811        8.457050133773702E-18    0.5906194188748811       7.811253372847675E-18    0.5906194188748811       8.313534500478187E-18    0.5906194188748811       9.96607422026117E-18     0.5906194188748811       1.2822586489774234E-17   0.5906194188748811       1.6830523063303178E-17   0.5906194188748811       2.1898496833765225E-17   0.5906194188748811       2.778745227677115E-17    0.5906194188748811       3.4244351767429715E-17   0.5906194188748811       4.092722078440933E-17    0.5906194188748811       4.7543862022841346E-17   0.5906194188748811       5.385325309571314E-17    0.5906194188748811       5.967549734722796E-17    0.5906194188748811       6.50044557745125E-17     0.5906194188748811       6.992020566313193E-17    0.5906194188748811       7.46857930399003E-17     0.5906194188748811       7.948347215611849E-17    0.5906194188748811       8.465702738288973E-17    0.5906194188748811       9.048267376193437E-17    0.5906194188748811
0.5969026041820608        1.0457338904112857E-17   0.5969026041820606       1.0120430247970341E-17   0.5969026041820606       1.1894874507962057E-17   0.5969026041820606       1.5495756821569384E-17   0.5969026041820606       2.071298786396475E-17    0.5969026041820606       2.7217387894590385E-17   0.5969026041820606       3.4679109830242585E-17   0.5969026041820606       4.2657383091954305E-17   0.5969026041820606       5.0811017512480965E-17   0.5969026041820606       5.879188966815687E-17    0.5969026041820606       6.640389271269273E-17    0.5969026041820606       7.359263764104533E-17    0.5969026041820606       8.037569991762892E-17    0.5969026041820606       8.698396734043313E-17    0.5969026041820606       9.369519526682979E-17    0.5969026041820606       1.008922114129066E-16    0.5969026041820606       1.08779283311206E-16     0.5969026041820606       1.1762878251519452E-16   0.5969026041820606       1.275711460498884E-16    0.5969026041820606
0.6031857894892403        1.0319818296302633E-17   0.6031857894892403       1.0666727689415831E-17   0.6031857894892403       1.3375885790367429E-17   0.6031857894892403       1.789168937795062E-17    0.6031857894892403       2.3808028896897437E-17   0.6031857894892403       3.0651874875126207E-17   0.6031857894892403       3.802993188022221E-17    0.6031857894892403       4.551166120615958E-17    0.6031857894892403       5.286354923859991E-17    0.6031857894892403       5.988339569747825E-17    0.6031857894892403       6.657296325503362E-17    0.6031857894892403       7.307773566751943E-17    0.6031857894892403       7.956799335947444E-17    0.6031857894892403       8.637754510480424E-17    0.6031857894892403       9.38102085714258E-17     0.6031857894892403       1.0219166934593939E-16   0.6031857894892403       1.1158212555930928E-16   0.6031857894892403       1.2207643124465412E-16   0.6031857894892403       1.3359166692643056E-16   0.6031857894892403
0.6094689747964198        7.027496621185054E-18    0.6094689747964198       8.52167405002385E-18     0.6094689747964198       1.1468561379769998E-17   0.6094689747964198       1.5392474563235302E-17   0.6094689747964198       1.9930069815507662E-17   0.6094689747964198       2.4702554559619344E-17   0.6094689747964198       2.946836807924556E-17    0.6094689747964198       3.4017048526800396E-17   0.6094689747964198       3.834715284638967E-17    0.6094689747964198       4.24905103388047E-17     0.6094689747964198       4.664156721528102E-17    0.6094689747964198       5.105089998788441E-17    0.6094689747964198       5.593901251057566E-17    0.6094689747964198       6.156533768667836E-17    0.6094689747964198       6.808049256756836E-17    0.6094689747964198       7.560662466441447E-17    0.6094689747964198       8.398803156899953E-17    0.6094689747964198       9.310834390321603E-17    0.6094689747964198       1.0271667406643986E-16   0.6094689747964198
0.6157521601035995        9.036771484521814E-18    0.6157521601035995       1.1027508335055242E-17   0.6157521601035995       1.3863166897985794E-17   0.6157521601035995       1.71391015116462E-17     0.6157521601035995       2.0590986073560982E-17   0.6157521601035995       2.4002583755449268E-17   0.6157521601035995       2.7349239233635027E-17   0.6157521601035995       3.0657025785587664E-17   0.6157521601035995       3.4128113279310167E-17   0.6157521601035995       3.7955555699991253E-17   0.6157521601035995       4.239535822277674E-17    0.6157521601035995       4.765739627646531E-17    0.6157521601035995       5.384142245197318E-17    0.6157521601035995       6.100192880090493E-17    0.6157521601035995       6.903877295541375E-17    0.6157521601035995       7.781604397554424E-17    0.6157521601035995       8.697669224874163E-17    0.6157521601035995       9.624946966871511E-17    0.6157521601035995       1.053442010698972E-16    0.6157521601035995
0.6220353454107791        1.6033755941581145E-17   0.6220353454107791       1.709873386157342E-17    0.6220353454107791       1.933564218231964E-17    0.6220353454107791       2.2185106074538953E-17   0.6220353454107791       2.541665180744934E-17    0.6220353454107791       2.892096226028932E-17    0.6220353454107791       3.282049057095338E-17    0.6220353454107791       3.725466226350877E-17    0.6220353454107791       4.2499289876807523E-17   0.6220353454107791       4.8737699842606046E-17   0.6220353454107791       5.613299238104075E-17    0.6220353454107791       6.474416177215518E-17    0.6220353454107791       7.443728887198572E-17    0.6220353454107791       8.504265807735143E-17    0.6220353454107791       9.624837736217224E-17    0.6220353454107791       1.0774572600820817E-16   0.6220353454107791       1.1907625676817557E-16   0.6220353454107791       1.2996202301465012E-16   0.6220353454107791       1.4020571037739253E-16   0.6220353454107791
0.6283185307179586        1.796790433536984E-17    0.6283185307179586       1.7688792085365762E-17   0.6283185307179586       1.8778805446330187E-17   0.6283185307179586       2.0679798904758668E-17   0.6283185307179586       2.3255863602266354E-17   0.6283185307179586       2.6494017416674254E-17   0.6283185307179586       3.057305026662233E-17    0.6283185307179586       3.562756075524685E-17    0.6283185307179586       4.18648644776192E-17     0.6283185307179586       4.9328471626823554E-17   0.6283185307179586       5.801048683348969E-17    0.6283185307179586       6.778903918241204E-17    0.6283185307179586       7.835005508378516E-17    0.6283185307179586       8.939415328559056E-17    0.6283185307179586       1.0054500091359135E-16   0.6283185307179586       1.11510281956201E-16     0.6283185307179586       1.218997071334637E-16    0.6283185307179586       1.3159555928140162E-16   0.6283185307179586       1.4057606042656148E-16   0.6283185307179586
0.6346017160251383        1.3111831840722553E-17   0.6346017160251383       1.229381167517901E-17    0.6346017160251383       1.2532796833015913E-17   0.6346017160251383       1.3589473438181987E-17   0.6346017160251383       1.5492774642368272E-17   0.6346017160251383       1.8297990465627002E-17   0.6346017160251383       2.2140901098760504E-17   0.6346017160251383       2.7053380444152502E-17   0.6346017160251383       3.306768442042729E-17    0.6346017160251383       4.004708252475754E-17    0.6346017160251383       4.7815820167706584E-17   0.6346017160251383       5.611893809562879E-17    0.6346017160251383       6.460652521819527E-17    0.6346017160251383       7.299831550706176E-17    0.6346017160251383       8.101789927288541E-17    0.6346017160251383       8.855651729366535E-17    0.6346017160251383       9.543875237685644E-17    0.6346017160251383       1.0178075850307902E-16   0.6346017160251383       1.077512538499251E-16    0.6346017160251383
0.6408849013323178        9.887284539709242E-18    0.6408849013323178       9.11974471083757E-18     0.6408849013323178       9.579155488472476E-18    0.6408849013323178       1.1200645366456457E-17   0.6408849013323178       1.4025584514284773E-17   0.6408849013323178       1.8026661747105328E-17   0.6408849013323178       2.3177961535784774E-17   0.6408849013323178       2.9317003527848E-17      0.6408849013323178       3.626966682318949E-17    0.6408849013323178       4.3743825844758176E-17   0.6408849013323178       5.1456572835224257E-17   0.6408849013323178       5.912632955628839E-17    0.6408849013323178       6.64739410702101E-17     0.6408849013323178       7.336315848324036E-17    0.6408849013323178       7.971772689025982E-17    0.6408849013323178       8.565967826838673E-17    0.6408849013323178       9.124863891474184E-17    0.6408849013323178       9.677823164779715E-17    0.6408849013323178       1.0254076397582982E-16   0.6408849013323178
0.6471680866394973        1.0800368580005303E-17   0.6471680866394973       1.0162743932079519E-17   0.6471680866394973       1.1574848101861334E-17   0.6471680866394973       1.4745402214789023E-17   0.6471680866394973       1.951597032848405E-17    0.6471680866394973       2.5646783039751316E-17   0.6471680866394973       3.2907763627287186E-17   0.6471680866394973       4.094483654629952E-17    0.6471680866394973       4.945969381585768E-17    0.6471680866394973       5.809350029042051E-17    0.6471680866394973       6.657318942388237E-17    0.6471680866394973       7.471499687573022E-17    0.6471680866394973       8.236839134832104E-17    0.6471680866394973       8.959026805139162E-17    0.6471680866394973       9.650714505219828E-17    0.6471680866394973       1.0340921096498048E-16   0.6471680866394973       1.1048105046959353E-16   0.6471680866394973       1.1806677821774921E-16   0.6471680866394973       1.2644586071901126E-16   0.6471680866394973
0.6534512719466771        1.0128459131914594E-17   0.6534512719466771       1.014803004729593E-17    0.6534512719466771       1.2486627022626691E-17   0.6534512719466771       1.6624079429434954E-17   0.6534512719466771       2.2229269221283253E-17   0.6534512719466771       2.891725998301046E-17    0.6534512719466771       3.6361599689884624E-17   0.6534512719466771       4.416307188964691E-17    0.6534512719466771       5.205925127056806E-17    0.6534512719466771       5.976719911883419E-17    0.6534512719466771       6.715695064258913E-17    0.6534512719466771       7.421876413845425E-17    0.6534512719466771       8.096943936994279E-17    0.6534512719466771       8.762031746877696E-17    0.6534512719466771       9.441232914189404E-17    0.6534512719466771       1.0168778970982544E-16   0.6534512719466771       1.0960204138390846E-16   0.6534512719466771       1.1841884311176873E-16   0.6534512719466771       1.2826903309930738E-16   0.6534512719466771
0.6597344572538566        7.43405202840831E-18     0.6597344572538566       8.771301735092351E-18    0.6597344572538566       1.1733677520969638E-17   0.6597344572538566       1.586325647185857E-17    0.6597344572538566       2.0831797199830014E-17   0.6597344572538566       2.627350713197394E-17    0.6597344572538566       3.192656032470055E-17    0.6597344572538566       3.751534892230845E-17    0.6597344572538566       4.2940061619499E-17      0.6597344572538566       4.810632169482295E-17    0.6597344572538566       5.308337117339254E-17    0.6597344572538566       5.801953368690942E-17    0.6597344572538566       6.307267143277701E-17    0.6597344572538566       6.850442218267404E-17    0.6597344572538566       7.453282421412049E-17    0.6597344572538566       8.141772991330081E-17    0.6597344572538566       8.916723288503331E-17    0.6597344572538566       9.786267497461491E-17    0.6597344572538566       1.0743173002034934E-16   0.6597344572538566
0.6660176425610361        9.057193927185815E-18    0.6660176425610361       1.1131444109192312E-17   0.6660176425610361       1.427960684273289E-17    0.6660176425610361       1.810042643338622E-17    0.6660176425610361       2.2309856976180144E-17   0.6660176425610361       2.6625134317172852E-17   0.6660176425610361       3.092156120145149E-17    0.6660176425610361       3.509811321194932E-17    0.6660176425610361       3.92364652387546E-17     0.6660176425610361       4.342546194373185E-17    0.6660176425610361       4.7869382751517227E-17   0.6660176425610361       5.278564968632175E-17    0.6660176425610361       5.834807146408885E-17    0.6660176425610361       6.474738030848891E-17    0.6660176425610361       7.206109287370727E-17    0.6660176425610361       8.035667349662856E-17    0.6660176425610361       8.944564979661175E-17    0.6660176425610361       9.919362502257026E-17    0.6660176425610361       1.0936954135689654E-16   0.6660176425610361
0.6723008278682158        1.5316492515715097E-17   0.6723008278682158       1.6609077163081587E-17   0.6723008278682158       1.9202238906787054E-17   0.6723008278682158       2.2515038074656515E-17   0.6723008278682158       2.6247865797694037E-17   0.6723008278682158       3.018170368592341E-17    0.6723008278682158       3.4311429678773286E-17   0.6723008278682158       3.865954563926823E-17    0.6723008278682158       4.342334206879083E-17    0.6723008278682158       4.8766927618281367E-17   0.6723008278682158       5.490643888202383E-17    0.6723008278682158       6.202035396005807E-17    0.6723008278682158       7.015867493281011E-17    0.6723008278682158       7.935877384471962E-17    0.6723008278682158       8.951487694607014E-17    0.6723008278682158       1.0048675738637983E-16   0.6723008278682158       1.1191766019421046E-16   0.6723008278682158       1.2353424989713222E-16   0.6723008278682158       1.3504966151577146E-16   0.6723008278682158
0.6785840131753953        1.859293973512379E-17    0.6785840131753953       1.8493432823097737E-17   0.6785840131753953       1.9939465652835038E-17   0.6785840131753953       2.224900577546914E-17    0.6785840131753953       2.516460472029573E-17    0.6785840131753953       2.855150588337471E-17    0.6785840131753953       3.2491820263435204E-17   0.6785840131753953       3.7065700646624996E-17   0.6785840131753953       4.2490014445959726E-17   0.6785840131753953       4.888312315881502E-17    0.6785840131753953       5.637171288867835E-17    0.6785840131753953       6.500979707651338E-17    0.6785840131753953       7.467688936597217E-17    0.6785840131753953       8.524741677761536E-17    0.6785840131753953       9.647116666254797E-17    0.6785840131753953       1.0810011181769013E-16   0.6785840131753953       1.1971026425330808E-16   0.6785840131753953       1.3104575637360366E-16   0.6785840131753953       1.4188150506510693E-16   0.6785840131753953
0.6848671984825748        1.57570362001849E-17     0.6848671984825748       1.4972770158103213E-17   0.6848671984825748       1.5477376022997415E-17   0.6848671984825748       1.6826076803899167E-17   0.6848671984825748       1.8921659884999747E-17   0.6848671984825748       2.173712303075617E-17    0.6848671984825748       2.5394350392050164E-17   0.6848671984825748       2.9961548335004464E-17   0.6848671984825748       3.5575686768628446E-17   0.6848671984825748       4.2232732311643496E-17   0.6848671984825748       4.991445328191017E-17    0.6848671984825748       5.851442245014965E-17    0.6848671984825748       6.778534264036584E-17    0.6848671984825748       7.74980468253521E-17     0.6848671984825748       8.734878448015909E-17    0.6848671984825748       9.71216068122973E-17     0.6848671984825748       1.0646049308565116E-16   0.6848671984825748       1.1525998550219048E-16   0.6848671984825748       1.2345410701427348E-16   0.6848671984825748
0.6911503837897546        1.2171567960119896E-17   0.6911503837897546       1.1309309603140263E-17   0.6911503837897546       1.1654544490930814E-17   0.6911503837897546       1.3022248000001702E-17   0.6911503837897546       1.541875097495873E-17    0.6911503837897546       1.8839566415597437E-17   0.6911503837897546       2.335038593999352E-17    0.6911503837897546       2.8916133597543265E-17   0.6911503837897546       3.551983889136817E-17    0.6911503837897546       4.3007649227753035E-17   0.6911503837897546       5.12086616987549E-17     0.6911503837897546       5.989099239781028E-17    0.6911503837897546       6.874734560972693E-17    0.6911503837897546       7.754115648151761E-17    0.6911503837897546       8.602126771415416E-17    0.6911503837897546       9.409473983234935E-17    0.6911503837897546       1.0157392500054064E-16   0.6911503837897546       1.0854157757379117E-16   0.6911503837897546       1.1512422732217235E-16   0.6911503837897546
0.6974335690969341        1.1534159731462053E-17   0.6974335690969341       1.057400939996514E-17    0.6974335690969341       1.1394516028436713E-17   0.6974335690969341       1.3732704426835286E-17   0.6974335690969341       1.75043411416519E-17     0.6974335690969341       2.2590482161343825E-17   0.6974335690969341       2.8912677328785163E-17   0.6974335690969341       3.627542390853445E-17    0.6974335690969341       4.450858045836789E-17    0.6974335690969341       5.333445484404267E-17    0.6974335690969341       6.248818642420006E-17    0.6974335690969341       7.171000954912247E-17    0.6974335690969341       8.070424064466395E-17    0.6974335690969341       8.932010397398296E-17    0.6974335690969341       9.744192924190135E-17    0.6974335690969341       1.051273200232572E-16    0.6974335690969341       1.1236922766305413E-16   0.6974335690969341       1.1939832367890207E-16   0.6974335690969341       1.264747673102646E-16    0.6974335690969341
0.7037167544041136        1.0916116776178435E-17   0.7037167544041136       1.0243449970140284E-17   0.7037167544041136       1.1848867420814332E-17   0.7037167544041136       1.5249567195036138E-17   0.7037167544041136       2.0205625257109458E-17   0.7037167544041136       2.645415502765841E-17    0.7037167544041136       3.3784672632505774E-17   0.7037167544041136       4.188634369392187E-17    0.7037167544041136       5.052266999949565E-17    0.7037167544041136       5.937793433354617E-17    0.7037167544041136       6.820968715115047E-17    0.7037167544041136       7.683736303564465E-17    0.7037167544041136       8.506448469541046E-17    0.7037167544041136       9.288170394026898E-17    0.7037167544041136       1.0033174868564288E-16   0.7037167544041136       1.0761218536341328E-16   0.7037167544041136       1.1482510343623521E-16   0.7037167544041136       1.2227419932868417E-16   0.7037167544041136       1.302322495994002E-16    0.7037167544041136
0.7099999397112933        8.480059419868812E-18    0.7099999397112933       9.042052146783656E-18    0.7099999397112933       1.1588215549549556E-17   0.7099999397112933       1.56345866482766E-17     0.7099999397112933       2.0896661418441107E-17   0.7099999397112933       2.7054414586547507E-17   0.7099999397112933       3.3861415135701573E-17   0.7099999397112933       4.100331892698198E-17    0.7099999397112933       4.8288203235046276E-17   0.7099999397112933       5.547297476340391E-17    0.7099999397112933       6.24420077378783E-17     0.7099999397112933       6.91523926672221E-17     0.7099999397112933       7.556965075032254E-17    0.7099999397112933       8.182303511790114E-17    0.7099999397112933       8.806680808843786E-17    0.7099999397112933       9.458484375463677E-17    0.7099999397112933       1.014858102399041E-16    0.7099999397112933       1.0904872983625226E-16   0.7099999397112933       1.1744733380665E-16      0.7099999397112933
0.7162831250184728        8.116288672292535E-18    0.7162831250184728       9.977670165206733E-18    0.7162831250184728       1.324438528049926E-17    0.7162831250184728       1.7542494293544523E-17   0.7162831250184728       2.260980461484277E-17    0.7162831250184728       2.8137253002008026E-17   0.7162831250184728       3.392088799097563E-17    0.7162831250184728       3.972368305905222E-17    0.7162831250184728       4.546195987223823E-17    0.7162831250184728       5.103267611814059E-17    0.7162831250184728       5.647208458301857E-17    0.7162831250184728       6.186871658892916E-17    0.7162831250184728       6.73256299684985E-17     0.7162831250184728       7.30514492245149E-17     0.7162831250184728       7.922549965497818E-17    0.7162831250184728       8.611324641582807E-17    0.7162831250184728       9.374624658880402E-17    0.7162831250184728       1.0227498729124959E-16   0.7162831250184728       1.117200915579277E-16    0.7162831250184728
0.7225663103256524        1.2556610276590834E-17   0.7225663103256523       1.4359943128003895E-17   0.7225663103256523       1.753783373284107E-17    0.7225663103256523       2.160773512978727E-17    0.7225663103256523       2.626718019771424E-17    0.7225663103256523       3.1217394016581725E-17   0.7225663103256523       3.631708438715081E-17    0.7225663103256523       4.1422789027036154E-17   0.7225663103256523       4.656444812010773E-17    0.7225663103256523       5.17675067765277E-17     0.7225663103256523       5.717102257814416E-17    0.7225663103256523       6.294327165076742E-17    0.7225663103256523       6.922391189945764E-17    0.7225663103256523       7.62123991134022E-17     0.7225663103256523       8.402946829802838E-17    0.7225663103256523       9.281715722869073E-17    0.7225663103256523       1.0248084097445172E-16   0.7225663103256523       1.129903854192836E-16    0.7225663103256523       1.2421778595483754E-16   0.7225663103256523
0.7288494956328321        1.7841808128876008E-17   0.7288494956328321       1.8366353415862498E-17   0.7288494956328321       2.0608856156934883E-17   0.7288494956328321       2.384061971452613E-17    0.7288494956328321       2.770101690495007E-17    0.7288494956328321       3.191407003476806E-17    0.7288494956328321       3.640815091331433E-17    0.7288494956328321       4.112350550873481E-17    0.7288494956328321       4.617782999645341E-17    0.7288494956328321       5.165997834606654E-17    0.7288494956328321       5.773950746061224E-17    0.7288494956328321       6.458826743877311E-17    0.7288494956328321       7.228327510929121E-17    0.7288494956328321       8.093563649792769E-17    0.7288494956328321       9.055070695145668E-17    0.7288494956328321       1.0111495997538427E-16   0.7288494956328321       1.123935882312387E-16    0.7288494956328321       1.2421862756489246E-16   0.7288494956328321       1.3636259475660827E-16   0.7288494956328321
0.7351326809400116        1.8866123049502977E-17   0.7351326809400116       1.832063171168708E-17    0.7351326809400116       1.9500936451191942E-17   0.7351326809400116       2.167076332064801E-17    0.7351326809400116       2.4530304184982262E-17   0.7351326809400116       2.788452672617601E-17    0.7351326809400116       3.174370140140765E-17    0.7351326809400116       3.6114105502118105E-17   0.7351326809400116       4.1153084279548496E-17   0.7351326809400116       4.6940410401035966E-17   0.7351326809400116       5.360902576927452E-17    0.7351326809400116       6.12542745775251E-17     0.7351326809400116       6.984352472369357E-17    0.7351326809400116       7.935995084320518E-17    0.7351326809400116       8.967454846361456E-17    0.7351326809400116       1.0066512652041841E-16   0.7351326809400116       1.1198920324314688E-16   0.7351326809400116       1.2344276582032754E-16   0.7351326809400116       1.347833475975483E-16    0.7351326809400116
0.7414158662471911        1.6305667479287518E-17   0.7414158662471911       1.5485406997969288E-17   0.7414158662471911       1.609957914936089E-17    0.7414158662471911       1.7671813952278514E-17   0.7414158662471911       2.005040611052233E-17    0.7414158662471911       2.3138816219237074E-17   0.7414158662471911       2.7002082007755484E-17   0.7414158662471911       3.1664433181122156E-17   0.7414158662471911       3.7251407574224385E-17   0.7414158662471911       4.377747123307665E-17    0.7414158662471911       5.128055574585009E-17    0.7414158662471911       5.972964937888637E-17    0.7414158662471911       6.897648056161575E-17    0.7414158662471911       7.888700641569223E-17    0.7414158662471911       8.92279258355218E-17     0.7414158662471911       9.98363532306689E-17     0.7414158662471911       1.1034545703863607E-16   0.7414158662471911       1.206014313668382E-16    0.7414158662471911       1.3044175112440907E-16   0.7414158662471911
0.7476990515543708        1.4056102332347995E-17   0.7476990515543707       1.307431259539904E-17    0.7476990515543707       1.3586866689019402E-17   0.7476990515543707       1.5274300776432484E-17   0.7476990515543707       1.8045910419977983E-17   0.7476990515543707       2.1828160393884136E-17   0.7476990515543707       2.666138616599637E-17    0.7476990515543707       3.2514339059394623E-17   0.7476990515543707       3.941591187365932E-17    0.7476990515543707       4.728137624681223E-17    0.7476990515543707       5.60237729937086E-17     0.7476990515543707       6.5495726772556E-17      0.7476990515543707       7.5451413403345E-17      0.7476990515543707       8.569252045215777E-17    0.7476990515543707       9.595685686261788E-17    0.7476990515543707       1.0609476944641853E-16   0.7476990515543707       1.158124919161352E-16    0.7476990515543707       1.2505026391433798E-16   0.7476990515543707       1.3378505947161594E-16   0.7476990515543707
0.7539822368615503        1.2885391053827168E-17   0.7539822368615503       1.1617587613868102E-17   0.7539822368615503       1.2331596622981354E-17   0.7539822368615503       1.4595203800432146E-17   0.7539822368615503       1.824197470121714E-17    0.7539822368615503       2.3131888581589276E-17   0.7539822368615503       2.9214634308113404E-17   0.7539822368615503       3.635753570281855E-17    0.7539822368615503       4.448011145403747E-17    0.7539822368615503       5.339681251255666E-17    0.7539822368615503       6.292359234686847E-17    0.7539822368615503       7.285768887969282E-17    0.7539822368615503       8.290744040704322E-17    0.7539822368615503       9.288406496301215E-17    0.7539822368615503       1.0258184608867332E-16   0.7539822368615503       1.1191910250395758E-16   0.7539822368615503       1.207278462454107E-16    0.7539822368615503       1.29065926035534E-16     0.7539822368615503       1.370448444672381E-16    0.7539822368615503
0.7602654221687299        1.0896341881433444E-17   0.7602654221687299       1.0047459925872022E-17   0.7602654221687299       1.1430261767064101E-17   0.7602654221687299       1.4498625631310686E-17   0.7602654221687299       1.9009122524498702E-17   0.7602654221687299       2.4743953184485763E-17   0.7602654221687299       3.156727416406291E-17    0.7602654221687299       3.9260474338476526E-17   0.7602654221687299       4.767750294866366E-17    0.7602654221687299       5.657083271913001E-17    0.7602654221687299       6.573519779257767E-17    0.7602654221687299       7.498313304753143E-17    0.7602654221687299       8.405929128575789E-17    0.7602654221687299       9.285104288577998E-17    0.7602654221687299       1.0126058451605609E-16   0.7602654221687299       1.0932976402307352E-16   0.7602654221687299       1.1700429167801472E-16   0.7602654221687299       1.2446536308314671E-16   0.7602654221687299       1.319053501426115E-16    0.7602654221687299
0.7665486074759096        8.578401325597117E-18    0.7665486074759096       9.149730833292478E-18    0.7665486074759096       1.1636397719106826E-17   0.7665486074759096       1.559086722919949E-17    0.7665486074759096       2.0781335271166106E-17   0.7665486074759096       2.695490661957323E-17    0.7665486074759096       3.393832947038581E-17    0.7665486074759096       4.1477184371884695E-17   0.7665486074759096       4.941779723025813E-17    0.7665486074759096       5.751597118968258E-17    0.7665486074759096       6.56178811846954E-17     0.7665486074759096       7.360013329849574E-17    0.7665486074759096       8.131275681653993E-17    0.7665486074759096       8.875387981360567E-17    0.7665486074759096       9.593727036091234E-17    0.7665486074759096       1.0303852850720405E-16   0.7665486074759096       1.1007412170890334E-16   0.7665486074759096       1.1730581821958611E-16   0.7665486074759096       1.2494144669485304E-16   0.7665486074759096
0.7728317927830891        9.061501815712426E-18    0.7728317927830891       1.0837419574520223E-17   0.7728317927830891       1.4160307001623754E-17   0.7728317927830891       1.869081522691255E-17    0.7728317927830891       2.4210786452444937E-17   0.7728317927830891       3.044815465801845E-17    0.7728317927830891       3.722276665483391E-17    0.7728317927830891       4.428563040107313E-17    0.7728317927830891       5.1513308488496363E-17   0.7728317927830891       5.872260602711562E-17    0.7728317927830891       6.584264705022602E-17    0.7728317927830891       7.283770698992091E-17    0.7728317927830891       7.967561162762456E-17    0.7728317927830891       8.645705517835381E-17    0.7728317927830891       9.327934626552405E-17    0.7728317927830891       1.003885072768639E-16    0.7728317927830891       1.0783113206577451E-16   0.7728317927830891       1.1585773615569805E-16   0.7728317927830891       1.246337312841491E-16    0.7728317927830891
0.7791149780902686        1.3251952322352536E-17   0.7791149780902688       1.478397627768808E-17    0.7791149780902688       1.7972048324419766E-17   0.7791149780902688       2.232551436311168E-17    0.7791149780902688       2.754648244200978E-17    0.7791149780902688       3.3326983895087555E-17   0.7791149780902688       3.9487929850910144E-17   0.7791149780902688       4.580996876601816E-17    0.7791149780902688       5.222214548259415E-17    0.7791149780902688       5.862511482339843E-17    0.7791149780902688       6.50285595779831E-17     0.7791149780902688       7.148581391999231E-17    0.7791149780902688       7.804235795267547E-17    0.7791149780902688       8.4858053866348E-17      0.7791149780902688       9.206838622519829E-17    0.7791149780902688       9.989687694946456E-17    0.7791149780902688       1.0837465040772642E-16   0.7791149780902688       1.1765730417870324E-16   0.7791149780902688       1.2781991053388456E-16   0.7791149780902688
0.7853981633974483        1.7983555074295163E-17   0.7853981633974483       1.8264581131271816E-17   0.7853981633974483       2.0558395841280242E-17   0.7853981633974483       2.4089107855840527E-17   0.7853981633974483       2.845416881362872E-17    0.7853981633974483       3.332169233976656E-17    0.7853981633974483       3.853562642980891E-17    0.7853981633974483       4.392703929619121E-17    0.7853981633974483       4.949509775914822E-17    0.7853981633974483       5.5211682191927186E-17   0.7853981633974483       6.115210540672038E-17    0.7853981633974483       6.743127014902212E-17    0.7853981633974483       7.411750355240559E-17    0.7853981633974483       8.137126516694842E-17    0.7853981633974483       8.930689173564581E-17    0.7853981633974483       9.807026577617395E-17    0.7853981633974483       1.0761496794302675E-16   0.7853981633974483       1.1797893512876632E-16   0.7853981633974483       1.2912041619474876E-16   0.7853981633974483
0.7916813487046279        1.9923735497295543E-17   0.7916813487046279       1.9316035414545692E-17   0.7916813487046279       2.078030234723525E-17    0.7916813487046279       2.346710578541273E-17    0.7916813487046279       2.6975381401668992E-17   0.7916813487046279       3.100520140240874E-17    0.7916813487046279       3.545991531390276E-17    0.7916813487046279       4.0234168601089375E-17   0.7916813487046279       4.539623515946764E-17    0.7916813487046279       5.0958958527330497E-17   0.7916813487046279       5.703565854281266E-17    0.7916813487046279       6.374814627370348E-17    0.7916813487046279       7.114293157178986E-17    0.7916813487046279       7.932890533491597E-17    0.7916813487046279       8.834047005469849E-17    0.7916813487046279       9.82397199263106E-17     0.7916813487046279       1.0885585442473894E-16   0.7916813487046279       1.2013618252757223E-16   0.7916813487046279       1.3193708322733263E-16   0.7916813487046279
0.7979645340118074        1.9081625524220838E-17   0.7979645340118074       1.8314134200893376E-17   0.7979645340118074       1.9374902518570987E-17   0.7979645340118074       2.1603372477259814E-17   0.7979645340118074       2.4697825518639384E-17   0.7979645340118074       2.8429677121568E-17      0.7979645340118074       3.27684665241902E-17     0.7979645340118074       3.765937186149832E-17    0.7979645340118074       4.3203549225441316E-17   0.7979645340118074       4.942188215388948E-17    0.7979645340118074       5.64180284158729E-17     0.7979645340118074       6.426512111588631E-17    0.7979645340118074       7.295295613227784E-17    0.7979645340118074       8.250825588878923E-17    0.7979645340118074       9.285829545439923E-17    0.7979645340118074       1.0398685463594488E-16   0.7979645340118074       1.1561404806573574E-16   0.7979645340118074       1.2762914991507964E-16   0.7979645340118074       1.3984260324692666E-16   0.7979645340118074
0.8042477193189871        1.7355226104978985E-17   0.8042477193189871       1.6385964574909216E-17   0.8042477193189871       1.7171530571290004E-17   0.8042477193189871       1.9208735298859894E-17   0.8042477193189871       2.2261923715941805E-17   0.8042477193189871       2.615219503630181E-17    0.8042477193189871       3.087402632638185E-17    0.8042477193189871       3.638435257102381E-17    0.8042477193189871       4.276287982193573E-17    0.8042477193189871       5.000651186903154E-17    0.8042477193189871       5.815851137341203E-17    0.8042477193189871       6.721721373172374E-17    0.8042477193189871       7.709075907880331E-17    0.8042477193189871       8.772094444757038E-17    0.8042477193189871       9.894905142609263E-17    0.8042477193189871       1.1068413564625571E-16   0.8042477193189871       1.2260860378997736E-16   0.8042477193189871       1.3458177351423286E-16   0.8042477193189871       1.464347041623791E-16    0.8042477193189871
0.8105309046261666        1.5433798263468116E-17   0.8105309046261666       1.3947649032384026E-17   0.8105309046261666       1.448398444969031E-17    0.8105309046261666       1.648684866398998E-17    0.8105309046261666       1.9696203067237858E-17   0.8105309046261666       2.3933831719877774E-17   0.8105309046261666       2.9169510640504146E-17   0.8105309046261666       3.5332539104454684E-17   0.8105309046261666       4.244695425349211E-17    0.8105309046261666       5.045656359113046E-17    0.8105309046261666       5.93228345489078E-17     0.8105309046261666       6.89762980785047E-17     0.8105309046261666       7.92420824030704E-17     0.8105309046261666       8.999996502736719E-17    0.8105309046261666       1.0105467725117638E-16   0.8105309046261666       1.1227128901989847E-16   0.8105309046261666       1.233614906125503E-16    0.8105309046261666       1.342019626762062E-16    0.8105309046261666       1.4468971145235351E-16   0.8105309046261666
0.8168140899333461        1.2838302319970982E-17   0.8168140899333461       1.1378064986565432E-17   0.8168140899333461       1.2161833402240601E-17   0.8168140899333461       1.4551396047298815E-17   0.8168140899333461       1.8257959564774894E-17   0.8168140899333461       2.3084948189159318E-17   0.8168140899333461       2.8963309183478546E-17   0.8168140899333461       3.577583210071169E-17    0.8168140899333461       4.349146821554127E-17    0.8168140899333461       5.1985210485022235E-17   0.8168140899333461       6.115437080632782E-17    0.8168140899333461       7.088206804949747E-17    0.8168140899333461       8.094092838772683E-17    0.8168140899333461       9.118792643572134E-17    0.8168140899333461       1.0143509387915715E-16   0.8168140899333461       1.1157287130248758E-16   0.8168140899333461       1.2136434238651003E-16   0.8168140899333461       1.3076830286292526E-16   0.8168140899333461       1.397655348459703E-16    0.8168140899333461
0.8230972752405259        1.0137627161612695E-17   0.8230972752405259       9.839300482514855E-18    0.8230972752405259       1.1621563504905863E-17   0.8230972752405259       1.495507687381079E-17    0.8230972752405259       1.9596461703117846E-17   0.8230972752405259       2.534341582929578E-17    0.8230972752405259       3.21020243187405E-17     0.8230972752405259       3.970905904466833E-17    0.8230972752405259       4.80938911089265E-17     0.8230972752405259       5.707282964387465E-17    0.8230972752405259       6.651309624320817E-17    0.8230972752405259       7.627145244970012E-17    0.8230972752405259       8.611635544504834E-17    0.8230972752405259       9.592390675275013E-17    0.8230972752405259       1.0554063928865901E-16   0.8230972752405259       1.1494644268292476E-16   0.8230972752405259       1.2395560599403776E-16   0.8230972752405259       1.3264548135485455E-16   0.8230972752405259       1.410812723148524E-16    0.8230972752405259
0.8293804605477054        9.266371424559353E-18    0.8293804605477055       1.0402029540235842E-17   0.8293804605477055       1.3290997216826853E-17   0.8293804605477055       1.7598219437727026E-17   0.8293804605477055       2.3141600631840395E-17   0.8293804605477055       2.971361572395699E-17    0.8293804605477055       3.7200563753569105E-17   0.8293804605477055       4.540193964385836E-17    0.8293804605477055       5.42182501549485E-17     0.8293804605477055       6.344122362692387E-17    0.8293804605477055       7.293490458749921E-17    0.8293804605477055       8.25568336221599E-17     0.8293804605477055       9.211245893619364E-17    0.8293804605477055       1.0152883929489206E-16   0.8293804605477055       1.1070864269133376E-16   0.8293804605477055       1.1972936749229474E-16   0.8293804605477055       1.2847075853201405E-16   0.8293804605477055       1.371028263711207E-16    0.8293804605477055       1.457609277433841E-16    0.8293804605477055
0.835663645854885         1.1375896905953181E-17   0.835663645854885        1.2832274577535165E-17   0.835663645854885        1.601718111698684E-17    0.835663645854885        2.0582628424722723E-17   0.835663645854885        2.6312007635166018E-17   0.835663645854885        3.296283432273048E-17    0.835663645854885        4.038939089081619E-17    0.835663645854885        4.836659200414422E-17    0.835663645854885        5.677799840676049E-17    0.835663645854885        6.542896838613298E-17    0.835663645854885        7.420032908143587E-17    0.835663645854885        8.298608459739734E-17    0.835663645854885        9.164919915739691E-17    0.835663645854885        1.0018207193281309E-16   0.835663645854885        1.0856153663339473E-16   0.835663645854885        1.1692228303380437E-16   0.835663645854885        1.252254569667898E-16    0.835663645854885        1.3367077313136514E-16   0.835663645854885        1.4242786960992218E-16   0.835663645854885
0.8419468311620646        1.5408648379063443E-17   0.8419468311620646       1.5923132702010815E-17   0.8419468311620646       1.851783799463159E-17    0.8419468311620646       2.2570053689148245E-17   0.8419468311620646       2.7731628194528283E-17   0.8419468311620646       3.369787117351466E-17    0.8419468311620646       4.0289261775903035E-17   0.8419468311620646       4.72735475038828E-17     0.8419468311620646       5.454342195176837E-17    0.8419468311620646       6.19394899988993E-17     0.8419468311620646       6.938210914362162E-17    0.8419468311620646       7.682905683042685E-17    0.8419468311620646       8.420360241013553E-17    0.8419468311620646       9.155974080670414E-17    0.8419468311620646       9.89453441949895E-17     0.8419468311620646       1.0651488062236205E-16   0.8419468311620646       1.1428504116117257E-16   0.8419468311620646       1.2243897138783504E-16   0.8419468311620646       1.311285726410666E-16    0.8419468311620646
0.8482300164692441        1.9199438240341863E-17   0.8482300164692441       1.867429459143294E-17    0.8482300164692441       2.057476796122919E-17    0.8482300164692441       2.4013990785658978E-17   0.8482300164692441       2.8530418744512995E-17   0.8482300164692441       3.376791691326749E-17    0.8482300164692441       3.953914148214375E-17    0.8482300164692441       4.5623354425190815E-17   0.8482300164692441       5.195333477318436E-17    0.8482300164692441       5.840729983178896E-17    0.8482300164692441       6.496443624866658E-17    0.8482300164692441       7.164506707508029E-17    0.8482300164692441       7.842445509814569E-17    0.8482300164692441       8.540006195576208E-17    0.8482300164692441       9.265607790305736E-17    0.8482300164692441       1.0035766654531095E-16   0.8482300164692441       1.0850744255951112E-16   0.8482300164692441       1.1725945344950179E-16   0.8482300164692441       1.2670402760602464E-16   0.8482300164692441
0.8545132017764238        2.1349864934444224E-17   0.8545132017764238       2.054394984325392E-17    0.8545132017764238       2.2194552037929298E-17   0.8545132017764238       2.540055875120791E-17    0.8545132017764238       2.968644217876217E-17    0.8545132017764238       3.468524682072276E-17    0.8545132017764238       4.023476785765395E-17    0.8545132017764238       4.6139165336171933E-17   0.8545132017764238       5.238222551033959E-17    0.8545132017764238       5.88757941512027E-17     0.8545132017764238       6.565531459797408E-17    0.8545132017764238       7.277638800578694E-17    0.8545132017764238       8.024834584525196E-17    0.8545132017764238       8.81851304435138E-17     0.8545132017764238       9.665963979405683E-17    0.8545132017764238       1.0583999895986589E-16   0.8545132017764238       1.1565700185878557E-16   0.8545132017764238       1.2622795451364317E-16   0.8545132017764238       1.375675685064584E-16    0.8545132017764238
0.8607963870836034        2.1673503710317745E-17   0.8607963870836034       2.091466074403028E-17    0.8607963870836034       2.245458641819796E-17    0.8607963870836034       2.5541697968371572E-17   0.8607963870836034       2.974254360765731E-17    0.8607963870836034       3.471279390016493E-17    0.8607963870836034       4.032492758125662E-17    0.8607963870836034       4.6413469625931024E-17   0.8607963870836034       5.2996047846861624E-17   0.8607963870836034       6.001616299796328E-17    0.8607963870836034       6.753691142440128E-17    0.8607963870836034       7.561888937793589E-17    0.8607963870836034       8.427836680615216E-17    0.8607963870836034       9.361633593730677E-17    0.8607963870836034       1.0366417323198011E-16   0.8607963870836034       1.1455787135057439E-16   0.8607963870836034       1.2615610757171325E-16   0.8607963870836034       1.3851520728323338E-16   0.8607963870836034       1.515875585194763E-16    0.8607963870836034
0.8670795723907829        2.0442180676759223E-17   0.8670795723907829       1.926699468560309E-17    0.8670795723907829       2.0353112123322194E-17   0.8670795723907829       2.301213215547445E-17    0.8670795723907829       2.6823194425848903E-17   0.8670795723907829       3.147172641516305E-17    0.8670795723907829       3.6850586862865954E-17   0.8670795723907829       4.2823475163756894E-17   0.8670795723907829       4.9416192824106294E-17   0.8670795723907829       5.659691616468885E-17    0.8670795723907829       6.442113343782655E-17    0.8670795723907829       7.293735507394291E-17    0.8670795723907829       8.213834344758316E-17    0.8670795723907829       9.208736349654739E-17    0.8670795723907829       1.0276947511695602E-16   0.8670795723907829       1.1424547639560823E-16   0.8670795723907829       1.2633740873579732E-16   0.8670795723907829       1.390215764924029E-16    0.8670795723907829       1.5220939178413165E-16   0.8670795723907829
0.8733627576979625        1.7965925196173165E-17   0.8733627576979625       1.6109585096540193E-17   0.8733627576979625       1.664146132851716E-17    0.8733627576979625       1.879511284080485E-17    0.8733627576979625       2.2129917999827537E-17   0.8733627576979625       2.6356259483127174E-17   0.8733627576979625       3.1374814180514166E-17   0.8733627576979625       3.707071887970163E-17    0.8733627576979625       4.3465581340875033E-17   0.8733627576979625       5.053073791067498E-17    0.8733627576979625       5.829378860451423E-17    0.8733627576979625       6.678181603871049E-17    0.8733627576979625       7.594039841656752E-17    0.8733627576979625       8.578124314185654E-17    0.8733627576979625       9.624601050378772E-17    0.8733627576979625       1.0731448959113978E-16   0.8733627576979625       1.1878751435732013E-16   0.8733627576979625       1.3058155034643814E-16   0.8733627576979625       1.4258478531272854E-16   0.8733627576979625
0.8796459430051421        1.4872410005402014E-17   0.8796459430051421       1.306781253569452E-17    0.8796459430051421       1.3687818208973965E-17   0.8796459430051421       1.5944618794413797E-17   0.8796459430051421       1.9419729153436362E-17   0.8796459430051421       2.3851960452129903E-17   0.8796459430051421       2.915366787467682E-17    0.8796459430051421       3.5216953591930544E-17   0.8796459430051421       4.205878883747646E-17    0.8796459430051421       4.962416490021766E-17    0.8796459430051421       5.790918650558126E-17    0.8796459430051421       6.690646409649486E-17    0.8796459430051421       7.650529434951532E-17    0.8796459430051421       8.666593488557895E-17    0.8796459430051421       9.728344819348074E-17    0.8796459430051421       1.0829788814725765E-16   0.8796459430051421       1.19471002310273E-16     0.8796459430051421       1.307137690725633E-16    0.8796459430051421       1.4191022283826753E-16   0.8796459430051421
0.8859291283123216        1.2212034388138615E-17   0.8859291283123216       1.1555633791687022E-17   0.8859291283123216       1.3096104010924146E-17   0.8859291283123216       1.6230309098515972E-17   0.8859291283123216       2.063774130407194E-17    0.8859291283123216       2.6094739598341196E-17   0.8859291283123216       3.253189090143578E-17    0.8859291283123216       3.983177369378848E-17    0.8859291283123216       4.800143842739284E-17    0.8859291283123216       5.694227959307245E-17    0.8859291283123216       6.661881963511817E-17    0.8859291283123216       7.697645621932541E-17    0.8859291283123216       8.785525866175619E-17    0.8859291283123216       9.917655154280764E-17    0.8859291283123216       1.10789794936794E-16     0.8859291283123216       1.2264346832737036E-16   0.8859291283123216       1.344535202962993E-16    0.8859291283123216       1.4617072585657792E-16   0.8859291283123216       1.577015924006151E-16    0.8859291283123216
0.8922123136195013        1.0970882690469775E-17   0.8922123136195013       1.1626119571793672E-17   0.8922123136195013       1.4160464469482806E-17   0.8922123136195013       1.8226713379849018E-17   0.8922123136195013       2.3608026344759628E-17   0.8922123136195013       3.0112426005679983E-17   0.8922123136195013       3.767768995608553E-17    0.8922123136195013       4.6166226143677945E-17   0.8922123136195013       5.555968783341702E-17    0.8922123136195013       6.572234830384235E-17    0.8922123136195013       7.658435342381836E-17    0.8922123136195013       8.804734253898618E-17    0.8922123136195013       9.992117408972258E-17    0.8922123136195013       1.121083771519466E-16    0.8922123136195013       1.2443579880518235E-16   0.8922123136195013       1.368756372254939E-16    0.8922123136195013       1.4913963816376266E-16   0.8922123136195013       1.6122474825074023E-16   0.8922123136195013       1.7308638611140407E-16   0.8922123136195013
0.8984954989266809        1.1573870871759372E-17   0.8984954989266809       1.2500166147073214E-17   0.8984954989266809       1.5239286025166804E-17   0.8984954989266809       1.9496825025347575E-17   0.8984954989266809       2.5064357693422052E-17   0.8984954989266809       3.174966142458791E-17    0.8984954989266809       3.947039549332356E-17    0.8984954989266809       4.806597166879205E-17    0.8984954989266809       5.748117739924379E-17    0.8984954989266809       6.756197398415831E-17    0.8984954989266809       7.820693398617149E-17    0.8984954989266809       8.929842966686989E-17    0.8984954989266809       1.0063948402888887E-16   0.8984954989266809       1.121359312793571E-16    0.8984954989266809       1.2363297889706113E-16   0.8984954989266809       1.351164422516023E-16    0.8984954989266809       1.463579004009349E-16    0.8984954989266809       1.5738471737069107E-16   0.8984954989266809       1.6821185750823175E-16   0.8984954989266809
0.9047786842338604        1.3872014742476267E-17   0.9047786842338604       1.3932346027546333E-17   0.9047786842338604       1.6116938621579028E-17   0.9047786842338604       1.9898385182580385E-17   0.9047786842338604       2.4963268895467645E-17   0.9047786842338604       3.1074979920359514E-17   0.9047786842338604       3.810891113927102E-17    0.9047786842338604       4.5879965850313114E-17   0.9047786842338604       5.430276898002666E-17    0.9047786842338604       6.321515217209932E-17    0.9047786842338604       7.250070121912187E-17    0.9047786842338604       8.205171231504165E-17    0.9047786842338604       9.168419874238504E-17    0.9047786842338604       1.0132638426422067E-16   0.9047786842338604       1.108737478270047E-16    0.9047786842338604       1.2032803641865033E-16   0.9047786842338604       1.2954638092109548E-16   0.9047786842338604       1.385851474660859E-16    0.9047786842338604       1.475085551921649E-16    0.9047786842338604
0.91106186954104          1.7328580699397098E-17   0.91106186954104         1.6399332679663502E-17   0.91106186954104         1.806833320928413E-17    0.91106186954104         2.1496061246023344E-17   0.91106186954104         2.623020179686315E-17    0.91106186954104         3.19606609043445E-17     0.91106186954104         3.8519787342350366E-17   0.91106186954104         4.5692869023939755E-17   0.91106186954104         5.338429629354951E-17    0.91106186954104         6.141978246549624E-17    0.91106186954104         6.969181975762278E-17    0.91106186954104         7.811600906067081E-17    0.91106186954104         8.6533188059408E-17      0.91106186954104         9.490620713221905E-17    0.91106186954104         1.031828608564928E-16    0.91106186954104         1.1140917130704228E-16   0.91106186954104         1.1949400647189653E-16   0.91106186954104         1.275423939251435E-16    0.91106186954104         1.3564777529667824E-16   0.91106186954104
0.9173450548482196        2.102351562997948E-17    0.9173450548482196       1.9819960351432176E-17   0.9173450548482196       2.1539987254635274E-17   0.9173450548482196       2.52045338900134E-17     0.9173450548482196       3.0273418858491E-17      0.9173450548482196       3.6365582352064015E-17   0.9173450548482196       4.328605491681246E-17    0.9173450548482196       5.078804531336567E-17    0.9173450548482196       5.878112093082757E-17    0.9173450548482196       6.707626679763502E-17    0.9173450548482196       7.55905137602343E-17     0.9173450548482196       8.425819006061467E-17    0.9173450548482196       9.294972528322021E-17    0.9173450548482196       1.016658178099412E-16    0.9173450548482196       1.1038670071613154E-16   0.9173450548482196       1.1922670172417817E-16   0.9173450548482196       1.2809631350922055E-16   0.9173450548482196       1.371588786073699E-16    0.9173450548482196       1.4652111382629213E-16   0.9173450548482196
0.9236282401553992        2.3723561492123035E-17   0.9236282401553992       2.2708946643737452E-17   0.9236282401553992       2.469301880691192E-17    0.9236282401553992       2.8751987675154545E-17   0.9236282401553992       3.4316835307754594E-17   0.9236282401553992       4.096315116789739E-17    0.9236282401553992       4.8484761229892435E-17   0.9236282401553992       5.661421781313431E-17    0.9236282401553992       6.526834674885172E-17    0.9236282401553992       7.425801469953677E-17    0.9236282401553992       8.352509134300046E-17    0.9236282401553992       9.301626137911492E-17    0.9236282401553992       1.0263275920412045E-16   0.9236282401553992       1.124076977934459E-16    0.9236282401553992       1.2233692069299744E-16   0.9236282401553992       1.3258725690933692E-16   0.9236282401553992       1.4305785930037592E-16   0.9236282401553992       1.5394250206087383E-16   0.9236282401553992       1.6535090419857096E-16   0.9236282401553992
0.9299114254625788        2.4426821608086632E-17   0.9299114254625788       2.323498644136992E-17    0.9299114254625788       2.5008525459849245E-17   0.9299114254625788       2.888495223136297E-17    0.9299114254625788       3.427438405378822E-17    0.9299114254625788       4.0741023937448276E-17   0.9299114254625788       4.8075953542643336E-17   0.9299114254625788       5.601659722555071E-17    0.9299114254625788       6.448457342495089E-17    0.9299114254625788       7.33169497615934E-17     0.9299114254625788       8.247347358856301E-17    0.9299114254625788       9.191796172099037E-17    0.9299114254625788       1.0158102083572302E-16   0.9299114254625788       1.1151704445062124E-16   0.9299114254625788       1.217357171982547E-16    0.9299114254625788       1.324062328257018E-16    0.9299114254625788       1.4344069122804116E-16   0.9299114254625788       1.5501106128228836E-16   0.9299114254625788       1.6721698478932428E-16   0.9299114254625788
0.9361946107697584        2.30819624493113E-17     0.9361946107697584       2.1124738109894727E-17   0.9361946107697584       2.2148389603554073E-17   0.9361946107697584       2.5220156270587044E-17   0.9361946107697584       2.970909359988696E-17    0.9361946107697584       3.518882299338098E-17    0.9361946107697584       4.1453993561457365E-17   0.9361946107697584       4.8270958673803666E-17   0.9361946107697584       5.557173314105303E-17    0.9361946107697584       6.3234984089356E-17      0.9361946107697584       7.123569477268479E-17    0.9361946107697584       7.956467069582068E-17    0.9361946107697584       8.817482502867432E-17    0.9361946107697584       9.712899205015814E-17    0.9361946107697584       1.0645167233401327E-16   0.9361946107697584       1.1627251961327455E-16   0.9361946107697584       1.2652943426008694E-16   0.9361946107697584       1.3733730431303645E-16   0.9361946107697584       1.4876607775238586E-16   0.9361946107697584
0.9424777960769379        2.0659533416141058E-17   0.9424777960769379       1.808800093663576E-17    0.9424777960769379       1.8534528306795366E-17   0.9424777960769379       2.0953768140108174E-17   0.9424777960769379       2.4689654797100366E-17   0.9424777960769379       2.933584470161295E-17    0.9424777960769379       3.470249617406617E-17    0.9424777960769379       4.0591044119017595E-17   0.9424777960769379       4.6956903573050647E-17   0.9424777960769379       5.371047863245378E-17    0.9424777960769379       6.084462278098618E-17    0.9424777960769379       6.837558514651467E-17    0.9424777960769379       7.626393408018656E-17    0.9424777960769379       8.45693424326843E-17     0.9424777960769379       9.331731624502003E-17    0.9424777960769379       1.0259612242642085E-16   0.9424777960769379       1.1233687178562755E-16   0.9424777960769379       1.2260284888456746E-16   0.9424777960769379       1.3341704948402923E-16   0.9424777960769379
0.9487609813841175        1.8336260870439626E-17   0.9487609813841175       1.6127915929191232E-17   0.9487609813841175       1.683358275102101E-17    0.9487609813841175       1.9454988232293313E-17   0.9487609813841175       2.3382424381173972E-17   0.9487609813841175       2.824074685663201E-17    0.9487609813841175       3.38712948897584E-17     0.9487609813841175       4.0099282033816584E-17   0.9487609813841175       4.6910594115866895E-17   0.9487609813841175       5.4222740684558477E-17   0.9487609813841175       6.20451644775855E-17     0.9487609813841175       7.040095104416513E-17    0.9487609813841175       7.924046411983002E-17    0.9487609813841175       8.861098789666777E-17    0.9487609813841175       9.85120869100939E-17     0.9487609813841175       1.0901634040730495E-16   0.9487609813841175       1.1999423499322805E-16   0.9487609813841175       1.3148580902655625E-16   0.9487609813841175       1.434650188651747E-16    0.9487609813841175
0.9550441666912971        1.6610397472187892E-17   0.9550441666912971       1.563512128067451E-17    0.9550441666912971       1.7252577260527348E-17   0.9550441666912971       2.0729119074116058E-17   0.9550441666912971       2.5574071472369824E-17   0.9550441666912971       3.145911243769579E-17    0.9550441666912971       3.826536985884476E-17    0.9550441666912971       4.58291417658532E-17     0.9550441666912971       5.415799084713655E-17    0.9550441666912971       6.316074985101884E-17    0.9550441666912971       7.285174850391974E-17    0.9550441666912971       8.323826000258143E-17    0.9550441666912971       9.42482169999785E-17     0.9550441666912971       1.059098980747404E-16    0.9550441666912971       1.1817774313956426E-16   0.9550441666912971       1.3112330767626586E-16   0.9550441666912971       1.4453663168161503E-16   0.9550441666912971       1.584497399362783E-16    0.9550441666912971       1.7280307346546668E-16   0.9550441666912971
0.9613273519984767        1.53085517516449E-17     0.9613273519984767       1.5419760596551487E-17   0.9613273519984767       1.7735410061572215E-17   0.9613273519984767       2.1822071323302625E-17   0.9613273519984767       2.731097436866466E-17    0.9613273519984767       3.3929544433017465E-17   0.9613273519984767       4.1591458365221794E-17   0.9613273519984767       5.014235664610802E-17    0.9613273519984767       5.959172773608882E-17    0.9613273519984767       6.984327799381156E-17    0.9613273519984767       8.08989226989052E-17     0.9613273519984767       9.274081069237785E-17    0.9613273519984767       1.0527283731318596E-16   0.9613273519984767       1.1850058936000543E-16   0.9613273519984767       1.323385899328428E-16    0.9613273519984767       1.4684203635743843E-16   0.9613273519984767       1.6175735628122826E-16   0.9613273519984767       1.7709786550553231E-16   0.9613273519984767       1.9279266802781807E-16   0.9613273519984767
0.9676105373056563        1.4395916162062774E-17   0.9676105373056563       1.4540578015772053E-17   0.9676105373056563       1.6711684041229885E-17   0.9676105373056563       2.056285662597514E-17    0.9676105373056563       2.5767705812474296E-17   0.9676105373056563       3.209547361199848E-17    0.9676105373056563       3.94712228837987E-17     0.9676105373056563       4.775345401173678E-17    0.9676105373056563       5.693700070882306E-17    0.9676105373056563       6.692999759601037E-17    0.9676105373056563       7.771001829605607E-17    0.9676105373056563       8.924082998010253E-17    0.9676105373056563       1.0140695240971587E-16   0.9676105373056563       1.141907444327269E-16    0.9676105373056563       1.2748964064171583E-16   0.9676105373056563       1.4131758615273997E-16   0.9676105373056563       1.554347115175716E-16    0.9676105373056563       1.6982109014948092E-16   0.9676105373056563       1.8440992863341426E-16   0.9676105373056563
0.9738937226128359        1.4513115499218983E-17   0.9738937226128359       1.3714673341326328E-17   0.9738937226128359       1.514059201600963E-17    0.9738937226128359       1.8250478914301248E-17   0.9738937226128359       2.2656707352062418E-17   0.9738937226128359       2.8131168650006586E-17   0.9738937226128359       3.4586369960498405E-17   0.9738937226128359       4.1886629431842424E-17   0.9738937226128359       5.000749502588336E-17    0.9738937226128359       5.885660644805444E-17    0.9738937226128359       6.838621996700803E-17    0.9738937226128359       7.855081064166193E-17    0.9738937226128359       8.921730850587419E-17    0.9738937226128359       1.0034693286866307E-16   0.9738937226128359       1.1183732988917914E-16   0.9738937226128359       1.2366065038254489E-16   0.9738937226128359       1.3561275740792556E-16   0.9738937226128359       1.4765056285370454E-16   0.9738937226128359       1.5971627221232468E-16   0.9738937226128359
0.9801769079200154        1.646043175708691E-17    0.9801769079200154       1.4627294781365653E-17   0.9801769079200154       1.550372523866439E-17    0.9801769079200154       1.824415955263407E-17    0.9801769079200154       2.2343383921099953E-17   0.9801769079200154       2.7530234940523094E-17   0.9801769079200154       3.3689277853168583E-17   0.9801769079200154       4.066785808967179E-17    0.9801769079200154       4.8426031563176305E-17   0.9801769079200154       5.684858221045525E-17    0.9801769079200154       6.586825690794807E-17    0.9801769079200154       7.542819962056173E-17    0.9801769079200154       8.537317406687903E-17    0.9801769079200154       9.564702458470626E-17    0.9801769079200154       1.0614468447677901E-16   0.9801769079200154       1.1682837837779848E-16   0.9801769079200154       1.27500375583771E-16     0.9801769079200154       1.3812984120185268E-16   0.9801769079200154       1.4866879369673814E-16   0.9801769079200154
0.986460093227195         2.0121885144739506E-17   0.986460093227195        1.7901713644060906E-17   0.986460093227195        1.89056521640996E-17     0.986460093227195        2.209716499139162E-17    0.986460093227195        2.686455180033562E-17    0.986460093227195        3.286761603557683E-17    0.986460093227195        3.995975120072343E-17    0.986460093227195        4.794725465373613E-17    0.986460093227195        5.677758771054029E-17    0.986460093227195        6.629232800663196E-17    0.986460093227195        7.640978785127333E-17    0.986460093227195        8.705087700179303E-17    0.986460093227195        9.803411365775809E-17    0.986460093227195        1.0929112161147424E-16   0.986460093227195        1.2069989231820739E-16   0.986460093227195        1.3225042450288683E-16   0.986460093227195        1.4370949005544703E-16   0.986460093227195        1.5509057392088346E-16   0.986460093227195        1.6635959490748294E-16   0.986460093227195
0.9927432785343747        2.4085441011947218E-17   0.9927432785343747       2.2027367523855696E-17   0.9927432785343747       2.3529458389623177E-17   0.9927432785343747       2.7540211043937476E-17   0.9927432785343747       3.338098567043149E-17    0.9927432785343747       4.064803747410266E-17    0.9927432785343747       4.916785387919548E-17    0.9927432785343747       5.870080935156663E-17    0.9927432785343747       6.917958489995149E-17    0.9927432785343747       8.040582998266696E-17    0.9927432785343747       9.228533877139883E-17    0.9927432785343747       1.0471218161937001E-16   0.9927432785343747       1.1748517172255095E-16   0.9927432785343747       1.3053078190011056E-16   0.9927432785343747       1.4370664706522889E-16   0.9927432785343747       1.5704173862219713E-16   0.9927432785343747       1.7026386326727634E-16   0.9927432785343747       1.8343217162220103E-16   0.9927432785343747       1.9653398512973967E-16   0.9927432785343747
0.9990264638415542        2.6558543955639038E-17   0.9990264638415542       2.4516323663633208E-17   0.9990264638415542       2.6177638316198693E-17   0.9990264638415542       3.0518777804684514E-17   0.9990264638415542       3.681207437483679E-17    0.9990264638415542       4.461531716621886E-17    0.9990264638415542       5.373302071849359E-17    0.9990264638415542       6.389905125858978E-17    0.9990264638415542       7.502853895819043E-17    0.9990264638415542       8.691065167278626E-17    0.9990264638415542       9.944126701328856E-17    0.9990264638415542       1.1250009097526732E-16   0.9990264638415542       1.2588499791596534E-16   0.9990264638415542       1.3952621569497215E-16   0.9990264638415542       1.532796027704455E-16    0.9990264638415542       1.6719296944575986E-16   0.9990264638415542       1.8100000937083716E-16   0.9990264638415542       1.9477856457056103E-16   0.9990264638415542       2.085421795499988E-16    0.9990264638415542
1.0053096491487339        2.67948358856131E-17     1.0053096491487339       2.4167013150922156E-17   1.0053096491487339       2.5321625970407386E-17   1.0053096491487339       2.9147827179808914E-17   1.0053096491487339       3.4854477772063905E-17   1.0053096491487339       4.198257645614398E-17    1.0053096491487339       5.031775331079329E-17    1.0053096491487339       5.95948063087774E-17     1.0053096491487339       6.97150750013423E-17     1.0053096491487339       8.04847857215953E-17     1.0053096491487339       9.179735148969205E-17    1.0053096491487339       1.0354167682762169E-16   1.0053096491487339       1.1553518236395443E-16   1.0053096491487339       1.2772065055100336E-16   1.0053096491487339       1.3998074906605877E-16   1.0053096491487339       1.5235639205446234E-16   1.0053096491487339       1.6463972531639419E-16   1.0053096491487339       1.7690077831116453E-16   1.0053096491487339       1.891763975394384E-16    1.0053096491487339
1.0115928344559133        2.5642864718135242E-17   1.0115928344559133       2.214407395251516E-17    1.0115928344559133       2.2542058244094843E-17   1.0115928344559133       2.5523481104831094E-17   1.0115928344559133       3.022012654143148E-17    1.0115928344559133       3.6161550791099887E-17   1.0115928344559133       4.311858880703397E-17    1.0115928344559133       5.0840418679497204E-17   1.0115928344559133       5.922642917805055E-17    1.0115928344559133       6.810820780740227E-17    1.0115928344559133       7.738796129823788E-17    1.0115928344559133       8.698111995902964E-17    1.0115928344559133       9.673332556526578E-17    1.0115928344559133       1.066056463698286E-16    1.0115928344559133       1.165227969595049E-16    1.0115928344559133       1.265161436918841E-16    1.0115928344559133       1.364470299176224E-16    1.0115928344559133       1.4637715766314052E-16   1.0115928344559133       1.5635727105353398E-16   1.0115928344559133
1.017876019763093         2.4661492540005222E-17   1.017876019763093        2.079895236443556E-17    1.017876019763093        2.0942121064391218E-17   1.017876019763093        2.3623181687557077E-17   1.017876019763093        2.792183005696237E-17    1.017876019763093        3.335200250570996E-17    1.017876019763093        3.967840806344446E-17    1.017876019763093        4.665701413934932E-17    1.017876019763093        5.4199044393353974E-17   1.017876019763093        6.21459421572206E-17     1.017876019763093        7.041806814632625E-17    1.017876019763093        7.895662021174513E-17    1.017876019763093        8.762850338660511E-17    1.017876019763093        9.641411809158752E-17    1.017876019763093        1.0527034596499948E-16   1.017876019763093        1.1424274795282221E-16   1.017876019763093        1.2322103972094296E-16   1.017876019763093        1.3228186524011187E-16   1.017876019763093        1.4148017443851933E-16   1.017876019763093
1.0241592050702726        2.4657571313036978E-17   1.0241592050702726       2.141739965407552E-17    1.0241592050702726       2.2153374461709865E-17   1.0241592050702726       2.5452737416676468E-17   1.0241592050702726       3.040832165468121E-17    1.0241592050702726       3.652158445648025E-17    1.0241592050702726       4.356360790914367E-17    1.0241592050702726       5.128176227539441E-17    1.0241592050702726       5.96063135002994E-17     1.0241592050702726       6.836852195890021E-17    1.0241592050702726       7.750921181023332E-17    1.0241592050702726       8.698079994342881E-17    1.0241592050702726       9.665812219131886E-17    1.0241592050702726       1.0653825612940802E-16   1.0241592050702726       1.1658587532346602E-16   1.0241592050702726       1.2688704910775167E-16   1.0241592050702726       1.3730568885474317E-16   1.0241592050702726       1.4795451743721095E-16   1.0241592050702726       1.5888809691946831E-16   1.0241592050702726
1.030442390377452         2.5053097288905634E-17   1.030442390377452        2.308627372295905E-17    1.030442390377452        2.485246102739258E-17    1.030442390377452        2.9197353938460553E-17   1.030442390377452        3.5293738220419106E-17   1.030442390377452        4.2649697229820544E-17   1.030442390377452        5.105364953373932E-17    1.030442390377452        6.02406600972775E-17     1.030442390377452        7.015707664327736E-17    1.030442390377452        8.062102175642073E-17    1.030442390377452        9.158880146532754E-17    1.030442390377452        1.0301088074919709E-16   1.030442390377452        1.1476342631591077E-16   1.030442390377452        1.2685616773372704E-16   1.030442390377452        1.3924459426873477E-16   1.030442390377452        1.520571003814442E-16    1.030442390377452        1.651126857158887E-16    1.030442390377452        1.7855547479468543E-16   1.030442390377452        1.924401960980498E-16    1.030442390377452
1.0367255756846316        2.4654510546493033E-17   1.0367255756846316       2.3712639953906916E-17   1.0367255756846316       2.613374485563367E-17    1.0367255756846316       3.104456441221239E-17    1.0367255756846316       3.771974842905333E-17    1.0367255756846316       4.570000374538698E-17    1.0367255756846316       5.4794978909255063E-17   1.0367255756846316       6.474228241700549E-17    1.0367255756846316       7.549540665031412E-17    1.0367255756846316       8.687721629537433E-17    1.0367255756846316       9.885174863347141E-17    1.0367255756846316       1.1136711428046207E-16   1.0367255756846316       1.2430554199455557E-16   1.0367255756846316       1.3768550727193412E-16   1.0367255756846316       1.5145605628485138E-16   1.0367255756846316       1.657601002300697E-16    1.0367255756846316       1.8040099181686293E-16   1.0367255756846316       1.955240197308328E-16    1.0367255756846316       2.1118486854877568E-16   1.0367255756846316
1.0430087609918115        2.3035276934191208E-17   1.0430087609918115       2.214775104266098E-17    1.0430087609918115       2.4337812477062705E-17   1.0430087609918115       2.882997557763258E-17    1.0430087609918115       3.496109879020598E-17    1.0430087609918115       4.231762503721293E-17    1.0430087609918115       5.072596198849816E-17    1.0430087609918115       5.99478641913245E-17     1.0430087609918115       6.993717971801251E-17    1.0430087609918115       8.054378407006997E-17    1.0430087609918115       9.173433734514432E-17    1.0430087609918115       1.0346503502456015E-16   1.0430087609918115       1.1563281974314817E-16   1.0430087609918115       1.282611179829951E-16    1.0430087609918115       1.413075472461756E-16    1.0430087609918115       1.5489282677711488E-16   1.0430087609918115       1.6885016652499072E-16   1.0430087609918115       1.8329291909449976E-16   1.0430087609918115       1.9827355149328154E-16   1.0430087609918115
1.049291946298991         2.1178775208126086E-17   1.049291946298991        1.938665954832721E-17    1.049291946298991        2.0665237611905888E-17   1.049291946298991        2.4085205726224743E-17   1.049291946298991        2.8969342341950646E-17   1.049291946298991        3.493622980817308E-17    1.049291946298991        4.181945562414827E-17    1.049291946298991        4.941381529882077E-17    1.049291946298991        5.767389594866304E-17    1.049291946298991        6.648253259933799E-17    1.049291946298991        7.58087457868122E-17     1.049291946298991        8.562622121982974E-17    1.049291946298991        9.584770875599341E-17    1.049291946298991        1.0649760238938647E-16   1.049291946298991        1.1755100474335046E-16   1.049291946298991        1.2908865335340042E-16   1.049291946298991        1.4098948084299857E-16   1.049291946298991        1.5332340305817934E-16   1.049291946298991        1.6613009504398462E-16   1.049291946298991
1.0555751316061706        2.0753431420713463E-17   1.0555751316061706       1.7759177081720185E-17   1.0555751316061706       1.8152865481281473E-17   1.0555751316061706       2.070535919618848E-17    1.0555751316061706       2.465877775219523E-17    1.0555751316061706       2.962789954186653E-17    1.0555751316061706       3.5443462453737414E-17   1.0555751316061706       4.191968412920232E-17    1.0555751316061706       4.90172718604253E-17     1.0555751316061706       5.663511603394025E-17    1.0555751316061706       6.474694670348236E-17    1.0555751316061706       7.334200790336903E-17    1.0555751316061706       8.233790798919655E-17    1.0555751316061706       9.175639357831406E-17    1.0555751316061706       1.0158136346436512E-16   1.0555751316061706       1.118661211935916E-16    1.0555751316061706       1.2250399501035068E-16   1.0555751316061706       1.3353761738047264E-16   1.0555751316061706       1.4498431799750204E-16   1.0555751316061706
1.0618583169133502        2.2667662667395063E-17   1.0618583169133502       1.8892530483369683E-17   1.0618583169133502       1.9021535980755816E-17   1.0618583169133502       2.1554544801976257E-17   1.0618583169133502       2.5630597895307583E-17   1.0618583169133502       3.082311464609219E-17    1.0618583169133502       3.695264820309803E-17    1.0618583169133502       4.382514146462057E-17    1.0618583169133502       5.1410797175282885E-17   1.0618583169133502       5.959742974008917E-17    1.0618583169133502       6.836407931922934E-17    1.0618583169133502       7.770230987663468E-17    1.0618583169133502       8.751808337047335E-17    1.0618583169133502       9.782827719951162E-17    1.0618583169133502       1.0860457007835659E-16   1.0618583169133502       1.199023534638798E-16    1.0618583169133502       1.315759817230287E-16    1.0618583169133502       1.4366894335585336E-16   1.0618583169133502       1.5617381214083807E-16   1.0618583169133502
1.0681415022205296        2.6192794830224452E-17   1.0681415022205296       2.2273520778634097E-17   1.0681415022205296       2.2768733205491405E-17   1.0681415022205296       2.6037826995023547E-17   1.0681415022205296       3.113979136663914E-17    1.0681415022205296       3.7590176726393776E-17   1.0681415022205296       4.5195833282849654E-17   1.0681415022205296       5.373261424243165E-17    1.0681415022205296       6.31763898786142E-17     1.0681415022205296       7.338709613278893E-17    1.0681415022205296       8.434534143364611E-17    1.0681415022205296       9.603005099593627E-17    1.0681415022205296       1.0832508694458187E-16   1.0681415022205296       1.2124190817998928E-16   1.0681415022205296       1.3472303776502082E-16   1.0681415022205296       1.48846594580273E-16     1.0681415022205296       1.633968708252533E-16    1.0681415022205296       1.7843507883055697E-16   1.0681415022205296       1.9393642088150525E-16   1.0681415022205296
1.0744246875277093        2.9422657615137153E-17   1.0744246875277093       2.5625911339176186E-17   1.0744246875277093       2.659589050095366E-17    1.0744246875277093       3.064775618961652E-17    1.0744246875277093       3.680072225294489E-17    1.0744246875277093       4.4525235263827086E-17   1.0744246875277093       5.361464040254971E-17    1.0744246875277093       6.381432539452622E-17    1.0744246875277093       7.509625438784991E-17    1.0744246875277093       8.729770853742417E-17    1.0744246875277093       1.0039423588285105E-16   1.0744246875277093       1.1434620237054392E-16   1.0744246875277093       1.290179452344706E-16    1.0744246875277093       1.4441579103760298E-16   1.0744246875277093       1.6045329577863648E-16   1.0744246875277093       1.772261943484039E-16    1.0744246875277093       1.9446527064944428E-16   1.0744246875277093       2.1224289125718889E-16   1.0744246875277093       2.3052952241381207E-16   1.0744246875277093
1.080707872834889         3.0688807120210946E-17   1.080707872834889        2.6724918398881097E-17   1.080707872834889        2.7704538189481224E-17   1.080707872834889        3.1877618097482495E-17   1.080707872834889        3.824653348612123E-17    1.080707872834889        4.626643624690299E-17    1.080707872834889        5.571998377174525E-17    1.080707872834889        6.634210775548804E-17    1.080707872834889        7.809235961444261E-17    1.080707872834889        9.080677246204937E-17    1.080707872834889        1.0445056255166125E-16   1.080707872834889        1.1897203656070876E-16   1.080707872834889        1.3422853914871915E-16   1.080707872834889        1.5022128217351618E-16   1.080707872834889        1.6685144239600084E-16   1.080707872834889        1.8420653150506597E-16   1.080707872834889        2.0201461881575753E-16   1.080707872834889        2.2033670967525974E-16   1.080707872834889        2.3914810621801657E-16   1.080707872834889
1.0869910581420683        2.9783264644935566E-17   1.0869910581420683       2.5121039417319944E-17   1.0869910581420683       2.5505911160087687E-17   1.0869910581420683       2.9012398760823654E-17   1.0869910581420683       3.4615708916915225E-17   1.0869910581420683       4.1778956149329843E-17   1.0869910581420683       5.027724470475846E-17    1.0869910581420683       5.985873935234286E-17    1.0869910581420683       7.046923573001866E-17    1.0869910581420683       8.196306040619991E-17    1.0869910581420683       9.429450065752354E-17    1.0869910581420683       1.0741249256652169E-16   1.0869910581420683       1.2117942110512243E-16   1.0869910581420683       1.3559069274225216E-16   1.0869910581420683       1.5055492575769037E-16   1.0869910581420683       1.661264834955163E-16    1.0869910581420683       1.8207622199891783E-16   1.0869910581420683       1.9843535681869922E-16   1.0869910581420683       2.1518512318476496E-16   1.0869910581420683
1.093274243449248         2.8048011356842854E-17   1.093274243449248        2.2425775949906407E-17   1.093274243449248        2.200928004309399E-17    1.093274243449248        2.460279275304789E-17    1.093274243449248        2.912357447261629E-17    1.093274243449248        3.50421527526431E-17     1.093274243449248        4.2126897781344774E-17   1.093274243449248        5.014730659493878E-17    1.093274243449248        5.90414379291455E-17     1.093274243449248        6.868356059407082E-17    1.093274243449248        7.902065876472619E-17    1.093274243449248        9.001051129728937E-17    1.093274243449248        1.0152228719332658E-16   1.093274243449248        1.1354446999304688E-16   1.093274243449248        1.2600115950197092E-16   1.093274243449248        1.3890981192927043E-16   1.093274243449248        1.5209038617084957E-16   1.093274243449248        1.655462575291738E-16    1.093274243449248        1.7925869199711305E-16   1.093274243449248
1.0995574287564276        2.7316651000167173E-17   1.0995574287564276       2.10279155961582E-17     1.0995574287564276       2.021004168323831E-17    1.0995574287564276       2.241113742267375E-17    1.0995574287564276       2.6470086093223874E-17   1.0995574287564276       3.184246620106803E-17    1.0995574287564276       3.828755523725947E-17    1.0995574287564276       4.558170469920797E-17    1.0995574287564276       5.366310723328005E-17    1.0995574287564276       6.240769444422709E-17    1.0995574287564276       7.175934516711752E-17    1.0995574287564276       8.168159753289189E-17    1.0995574287564276       9.203999634407894E-17    1.0995574287564276       1.0281507653331646E-16   1.0995574287564276       1.1393691851628792E-16   1.0995574287564276       1.254066391704279E-16    1.0995574287564276       1.3705697954517633E-16   1.0995574287564276       1.4888577841491946E-16   1.0995574287564276       1.6086781385240538E-16   1.0995574287564276
1.105840614063607         2.8554539313139105E-17   1.105840614063607        2.2301379950146047E-17   1.105840614063607        2.182552554400485E-17    1.105840614063607        2.4552602208776955E-17   1.105840614063607        2.9258353467196355E-17   1.105840614063607        3.5358582322080724E-17   1.105840614063607        4.2600110515067047E-17   1.105840614063607        5.0739533936866755E-17   1.105840614063607        5.971857298257932E-17    1.105840614063607        6.938966151737669E-17    1.105840614063607        7.96948007220114E-17     1.105840614063607        9.059101404865776E-17    1.105840614063607        1.019250918981662E-16    1.105840614063607        1.1366922229491975E-16   1.105840614063607        1.2573968570814114E-16   1.105840614063607        1.3815083415382562E-16   1.105840614063607        1.5069676555072865E-16   1.105840614063607        1.6339660412077416E-16   1.105840614063607        1.7621718430662666E-16   1.105840614063607
1.1121237993707869        3.12034724601836E-17     1.1121237993707869       2.5646258046443635E-17   1.1121237993707869       2.6082747859288192E-17   1.1121237993707869       2.99903509127476E-17     1.1121237993707869       3.613270704458525E-17    1.1121237993707869       4.388003427580705E-17    1.1121237993707869       5.296606756900233E-17    1.1121237993707869       6.310859046464339E-17    1.1121237993707869       7.424958138632463E-17    1.1121237993707869       8.620409179993078E-17    1.1121237993707869       9.890998664290618E-17    1.1121237993707869       1.1230556938791405E-16   1.1121237993707869       1.262104131186757E-16    1.1121237993707869       1.4058919980387506E-16   1.1121237993707869       1.5532909558497773E-16   1.1121237993707869       1.7047517693076208E-16   1.1121237993707869       1.8575357926703838E-16   1.1121237993707869       2.0121694463115315E-16   1.1121237993707869       2.1682868784957358E-16   1.1121237993707869
1.1184069846779665        3.365696391741876E-17    1.1184069846779665       2.89881165453022E-17     1.1184069846779665       3.034558726840923E-17    1.1184069846779665       3.5361254313449386E-17   1.1184069846779665       4.284605742906064E-17    1.1184069846779665       5.214476008862187E-17    1.1184069846779665       6.298202877250938E-17    1.1184069846779665       7.503941978898019E-17    1.1184069846779665       8.825224349791303E-17    1.1184069846779665       1.0240558782040282E-16   1.1184069846779665       1.1742998083237713E-16   1.1184069846779665       1.3324220383931914E-16   1.1184069846779665       1.496399696313891E-16    1.1184069846779665       1.665829494462609E-16    1.1184069846779665       1.839300744212266E-16    1.1184069846779665       2.0175147863205389E-16   1.1184069846779665       2.1971888023485859E-16   1.1184069846779665       2.3790808465201936E-16   1.1184069846779665       2.5628614832994554E-16   1.1184069846779665
1.124690169985146         3.4465576754044503E-17   1.124690169985146        3.028477103773211E-17    1.124690169985146        3.2005894085497016E-17   1.124690169985146        3.7376926211623644E-17   1.124690169985146        4.5285705427171054E-17   1.124690169985146        5.508446751690203E-17    1.124690169985146        6.649532667737103E-17    1.124690169985146        7.918618331807532E-17    1.124690169985146        9.308032121223764E-17    1.124690169985146        1.0795663213790434E-16   1.124690169985146        1.2373729372570625E-16   1.124690169985146        1.403266987968655E-16    1.124690169985146        1.5751758552732722E-16   1.124690169985146        1.7526832987538405E-16   1.124690169985146        1.9342729147863145E-16   1.124690169985146        2.1206669400659995E-16   1.124690169985146        2.308515066844738E-16    1.124690169985146        2.498561382798994E-16    1.124690169985146        2.6905648137961E-16      1.124690169985146
1.1309733552923256        3.3397196742959146E-17   1.1309733552923256       2.8941602333852356E-17   1.1309733552923256       3.0256973978722725E-17   1.1309733552923256       3.504338574263547E-17    1.1309733552923256       4.224150357761618E-17    1.1309733552923256       5.1232849669895886E-17   1.1309733552923256       6.174087383668575E-17    1.1309733552923256       7.344657946118399E-17    1.1309733552923256       8.626085169535118E-17    1.1309733552923256       9.998051552609044E-17    1.1309733552923256       1.1452175122044988E-16   1.1309733552923256       1.297917820276189E-16    1.1309733552923256       1.455965660464077E-16    1.1309733552923256       1.618966502521072E-16    1.1309733552923256       1.7855346598795823E-16   1.1309733552923256       1.9561813792558955E-16   1.1309733552923256       2.1279970072517265E-16   1.1309733552923256       2.3015016095331506E-16   1.1309733552923256       2.4765518696038344E-16   1.1309733552923256
1.1372565405995052        3.1636310093940737E-17   1.1372565405995052       2.619437850252807E-17    1.1372565405995052       2.6580585551862355E-17   1.1372565405995052       3.0241248797654504E-17   1.1372565405995052       3.609944810275499E-17    1.1372565405995052       4.355869566520308E-17    1.1372565405995052       5.234059826009922E-17    1.1372565405995052       6.215157980655088E-17    1.1372565405995052       7.289429731744572E-17    1.1372565405995052       8.439217336881132E-17    1.1372565405995052       9.655972342067034E-17    1.1372565405995052       1.0931855148026008E-16   1.1372565405995052       1.22496251124389E-16     1.1372565405995052       1.3605715290752853E-16   1.1372565405995052       1.4989073710691357E-16   1.1372565405995052       1.6401947415245573E-16   1.1372565405995052       1.782183503213697E-16    1.1372565405995052       1.9251373142403432E-16   1.1372565405995052       2.068980943144072E-16    1.1372565405995052
1.1435397259066846        3.1025539510521864E-17   1.1435397259066846       2.427521677568423E-17    1.1435397259066846       2.3727174168075815E-17   1.1435397259066846       2.6421023869149434E-17   1.1435397259066846       3.118151173599645E-17    1.1435397259066846       3.739776729041087E-17    1.1435397259066846       4.477890404737535E-17    1.1435397259066846       5.3045639310143834E-17   1.1435397259066846       6.209761254820613E-17    1.1435397259066846       7.177260207589177E-17    1.1435397259066846       8.19870887360557E-17     1.1435397259066846       9.267803236636649E-17    1.1435397259066846       1.0368873976239192E-16   1.1435397259066846       1.1498666730034034E-16   1.1435397259066846       1.264870308692936E-16    1.1435397259066846       1.3819647468211455E-16   1.1435397259066846       1.4993620711597314E-16   1.1435397259066846       1.6172312451846495E-16   1.1435397259066846       1.7355180264820293E-16   1.1435397259066846
1.1498229112138643        3.2880946066702246E-17   1.1498229112138643       2.4972053961258277E-17   1.1498229112138643       2.394602385589248E-17    1.1498229112138643       2.6386465776893248E-17   1.1498229112138643       3.097258580338617E-17    1.1498229112138643       3.7031740436609855E-17   1.1498229112138643       4.4246705269813664E-17   1.1498229112138643       5.232390581524532E-17    1.1498229112138643       6.11622428056625E-17     1.1498229112138643       7.058835897138262E-17    1.1498229112138643       8.052145339258695E-17    1.1498229112138643       9.090427500169027E-17    1.1498229112138643       1.0158010432593223E-16   1.1498229112138643       1.125177455509372E-16    1.1498229112138643       1.2364120226248143E-16   1.1498229112138643       1.3496650674082848E-16   1.1498229112138643       1.4631339136339647E-16   1.1498229112138643       1.5771430526761E-16      1.1498229112138643       1.691622055412527E-16    1.1498229112138643
1.156106096521044         3.7147944533753546E-17   1.156106096521044        2.8519529338691276E-17   1.156106096521044        2.761419197285054E-17    1.156106096521044        3.0602839665859235E-17   1.156106096521044        3.603079475920065E-17    1.156106096521044        4.31302620687131E-17     1.156106096521044        5.154733178249508E-17    1.156106096521044        6.094479793795279E-17    1.156106096521044        7.121833816727854E-17    1.156106096521044        8.215994275638688E-17    1.156106096521044        9.368890952549663E-17    1.156106096521044        1.057398349408443E-16    1.156106096521044        1.181404488439587E-16    1.156106096521044        1.308596771152972E-16    1.156106096521044        1.4381009534892015E-16   1.156106096521044        1.5703993033818412E-16   1.156106096521044        1.7032181513407322E-16   1.156106096521044        1.8372268966081448E-16   1.156106096521044        1.9723334688744373E-16   1.156106096521044
1.1623892818282233        4.240113215479733E-17    1.1623892818282233       3.347385862809162E-17    1.1623892818282233       3.305980207615068E-17    1.1623892818282233       3.7001893898877535E-17   1.1623892818282233       4.3773343649401156E-17   1.1623892818282233       5.250930718354072E-17    1.1623892818282233       6.281781763917468E-17    1.1623892818282233       7.430509092045438E-17    1.1623892818282233       8.685782840160118E-17    1.1623892818282233       1.0022531140327306E-16   1.1623892818282233       1.1432235105751771E-16   1.1623892818282233       1.2906513057935536E-16   1.1623892818282233       1.4425951503255722E-16   1.1623892818282233       1.5987465069485952E-16   1.1623892818282233       1.7580042325945302E-16   1.1623892818282233       1.921249016643737E-16    1.1623892818282233       2.0855723973727237E-16   1.1623892818282233       2.2520143644769996E-16   1.1623892818282233       2.420492880342693E-16    1.1623892818282233
1.168672467135403         4.6645852901356816E-17   1.168672467135403        3.757597384112711E-17    1.168672467135403        3.758881794513432E-17    1.168672467135403        4.227090187576744E-17    1.168672467135403        5.009772092288771E-17    1.168672467135403        6.013739872079288E-17    1.168672467135403        7.196878642725961E-17    1.168672467135403        8.51527697286214E-17     1.168672467135403        9.956197646228756E-17    1.168672467135403        1.1491484793490904E-16   1.168672467135403        1.3111782437834104E-16   1.168672467135403        1.480675391160924E-16    1.168672467135403        1.6555390219042008E-16   1.168672467135403        1.8354719463115594E-16   1.168672467135403        2.019180620077357E-16    1.168672467135403        2.2078291267428514E-16   1.168672467135403        2.398087093022399E-16    1.168672467135403        2.5912198285916186E-16   1.168672467135403        2.7872070928520603E-16   1.168672467135403
1.1749556524425828        4.84137038228331E-17     1.1749556524425828       3.9030937506297045E-17   1.1749556524425828       3.9027654713511326E-17   1.1749556524425828       4.3759728956093955E-17   1.1749556524425828       5.174866330387334E-17    1.1749556524425828       6.204119172417693E-17    1.1749556524425828       7.42022702980884E-17     1.1749556524425828       8.777733958511417E-17    1.1749556524425828       1.0262434269253488E-16   1.1749556524425828       1.184563822154272E-16    1.1749556524425828       1.3517091495451107E-16   1.1749556524425828       1.5265343113027793E-16   1.1749556524425828       1.7069226708128316E-16   1.1749556524425828       1.8925964177280658E-16   1.1749556524425828       2.082220967191871E-16    1.1749556524425828       2.277001196554519E-16    1.1749556524425828       2.4736390503736664E-16   1.1749556524425828       2.6733898891354823E-16   1.1749556524425828       2.8763348896421066E-16   1.1749556524425828
1.1812388377497622        4.752296288845622E-17    1.1812388377497622       3.7456139193046E-17      1.1812388377497622       3.68782500299589E-17     1.1812388377497622       4.088968204721586E-17    1.1812388377497622       4.8047800766298714E-17   1.1812388377497622       5.74154367991004E-17     1.1812388377497622       6.85581319169758E-17     1.1812388377497622       8.103891918365183E-17    1.1812388377497622       9.470607070201335E-17    1.1812388377497622       1.0929330912300899E-16   1.1812388377497622       1.2469264230320803E-16   1.1812388377497622       1.4079199678281034E-16   1.1812388377497622       1.5739326101357036E-16   1.1812388377497622       1.7447091856591155E-16   1.1812388377497622       1.9190540268886216E-16   1.1812388377497622       2.0979726172790927E-16   1.1812388377497622       2.278637265664929E-16    1.1812388377497622       2.4620894772246514E-16   1.1812388377497622       2.648512512594454E-16    1.1812388377497622
1.1875220230569419        4.5120978952421317E-17   1.1875220230569419       3.4017965059708973E-17   1.1875220230569419       3.249955779511808E-17    1.1875220230569419       3.535271746188108E-17    1.1875220230569419       4.1116130999396045E-17   1.1875220230569419       4.8879490808458513E-17   1.1875220230569419       5.821565554399738E-17    1.1875220230569419       6.872461820565721E-17    1.1875220230569419       8.025322117178369E-17    1.1875220230569419       9.256915829820078E-17    1.1875220230569419       1.055650159342751E-16    1.1875220230569419       1.1914302552386253E-16   1.1875220230569419       1.3312688474531423E-16   1.1875220230569419       1.474934072498045E-16    1.1875220230569419       1.6214846338503867E-16   1.1875220230569419       1.7716140684388362E-16   1.1875220230569419       1.9231588921816833E-16   1.1875220230569419       2.076875195409337E-16    1.1875220230569419       2.2330083770226186E-16   1.1875220230569419
1.1938052083641215        4.304776245080204E-17    1.1938052083641215       3.0766604395459896E-17   1.1938052083641215       2.8320095864545926E-17   1.1938052083641215       3.0123208258478136E-17   1.1938052083641215       3.463114091689822E-17    1.1938052083641215       4.094043541627405E-17    1.1938052083641215       4.8627298557430444E-17   1.1938052083641215       5.732513641221576E-17    1.1938052083641215       6.688648791807453E-17    1.1938052083641215       7.710738135601759E-17    1.1938052083641215       8.788613024497261E-17    1.1938052083641215       9.914335211731244E-17    1.1938052083641215       1.1072182499788279E-16   1.1938052083641215       1.226005586883341E-16    1.1938052083641215       1.347105170428963E-16    1.1938052083641215       1.4709674356745215E-16   1.1938052083641215       1.5959573859159628E-16   1.1938052083641215       1.7226392998919965E-16   1.1938052083641215       1.851265281279808E-16    1.1938052083641215
1.200088393671301         4.2903279175462736E-17   1.200088393671301        2.95879201924796E-17     1.200088393671301        2.6584589717644968E-17   1.200088393671301        2.7915348582003915E-17   1.200088393671301        3.1913608313454465E-17   1.200088393671301        3.764359509485252E-17    1.200088393671301        4.467281400884626E-17    1.200088393671301        5.264438974455318E-17    1.200088393671301        6.141913326415636E-17    1.200088393671301        7.080010645495566E-17    1.200088393671301        8.06927094926482E-17     1.200088393671301        9.103004005087692E-17    1.200088393671301        1.0166128542206102E-16   1.200088393671301        1.1256685910600646E-16   1.200088393671301        1.2369084336897544E-16   1.200088393671301        1.3507461349417534E-16   1.200088393671301        1.465690243247303E-16    1.200088393671301        1.5823217439617822E-16   1.200088393671301        1.7008614026406448E-16   1.200088393671301
1.2063715789784806        4.5301266717107515E-17   1.2063715789784806       3.132224193919604E-17    1.2063715789784806       2.829934990864296E-17    1.2063715789784806       2.99073732508426E-17     1.2063715789784806       3.4364519203107565E-17   1.2063715789784806       4.0664732853680945E-17   1.2063715789784806       4.835327399374891E-17    1.2063715789784806       5.705172399623724E-17    1.2063715789784806       6.662663092341822E-17    1.2063715789784806       7.686216139722734E-17    1.2063715789784806       8.766790625932204E-17    1.2063715789784806       9.89765241911101E-17     1.2063715789784806       1.1062676345549773E-16   1.2063715789784806       1.2259860425877588E-16   1.2063715789784806       1.3483098306158925E-16   1.2063715789784806       1.4738473692925083E-16   1.2063715789784806       1.600803774500836E-16    1.2063715789784806       1.729992875623257E-16    1.2063715789784806       1.8616003719499787E-16   1.2063715789784806
1.2126547642856602        4.964352913000464E-17    1.2126547642856602       3.5443075432417184E-17   1.2126547642856602       3.284954416254047E-17    1.2126547642856602       3.530371907549708E-17    1.2126547642856602       4.095240697457127E-17    1.2126547642856602       4.870088838263201E-17    1.2126547642856602       5.806395861716045E-17    1.2126547642856602       6.861811237076872E-17    1.2126547642856602       8.023010406980202E-17    1.2126547642856602       9.264748568515185E-17    1.2126547642856602       1.0577906129597521E-16   1.2126547642856602       1.1954379954441303E-16   1.2126547642856602       1.337569382041215E-16    1.2126547642856602       1.4839569442632294E-16   1.2126547642856602       1.6337735350376455E-16   1.2126547642856602       1.7879614363203635E-16   1.2126547642856602       1.9441119877230144E-16   1.2126547642856602       2.1033868374484183E-16   1.2126547642856602       2.26595937678838E-16     1.2126547642856602
1.2189379495928396        5.446687967263139E-17    1.2189379495928396       4.0378073813863625E-17   1.2189379495928396       3.8381970918269873E-17   1.2189379495928396       4.1829913928234866E-17   1.2189379495928396       4.885243597192454E-17    1.2189379495928396       5.827521806486497E-17    1.2189379495928396       6.958327060169412E-17    1.2189379495928396       8.23025031375753E-17     1.2189379495928396       9.629433769452746E-17    1.2189379495928396       1.1126829823851732E-16   1.2189379495928396       1.2712844388527983E-16   1.2189379495928396       1.4377320595108794E-16   1.2189379495928396       1.60991355717146E-16     1.2189379495928396       1.7875598517403707E-16   1.2189379495928396       1.969553251168001E-16    1.2189379495928396       2.1571564937600166E-16   1.2189379495928396       2.3472992966669673E-16   1.2189379495928396       2.541450274680593E-16    1.2189379495928396       2.7397982123646956E-16   1.2189379495928396
1.2252211349000193        5.815227823455554E-17    1.2252211349000193       4.42614824856708E-17     1.2252211349000193       4.269399555602935E-17    1.2252211349000193       4.6824377636798825E-17   1.2252211349000193       5.480467294182499E-17    1.2252211349000193       6.541224516201601E-17    1.2252211349000193       7.811094882279949E-17    1.2252211349000193       9.23898730758363E-17     1.2252211349000193       1.081016910477687E-16    1.2252211349000193       1.2493258206857823E-16   1.2252211349000193       1.4278081941201397E-16   1.2252211349000193       1.6152697953698685E-16   1.2252211349000193       1.8094199944194843E-16   1.2252211349000193       2.009956735568003E-16    1.2252211349000193       2.2155219657565314E-16   1.2252211349000193       2.4275502087220247E-16   1.2252211349000193       2.642533265093358E-16    1.2252211349000193       2.8620737046208696E-16   1.2252211349000193       3.0863912027105634E-16   1.2252211349000193
1.231504320207199         5.965321703815213E-17    1.231504320207199        4.5752192361886686E-17   1.231504320207199        4.4191242921583416E-17   1.231504320207199        4.8388140702956416E-17   1.231504320207199        5.651837915566208E-17    1.231504320207199        6.734965424128588E-17    1.231504320207199        8.03368548740404E-17     1.231504320207199        9.49581338927577E-17     1.231504320207199        1.110568432403017E-16    1.231504320207199        1.283191294846802E-16    1.231504320207199        1.4663919897698304E-16   1.231504320207199        1.6589014453704322E-16   1.231504320207199        1.8584115306372177E-16   1.231504320207199        2.064615339471015E-16    1.231504320207199        2.276065315343119E-16    1.231504320207199        2.494158244439133E-16    1.231504320207199        2.7153407121864697E-16   1.231504320207199        2.9411269295642907E-16   1.231504320207199        3.1717668753136926E-16   1.231504320207199
1.2377875055143783        5.89320804796035E-17     1.2377875055143783       4.457067682271577E-17    1.2377875055143783       4.251030315533357E-17    1.2377875055143783       4.6112326791287084E-17   1.2377875055143783       5.3538428968303126E-17   1.2377875055143783       6.357502913875471E-17    1.2377875055143783       7.567817286051376E-17    1.2377875055143783       8.934168906160086E-17    1.2377875055143783       1.044015608657331E-16    1.2377875055143783       1.20565501423242E-16     1.2377875055143783       1.3772668327184513E-16   1.2377875055143783       1.5576356994383225E-16   1.2377875055143783       1.7445971925074288E-16   1.2377875055143783       1.9378713792256026E-16   1.2377875055143783       2.1361040079963276E-16   1.2377875055143783       2.3404718233226775E-16   1.2377875055143783       2.54777159924761E-16     1.2377875055143783       2.75925288526682E-16     1.2377875055143783       2.9751840792277565E-16   1.2377875055143783
1.2440706908215582        5.695023238473059E-17    1.2440706908215582       4.156388685851671E-17    1.2440706908215582       3.8592632365710904E-17   1.2440706908215582       4.114323185813114E-17    1.2440706908215582       4.729696002682285E-17    1.2440706908215582       5.586362503401427E-17    1.2440706908215582       6.630363446981598E-17    1.2440706908215582       7.814301768124843E-17    1.2440706908215582       9.121387477227607E-17    1.2440706908215582       1.0525692587019978E-16   1.2440706908215582       1.2016720136092304E-16   1.2440706908215582       1.3583840207042448E-16   1.2440706908215582       1.520778338895078E-16    1.2440706908215582       1.6886199964757618E-16   1.2440706908215582       1.8607840724520742E-16   1.2440706908215582       2.0381372777553703E-16   1.2440706908215582       2.2180657371474502E-16   1.2440706908215582       2.4014880220508424E-16   1.2440706908215582       2.5886725756287015E-16   1.2440706908215582
1.2503538761287378        5.525725716040189E-17    1.2503538761287378       3.831835901069631E-17    1.2503538761287378       3.424057158522198E-17    1.2503538761287378       3.5637182772749737E-17   1.2503538761287378       4.043117505053078E-17    1.2503538761287378       4.743210587596541E-17    1.2503538761287378       5.609837809050879E-17    1.2503538761287378       6.598804882133953E-17    1.2503538761287378       7.693272756781635E-17    1.2503538761287378       8.870364367816084E-17    1.2503538761287378       1.0119952099871818E-16   1.2503538761287378       1.143328230643818E-16    1.2503538761287378       1.2793409138895962E-16   1.2503538761287378       1.419841445770703E-16    1.2503538761287378       1.5639727625781023E-16   1.2503538761287378       1.712319532047005E-16    1.2503538761287378       1.86285349027691E-16     1.2503538761287378       2.0162199195880624E-16   1.2503538761287378       2.172665288830321E-16    1.2503538761287378
1.2566370614359172        5.537955205989568E-17    1.2566370614359172       3.651803078553559E-17    1.2566370614359172       3.138375136966889E-17    1.2566370614359172       3.1883780954439947E-17   1.2566370614359172       3.5714189445361853E-17   1.2566370614359172       4.1638068934923534E-17   1.2566370614359172       4.909633022089228E-17    1.2566370614359172       5.766162436229427E-17    1.2566370614359172       6.716633714253415E-17    1.2566370614359172       7.739698600579234E-17    1.2566370614359172       8.825611189504578E-17    1.2566370614359172       9.967144410290003E-17    1.2566370614359172       1.1148737317259969E-16   1.2566370614359172       1.2368753951215877E-16   1.2566370614359172       1.3620667993439385E-16   1.2566370614359172       1.490882791213817E-16    1.2566370614359172       1.6216496879610978E-16   1.2566370614359172       1.754892497317252E-16    1.2566370614359172       1.8908158323231153E-16   1.2566370614359172
1.2629202467430969        5.826188181390278E-17    1.2629202467430969       3.7318844471254885E-17   1.2629202467430969       3.1365450979995584E-17   1.2629202467430969       3.14638763738763E-17     1.2629202467430969       3.5041132513956426E-17   1.2629202467430969       4.075894709165307E-17    1.2629202467430969       4.801994478747196E-17    1.2629202467430969       5.638218256459688E-17    1.2629202467430969       6.567645028008874E-17    1.2629202467430969       7.568167366753295E-17    1.2629202467430969       8.630200584180051E-17    1.2629202467430969       9.747122048220283E-17    1.2629202467430969       1.0903295399697457E-16   1.2629202467430969       1.209717578848684E-16    1.2629202467430969       1.3322957783595527E-16   1.2629202467430969       1.4585397740727418E-16   1.2629202467430969       1.586772603250061E-16    1.2629202467430969       1.717594443841013E-16    1.2629202467430969       1.8511616025552227E-16   1.2629202467430969
1.2692034320502765        6.396177342717355E-17    1.2692034320502765       4.0970244916419684E-17   1.2692034320502765       3.450892814544917E-17    1.2692034320502765       3.474572339361737E-17    1.2692034320502765       3.8831134118185136E-17   1.2692034320502765       4.527891099032156E-17    1.2692034320502765       5.343352839736531E-17    1.2692034320502765       6.280726326252089E-17    1.2692034320502765       7.322348972477205E-17    1.2692034320502765       8.443026799785406E-17    1.2692034320502765       9.63287539981586E-17     1.2692034320502765       1.088463737886601E-16    1.2692034320502765       1.218105913591098E-16    1.2692034320502765       1.3520473159365598E-16   1.2692034320502765       1.4896252356294947E-16   1.2692034320502765       1.6315391582467012E-16   1.2692034320502765       1.7757575166027077E-16   1.2692034320502765       1.9231328941728086E-16   1.2692034320502765       2.0737904312102045E-16   1.2692034320502765
1.275486617357456         7.167557693284178E-17    1.275486617357456        4.6788910550212477E-17   1.275486617357456        4.0082624754623606E-17   1.275486617357456        4.085525570737835E-17    1.275486617357456        4.600387175681084E-17    1.275486617357456        5.3869723974739534E-17   1.275486617357456        6.37265847873081E-17     1.275486617357456        7.501831595924519E-17    1.275486617357456        8.755383779966924E-17    1.275486617357456        1.0103418342154792E-16   1.275486617357456        1.1535172493602375E-16   1.275486617357456        1.3041547559062944E-16   1.275486617357456        1.460245747441358E-16    1.275486617357456        1.6215842420916617E-16   1.275486617357456        1.7872909859568006E-16   1.275486617357456        1.9583983883121895E-16   1.275486617357456        2.132285768160492E-16    1.275486617357456        2.3101614557502227E-16   1.275486617357456        2.492157832482592E-16    1.275486617357456
1.2817698026646356        8.00464976691813E-17     1.2817698026646356       5.344690200040056E-17    1.2817698026646356       4.662134264810314E-17    1.2817698026646356       4.8065187482545394E-17   1.2817698026646356       5.446041923660386E-17    1.2817698026646356       6.397912740663745E-17    1.2817698026646356       7.582296380778447E-17    1.2817698026646356       8.936062684553762E-17    1.2817698026646356       1.0438145850270058E-16   1.2817698026646356       1.2053584272746335E-16   1.2817698026646356       1.377028691385827E-16    1.2817698026646356       1.5576534229049678E-16   1.2817698026646356       1.7448856520117584E-16   1.2817698026646356       1.9384494242592952E-16   1.2817698026646356       2.137165099946659E-16    1.2817698026646356       2.3423916443332758E-16   1.2817698026646356       2.5508562726293164E-16   1.2817698026646356       2.7641156705208774E-16   1.2817698026646356       2.982350376031752E-16    1.2817698026646356
1.2880529879718152        8.761841935894173E-17    1.2880529879718152       5.94344234495268E-17     1.2880529879718152       5.2444704027482266E-17   1.2880529879718152       5.441088101564751E-17    1.2880529879718152       6.183345918791699E-17    1.2880529879718152       7.274288249843017E-17    1.2880529879718152       8.627806457166044E-17    1.2880529879718152       1.0174307095963125E-16   1.2880529879718152       1.1890658210282667E-16   1.2880529879718152       1.3737849186195619E-16   1.2880529879718152       1.5702378816233801E-16   1.2880529879718152       1.7769863710185375E-16   1.2880529879718152       1.9913771586255795E-16   1.2880529879718152       2.2130427892960476E-16   1.2880529879718152       2.440490684198693E-16    1.2880529879718152       2.675287751383737E-16    1.2880529879718152       2.9136153768839747E-16   1.2880529879718152       3.1572575178451586E-16   1.2880529879718152       3.4064614093710057E-16   1.2880529879718152
1.2943361732789946        9.327575931519026E-17    1.2943361732789946       6.352531798722687E-17    1.2943361732789946       5.617802385039893E-17    1.2943361732789946       5.829999254840239E-17    1.2943361732789946       6.622254091225411E-17    1.2943361732789946       7.787533731015765E-17    1.2943361732789946       9.235073892530142E-17    1.2943361732789946       1.0891139408578922E-16   1.2943361732789946       1.2730820590842211E-16   1.2943361732789946       1.4713087756021632E-16   1.2943361732789946       1.6823381043634658E-16   1.2943361732789946       1.9045406952697203E-16   1.2943361732789946       2.1350738111988276E-16   1.2943361732789946       2.3734832872232425E-16   1.2943361732789946       2.6180306569437364E-16   1.2943361732789946       2.8703073473718534E-16   1.2943361732789946       3.1261824380867583E-16   1.2943361732789946       3.387470113897796E-16    1.2943361732789946       3.6544673224487716E-16   1.2943361732789946
1.3006193585861743        9.654137461614027E-17    1.3006193585861743       6.51049410406665E-17     1.3006193585861743       5.711759356952707E-17    1.3006193585861743       5.893083637805345E-17    1.3006193585861743       6.669020250170537E-17    1.3006193585861743       7.826524655714936E-17    1.3006193585861743       9.271915142379264E-17    1.3006193585861743       1.0930098314401648E-16   1.3006193585861743       1.277488508362849E-16    1.3006193585861743       1.4765566908317738E-16   1.3006193585861743       1.6887144700637306E-16   1.3006193585861743       1.9122704105892087E-16   1.3006193585861743       2.1443611195275664E-16   1.3006193585861743       2.384482981767563E-16    1.3006193585861743       2.630786045875788E-16    1.3006193585861743       2.884706241633049E-16    1.3006193585861743       3.1420975926306623E-16   1.3006193585861743       3.404598424212959E-16    1.3006193585861743       3.672511736570265E-16    1.3006193585861743
1.3069025438933541        9.766810119153671E-17    1.3069025438933541       6.428778408556705E-17    1.3069025438933541       5.536026276587409E-17    1.3069025438933541       5.643091262691299E-17    1.3069025438933541       6.341568099338094E-17    1.3069025438933541       7.415232362192643E-17    1.3069025438933541       8.768840134696573E-17    1.3069025438933541       1.0328371810389434E-16   1.3069025438933541       1.2066850186588296E-16   1.3069025438933541       1.3945799911394874E-16   1.3069025438933541       1.5950382345355796E-16   1.3069025438933541       1.8064414240930107E-16   1.3069025438933541       2.026072048799471E-16    1.3069025438933541       2.253433382348095E-16    1.3069025438933541       2.48672877648518E-16     1.3069025438933541       2.727118379564502E-16    1.3069025438933541       2.9707292544876525E-16   1.3069025438933541       3.2188765714302887E-16   1.3069025438933541       3.471823182630443E-16    1.3069025438933541
1.3131857292005336        9.752878539168454E-17    1.3131857292005336       6.182591600126676E-17    1.3131857292005336       5.170037498456255E-17    1.3131857292005336       5.1726234374408994E-17   1.3131857292005336       5.75257241319579E-17     1.3131857292005336       6.69125186352873E-17     1.3131857292005336       7.892486395198477E-17    1.3131857292005336       9.284829255693103E-17    1.3131857292005336       1.0840872102280927E-16   1.3131857292005336       1.2525368024296057E-16   1.3131857292005336       1.432399417396943E-16    1.3131857292005336       1.6222264634219128E-16   1.3131857292005336       1.8195569779918697E-16   1.3131857292005336       2.0239508471800325E-16   1.3131857292005336       2.2338082132816886E-16   1.3131857292005336       2.449976248405129E-16    1.3131857292005336       2.669062890228414E-16    1.3131857292005336       2.8920111115167593E-16   1.3131857292005336       3.1190161968269555E-16   1.3131857292005336
1.3194689145077132        9.736407495281462E-17    1.3194689145077132       5.886687624791377E-17    1.3194689145077132       4.73605578266209E-17     1.3194689145077132       4.622335142881323E-17    1.3194689145077132       5.070659712434147E-17    1.3194689145077132       5.858345619628443E-17    1.3194689145077132       6.888004082241013E-17    1.3194689145077132       8.091039231056941E-17    1.3194689145077132       9.439796970774728E-17    1.3194689145077132       1.0902205355519957E-16   1.3194689145077132       1.2464514585498421E-16   1.3194689145077132       1.4114290811421862E-16   1.3194689145077132       1.582974874723583E-16    1.3194689145077132       1.7607279953931426E-16   1.3194689145077132       1.9433634209637622E-16   1.3194689145077132       2.1314531744715944E-16   1.3194689145077132       2.3221608117161136E-16   1.3194689145077132       2.516105484424802E-16    1.3194689145077132       2.7134109799086094E-16   1.3194689145077132
1.3257520998148928        9.847456797299309E-17    1.3257520998148928       5.664937528901365E-17    1.3257520998148928       4.365503447115411E-17    1.3257520998148928       4.1418636412283457E-17   1.3257520998148928       4.473572937204005E-17    1.3257520998148928       5.1299534340704685E-17   1.3257520998148928       6.011144297281663E-17    1.3257520998148928       7.050414318401772E-17    1.3257520998148928       8.219848131745082E-17    1.3257520998148928       9.489585489365263E-17    1.3257520998148928       1.0846282173202096E-16   1.3257520998148928       1.2279326101583537E-16   1.3257520998148928       1.376921038389392E-16    1.3257520998148928       1.5313048273843535E-16   1.3257520998148928       1.6900298384203955E-16   1.3257520998148928       1.853483376502662E-16    1.3257520998148928       2.019310061807872E-16    1.3257520998148928       2.1879210492951362E-16   1.3257520998148928       2.359378048487388E-16    1.3257520998148928
1.3320352851220723        1.0194134700679165E-16   1.3320352851220723       5.622436293164153E-17    1.3320352851220723       4.168350757974945E-17    1.3320352851220723       3.854606283409005E-17    1.3320352851220723       4.106304779254671E-17    1.3320352851220723       4.679090983104026E-17    1.3320352851220723       5.46848056005436E-17     1.3320352851220723       6.4075136789102E-17      1.3320352851220723       7.467726426856801E-17    1.3320352851220723       8.619850868297999E-17    1.3320352851220723       9.850630405480383E-17    1.3320352851220723       1.1150613414422039E-16   1.3320352851220723       1.2501484493728543E-16   1.3320352851220723       1.3900829853900103E-16   1.3320352851220723       1.5340098811672424E-16   1.3320352851220723       1.6822532307018953E-16   1.3320352851220723       1.8327430576605536E-16   1.3320352851220723       1.9858292844543607E-16   1.3320352851220723       2.1415232021973702E-16   1.3320352851220723
1.338318470429252         1.0843309261476974E-16   1.338318470429252        5.826325518224261E-17    1.338318470429252        4.2125994579196504E-17   1.338318470429252        3.8343791355958915E-17   1.338318470429252        4.053476215000183E-17    1.338318470429252        4.605355717516402E-17    1.338318470429252        5.378154088821065E-17    1.338318470429252        6.301842499818742E-17    1.338318470429252        7.346790633705458E-17    1.338318470429252        8.482327985484972E-17    1.338318470429252        9.694820549020072E-17    1.338318470429252        1.0975025182892305E-16   1.338318470429252        1.230447808881468E-16    1.338318470429252        1.368093341408016E-16    1.338318470429252        1.509673051769411E-16    1.338318470429252        1.6555817430247573E-16   1.338318470429252        1.803778490334672E-16    1.338318470429252        1.954702217402328E-16    1.338318470429252        2.1083271837604117E-16   1.338318470429252
1.3446016557364315        1.1812251427577653E-16   1.3446016557364315       6.29770166041334E-17     1.3446016557364315       4.516631149933666E-17    1.3446016557364315       4.0973105973561203E-17   1.3446016557364315       4.329982299520053E-17    1.3446016557364315       4.9237074538787156E-17   1.3446016557364315       5.756374130733989E-17    1.3446016557364315       6.751851483665465E-17    1.3446016557364315       7.878458360170286E-17    1.3446016557364315       9.102073054354221E-17    1.3446016557364315       1.0408058068899928E-16   1.3446016557364315       1.1786232347199808E-16   1.3446016557364315       1.3216585882085538E-16   1.3446016557364315       1.4696689094173566E-16   1.3446016557364315       1.6218538374496068E-16   1.3446016557364315       1.7788020203333413E-16   1.3446016557364315       1.938249720750438E-16    1.3446016557364315       2.1008594820192027E-16   1.3446016557364315       2.266591507106556E-16    1.3446016557364315
1.350884841043611         1.3070445650414953E-16   1.350884841043611        7.013508513497285E-17    1.350884841043611        5.05303188743287E-17     1.350884841043611        4.607545132812203E-17    1.350884841043611        4.888516735316797E-17    1.350884841043611        5.573646782760136E-17    1.350884841043611        6.528160847382057E-17    1.350884841043611        7.667248959753878E-17    1.350884841043611        8.956265187966023E-17    1.350884841043611        1.0355929405954801E-16   1.350884841043611        1.184989926847075E-16    1.350884841043611        1.3425850382932715E-16   1.350884841043611        1.5060907584791478E-16   1.350884841043611        1.6751986285992317E-16   1.350884841043611        1.8489493388781719E-16   1.350884841043611        2.0282068730861804E-16   1.350884841043611        2.210281533994188E-16    1.350884841043611        2.3961578957346617E-16   1.350884841043611        2.585817307733531E-16    1.350884841043611
1.3571680263507906        1.4549157099552734E-16   1.3571680263507906       7.915370549188724E-17    1.3571680263507906       5.759901279536696E-17    1.3571680263507906       5.291973319009622E-17    1.3571680263507906       5.638465573413912E-17    1.3571680263507906       6.44262380832862E-17     1.3571680263507906       7.555487823754052E-17    1.3571680263507906       8.881990924824594E-17    1.3571680263507906       1.0383902428254101E-16   1.3571680263507906       1.2015832825553042E-16   1.3571680263507906       1.3759193466186678E-16   1.3571680263507906       1.5598508830006413E-16   1.3571680263507906       1.7506987576740635E-16   1.3571680263507906       1.9480287169616218E-16   1.3571680263507906       2.1506031446874252E-16   1.3571680263507906       2.359572795781331E-16    1.3571680263507906       2.5716830235235024E-16   1.3571680263507906       2.7882765672585644E-16   1.3571680263507906       3.009389814388849E-16    1.3571680263507906
1.3634512116579702        1.6156040708572682E-16   1.3634512116579702       8.922157297764903E-17    1.3634512116579702       6.555216375152883E-17    1.3634512116579702       6.058211280290272E-17    1.3634512116579702       6.468973824837517E-17    1.3634512116579702       7.395123784143003E-17    1.3634512116579702       8.673009666687819E-17    1.3634512116579702       1.0196964548434869E-16   1.3634512116579702       1.1925073539029416E-16   1.3634512116579702       1.380592216894723E-16    1.3634512116579702       1.5818583980147768E-16   1.3634512116579702       1.794396279432138E-16    1.3634512116579702       2.0150851770883112E-16   1.3634512116579702       2.243308221835602E-16    1.3634512116579702       2.477450956927812E-16    1.3634512116579702       2.7188845973033426E-16   1.3634512116579702       2.963713488958623E-16    1.3634512116579702       3.2135911455719326E-16   1.3634512116579702       3.4686159762129884E-16   1.3634512116579702
1.3697343969651496        1.7792388394611711E-16   1.3697343969651496       9.943971585930659E-17    1.3697343969651496       7.351051727202236E-17    1.3697343969651496       6.811285488105442E-17    1.3697343969651496       7.269972610149838E-17    1.3697343969651496       8.299431878864865E-17    1.3697343969651496       9.7216206615588E-17      1.3697343969651496       1.1421005183792886E-16   1.3697343969651496       1.3352385009127862E-16   1.3697343969651496       1.5459421438446684E-16   1.3697343969651496       1.771936573916103E-16    1.3697343969651496       2.0109828516437822E-16   1.3697343969651496       2.2595515840986996E-16   1.3697343969651496       2.516821062551456E-16    1.3697343969651496       2.780751390907311E-16    1.3697343969651496       3.052814550131943E-16    1.3697343969651496       3.328461694528316E-16    1.3697343969651496       3.6095277717929537E-16   1.3697343969651496       3.896133959448522E-16    1.3697343969651496
1.3760175822723295        1.9370787819659212E-16   1.3760175822723295       1.0896152421596302E-16   1.3760175822723295       8.066149284121553E-17    1.3760175822723295       7.466796802516186E-17    1.3760175822723295       7.947695806225115E-17    1.3760175822723295       9.046999785098107E-17    1.3760175822723295       1.0572965579672072E-16   1.3760175822723295       1.2401551950196542E-16   1.3760175822723295       1.4484891642003068E-16   1.3760175822723295       1.6763478532967907E-16   1.3760175822723295       1.9213745250388577E-16   1.3760175822723295       2.1811127475194673E-16   1.3760175822723295       2.4517481139789586E-16   1.3760175822723295       2.7322937321592127E-16   1.3760175822723295       3.02031646103298E-16     1.3760175822723295       3.317265044195348E-16    1.3760175822723295       3.6180006662671384E-16   1.3760175822723295       3.9243627195313677E-16   1.3760175822723295       4.236415100991272E-16    1.3760175822723295
1.3823007675795091        2.0830803040227874E-16   1.3823007675795091       1.1712099567045553E-16   1.3823007675795091       8.636375287271054E-17    1.3823007675795091       7.960308581839317E-17    1.3823007675795091       8.434124881130646E-17    1.3823007675795091       9.563067705074769E-17    1.3823007675795091       1.114237166441928E-16    1.3823007675795091       1.3040954420238036E-16   1.3823007675795091       1.520873797136204E-16    1.3823007675795091       1.7584890786408133E-16   1.3823007675795091       2.014613941925097E-16    1.3823007675795091       2.2867323699899985E-16   1.3823007675795091       2.5709352916660056E-16   1.3823007675795091       2.8661751445509893E-16   1.3823007675795091       3.1697502247921794E-16   1.3823007675795091       3.4830075640868906E-16   1.3823007675795091       3.8003701170962626E-16   1.3823007675795091       4.123514713577587E-16    1.3823007675795091       4.452360522438227E-16    1.3823007675795091
1.3885839528866886        2.2150185466618817E-16   1.3885839528866886       1.2353376963175802E-16   1.3885839528866886       9.022647507464815E-17    1.3885839528866886       8.253463901576069E-17    1.3885839528866886       8.691532212664898E-17    1.3885839528866886       9.810022328284684E-17    1.3885839528866886       1.1391586546610141E-16   1.3885839528866886       1.3299310735051707E-16   1.3885839528866886       1.5480925403282397E-16   1.3885839528866886       1.787566065243692E-16    1.3885839528866886       2.0461296044321945E-16   1.3885839528866886       2.3213584226292227E-16   1.3885839528866886       2.6094536577085385E-16   1.3885839528866886       2.909447668637624E-16    1.3885839528866886       3.218565636839952E-16    1.3885839528866886       3.538044761650591E-16    1.3885839528866886       3.862106257389569E-16    1.3885839528866886       4.19216284020504E-16     1.3885839528866886       4.527939144091222E-16    1.3885839528866886
1.3948671381938682        2.3349654211324845E-16   1.3948671381938682       1.2815324151119543E-16   1.3948671381938682       9.215455436132827E-17    1.3948671381938682       8.337006514178605E-17    1.3948671381938682       8.713466074445243E-17    1.3948671381938682       9.785962414221029E-17    1.3948671381938682       1.132474144125353E-16    1.3948671381938682       1.3187901929943269E-16   1.3948671381938682       1.532054292132096E-16    1.3948671381938682       1.7662596471513553E-16   1.3948671381938682       2.019298591681472E-16    1.3948671381938682       2.2889320960022755E-16   1.3948671381938682       2.571631435409114E-16    1.3948671381938682       2.866636520192914E-16    1.3948671381938682       3.17131432651777E-16     1.3948671381938682       3.486842951284313E-16    1.3948671381938682       3.807530245864643E-16    1.3948671381938682       4.134515844929802E-16    1.3948671381938682       4.467348948980099E-16    1.3948671381938682
1.4011503235010478        2.449063331089892E-16    1.4011503235010478       1.3126938138877158E-16   1.4011503235010478       9.234957582326166E-17    1.4011503235010478       8.230292098856623E-17    1.4011503235010478       8.522766252210881E-17    1.4011503235010478       9.520350033641697E-17    1.4011503235010478       1.0980856767413514E-16   1.4011503235010478       1.27579698330906E-16     1.4011503235010478       1.479347944908088E-16    1.4011503235010478       1.7027949400279947E-16   1.4011503235010478       1.9440849122323675E-16   1.4011503235010478       2.2011782788883465E-16   1.4011503235010478       2.4708896577861506E-16   1.4011503235010478       2.7527352326545135E-16   1.4011503235010478       3.0443979297078387E-16   1.4011503235010478       3.3470678216695363E-16   1.4011503235010478       3.655422509260002E-16    1.4011503235010478       3.970400083852939E-16    1.4011503235010478       4.291462060408209E-16    1.4011503235010478
1.4074335088082273        2.5667066795817137E-16   1.4074335088082273       1.3345137397376434E-16   1.4074335088082273       9.126319001256706E-17    1.4074335088082273       7.976873847348578E-17    1.4074335088082273       8.166562990442781E-17    1.4074335088082273       9.067511421425678E-17    1.4074335088082273       1.042485756543998E-16    1.4074335088082273       1.2088300140476645E-16   1.4074335088082273       1.3995729992101797E-16   1.4074335088082273       1.6087840953531466E-16   1.4074335088082273       1.8343623642252966E-16   1.4074335088082273       2.0744091663593613E-16   1.4074335088082273       2.326060261094457E-16    1.4074335088082273       2.589096034722462E-16    1.4074335088082273       2.861604861713076E-16    1.4074335088082273       3.144837410017568E-16    1.4074335088082273       3.434057472597652E-16    1.4074335088082273       3.7301122850902715E-16   1.4074335088082273       4.032500953278775E-16    1.4074335088082273
1.413716694115407         2.6993762839834586E-16   1.413716694115407        1.354508635192187E-16    1.413716694115407        8.951247415951142E-17    1.413716694115407        7.63657170942927E-17     1.413716694115407        7.708379565997094E-17    1.413716694115407        8.498174887447218E-17    1.413716694115407        9.737768789294392E-17    1.413716694115407        1.1273184841908286E-16   1.413716694115407        1.3038153043309675E-16   1.413716694115407        1.4972903789677573E-16   1.413716694115407        1.7054889393027104E-16   1.413716694115407        1.926554899647892E-16    1.413716694115407        2.1578505775902744E-16   1.413716694115407        2.3993370394477627E-16   1.413716694115407        2.6495009500091466E-16   1.413716694115407        2.9096541941468223E-16   1.413716694115407        3.1757541302832235E-16   1.413716694115407        3.4486592797421837E-16   1.413716694115407        3.7280242762168867E-16   1.413716694115407
1.4199998794225865        2.8594042996433603E-16   1.4199998794225865       1.3809210298652657E-16   1.4199998794225865       8.777867731491427E-17    1.4199998794225865       7.275609416988596E-17    1.4199998794225865       7.218341226130343E-17    1.4199998794225865       7.889569760012016E-17    1.4199998794225865       9.006363810062479E-17    1.4199998794225865       1.0411110370227982E-16   1.4199998794225865       1.2033485651290268E-16   1.4199998794225865       1.3812800994658381E-16   1.4199998794225865       1.5724211144788887E-16   1.4199998794225865       1.7748580411685357E-16   1.4199998794225865       1.986052474217999E-16    1.4199998794225865       2.206023191533036E-16    1.4199998794225865       2.4335702749010016E-16   1.4199998794225865       2.6700200342642926E-16   1.4199998794225865       2.91201166083589E-16     1.4199998794225865       3.1604761216164145E-16   1.4199998794225865       3.4152972528792427E-16   1.4199998794225865
1.426283064729766         3.0588785673682753E-16   1.426283064729766        1.4217380369150447E-16   1.426283064729766        8.671418534340479E-17    1.426283064729766        6.957126438641505E-17    1.426283064729766        6.763393737024219E-17    1.426283064729766        7.315432386204559E-17    1.426283064729766        8.313013829628125E-17    1.426283064729766        9.594398224852204E-17    1.426283064729766        1.108551965852955E-16    1.426283064729766        1.2724497794675795E-16   1.426283064729766        1.4483882311251033E-16   1.426283064729766        1.634322159305475E-16    1.426283064729766        1.827690088072699E-16    1.426283064729766        2.0284436571337612E-16   1.426283064729766        2.235569545746551E-16    1.426283064729766        2.450334935477938E-16    1.426283064729766        2.6699500947230827E-16   1.426283064729766        2.89543062682158E-16     1.426283064729766        3.1269036341179314E-16   1.426283064729766
1.4325662500369456        3.308782852672241E-16    1.4325662500369456       1.4839679153540393E-16   1.4325662500369456       8.687549429455675E-17    1.4325662500369456       6.734111512812743E-17    1.4325662500369456       6.399613503253273E-17    1.4325662500369456       6.837773278764137E-17    1.4325662500369456       7.727133823745664E-17    1.4325662500369456       8.900574110670705E-17    1.4325662500369456       1.0280537152988034E-16   1.4325662500369456       1.1803760023145695E-16   1.4325662500369456       1.3440289162443342E-16   1.4325662500369456       1.5167973118020891E-16   1.4325662500369456       1.6960023989847995E-16   1.4325662500369456       1.8814299199598998E-16   1.4325662500369456       2.0721196517297273E-16   1.4325662500369456       2.2692057912779785E-16   1.4325662500369456       2.47029624857903E-16     1.4325662500369456       2.6764659629978017E-16   1.4325662500369456       2.888046044423651E-16    1.4325662500369456
1.4388494353441252        3.61838722776703E-16     1.4388494353441252       1.5731878926836711E-16   1.4388494353441252       8.868681360645104E-17    1.4388494353441252       6.645667565992949E-17    1.4388494353441252       6.167905593595435E-17    1.4388494353441252       6.501905746088728E-17    1.4388494353441252       7.299684911425844E-17    1.4388494353441252       8.386625846093635E-17    1.4388494353441252       9.681636509121197E-17    1.4388494353441252       1.111981647261053E-16    1.4388494353441252       1.2669065746161393E-16   1.4388494353441252       1.430546068518301E-16    1.4388494353441252       1.6000448945101924E-16   1.4388494353441252       1.77496260162513E-16     1.4388494353441252       1.954275589420477E-16    1.4388494353441252       2.1389305609261318E-16   1.4388494353441252       2.326733643044332E-16    1.4388494353441252       2.518774791407825E-16    1.4388494353441252       2.715514496491199E-16    1.4388494353441252
1.4451326206513049        3.9948910319088736E-16   1.4451326206513049       1.6933021609746888E-16   1.4451326206513049       9.242741330403618E-17    1.4451326206513049       6.716165489207113E-17    1.4451326206513049       6.093048860308646E-17    1.4451326206513049       6.335107758471296E-17    1.4451326206513049       7.061414106746281E-17    1.4451326206513049       8.08695665765042E-17     1.4451326206513049       9.326649253561401E-17    1.4451326206513049       1.0713535036200037E-16   1.4451326206513049       1.2213817817030143E-16   1.4451326206513049       1.3801941172939923E-16   1.4451326206513049       1.5447321009633556E-16   1.4451326206513049       1.714307598475489E-16    1.4451326206513049       1.887745271029525E-16    1.4451326206513049       2.06577761177721E-16     1.4451326206513049       2.246211112356503E-16    1.4451326206513049       2.430102245922876E-16    1.4451326206513049       2.617948994419552E-16    1.4451326206513049
1.4514158059584845        4.443361698424573E-16    1.4514158059584845       1.846458023347704E-16    1.4514158059584845       9.823201390149983E-17    1.4514158059584845       6.95603869637429E-17     1.4514158059584845       6.184929678102989E-17    1.4514158059584845       6.348023668740156E-17    1.4514158059584845       7.024281637486222E-17    1.4514158059584845       8.014817497252968E-17    1.4514158059584845       9.229670098234155E-17    1.4514158059584845       1.0599213982525347E-16   1.4514158059584845       1.2088389953876365E-16   1.4514158059584845       1.3670278065445873E-16   1.4514158059584845       1.531227324772419E-16    1.4514158059584845       1.7005151795158628E-16   1.4514158059584845       1.8735084366808535E-16   1.4514158059584845       2.050727593517683E-16    1.4514158059584845       2.2298013457357444E-16   1.4514158059584845       2.4117082959517047E-16   1.4514158059584845       2.596887269074178E-16    1.4514158059584845
1.4576989912656642        4.96704775881498E-16     1.4576989912656642       2.0331300647691475E-16   1.4576989912656642       1.0609796250625194E-16   1.4576989912656642       7.363079520691107E-17    1.4576989912656642       6.440514924368563E-17    1.4576989912656642       6.537247594193006E-17    1.4576989912656642       7.18458186819821E-17     1.4576989912656642       8.165920882607031E-17    1.4576989912656642       9.385170782455461E-17    1.4576989912656642       1.0769234441089208E-16   1.4576989912656642       1.2282133366989324E-16   1.4576989912656642       1.3895927792492412E-16   1.4576989912656642       1.5576247114737355E-16   1.4576989912656642       1.731198023740558E-16    1.4576989912656642       1.9087026670229156E-16   1.4576989912656642       2.090478972045892E-16    1.4576989912656642       2.273833395002905E-16    1.4576989912656642       2.4596323892229823E-16   1.4576989912656642       2.648163027847004E-16    1.4576989912656642
1.4639821765728436        5.568118392349167E-16    1.4639821765728436       2.2524317528086116E-16   1.4639821765728436       1.1590082588284337E-16   1.4639821765728436       7.923885585565962E-17    1.4639821765728436       6.845706562259E-17       1.4639821765728436       6.887805540269605E-17    1.4639821765728436       7.526172012187885E-17    1.4639821765728436       8.522495347023211E-17    1.4639821765728436       9.772950743309643E-17    1.4639821765728436       1.1199954083881121E-16   1.4639821765728436       1.2766774447855244E-16   1.4639821765728436       1.444479479244367E-16    1.4639821765728436       1.6198326393238642E-16   1.4639821765728436       1.8015114457940998E-16   1.4639821765728436       1.9876995651643216E-16   1.4639821765728436       2.178622105894666E-16    1.4639821765728436       2.371166950835692E-16    1.4639821765728436       2.5660738386770916E-16   1.4639821765728436       2.7634005426999365E-16   1.4639821765728436
1.4702653618800232        6.248782985210431E-16    1.4702653618800232       2.502697979981898E-16    1.4702653618800232       1.2742471419418635E-16   1.4702653618800232       8.615922250819795E-17    1.4702653618800232       7.377191609166701E-17    1.4702653618800232       7.375200796922786E-17    1.4702653618800232       8.022996416360115E-17    1.4702653618800232       9.056526352983569E-17    1.4702653618800232       1.0362317143492488E-16   1.4702653618800232       1.1857012014627315E-16   1.4702653618800232       1.3502983996935204E-16   1.4702653618800232       1.5271135519899904E-16   1.4702653618800232       1.712496948785515E-16    1.4702653618800232       1.9052023872290102E-16   1.4702653618800232       2.1032671067391362E-16   1.4702653618800232       2.3069017297376637E-16   1.4702653618800232       2.512540637044814E-16    1.4702653618800232       2.7208163812351825E-16   1.4702653618800232       2.9315116513453863E-16   1.4702653618800232
1.4765485471872029        7.01261285953369E-16     1.4765485471872029       2.7822956031546027E-16   1.4765485471872029       1.4041112499698324E-16   1.4765485471872029       9.410903848635143E-17    1.4765485471872029       8.005044832339579E-17    1.4765485471872029       7.967626775811111E-17    1.4765485471872029       8.641193696591391E-17    1.4765485471872029       9.732036195120823E-17    1.4765485471872029       1.1114852525807578E-16   1.4765485471872029       1.269891511337781E-16    1.4765485471872029       1.4445102246486258E-16   1.4765485471872029       1.632368135113957E-16    1.4765485471872029       1.8297691898217156E-16   1.4765485471872029       2.03553826632156E-16     1.4765485471872029       2.24765110318105E-16     1.4765485471872029       2.46643389705586E-16     1.4765485471872029       2.687898624117482E-16    1.4765485471872029       2.912637097115192E-16    1.4765485471872029       3.1401619902405897E-16   1.4765485471872029
1.4828317324943823        7.865791883444517E-16    1.4828317324943823       3.090507265007625E-16    1.4828317324943823       1.5462145430413403E-16   1.4828317324943823       1.0279665518021783E-16   1.4828317324943823       8.69670926051513E-17     1.4828317324943823       8.629243630808729E-17    1.4828317324943823       9.341767102039953E-17    1.4828317324943823       1.0507272353316603E-16   1.4828317324943823       1.1986345448685203E-16   1.4828317324943823       1.3679038566913105E-16   1.4828317324943823       1.5543620584329266E-16   1.4828317324943823       1.7549037262545916E-16   1.4828317324943823       1.9657779108263244E-16   1.4828317324943823       2.185939859729863E-16    1.4828317324943823       2.413384954397417E-16    1.4828317324943823       2.648692188447639E-16    1.4828317324943823       2.887535482775051E-16    1.4828317324943823       3.1305796214747337E-16   1.4828317324943823       3.3771346723682174E-16   1.4828317324943823
1.489114917801562         8.818018173383726E-16    1.489114917801562        3.428262720237066E-16    1.489114917801562        1.6989879542237793E-16   1.489114917801562        1.1197731886712098E-16   1.489114917801562        9.422153087157191E-17    1.489114917801562        9.324864592998518E-17    1.489114917801562        1.0084631355785573E-16   1.489114917801562        1.133794978709816E-16    1.489114917801562        1.2929175422853997E-16   1.489114917801562        1.4747259839930388E-16   1.489114917801562        1.6746349579195797E-16   1.489114917801562        1.8892816503446388E-16   1.489114917801562        2.114790797382362E-16    1.489114917801562        2.350245349218914E-16    1.489114917801562        2.593701177053978E-16    1.489114917801562        2.846098351656274E-16    1.489114917801562        3.102877459364897E-16    1.489114917801562        3.364916763224638E-16    1.489114917801562        3.631446154655467E-16    1.489114917801562
1.4953981031087415        9.882876980479916E-16    1.4953981031087415       3.798508024771994E-16    1.4953981031087415       1.8621020505923678E-16   1.4953981031087415       1.2150003910102882E-16   1.4953981031087415       1.0159012252131285E-16   1.4953981031087415       1.0025357064585254E-16   1.4953981031087415       1.0833923216771906E-16   1.4953981031087415       1.2182044902203158E-16   1.4953981031087415       1.3896205083439728E-16   1.4953981031087415       1.5852692400338836E-16   1.4953981031087415       1.7999939039209136E-16   1.4953981031087415       2.030012306963063E-16    1.4953981031087415       2.2711981524734794E-16   1.4953981031087415       2.5226843734159894E-16   1.4953981031087415       2.7825589330019206E-16   1.4953981031087415       3.052164278005017E-16    1.4953981031087415       3.3267877065064344E-16   1.4953981031087415       3.6076483020946277E-16   1.4953981031087415       3.8940423616178573E-16   1.4953981031087415
1.501681288415921         1.1077669443468892E-15   1.501681288415921        4.2061076366279814E-16   1.501681288415921        2.0365442357341465E-16   1.501681288415921        1.313289138899835E-16    1.501681288415921        1.0896008369112626E-16   1.501681288415921        1.0712190277718814E-16   1.501681288415921        1.156335405335773E-16    1.501681288415921        1.300545788442683E-16    1.501681288415921        1.4846167675939805E-16   1.501681288415921        1.694822163538635E-16    1.501681288415921        1.925310205139458E-16    1.501681288415921        2.171721343728742E-16    1.501681288415921        2.429523715323485E-16    1.501681288415921        2.6977616544847203E-16   1.501681288415921        2.9744520742982245E-16   1.501681288415921        3.2612917264145433E-16   1.501681288415921        3.5534298902432236E-16   1.501681288415921        3.852494365369353E-16    1.501681288415921        4.1579711174493404E-16   1.501681288415921
1.5079644737231006        1.242285222558908E-15    1.5079644737231006       4.657326082510278E-16    1.5079644737231006       2.22430888116906E-16     1.5079644737231006       1.415293424018878E-16    1.5079644737231006       1.1633236327445493E-16   1.5079644737231006       1.1379411783119403E-16   1.5079644737231006       1.2259776939279213E-16   1.5079644737231006       1.378685992407111E-16    1.5079644737231006       1.5749273123476E-16      1.5079644737231006       1.799620008953429E-16    1.5079644737231006       2.0461681682382101E-16   1.5079644737231006       2.309529134815902E-16    1.5079644737231006       2.584630618761109E-16    1.5079644737231006       2.8702697534934513E-16   1.5079644737231006       3.164239818546331E-16    1.5079644737231006       3.468461630923322E-16    1.5079644737231006       3.7778803801089347E-16   1.5079644737231006       4.094508547496597E-16    1.5079644737231006       4.41807530066651E-16     1.5079644737231006
1.5142476590302805        1.3941363533499374E-15   1.5142476590302805       5.159074222139845E-16    1.5142476590302805       2.4277920301487617E-16   1.5142476590302805       1.5222172767029754E-16   1.5142476590302805       1.2378941527277555E-16   1.5142476590302805       1.2032050179229388E-16   1.5142476590302805       1.292343045169198E-16    1.5142476590302805       1.4519830430409016E-16   1.5142476590302805       1.6591036580716625E-16   1.5142476590302805       1.8973505154298253E-16   1.5142476590302805       2.159426156744237E-16    1.5142476590302805       2.439587743234017E-16    1.5142476590302805       2.7321550660927654E-16   1.5142476590302805       3.035553253182261E-16    1.5142476590302805       3.3471994618983033E-16   1.5142476590302805       3.6690648060026514E-16   1.5142476590302805       3.9957601138844623E-16   1.5142476590302805       4.329564997428083E-16    1.5142476590302805       4.670410995982635E-16    1.5142476590302805
1.5205308443374599        1.5658152405927483E-15   1.5205308443374599       5.71818122745043E-16     1.5205308443374599       2.6490865383056597E-16   1.5205308443374599       1.6351711628186302E-16   1.5205308443374599       1.314368715098107E-16    1.5205308443374599       1.268120171530332E-16    1.5205308443374599       1.3564404981636012E-16   1.5205308443374599       1.5211130242578518E-16   1.5205308443374599       1.737259406876388E-16    1.5205308443374599       1.9873863614040353E-16   1.5205308443374599       2.2636165624461804E-16   1.5205308443374599       2.5595876185535125E-16   1.5205308443374599       2.869039673431521E-16    1.5205308443374599       3.189980711277953E-16    1.5205308443374599       3.519354626161364E-16    1.5205308443374599       3.8590229294734976E-16   1.5205308443374599       4.2031138723660276E-16   1.5205308443374599       4.553997011997946E-16    1.5205308443374599       4.911681433880399E-16    1.5205308443374599
1.5268140296446395        1.760018989841939E-15    1.5268140296446395       6.340947326316906E-16    1.5268140296446395       2.8894113449344166E-16   1.5268140296446395       1.754559329479417E-16    1.5268140296446395       1.3933790059313228E-16   1.5268140296446395       1.333729328496317E-16    1.5268140296446395       1.4196255156367935E-16   1.5268140296446395       1.5875312325921055E-16   1.5268140296446395       1.8106913259065854E-16   1.5268140296446395       2.0706094736871455E-16   1.5268140296446395       2.3589898090665015E-16   1.5268140296446395       2.6690055437052366E-16   1.5268140296446395       2.993938302364E-16       1.5268140296446395       3.3314329700413715E-16   1.5268140296446395       3.6779573765980824E-16   1.5268140296446395       4.0351717015017246E-16   1.5268140296446395       4.3966127592002776E-16   1.5268140296446395       4.764561220415061E-16    1.5268140296446395       5.138938481844075E-16    1.5268140296446395
1.5330972149518192        1.9797139012362193E-15   1.5330972149518192       7.033153954304878E-16    1.5330972149518192       3.1488705342892056E-16   1.5330972149518192       1.879702528338878E-16    1.5330972149518192       1.4746199709123912E-16   1.5330972149518192       1.4003708165808005E-16   1.5330972149518192       1.4828749255162742E-16   1.5330972149518192       1.6527224151248845E-16   1.5330972149518192       1.8811799136030416E-16   1.5330972149518192       2.1488364056945094E-16   1.5330972149518192       2.447125484372076E-16    1.5330972149518192       2.768937942610333E-16    1.5330972149518192       3.1072771221456477E-16   1.5330972149518192       3.4595635868313553E-16   1.5330972149518192       3.821888110713428E-16    1.5330972149518192       4.195716322171223E-16    1.5330972149518192       4.573969323969684E-16    1.5330972149518192       4.95871811447219E-16     1.5330972149518192       5.349650880572727E-16    1.5330972149518192
1.5393804002589986        2.2282714181517837E-15   1.5393804002589986       7.800584832417749E-16    1.5393804002589986       3.4266395025059844E-16   1.5393804002589986       2.0088253452304428E-16   1.5393804002589986       1.5566531857392359E-16   1.5393804002589986       1.4672871419937358E-16   1.5393804002589986       1.5462088993292296E-16   1.5393804002589986       1.7174742578296545E-16   1.5393804002589986       1.950177763880055E-16    1.5393804002589986       2.2240009902407794E-16   1.5393804002589986       2.530192535110732E-16    1.5393804002589986       2.861513455286731E-16    1.5393804002589986       3.2108752130961807E-16   1.5393804002589986       3.5756547428411843E-16   1.5393804002589986       3.951740198875421E-16    1.5393804002589986       4.3405036956691714E-16   1.5393804002589986       4.73432668988685E-16     1.5393804002589986       5.135046259104598E-16    1.5393804002589986       5.54204452037506E-16     1.5393804002589986
1.5456635855661782        2.5096589425927957E-15   1.5456635855661782       8.649975555736486E-16    1.5456635855661782       3.7215471318464605E-16   1.5456635855661782       2.139421056593405E-16    1.5456635855661782       1.63709410984931E-16     1.5456635855661782       1.5326093015984918E-16   1.5456635855661782       1.608446741922831E-16    1.5456635855661782       1.7814036097041232E-16   1.5456635855661782       2.0181362285551605E-16   1.5456635855661782       2.297339230301709E-16    1.5456635855661782       2.6100695655613555E-16   1.5456635855661782       2.949035297064464E-16    1.5456635855661782       3.307193541324225E-16    1.5456635855661782       3.682044009470857E-16    1.5456635855661782       4.0694719453103856E-16   1.5456635855661782       4.47091541912184E-16     1.5456635855661782       4.87837435784194E-16     1.5456635855661782       5.293528266698848E-16    1.5456635855661782       5.715479141521588E-16    1.5456635855661782
1.5519467708733579        2.828654276526036E-15    1.5519467708733579       9.590189535838152E-16    1.5519467708733579       4.032899433541289E-16    1.5519467708733579       2.2688851279712027E-16   1.5519467708733579       1.7131264565708717E-16   1.5519467708733579       1.5937250486616196E-16   1.5519467708733579       1.6673763755391387E-16   1.5519467708733579       1.84288463881194E-16     1.5519467708733579       2.0841775704700274E-16   1.5519467708733579       2.3688228607490626E-16   1.5519467708733579       2.68758660032523E-16     1.5519467708733579       3.0331017253564025E-16   1.5519467708733579       3.3984188290358037E-16   1.5519467708733579       3.7812605608718075E-16   1.5519467708733579       4.177677023972313E-16    1.5519467708733579       4.589336168896166E-16    1.5519467708733579       5.008052532010614E-16    1.5519467708733579       5.43549549446227E-16     1.5519467708733579       5.870603595001824E-16    1.5519467708733579
1.5582299561805373        3.191039693085897E-15    1.5582299561805373       1.0633340405449334E-15   1.5582299561805373       4.3613053292687837E-16   1.5582299561805373       2.395216250624558E-16    1.5582299561805373       1.7821765251437178E-16   1.5582299561805373       1.6479133440951313E-16   1.5582299561805373       1.720285463083765E-16    1.5582299561805373       1.89940237140708E-16     1.5582299561805373       2.1462124012190324E-16   1.5582299561805373       2.437010185676809E-16    1.5582299561805373       2.7621111336947446E-16   1.5582299561805373       3.1139607821630553E-16   1.5582299561805373       3.4856464283851657E-16   1.5582299561805373       3.8751145416432863E-16   1.5582299561805373       4.2786682919612093E-16   1.5582299561805373       4.698318769591927E-16    1.5582299561805373       5.125874986516433E-16    1.5582299561805373       5.563163895656637E-16    1.5582299561805373       6.009131423635404E-16    1.5582299561805373
1.564513141487717         3.603729369485088E-15    1.564513141487717        1.179556904127634E-15    1.564513141487717        4.70924678832134E-16     1.564513141487717        2.517549938505612E-16    1.564513141487717        1.8425177078698313E-16   1.564513141487717        1.6930330726772368E-16   1.564513141487717        1.7646826531184784E-16   1.564513141487717        1.948221320833112E-16    1.564513141487717        2.2014664790975405E-16   1.564513141487717        2.499357080435995E-16    1.564513141487717        2.831596672298319E-16    1.564513141487717        3.190282195923431E-16    1.564513141487717        3.5683933957601593E-16   1.564513141487717        3.9639974568004986E-16   1.564513141487717        4.373633810940841E-16    1.564513141487717        4.799677879657059E-16    1.564513141487717        5.234047876511595E-16    1.564513141487717        5.678860626201409E-16    1.564513141487717        6.133243307009535E-16    1.564513141487717
1.5707963267948966        4.074797763405389E-15    1.5707963267948966       1.309725508012036E-15    1.5707963267948966       5.081198448936031E-16    1.5707963267948966       2.636330878887746E-16    1.5707963267948966       1.8935840512983578E-16   1.5707963267948966       1.7280216137499185E-16   1.5707963267948966       1.7989640843173784E-16   1.5707963267948966       1.9871525177481732E-16   1.5707963267948966       2.2472531414200196E-16   1.5707963267948966       2.552894269709004E-16    1.5707963267948966       2.893077649396687E-16    1.5707963267948966       3.2594079126726997E-16   1.5707963267948966       3.644574152425412E-16    1.5707963267948966       4.046584591368631E-16    1.5707963267948966       4.462097508065193E-16    1.5707963267948966       4.893764580829338E-16    1.5707963267948966       5.333631362468059E-16    1.5707963267948966       5.784155771729476E-16    1.5707963267948966       6.244772193699244E-16    1.5707963267948966
1.5770795121020762        4.6134079006697734E-15   1.5770795121020762       1.4562599675483583E-15   1.5770795121020762       5.483239579176803E-16    1.5770795121020762       2.753043490896183E-16    1.5770795121020762       1.935858773016348E-16    1.5770795121020762       1.7530063229188296E-16   1.5770795121020762       1.8227796459128954E-16   1.5770795121020762       2.0151539584312533E-16   1.5770795121020762       2.2817398139722702E-16   1.5770795121020762       2.595061724103668E-16    1.5770795121020762       2.943464448003282E-16    1.5770795121020762       3.3180091157328814E-16   1.5770795121020762       3.7109435004826777E-16   1.5770795121020762       4.12001738158622E-16     1.5770795121020762       4.541826722094287E-16    1.5770795121020762       4.979115397862244E-16    1.5770795121020762       5.423971936855778E-16    1.5770795121020762       5.879140439314792E-16    1.5770795121020762       6.344401730122945E-16    1.5770795121020762
1.5833626974092558        5.229681225490486E-15    1.5833626974092558       1.621873134327008E-15    1.5833626974092558       5.922279526607337E-16    1.5833626974092558       2.869576658962997E-16    1.5833626974092558       1.9703511468651253E-16   1.5833626974092558       1.7689571252718E-16      1.5833626974092558       1.836938372482446E-16    1.5833626974092558       2.0325326769162048E-16   1.5833626974092558       2.3044374025699404E-16   1.5833626974092558       2.624426011190749E-16    1.5833626974092558       2.980394190959606E-16    1.5833626974092558       3.362959856595914E-16    1.5833626974092558       3.7638859822763745E-16   1.5833626974092558       4.1805190561677594E-16   1.5833626974092558       4.609212653674002E-16    1.5833626974092558       5.052567962018808E-16    1.5833626974092558       5.502554200037967E-16    1.5833626974092558       5.962043469938827E-16    1.5833626974092558       6.431097862083745E-16    1.5833626974092558
1.5896458827164355        5.9345902808321165E-15   1.5896458827164355       1.8094700803577916E-15   1.5896458827164355       6.405178645692361E-16    1.5896458827164355       2.9874458377970383E-16   1.5896458827164355       1.9978370951405597E-16   1.5896458827164355       1.7769794005804163E-16   1.5896458827164355       1.8428503081139914E-16   1.5896458827164355       2.0406377973026148E-16   1.5896458827164355       2.316210020085666E-16    1.5896458827164355       2.6410181142852027E-16   1.5896458827164355       3.002853504061613E-16    1.5896458827164355       3.392159147518689E-16    1.5896458827164355       3.800327892232517E-16    1.5896458827164355       4.2242828191720347E-16   1.5896458827164355       4.66003403413713E-16     1.5896458827164355       5.109824664712579E-16    1.5896458827164355       5.56531943607551E-16     1.5896458827164355       6.029291811681963E-16    1.5896458827164355       6.501926462297349E-16    1.5896458827164355
1.595929068023615         6.7399736652121514E-15   1.595929068023615        2.0220864060612332E-15   1.595929068023615        6.938125942647975E-16    1.595929068023615        3.107173148593569E-16    1.595929068023615        2.0181509541580098E-16   1.595929068023615        1.7775025095372601E-16   1.595929068023615        1.841687001062219E-16    1.595929068023615        2.0411187510666298E-16   1.595929068023615        2.3187579549481177E-16   1.595929068023615        2.646133827436887E-16    1.595929068023615        3.0113340955409884E-16   1.595929068023615        3.4050208494349644E-16   1.595929068023615        3.8184903203779625E-16   1.595929068023615        4.248384143788213E-16    1.595929068023615        4.690411931586958E-16    1.595929068023615        5.146340067375882E-16    1.595929068023615        5.607396397098922E-16    1.595929068023615        6.076024848476142E-16    1.595929068023615        6.552324150565369E-16    1.595929068023615
1.6022122533307945        7.658755017502008E-15    1.6022122533307945       2.262913346578491E-15    1.6022122533307945       7.526588996963219E-16    1.6022122533307945       3.2280915513032043E-16   1.6022122533307945       2.0298212074453884E-16   1.6022122533307945       1.7696897214045828E-16   1.6022122533307945       1.8335812359596495E-16   1.6022122533307945       2.0350102859403832E-16   1.6022122533307945       2.3137308669188496E-16   1.6022122533307945       2.6416247423880493E-16   1.6022122533307945       3.007421915670853E-16    1.6022122533307945       3.40242911800249E-16     1.6022122533307945       3.8182170790815377E-16   1.6022122533307945       4.2514309392049693E-16   1.6022122533307945       4.697688894101429E-16    1.6022122533307945       5.158313770525564E-16    1.6022122533307945       5.624090627296258E-16    1.6022122533307945       6.096978131364994E-16    1.6022122533307945       6.576802356176734E-16    1.6022122533307945
1.6084954386379742        8.705392028867662E-15    1.6084954386379742       2.5354373958480646E-15   1.6084954386379742       8.175982469939281E-16    1.6084954386379742       3.348693831054661E-16    1.6084954386379742       2.0302229688714488E-16   1.6084954386379742       1.7513322934709127E-16   1.6084954386379742       1.8172062397694326E-16   1.6084954386379742       2.0220130470395593E-16   1.6084954386379742       2.301805172646553E-16    1.6084954386379742       2.6289212649006756E-16   1.6084954386379742       2.9929315498051957E-16   1.6084954386379742       3.386130876571073E-16    1.6084954386379742       3.8007250420611693E-16   1.6084954386379742       4.233710835815634E-16    1.6084954386379742       4.680948908013274E-16    1.6084954386379742       5.143507243190263E-16    1.6084954386379742       5.611888791605043E-16    1.6084954386379742       6.087553845636478E-16    1.6084954386379742       6.569971149269922E-16    1.6084954386379742
1.6147786239451536        9.896501790502043E-15    1.6147786239451536       2.8436872281427966E-15   1.6147786239451536       8.892961755520273E-16    1.6147786239451536       3.4674433667379604E-16   1.6147786239451536       2.0162138102150886E-16   1.6147786239451536       1.7193021936287595E-16   1.6147786239451536       1.789943791021434E-16    1.6147786239451536       2.0002980575419525E-16   1.6147786239451536       2.2821213542499036E-16   1.6147786239451536       2.6081812190881177E-16   1.6147786239451536       2.968908709836257E-16    1.6147786239451536       3.3577658294330367E-16   1.6147786239451536       3.7678303704393937E-16   1.6147786239451536       4.196746115306236E-16    1.6147786239451536       4.640974866480304E-16    1.6147786239451536       5.10161202537139E-16     1.6147786239451536       5.569185343428095E-16    1.6147786239451536       6.044809028018765E-16    1.6147786239451536       6.527668283507537E-16    1.6147786239451536
1.6210618092523332        1.1251532165504296E-14   1.6210618092523332       3.1925413438719732E-15   1.6210618092523332       9.687025836081252E-16    1.6210618092523332       3.5837870320386677E-16   1.6210618092523332       1.9850153451481656E-16   1.6210618092523332       1.6703980590089183E-16   1.6210618092523332       1.7486081239513492E-16   1.6210618092523332       1.966966941785268E-16    1.6210618092523332       2.2523689671301284E-16   1.6210618092523332       2.5779610645917976E-16   1.6210618092523332       2.9349361525459455E-16   1.6210618092523332       3.317930643246841E-16    1.6210618092523332       3.720942804261488E-16    1.6210618092523332       4.142402309599834E-16    1.6210618092523332       4.579632457507114E-16    1.6210618092523332       5.034019360003014E-16    1.6210618092523332       5.496483165282212E-16    1.6210618092523332       5.9680660250393035E-16   1.6210618092523332       6.447901653887197E-16    1.6210618092523332
1.6273449945595129        1.279330489125256E-14    1.6273449945595129       3.588020074020541E-15    1.6273449945595129       1.0571995054681635E-15   1.6273449945595129       3.699041075418631E-16    1.6273449945595129       1.9349995122333083E-16   1.6273449945595129       1.6022399775271168E-16   1.6273449945595129       1.6904429169103975E-16   1.6273449945595129       1.9190190105889837E-16   1.6273449945595129       2.2095507487828142E-16   1.6273449945595129       2.5356277044709906E-16   1.6273449945595129       2.8891124089775893E-16   1.6273449945595129       3.265731658655214E-16    1.6273449945595129       3.6602855563278844E-16   1.6273449945595129       4.071932759633203E-16    1.6273449945595129       4.498928576720918E-16    1.6273449945595129       4.94307608338433E-16     1.6273449945595129       5.395993123932723E-16    1.6273449945595129       5.858941440237591E-16    1.6273449945595129       6.331322937121329E-16    1.6273449945595129
1.6336281798666923        1.4548264288943602E-14   1.6336281798666923       4.037477959027586E-15    1.6336281798666923       1.1566963421007978E-15   1.6336281798666923       3.816892187580914E-16    1.6336281798666923       1.866093673927021E-16    1.6336281798666923       1.5138469642739049E-16   1.6336281798666923       1.6139775629707067E-16   1.6336281798666923       1.8544413998633159E-16   1.6336281798666923       2.1511574932321888E-16   1.6336281798666923       2.4784230638350645E-16   1.6336281798666923       2.82882273774933E-16     1.6336281798666923       3.199135726475768E-16    1.6336281798666923       3.5847845155949256E-16   1.6336281798666923       3.985456344010219E-16    1.6336281798666923       4.400207703021991E-16    1.6336281798666923       4.831181457917941E-16    1.6336281798666923       5.270829145732528E-16    1.6336281798666923       5.720816149846419E-16    1.6336281798666923       6.181098718572883E-16    1.6336281798666923
1.639911365173872         1.654632673972462E-14    1.639911365173872        4.549633080027552E-15    1.639911365173872        1.2696499237286466E-15   1.639911365173872        3.943436066396921E-16    1.639911365173872        1.779713877921759E-16    1.639911365173872        1.40569126330349E-16     1.639911365173872        1.519396017712028E-16    1.639911365173872        1.7729752156768602E-16   1.639911365173872        2.076289318231661E-16    1.639911365173872        2.404796608939588E-16    1.639911365173872        2.752080917857837E-16    1.639911365173872        3.116111668682802E-16    1.639911365173872        3.492839086222341E-16    1.639911365173872        3.882262528332728E-16    1.639911365173872        4.283989418819363E-16    1.639911365173872        4.700247171350827E-16    1.639911365173872        5.12425118405262E-16     1.639911365173872        5.558059715473164E-16    1.639911365173872        6.002315668724371E-16    1.639911365173872
1.6461945504810518        1.8820322883661246E-14   1.6461945504810518       5.134414839720428E-15    1.6461945504810518       1.3990116066690245E-15   1.6461945504810518       4.086880594384629E-16    1.6461945504810518       1.6783787380079517E-16   1.6461945504810518       1.2792962614779344E-16   1.6461945504810518       1.4083192370301375E-16   1.6461945504810518       1.6762688254394554E-16   1.6461945504810518       1.986279335836441E-16    1.6461945504810518       2.315486410519394E-16    1.6461945504810518       2.658949855450632E-16    1.6461945504810518       3.0161977747740643E-16   1.6461945504810518       3.3838122613904476E-16   1.6461945504810518       3.762017088354136E-16    1.6461945504810518       4.150742042954354E-16    1.6461945504810518       4.55198028771085E-16     1.6461945504810518       4.959494266118309E-16    1.6461945504810518       5.375529662032872E-16    1.6461945504810518       5.801335281660328E-16    1.6461945504810518
1.6524777357882312        2.140512862111824E-14    1.6524777357882312       5.802667635630217E-15    1.6524777357882312       1.5481267628489567E-15   1.6524777357882312       4.257175890255286E-16    1.6524777357882312       1.565325575368976E-16    1.6524777357882312       1.1366944301472147E-16   1.6524777357882312       1.2832135344898223E-16   1.6524777357882312       1.5674438672796134E-16   1.6524777357882312       1.8846212506168574E-16   1.6524777357882312       2.2139436743281815E-16   1.6524777357882312       2.552496862018991E-16    1.6524777357882312       2.9019127894744696E-16   1.6524777357882312       3.25973028216653E-16     1.6524777357882312       3.6265287004675713E-16   1.6524777357882312       4.002484586806721E-16    1.6524777357882312       4.389128151186592E-16    1.6524777357882312       4.780535989941194E-16    1.6524777357882312       5.178838341948134E-16    1.6524777357882312       5.585634137572499E-16    1.6524777357882312
1.6587609210954108        2.4336664446004044E-14   1.6587609210954108       6.565796058474907E-15    1.6587609210954108       1.720625772574463E-15    1.6587609210954108       4.465841328857024E-16    1.6587609210954108       1.4444572470925187E-16   1.6587609210954108       9.801551568591562E-17    1.6587609210954108       1.146850098982096E-16    1.6587609210954108       1.4504130358779834E-16   1.6587609210954108       1.7763588689802418E-16   1.6587609210954108       2.1060183236443768E-16   1.6587609210954108       2.438953144036596E-16    1.6587609210954108       2.779477966484858E-16    1.6587609210954108       3.126547662447508E-16    1.6587609210954108       3.481434253574551E-16    1.6587609210954108       3.8446907020370364E-16   1.6587609210954108       4.217363330870164E-16    1.6587609210954108       4.59373255595248E-16     1.6587609210954108       4.97556595493486E-16     1.6587609210954108       5.364504885314635E-16    1.6587609210954108
1.6650441064025905        2.7650984941150096E-14   1.6650441064025905       7.43545997428292E-15     1.6650441064025905       1.9203463613790582E-15   1.6650441064025905       4.726146171016957E-16    1.6650441064025905       1.3207848619377785E-16   1.6650441064025905       8.124704885967427E-17    1.6650441064025905       1.0022333097925952E-16   1.6650441064025905       1.3294301753227128E-16   1.6650441064025905       1.6673760461811785E-16   1.6650441064025905       1.9991933104657126E-16   1.6650441064025905       2.3271304370470527E-16   1.6650441064025905       2.6586304071591996E-16   1.6650441064025905       2.9945024514426897E-16   1.6650441064025905       3.3371413923678003E-16   1.6650441064025905       3.6877537777182233E-16   1.6650441064025905       4.0471096336123874E-16   1.6650441064025905       4.4097784369763045E-16   1.6650441064025905       4.777107179860011E-16    1.6650441064025905       5.150568805763534E-16    1.6650441064025905
1.67132729170977          3.138366964321422E-14    1.67132729170977         8.423415165763136E-15    1.67132729170977         2.1513159878297872E-15   1.67132729170977         5.053628442235456E-16    1.67132729170977         1.2012769305681862E-16   1.67132729170977         6.377998065568087E-17    1.67132729170977         8.53174083554714E-17     1.67132729170977         1.2092307496159464E-16   1.67132729170977         1.564068007207101E-16    1.67132729170977         1.9018693906128986E-16   1.67132729170977         2.227498611710927E-16    1.67132729170977         2.5517272974865724E-16   1.67132729170977         2.8774871543165687E-16   1.67132729170977         3.2086617979466214E-16   1.67132729170977         3.547394459495844E-16    1.67132729170977         3.8945267795339214E-16   1.67132729170977         4.2451633707393017E-16   1.67132729170977         4.600406196992674E-16    1.67132729170977         4.961542732002828E-16    1.67132729170977
1.6776104770169495        3.556965777684706E-14    1.6776104770169495       9.541549211847283E-15    1.6776104770169495       2.4178045662025742E-15   1.6776104770169495       5.466790059972826E-16    1.6776104770169495       1.0958041793372698E-16   1.6776104770169495       4.6275959264878405E-17   1.6776104770169495       7.05318417710737E-17     1.6776104770169495       1.0957777338914496E-16   1.6776104770169495       1.4736341476895506E-16   1.6776104770169495       1.8231252150449305E-16   1.6776104770169495       2.151443086203716E-16    1.6776104770169495       2.4726341207304346E-16   1.6776104770169495       2.7917793067245113E-16   1.6776104770169495       3.114430372713111E-16    1.6776104770169495       3.443802497473042E-16    1.6776104770169495       3.7811458122710436E-16   1.6776104770169495       4.1223787372467E-16      1.6776104770169495       4.468696957463974E-16    1.6776104770169495       4.821371012044352E-16    1.6776104770169495
1.6838936623241292        4.024354461556842E-14    1.6838936623241292       1.080209702556628E-14    1.6838936623241292       2.7244377819954984E-15   1.6838936623241292       5.987746569181622E-16    1.6838936623241292       1.017788594591384E-16    1.6838936623241292       2.9725789515339346E-17   1.6838936623241292       5.671309869743762E-17    1.6838936623241292       9.972291258504223E-17    1.6838936623241292       1.4048153270569069E-16   1.6838936623241292       1.773026681986971E-16    1.6838936623241292       2.111013510804731E-16    1.6838936623241292       2.435877305142686E-16    1.6838936623241292       2.754670230615519E-16    1.6838936623241292       3.07457683935789E-16     1.6838936623241292       3.399784466122077E-16    1.6838936623241292       3.7321430585105984E-16   1.6838936623241292       4.0685394171490913E-16   1.6838936623241292       4.410616400975299E-16    1.6838936623241292       4.759870579357531E-16    1.6838936623241292
1.6901768476313086        4.5440192166327804E-14   1.6901768476313086       1.2217957038085631E-14   1.6901768476313086       3.07634442710275E-15     1.6901768476313086       6.642648568825881E-16    1.6901768476313086       9.84261759624037E-17     1.6901768476313086       1.5461115007474656E-17   1.6901768476313086       4.5024072827025E-17      1.6901768476313086       9.244952997875839E-17    1.6901768476313086       1.3685186860935256E-16   1.6901768476313086       1.7631088101932498E-16   1.6901768476313086       2.1190389415180052E-16   1.6901768476313086       2.456209070810438E-16    1.6901768476313086       2.7833748435325373E-16   1.6901768476313086       3.1091784400501435E-16   1.6901768476313086       3.4384665713290433E-16   1.6901768476313086       3.773687228004196E-16    1.6901768476313086       4.1126221422471065E-16   1.6901768476313086       4.457581885601675E-16    1.6901768476313086       4.810450780410738E-16    1.6901768476313086
1.6964600329384882        5.119533899386344E-14    1.6964600329384882       1.380298734152927E-14    1.6964600329384882       3.479300474786537E-15    1.6964600329384882       7.461790782515062E-16    1.6964600329384882       1.015260923142557E-16    1.6964600329384882       5.073157921644803E-18    1.6964600329384882       3.687397978320336E-17    1.6964600329384882       8.908004694187197E-17    1.6964600329384882       1.3776434032025768E-16   1.6964600329384882       1.8063525144777236E-16   1.6964600329384882       2.189058606466854E-16    1.6964600329384882       2.5482588872874527E-16   1.6964600329384882       2.8941795408983196E-16   1.6964600329384882       3.2367350143432174E-16   1.6964600329384882       3.5810204997568875E-16   1.6964600329384882       3.929947405558408E-16    1.6964600329384882       4.2818927816644916E-16   1.6964600329384882       4.639853502530105E-16    1.6964600329384882       5.006065295100264E-16    1.6964600329384882
1.7027432182456679        5.754578208624763E-14    1.7027432182456679       1.55721519082973E-14     1.7027432182456679       3.939829049804708E-15    1.7027432182456679       8.479422193344658E-16    1.7027432182456679       1.132732857966724E-16    1.7027432182456679       2.522226078051552E-19    1.7027432182456679       3.3741445587998953E-17   1.7027432182456679       9.100047912542101E-17    1.7027432182456679       1.4456406084883103E-16   1.7027432182456679       1.9160211126133054E-16   1.7027432182456679       2.334363818210872E-16    1.7027432182456679       2.725619576009691E-16    1.7027432182456679       3.101348904390498E-16    1.7027432182456679       3.472652002575199E-16    1.7027432182456679       3.844505948600007E-16    1.7027432182456679       4.220146017236783E-16    1.7027432182456679       4.598122403360462E-16    1.7027432182456679       4.981976433490162E-16    1.7027432182456679       5.374044675982761E-16    1.7027432182456679
1.7090264035528475        6.452871018841378E-14    1.7090264035528475       1.754140798194862E-14    1.7090264035528475       4.465218473477171E-15    1.7090264035528475       9.733317079278834E-16    1.7090264035528475       1.3592654238475783E-16   1.7090264035528475       2.5905338355641616E-18   1.7090264035528475       3.6930213124693856E-17   1.7090264035528475       9.939357665013539E-17    1.7090264035528475       1.5838339269047907E-16   1.7090264035528475       2.103132525895076E-16    1.7090264035528475       2.56570316353031E-16     1.7090264035528475       2.998773481843305E-16    1.7090264035528475       3.415165463132868E-16    1.7090264035528475       3.827204711640036E-16    1.7090264035528475       4.239522200534505E-16    1.7090264035528475       4.655650630160612E-16    1.7090264035528475       5.073916555373945E-16    1.7090264035528475       5.498223648841373E-16    1.7090264035528475       5.930634739357257E-16    1.7090264035528475
1.7153095888600272        7.217992707659156E-14    1.7153095888600272       1.9727264551486552E-14   1.7153095888600272       5.063428377702423E-15    1.7153095888600272       1.126414834761175E-15    1.7153095888600272       1.7169687687174134E-16   1.7153095888600272       1.340161703150687E-17    1.7153095888600272       4.732272199899855E-17    1.7153095888600272       1.1493954394758065E-16   1.7153095888600272       1.798072817985242E-16    1.7153095888600272       2.372952389530029E-16    1.7153095888600272       2.8877916098973456E-16   1.7153095888600272       3.3717456367880765E-16   1.7153095888600272       3.8387816489846125E-16   1.7153095888600272       4.302549329443604E-16    1.7153095888600272       4.767248067585689E-16    1.7153095888600272       5.236833065966914E-16    1.7153095888600272       5.709151587663233E-16    1.7153095888600272       6.188370147780502E-16    1.7153095888600272       6.675922876732549E-16    1.7153095888600272
1.7215927741672068        8.053099059877467E-14    1.7215927741672068       2.2145984940656025E-14   1.7215927741672068       5.74286388749609E-15     1.7215927741672068       1.311464350474042E-15    1.7215927741672068       2.226703984186586E-16    1.7215927741672068       3.359937654296856E-17    1.7215927741672068       6.519681303613691E-17    1.7215927741672068       1.3756684258017892E-16   1.7215927741672068       2.0856358965322308E-16   1.7215927741672068       2.7214157561455857E-16   1.7215927741672068       3.295417105206541E-16    1.7215927741672068       3.838077465825483E-16    1.7215927741672068       4.3642302156582376E-16   1.7215927741672068       4.888884782070178E-16    1.7215927741672068       5.415793312628684E-16    1.7215927741672068       5.94954725644161E-16     1.7215927741672068       6.487432585207534E-16    1.7215927741672068       7.033913207682472E-16    1.7215927741672068       7.58957676884979E-16     1.7215927741672068
1.7278759594743862        8.960562106162178E-14    1.7278759594743862       2.4812448683601214E-14   1.7278759594743862       6.512007732526855E-15    1.7278759594743862       1.5328437684113292E-15   1.7278759594743862       2.9076853166080174E-16   1.7278759594743862       6.365723798744879E-17    1.7278759594743862       9.014854515408418E-17    1.7278759594743862       1.663209668798346E-16    1.7278759594743862       2.4332992907147784E-16   1.7278759594743862       3.132576072142687E-16    1.7278759594743862       3.7703395585124507E-16   1.7278759594743862       4.377304854518284E-16    1.7278759594743862       4.968658112382289E-16    1.7278759594743862       5.560628946485613E-16    1.7278759594743862       6.156484531998141E-16    1.7278759594743862       6.761628178147758E-16    1.7278759594743862       7.372827971841691E-16    1.7278759594743862       7.994966241135718E-16    1.7278759594743862       8.627736399584084E-16    1.7278759594743862
1.7341591447815659        9.941598015164938E-14    1.7341591447815659       2.7738735012283212E-14   1.7341591447815659       7.378909535772811E-15    1.7341591447815659       1.794849677926618E-15    1.7341591447815659       3.777345614178935E-16    1.7341591447815659       1.0364507994726925E-16   1.7341591447815659       1.211340125459466E-16    1.7341591447815659       1.993855614705516E-16    1.7341591447815659       2.8171781927111197E-16   1.7341591447815659       3.577974941117909E-16    1.7341591447815659       4.280141561110826E-16    1.7341591447815659       4.953304160501112E-16    1.7341591447815659       5.61225291581476E-16     1.7341591447815659       6.274069122976175E-16    1.7341591447815659       6.941425196778884E-16    1.7341591447815659       7.620553764136467E-16    1.7341591447815659       8.307794385781018E-16    1.7341591447815659       9.008542699037778E-16    1.7341591447815659       9.721664939016767E-16    1.7341591447815659
1.7404423300887455        1.0995949232950148E-13   1.7404423300887455       3.093255208573731E-14    1.7404423300887455       8.350543470702636E-15    1.7404423300887455       2.1014979789266316E-15   1.7404423300887455       4.851291856077569E-16    1.7404423300887455       1.5332860272838965E-16   1.7404423300887455       1.5662065149038167E-16   1.7404423300887455       2.3425743039983346E-16   1.7404423300887455       3.2045347010252305E-16   1.7404423300887455       4.018372186638162E-16    1.7404423300887455       4.779768865189098E-16    1.7404423300887455       5.515561436453828E-16    1.7404423300887455       6.239206562831652E-16    1.7404423300887455       6.968049343640866E-16    1.7404423300887455       7.70400139224418E-16     1.7404423300887455       8.45392924301391E-16     1.7404423300887455       9.213828230848217E-16    1.7404423300887455       9.98957003923874E-16     1.7404423300887455       1.0779282838449012E-15   1.7404423300887455
1.746725515395925         1.2121675220116593E-13   1.746725515395925        3.439571064064189E-14    1.746725515395925        9.432065332830877E-15    1.746725515395925        2.4562451495660686E-15   1.746725515395925        6.1431719156525515E-16   1.746725515395925        2.123125462494614E-16    1.746725515395925        1.9482993350073525E-16   1.746725515395925        2.6805875150698006E-16   1.746725515395925        3.5574319306385347E-16   1.746725515395925        4.407822736962421E-16    1.746725515395925        5.215931215705162E-16    1.746725515395925        6.003796621921491E-16    1.746725515395925        6.782464241096208E-16    1.746725515395925        7.568774149954939E-16    1.746725515395925        8.363709566004093E-16    1.746725515395925        9.174384326720991E-16    1.746725515395925        9.996532967324022E-16    1.746725515395925        1.0836295924980114E-15   1.746725515395925        1.169111244168595E-15    1.746725515395925
1.7530087007031045        1.3315079776587279E-13   1.7530087007031045       3.812290272280736E-14    1.7530087007031045       1.0626030862923275E-14   1.7530087007031045       2.861646261028096E-15    1.7530087007031045       7.664289295241568E-16    1.7530087007031045       2.802084075372535E-16    1.7530087007031045       2.3405163631007553E-16   1.7530087007031045       2.9796438315092603E-16   1.7530087007031045       3.8379715742526713E-16   1.7530087007031045       4.699801250599292E-16    1.7530087007031045       5.53406873840278E-16     1.7530087007031045       6.355723747298593E-16    1.7530087007031045       7.172204855850453E-16    1.7530087007031045       7.998924677956164E-16    1.7530087007031045       8.835809082751443E-16    1.7530087007031045       9.689702822130315E-16    1.7530087007031045       1.0556196881673351E-15   1.7530087007031045       1.1441365675275817E-15   1.7530087007031045       1.2341975390092927E-15   1.7530087007031045
1.7592918860102842        1.4570774454147518E-13   1.7592918860102842       4.2101051035552565E-14   1.7592918860102842       1.1931673005332923E-14   1.7592918860102842       3.3189700231272793E-15   1.7592918860102842       9.422831041496496E-16    1.7592918860102842       3.5680178627329277E-16   1.7592918860102842       2.7300202039379077E-16   1.7592918860102842       3.2171432991399224E-16   1.7592918860102842       4.014757136757891E-16    1.7592918860102842       4.854913794618741E-16    1.7592918860102842       5.687294274728653E-16    1.7592918860102842       6.51723695425796E-16     1.7592918860102842       7.347272711077859E-16    1.7592918860102842       8.190318592868725E-16    1.7592918860102842       9.045143277283381E-16    1.7592918860102842       9.917728361521543E-16    1.7592918860102842       1.0803682179743156E-15   1.7592918860102842       1.1708633805166714E-15   1.7592918860102842       1.2628717077867656E-15   1.7592918860102842
1.7655750713174636        1.588185711122384E-13    1.7655750713174636       4.630940332312014E-14    1.7655750713174636       1.3344358653210833E-14   1.7655750713174636       3.8278146063731656E-15   1.7655750713174636       1.142264200794811E-15    1.7655750713174636       4.4218461973562567E-16   1.7655750713174636       3.1117766497972256E-16   1.7655750713174636       3.3815666704402155E-16   1.7655750713174636       4.069976693354784E-16    1.7655750713174636       4.849490649449752E-16    1.7655750713174636       5.646443559547842E-16    1.7655750713174636       6.453933273260219E-16    1.7655750713174636       7.268220102122371E-16    1.7655750713174636       8.098533309106403E-16    1.7655750713174636       8.9423674708511E-16      1.7655750713174636       9.804194744092962E-16    1.7655750713174636       1.0679790204158652E-15   1.7655750713174636       1.157398050136347E-15    1.7655750713174636       1.248238604501145E-15    1.7655750713174636
1.7718582566246432        1.7240176603463834E-13   1.7718582566246432       5.072036053884836E-14    1.7718582566246432       1.4855331195532508E-14   1.7718582566246432       4.385784716102331E-15    1.7718582566246432       1.3661597335787933E-15   1.7718582566246432       5.368113281556853E-16    1.7718582566246432       3.4913108413582005E-16   1.7718582566246432       3.4772592436786744E-16   1.7718582566246432       4.006018482134828E-16    1.7718582566246432       4.683858310490626E-16    1.7718582566246432       5.409885484385619E-16    1.7718582566246432       6.162410104902915E-16    1.7718582566246432       6.930101326814344E-16    1.7718582566246432       7.717264507271919E-16    1.7718582566246432       8.519953894112056E-16    1.7718582566246432       9.340463397797405E-16    1.7718582566246432       1.0174763778449647E-15   1.7718582566246432       1.102656953765058E-15    1.7718582566246432       1.1891185794034882E-15   1.7718582566246432
1.778141441931823         1.863665728862195E-13    1.778141441931823        5.5300809945279446E-14   1.778141441931823        1.6451779995696032E-14   1.778141441931823        4.988283077069418E-15    1.778141441931823        1.6129728729066942E-15   1.778141441931823        6.414421581480227E-16    1.778141441931823        3.885804098092068E-16    1.778141441931823        3.5272651591377274E-16   1.778141441931823        3.8499907910792726E-16   1.778141441931823        4.3884264242900204E-16   1.778141441931823        5.011040205410412E-16    1.778141441931823        5.679092173039502E-16    1.778141441931823        6.3725232418129E-16      1.778141441931823        7.089583976944686E-16    1.778141441931823        7.824696210869317E-16    1.778141441931823        8.577368909871118E-16    1.778141441931823        9.343572392675266E-16    1.778141441931823        1.0125656584559748E-15   1.778141441931823        1.091883902947696E-15    1.778141441931823
1.7844246272390025        2.0061666486202302E-13   1.7844246272390025       6.001359331115656E-14    1.7844246272390025       1.8117176772879927E-14   1.7844246272390025       5.628427608880515E-15    1.7844246272390025       1.8807217149224747E-15   1.7844246272390025       7.569485710899328E-16    1.7844246272390025       4.3227510566824746E-16   1.7844246272390025       3.572861106422838E-16    1.7844246272390025       3.6542639423536005E-16   1.7844246272390025       4.025264769543909E-16    1.7844246272390025       4.520937933435122E-16    1.7844246272390025       5.083658671604655E-16    1.7844246272390025       5.683795236387399E-16    1.7844246272390025       6.312687244096767E-16    1.7844246272390025       6.96297405197037E-16     1.7844246272390025       7.630991319081193E-16    1.7844246272390025       8.312248294496269E-16    1.7844246272390025       9.00758226102563E-16     1.7844246272390025       9.712330770111723E-16    1.7844246272390025
1.7907078125461822        2.1505421666876086E-13   1.7907078125461822       6.481877673750789E-14    1.7907078125461822       1.9831731161736627E-14   1.7907078125461822       6.297041376860859E-15    1.7907078125461822       2.1662099917750946E-15   1.7907078125461822       8.839628089784714E-16    1.7907078125461822       4.8356925527641E-16      1.7907078125461822       3.6688170364528063E-16   1.7907078125461822       3.4914826235398617E-16   1.7907078125461822       3.6830336658887934E-16   1.7907078125461822       4.043160085977381E-16    1.7907078125461822       4.493995042141401E-16    1.7907078125461822       4.995797293337496E-16    1.7907078125461822       5.532522742804363E-16    1.7907078125461822       6.094967215553764E-16    1.7907078125461822       6.676299284032166E-16    1.7907078125461822       7.270882319733744E-16    1.7907078125461822       7.878104056078078E-16    1.7907078125461822       8.493614387063844E-16    1.7907078125461822
1.7969909978533618        2.2958450864410984E-13   1.7969909978533618       6.967462874406958E-14    1.7969909978533618       2.157280841785341E-14    1.7969909978533618       6.982616251720361E-15    1.7969909978533618       2.464719354436042E-15    1.7969909978533618       1.022351732555603E-15    1.7969909978533618       5.456903980052893E-16    1.7969909978533618       3.8741205638528895E-16   1.7969909978533618       3.4434485613542466E-16   1.7969909978533618       3.4641959309526413E-16   1.7969909978533618       3.6995625405837814E-16   1.7969909978533618       4.0505670188824426E-16   1.7969909978533618       4.46705719225679E-16     1.7969909978533618       4.925513278405427E-16    1.7969909978533618       5.41487363505131E-16     1.7969909978533618       5.925637767878496E-16    1.7969909978533618       6.450191513766897E-16    1.7969909978533618       6.986867903199406E-16    1.7969909978533618       7.531870394647317E-16    1.7969909978533618
1.8032741831605412        2.441213658377173E-13    1.8032741831605412       7.453857249417884E-14    1.8032741831605412       2.3315261848508707E-14   1.8032741831605412       7.671174644732577E-15    1.8032741831605412       2.769569008850769E-15    1.8032741831605412       1.1705006475796656E-15   1.8032741831605412       6.20731287308649E-16     1.8032741831605412       4.238760358594387E-16    1.8032741831605412       3.5846261690676623E-16   1.8032741831605412       3.465230470459459E-16    1.8032741831605412       3.6072999323608276E-16   1.8032741831605412       3.890428059599299E-16    1.8032741831605412       4.253919991997165E-16    1.8032741831605412       4.666986735846082E-16    1.8032741831605412       5.116608411537603E-16    1.8032741831605412       5.59154538877418E-16     1.8032741831605412       6.081282606517448E-16    1.8032741831605412       6.583861535224356E-16    1.8032741831605412       7.096391402622068E-16    1.8032741831605412
1.8095573684677209        2.585938223964751E-13    1.8095573684677209       7.936868610392514E-14    1.8095573684677209       2.5031839008826374E-14   1.8095573684677209       8.346073629491341E-15    1.8095573684677209       3.0715565271118465E-15   1.8095573684677209       1.3244420507427724E-15   1.8095573684677209       7.084516002381573E-16    1.8095573684677209       4.788107970555648E-16    1.8095573684677209       3.9624956588742894E-16   1.8095573684677209       3.752662918469227E-16    1.8095573684677209       3.850392907638591E-16    1.8095573684677209       4.1143459916264384E-16   1.8095573684677209       4.47339014539834E-16     1.8095573684677209       4.889914545832868E-16    1.8095573684677209       5.348615145807006E-16    1.8095573684677209       5.837666938352395E-16    1.8095573684677209       6.342657740821113E-16    1.8095573684677209       6.862340652805786E-16    1.8095573684677209       7.395168373530465E-16    1.8095573684677209
1.8158405537749005        2.7295429460320774E-13   1.8158405537749005       8.41264082046802E-14     1.8158405537749005       2.6694032250746744E-14   1.8158405537749005       8.987981947558166E-15    1.8158405537749005       3.358442316183036E-15    1.8158405537749005       1.4769828216975441E-15   1.8158405537749005       8.050813819312959E-16    1.8158405537749005       5.507556884594674E-16    1.8158405537749005       4.578400908342448E-16    1.8158405537749005       4.339666917226222E-16    1.8158405537749005       4.451687577711701E-16    1.8158405537749005       4.753879456258469E-16    1.8158405537749005       5.165282706145728E-16    1.8158405537749005       5.642224699941695E-16    1.8158405537749005       6.16655623570423E-16     1.8158405537749005       6.726992193412499E-16    1.8158405537749005       7.304195973564135E-16    1.8158405537749005       7.8985916945195785E-16   1.8158405537749005       8.510347059399387E-16    1.8158405537749005
1.82212373908208          2.871881683783037E-13    1.82212373908208         8.878088226709023E-14    1.82212373908208         2.8273837705756383E-14   1.82212373908208         9.57542365042097E-15     1.82212373908208         3.6148169710953606E-15   1.82212373908208         1.617148979496837E-15    1.82212373908208         9.0246394259515E-16      1.82212373908208         6.331370209545138E-16    1.82212373908208         5.3737907615082E-16      1.82212373908208         5.169391743579498E-16    1.82212373908208         5.352826665886877E-16    1.82212373908208         5.747565950976309E-16    1.82212373908208         6.264337205513624E-16    1.82212373908208         6.854696414610094E-16    1.82212373908208         7.497056534755789E-16    1.82212373908208         8.181607605985312E-16    1.82212373908208         8.883190539823556E-16    1.82212373908208         9.604493558263294E-16    1.82212373908208         1.0347480280016933E-15   1.82212373908208
1.8284069243892596        3.01324100763604E-13     1.8284069243892596       9.331490113282613E-14    1.8284069243892596       2.974677475692722E-14    1.8284069243892596       1.0086314291243146E-14   1.8284069243892596       3.822793218281725E-15    1.8284069243892596       1.7303955490187551E-15   1.8284069243892596       9.880007385831697E-16    1.8284069243892596       7.140714485329821E-16    1.8284069243892596       6.227475305887189E-16    1.8284069243892596       6.111620703248445E-16    1.8284069243892596       6.410154396880102E-16    1.8284069243892596       6.935730299081211E-16    1.8284069243892596       7.593542569469638E-16    1.8284069243892596       8.332455043175314E-16    1.8284069243892596       9.127197358707362E-16    1.8284069243892596       9.970182535542064E-16    1.8284069243892596       1.0829987966437306E-15   1.8284069243892596       1.1711597146324302E-15   1.8284069243892596       1.2618388168890675E-15   1.8284069243892596
1.8346901096964392        3.1544367760541084E-13   1.8346901096964392       9.773186174340019E-14    1.8346901096964392       3.109620312883862E-14    1.8346901096964392       1.0500751234830986E-14   1.8346901096964392       3.963892155344701E-15    1.8346901096964392       1.800007649968571E-15    1.8346901096964392       1.0458555738941367E-15   1.8346901096964392       7.775670793812188E-16    1.8346901096964392       6.968945673535825E-16    1.8346901096964392       6.978231500596482E-16    1.8346901096964392       7.412716199170176E-16    1.8346901096964392       8.0810780958024E-16      1.8346901096964392       8.887129057673487E-16    1.8346901096964392       9.780031648699738E-16    1.8346901096964392       1.0731329378018306E-15   1.8346901096964392       1.1736342932100842E-15   1.8346901096964392       1.2757830535437715E-15   1.8346901096964392       1.380258482598146E-15    1.8346901096964392       1.4874557727800276E-15   1.8346901096964392
1.8409732950036186        3.2968860168210043E-13   1.8409732950036186       1.0206269772722237E-13   1.8409732950036186       3.231855325102923E-14    1.8409732950036186       1.0804979525087544E-14   1.8409732950036186       4.022212307302187E-15    1.8409732950036186       1.809874410402413E-15    1.8409732950036186       1.059645317571285E-15    1.8409732950036186       8.063615135186954E-16    1.8409732950036186       7.410031626182577E-16    1.8409732950036186       7.559500889949348E-16    1.8409732950036186       8.124191986010107E-16    1.8409732950036186       8.916870057476513E-16    1.8409732950036186       9.845225870432452E-16    1.8409732950036186       1.0862469148844151E-15   1.8409732950036186       1.1938410785669575E-15   1.8409732950036186       1.307201570958432E-15    1.8409732950036186       1.4221897859182266E-15   1.8409732950036186       1.5395926571185547E-15   1.8409732950036186       1.6597543651058225E-15   1.8409732950036186
1.8472564803107985        3.4426348568854563E-13   1.8472564803107985       1.0637153884821594E-13   1.8472564803107985       3.342869601072876E-14    1.8472564803107985       1.0996039937914938E-14   1.8472564803107985       3.988542229476752E-15    1.8472564803107985       1.7483755219485362E-15   1.8472564803107985       1.0163839036068133E-15   1.8472564803107985       7.861486896148602E-16    1.8472564803107985       7.391874008268015E-16    1.8472564803107985       7.67734966077374E-16     1.8472564803107985       8.343734412395067E-16    1.8472564803107985       9.216415488729967E-16    1.8472564803107985       1.0212725821997819E-15   1.8472564803107985       1.1293980786235548E-15   1.8472564803107985       1.2430574532598214E-15   1.8472564803107985       1.3625879624325596E-15   1.8472564803107985       1.4837312542453113E-15   1.8472564803107985       1.6073198567233983E-15   1.8472564803107985       1.7335491267748945E-15   1.8472564803107985
1.8535396656179781        3.594326213915514E-13    1.8535396656179781       1.1075885513088949E-13   1.8535396656179781       3.4464430207726264E-14   1.8535396656179781       1.1086247509956592E-14   1.8535396656179781       3.864640513397389E-15    1.8535396656179781       1.6126145745063533E-15   1.8535396656179781       9.108776107879712E-16    1.8535396656179781       7.103198678036634E-16    1.8535396656179781       6.83735705329962E-16     1.8535396656179781       7.244162681741947E-16    1.8535396656179781       7.972438084846764E-16    1.8535396656179781       8.868360967797954E-16    1.8535396656179781       9.864364403514221E-16    1.8535396656179781       1.093362021648724E-15    1.8535396656179781       1.2049900993890036E-15   1.8535396656179781       1.3221572298168763E-15   1.8535396656179781       1.4408673334582768E-15   1.8535396656179781       1.5619734504531138E-15   1.8535396656179781       1.6854670903828846E-15   1.8535396656179781
1.8598228509251575        3.755096790751149E-13    1.8598228509251575       1.1536101136375401E-13   1.8598228509251575       3.54890019987709E-14     1.8598228509251575       1.110645123409593E-14    1.8598228509251575       3.6666139698740535E-15   1.8598228509251575       1.4118546555130939E-15   1.8598228509251575       7.493103173281681E-16    1.8598228509251575       5.838121659511909E-16    1.8598228509251575       5.79320753605331E-16     1.8598228509251575       6.309351943489584E-16    1.8598228509251575       7.065194976985372E-16    1.8598228509251575       7.93469952467958E-16     1.8598228509251575       8.869731681104715E-16    1.8598228509251575       9.85817027078866E-16     1.8598228509251575       1.087992045230549E-15    1.8598228509251575       1.194844795457376E-15    1.8598228509251575       1.3030314397334184E-15   1.8598228509251575       1.4134405259187339E-15   1.8598228509251575       1.525861597131032E-15    1.8598228509251575
1.8661060362323372        3.9284000777204083E-13   1.8661060362323372       1.2034542311203431E-13   1.8661060362323372       3.6590681918440115E-14   1.8661060362323372       1.110704224668389E-14    1.8661060362323372       3.4262884258752043E-15   1.8661060362323372       1.1689323185142728E-15   1.8661060362323372       5.506357005708724E-16    1.8661060362323372       4.2449648683810195E-16   1.8661060362323372       4.44405096366574E-16     1.8661060362323372       5.073761450134426E-16    1.8661060362323372       5.845626567553758E-16    1.8661060362323372       6.666466849345454E-16    1.8661060362323372       7.510100320637081E-16    1.8661060362323372       8.380658137148876E-16    1.8661060362323372       9.266431898596151E-16    1.8661060362323372       1.018538423605602E-15    1.8661060362323372       1.1113630120729352E-15   1.8661060362323372       1.2060767559221065E-15   1.8661060362323372       1.3023164641019945E-15   1.8661060362323372
1.8723892215395168        4.117759674544424E-13    1.8723892215395168       1.2590087021877067E-13   1.8723892215395168       3.787870205059569E-14    1.8723892215395168       1.1155926495192861E-14   1.8723892215395168       3.1897378352938685E-15   1.8723892215395168       9.187397217963856E-16    1.8723892215395168       3.4475413453162787E-16   1.8723892215395168       2.6094361927849504E-16   1.8723892215395168       3.085291075207675E-16    1.8723892215395168       3.8572138641048234E-16   1.8723892215395168       4.667797223698628E-16    1.8723892215395168       5.459131504960076E-16    1.8723892215395168       6.227197280537296E-16    1.8723892215395168       6.992450490767604E-16    1.8723892215395168       7.753057512323909E-16    1.8723892215395168       8.530144722178001E-16    1.8723892215395168       9.310788733838523E-16    1.8723892215395168       1.0105575595412686E-15   1.8723892215395168       1.0910063738047777E-15   1.8723892215395168
1.8786724068466962        4.3264653137499747E-13   1.8786724068466962       1.3222304144147086E-13   1.8786724068466962       3.947531363597767E-14    1.8786724068466962       1.1333160332656164E-14   1.8786724068466962       3.0127068963450964E-15   1.8786724068466962       7.035600811389949E-16    1.8786724068466962       1.6729416526274806E-16   1.8786724068466962       1.2640260614655432E-16   1.8786724068466962       2.0532063237554244E-16   1.8786724068466962       3.017670588023305E-16    1.8786724068466962       3.923372727824789E-16    1.8786724068466962       4.746661338589945E-16    1.8786724068466962       5.503292057971819E-16    1.8786724068466962       6.228643689676043E-16    1.8786724068466962       6.931404254085188E-16    1.8786724068466962       7.634028301193293E-16    1.8786724068466962       8.334075453649111E-16    1.8786724068466962       9.043096177113965E-16    1.8786724068466962       9.756560954530115E-16    1.8786724068466962
1.8849555921538759        4.557232792199978E-13    1.8849555921538759       1.3949608433114635E-13   1.8849555921538759       4.150436789466459E-14    1.8849555921538759       1.1722632201560883E-14   1.8849555921538759       2.9534529908183794E-15   1.8849555921538759       5.659921897026814E-16    1.8849555921538759       5.196987905745665E-17    1.8849555921538759       5.0200605490808144E-17   1.8849555921538759       1.6267706166796434E-16   1.8849555921538759       2.839021165097507E-16    1.8849555921538759       3.913944333731059E-16    1.8849555921538759       4.856981300496983E-16    1.8849555921538759       5.698607879046058E-16    1.8849555921538759       6.486289628428029E-16    1.8849555921538759       7.239028783381542E-16    1.8849555921538759       7.978639936956339E-16    1.8849555921538759       8.711111641963928E-16    1.8849555921538759       9.448586063841906E-16    1.8849555921538759       1.0187130080701033E-15   1.8849555921538759
1.8912387774610555        4.811858221380788E-13    1.8912387774610555       1.4787174281154095E-13   1.8912387774610555       4.407756676530357E-14    1.8912387774610555       1.2401939968874399E-14   1.8912387774610555       3.0643686416441084E-15   1.8912387774610555       5.411548330758974E-16    1.8912387774610555       2.2608425254292042E-17   1.8912387774610555       4.910080500121492E-17    1.8912387774610555       1.9312560818054167E-16   1.8912387774610555       3.4224605910030237E-16   1.8912387774610555       4.728617640543402E-16    1.8912387774610555       5.874414153767116E-16    1.8912387774610555       6.897535468245308E-16    1.8912387774610555       7.853268676990738E-16    1.8912387774610555       8.769771944337938E-16    1.8912387774610555       9.666452483392905E-16    1.8912387774610555       1.0554808425876156E-15   1.8912387774610555       1.1446926728395626E-15   1.8912387774610555       1.234025666457435E-15    1.8912387774610555
1.897521962768235         5.090905184663542E-13    1.897521962768235        1.5744838493445039E-13   1.897521962768235        4.7280162939629974E-14   1.897521962768235        1.3432214113861725E-14   1.897521962768235        3.3843305780427195E-15   1.897521962768235        6.504563275694958E-16    1.897521962768235        8.75778425324076E-17     1.897521962768235        1.2186570494880638E-16   1.897521962768235        2.8817823562912427E-16   1.897521962768235        4.625666677452643E-16    1.897521962768235        6.177393172644377E-16    1.897521962768235        7.5662580939638E-16      1.897521962768235        8.827758729049594E-16    1.897521962768235        1.0019314780542813E-15   1.897521962768235        1.1175906139540767E-15   1.897521962768235        1.2313133326157301E-15   1.897521962768235        1.3444983458766634E-15   1.897521962768235        1.458263281150952E-15    1.897521962768235        1.5725942348310522E-15   1.897521962768235
1.9038051480754146        5.393468642028807E-13    1.9038051480754146       1.6825261981816986E-13   1.9038051480754146       5.1158133779619307E-14   1.9038051480754146       1.4849755072488625E-14   1.9038051480754146       3.933703496361788E-15    1.9038051480754146       8.990520360847357E-16    1.9038051480754146       2.3903601647851236E-16   1.9038051480754146       2.4982600955779474E-16   1.9038051480754146       4.1992245027519416E-16   1.9038051480754146       6.087041314258213E-16    1.9038051480754146       7.82271560905275E-16     1.9038051480754146       9.421196238046295E-16    1.9038051480754146       1.0905435934198654E-15   1.9038051480754146       1.2328003374806007E-15   1.9038051480754146       1.3726946880908454E-15   1.9038051480754146       1.5113044601098671E-15   1.9038051480754146       1.6500149557609842E-15   1.9038051480754146       1.7897428912539895E-15   1.9038051480754146       1.930834367602141E-15    1.9038051480754146
1.9100883333825942        5.717060282623006E-13    1.9100883333825942       1.80226143995682E-13     1.9100883333825942       5.5708543798223504E-14   1.9100883333825942       1.666078029297211E-14    1.9100883333825942       4.713076446587161E-15    1.9100883333825942       1.2779582060270017E-15   1.9100883333825942       4.579285106064221E-16    1.9100883333825942       4.0439968596193697E-16   1.9100883333825942       5.50851788746639E-16     1.9100883333825942       7.345990064333017E-16    1.9100883333825942       9.12126956405873E-16     1.9100883333825942       1.0812778241856986E-15   1.9100883333825942       1.2420744867303497E-15   1.9100883333825942       1.3984973553515971E-15   1.9100883333825942       1.5541348966305281E-15   1.9100883333825942       1.7095189836437105E-15   1.9100883333825942       1.865809136737144E-15    1.9100883333825942       2.0235800270535687E-15   1.9100883333825942       2.1836340406267752E-15   1.9100883333825942
1.9163715186897738        6.057655878918557E-13    1.9163715186897738       1.932200177355994E-13    1.9163715186897738       6.087406080471158E-14    1.9163715186897738       1.8839429617541395E-14   1.9163715186897738       5.705258834248157E-15    1.9163715186897738       1.7698174578387845E-15   1.9163715186897738       7.232285367187802E-16    1.9163715186897738       5.595668975285592E-16    1.9163715186897738       6.494533490197744E-16    1.9163715186897738       8.029548271221422E-16    1.9163715186897738       9.64140329791341E-16     1.9163715186897738       1.1248302372340307E-15   1.9163715186897738       1.2818814725112225E-15   1.9163715186897738       1.437175196061837E-15    1.9163715186897738       1.5934409821772535E-15   1.9163715186897738       1.7506469089062786E-15   1.9163715186897738       1.9095428528163768E-15   1.9163715186897738       2.070196916892299E-15    1.9163715186897738       2.2338916169535014E-15   1.9163715186897738
1.9226547039969535        6.409935810221547E-13    1.9226547039969535       2.0699800155505437E-13   1.9226547039969535       6.654182591005612E-14    1.9226547039969535       2.132798767883691E-14    1.9226547039969535       6.8784340494506034E-15   1.9226547039969535       2.355249484668283E-15    1.9226547039969535       1.0214060752370869E-15   1.9226547039969535       7.0432655660144895E-16   1.9226547039969535       7.055753864574323E-16    1.9226547039969535       8.035161808104283E-16    1.9226547039969535       9.275190307997291E-16    1.9226547039969535       1.0610953406406155E-15   1.9226547039969535       1.1972419161798217E-15   1.9226547039969535       1.3349661799587779E-15   1.9226547039969535       1.4754439343839644E-15   1.9226547039969535       1.6181181854491954E-15   1.9226547039969535       1.7631405080833597E-15   1.9226547039969535       1.9099192946392443E-15   1.9226547039969535       2.0601405470220626E-15   1.9226547039969535
1.9289378893041331        6.767734669085862E-13    1.9289378893041331       2.2125013531243E-13      1.9289378893041331       7.254662575900671E-14    1.9289378893041331       2.4037815755801067E-14   1.9289378893041331       8.187623150446293E-15    1.9289378893041331       3.0157105896683196E-15   1.9289378893041331       1.3508673226724413E-15   1.9289378893041331       8.486913420739433E-16    1.9289378893041331       7.37903605288278E-16     1.9289378893041331       7.620034326106217E-16    1.9289378893041331       8.342091020138872E-16    1.9289378893041331       9.278151312965073E-16    1.9289378893041331       1.0315032992022471E-15   1.9289378893041331       1.1407741567537962E-15   1.9289378893041331       1.2546024788898087E-15   1.9289378893041331       1.3719951009809581E-15   1.9289378893041331       1.4922880490056694E-15   1.9289378893041331       1.614138309835691E-15    1.9289378893041331       1.7394734788775807E-15   1.9289378893041331
1.9352210746113125        7.124693712148104E-13    1.9352210746113125       2.3561746214719006E-13   1.9352210746113125       7.867885294966097E-14    1.9352210746113125       2.685031078127014E-14    1.9352210746113125       9.572569618463337E-15    1.9352210746113125       3.729861957201908E-15    1.9352210746113125       1.7173457526698155E-15   1.9352210746113125       1.0182358028661406E-15   1.9352210746113125       7.87603435922577E-16     1.9352210746113125       7.327746805057359E-16    1.9352210746113125       7.504667303214523E-16    1.9352210746113125       8.025780847346722E-16    1.9352210746113125       8.732864198569122E-16    1.9352210746113125       9.542037710507814E-16    1.9352210746113125       1.0416303364241835E-15   1.9352210746113125       1.1342386221843437E-15   1.9352210746113125       1.2303095453534142E-15   1.9352210746113125       1.3277529930637579E-15   1.9352210746113125       1.4285411533937083E-15   1.9352210746113125
1.9415042599184922        7.475080621124162E-13    1.9415042599184922       2.497284269350018E-13    1.9415042599184922       8.469880418302426E-14    1.9415042599184922       2.9619222657361944E-14   1.9415042599184922       1.0952884857257523E-14   1.9415042599184922       4.463813248659861E-15    1.9415042599184922       2.1202505106800746E-15   1.9415042599184922       1.2369529341199428E-15   1.9415042599184922       8.977293688795318E-16    1.9415042599184922       7.747103497608506E-16    1.9415042599184922       7.490547723702119E-16    1.9415042599184922       7.711676928634839E-16    1.9415042599184922       8.208423702337454E-16    1.9415042599184922       8.858028956415033E-16    1.9415042599184922       9.595174617076517E-16    1.9415042599184922       1.04038457402918E-15     1.9415042599184922       1.1254228304049686E-15   1.9415042599184922       1.2118915131004947E-15   1.9415042599184922       1.3016299038250099E-15   1.9415042599184922
1.9477874452256718        7.814706597724657E-13    1.9477874452256718       2.632465458876254E-13    1.9477874452256718       9.035964925237227E-14    1.9477874452256718       3.2177897747841055E-14   1.9477874452256718       1.2224734547583074E-14   1.9477874452256718       5.160119865484473E-15    1.9477874452256718       2.535520199845974E-15    1.9477874452256718       1.5047620363470053E-15   1.9477874452256718       1.08569907115071E-15     1.9477874452256718       9.187053767280982E-16    1.9477874452256718       8.716570457744161E-16    1.9477874452256718       8.847145777181672E-16    1.9477874452256718       9.33784289733104E-16     1.9477874452256718       1.003218919528573E-15    1.9477874452256718       1.0839454399977218E-15   1.9477874452256718       1.1740760282194816E-15   1.9477874452256718       1.2692983525628748E-15   1.9477874452256718       1.3663786333411626E-15   1.9477874452256718       1.4668980110050695E-15   1.9477874452256718
1.9540706305328512        8.141835709371026E-13    1.9540706305328512       2.759270152172772E-13    1.9540706305328512       9.544089389177039E-14    1.9540706305328512       3.435595383384215E-14    1.9540706305328512       1.3265545445718265E-14   1.9540706305328512       5.733722933936714E-15    1.9540706305328512       2.904848420589333E-15    1.9540706305328512       1.7812788596993385E-15   1.9540706305328512       1.3223340997614408E-15   1.9540706305328512       1.142320611119554E-15    1.9540706305328512       1.0992826220026E-15      1.9540706305328512       1.1257979047350996E-15   1.9540706305328512       1.1948312589220702E-15   1.9540706305328512       1.2884835116657363E-15   1.9540706305328512       1.3959474385090773E-15   1.9540706305328512       1.5149962965852484E-15   1.9540706305328512       1.6401808573938325E-15   1.9540706305328512       1.7679746375170307E-15   1.9540706305328512       1.8996345113966163E-15   1.9540706305328512
1.9603538158400309        8.457951294451509E-13    1.9603538158400309       2.87676860021732E-13     1.9603538158400309       9.97916581870932E-14     1.9603538158400309       3.6008188174422265E-14   1.9603538158400309       1.3952215975599298E-14   1.9603538158400309       6.082592676011913E-15    1.9603538158400309       3.1411402375028355E-15   1.9603538158400309       1.9877501787032535E-15   1.9603538158400309       1.5314482773783906E-15   1.9603538158400309       1.367742880010553E-15    1.9603538158400309       1.3491020977464413E-15   1.9603538158400309       1.4043833693091136E-15   1.9603538158400309       1.5050253905231855E-15   1.9603538158400309       1.6325727180577098E-15   1.9603538158400309       1.7757466436258543E-15   1.9603538158400309       1.931990808619635E-15    1.9603538158400309       2.0952415499251172E-15   1.9603538158400309       2.261948961077264E-15    1.9603538158400309       2.4330312397044925E-15   1.9603538158400309
1.9666370011472105        8.768224808661264E-13    1.9666370011472105       2.986093770297778E-13    1.9666370011472105       1.0337869714744877E-13   1.9666370011472105       3.7053861079039707E-14   1.9666370011472105       1.4193368743867228E-14   1.9666370011472105       6.115475147865642E-15    1.9666370011472105       3.1541122511111085E-15   1.9666370011472105       2.0323628937885728E-15   1.9666370011472105       1.6163503895254734E-15   1.9666370011472105       1.4905152764364771E-15   1.9666370011472105       1.5062489542342018E-15   1.9666370011472105       1.5932464123631394E-15   1.9666370011472105       1.7232318930383704E-15   1.9666370011472105       1.879280340726417E-15    1.9666370011472105       2.0511399705596034E-15   1.9666370011472105       2.236127239767066E-15    1.9666370011472105       2.428341437629338E-15    1.9666370011472105       2.6246016825933824E-15   1.9666370011472105       2.8255118130807855E-15   1.9666370011472105
1.97292018645439          9.081530434935606E-13    1.97292018645439         3.090800047326588E-13    1.97292018645439         1.0632894959934105E-13   1.97292018645439         3.751812923401461E-14    1.97292018645439         1.3968614735691293E-14   1.97292018645439         5.790252869808451E-15    1.97292018645439         2.889564721404878E-15    1.97292018645439         1.8520944459825547E-15   1.97292018645439         1.5057407848900976E-15   1.97292018645439         1.4305967334010101E-15   1.97292018645439         1.481015420625691E-15    1.97292018645439         1.59204693114029E-15     1.97292018645439         1.7377136226954974E-15   1.97292018645439         1.9047629893410827E-15   1.97292018645439         2.085368604267198E-15    1.97292018645439         2.277204238234126E-15    1.97292018645439         2.475334951109146E-15    1.97292018645439         2.6774824423807252E-15   1.97292018645439         2.883981392518542E-15    1.97292018645439
1.9792033717615698        9.409874146325283E-13    1.9792033717615698       3.196890455244923E-13    1.9792033717615698       1.0895263207498484E-13   1.9792033717615698       3.756202523147362E-14    1.9792033717615698       1.3360957672372235E-14   1.9792033717615698       5.148072981968129E-15    1.9792033717615698       2.365861214377352E-15    1.9792033717615698       1.4525177500647106E-15   1.9792033717615698       1.1978410717122377E-15   1.9792033717615698       1.181663761597025E-15    1.9792033717615698       1.2640911715684637E-15   1.9792033717615698       1.3891577269956858E-15   1.9792033717615698       1.5350823848438257E-15   1.9792033717615698       1.69406026330018E-15     1.9792033717615698       1.861653057567692E-15    1.9792033717615698       2.0366337265845934E-15   1.9792033717615698       2.2155702988809856E-15   1.9792033717615698       2.3976749402013856E-15   1.9792033717615698       2.5830635769391546E-15   1.9792033717615698
1.9854865570687494        9.767171429868706E-13    1.9854865570687494       3.312388746294785E-13    1.9854865570687494       1.1173301396506875E-13   1.9854865570687494       3.7486243461917094E-14   1.9854865570687494       1.256648031641729E-14    1.9854865570687494       4.3257088437848024E-15   1.9854865570687494       1.6878066232677588E-15   1.9854865570687494       9.229636045638154E-16    1.9854865570687494       7.769196563948687E-16    1.9854865570687494       8.29215798318153E-16     1.9854865570687494       9.464679788984243E-16    1.9854865570687494       1.0836251091218256E-15   1.9854865570687494       1.2244825727547773E-15   1.9854865570687494       1.3676753687969822E-15   1.9854865570687494       1.5124751852716227E-15   1.9854865570687494       1.6595724322185619E-15   1.9854865570687494       1.807129978560124E-15    1.9854865570687494       1.95628494551279E-15     1.9854865570687494       2.106997275722664E-15    1.9854865570687494
1.9917697423759289        1.0167421017943548E-12   1.9917697423759289       3.4464076664429055E-13   1.9917697423759289       1.152747828094367E-13    1.9917697423759289       3.7699307262602277E-14   1.9917697423759289       1.1871064474520867E-14   1.9917697423759289       3.53498841477644E-15     1.9917697423759289       1.025554777824584E-15    1.9917697423759289       4.131501585241402E-16    1.9917697423759289       3.8652820492690377E-16   1.9917697423759289       5.197763157112538E-16    1.9917697423759289       6.84092983745754E-16     1.9917697423759289       8.449563959653277E-16    1.9917697423759289       9.921689000490008E-16    1.9917697423759289       1.1307028865828148E-15   1.9917697423759289       1.2632152813115007E-15   1.9917697423759289       1.3928829363377613E-15   1.9917697423759289       1.51918055287309E-15     1.9917697423759289       1.6451862461500475E-15   1.9917697423759289       1.7708199714500144E-15   1.9917697423759289
1.9980529276831085        1.0622472179438461E-12   1.9980529276831085       3.607786432502974E-13    1.9980529276831085       1.2021387176138925E-13   1.9980529276831085       3.8651865124205137E-14   1.9980529276831085       1.1596263603666277E-14   1.9980529276831085       3.0124097936189775E-15   1.9980529276831085       5.629522697935778E-16    1.9980529276831085       7.706082286012824E-17    1.9980529276831085       1.666845872184471E-16    1.9980529276831085       3.899136121624682E-16    1.9980529276831085       6.175543747565007E-16    1.9980529276831085       8.226307902630874E-16    1.9980529276831085       1.0000747416143662E-15   1.9980529276831085       1.1598726917683906E-15   1.9980529276831085       1.3072535903510997E-15   1.9980529276831085       1.4478207731394684E-15   1.9980529276831085       1.582007807103819E-15    1.9980529276831085       1.7142374007195586E-15   1.9980529276831085       1.844597965892821E-15    1.9980529276831085
2.004336112990288         1.1139734633183188E-12   2.004336112990288        3.803505612468617E-13    2.004336112990288        1.2710424345415438E-13   2.004336112990288        4.0751655866747384E-14   2.004336112990288        1.203029684032713E-14    2.004336112990288        2.9577091015019693E-15   2.004336112990288        4.377780524435347E-16    2.004336112990288        1.0798107452899878E-17   2.004336112990288        1.8647713050789485E-16   2.004336112990288        4.916440865394962E-16    2.004336112990288        7.88788187167967E-16     2.004336112990288        1.0530317829184918E-15   2.004336112990288        1.2820766401559305E-15   2.004336112990288        1.4884891379358044E-15   2.004336112990288        1.67896948675705E-15     2.004336112990288        1.860597698153456E-15    2.004336112990288        2.0346796168052563E-15   2.004336112990288        2.205796344692983E-15    2.004336112990288        2.3744640645880596E-15   2.004336112990288
2.0106192982974678        1.1720281041355217E-12   2.0106192982974678       4.037185064159337E-13    2.0106192982974678       1.3630581289003505E-13   2.0106192982974678       4.428153484197104E-14    2.0106192982974678       1.3367567193724556E-14   2.0106192982974678       3.487589024756784E-15    2.0106192982974678       7.041495812225732E-16    2.0106192982974678       2.1963625198829114E-16   2.0106192982974678       4.1297333077351754E-16   2.0106192982974678       7.61291072122711E-16     2.0106192982974678       1.1085418593446273E-15   2.0106192982974678       1.4245916855348544E-15   2.0106192982974678       1.706168577332634E-15    2.0106192982974678       1.9652143875792973E-15   2.0106192982974678       2.2086201984800736E-15   2.0106192982974678       2.4431596076755568E-15   2.0106192982974678       2.671267772685655E-15    2.0106192982974678       2.896240361248921E-15    2.0106192982974678       3.119152859412707E-15    2.0106192982974678
2.016902483604647         1.235779868245236E-12    2.016902483604647        4.3079886115938867E-13   2.016902483604647        1.4789793575897737E-13   2.016902483604647        4.934075499279818E-14    2.016902483604647        1.5675202397773363E-14   2.016902483604647        4.623146043289618E-15    2.016902483604647        1.3368631088858101E-15   2.016902483604647        6.361298464153493E-16    2.016902483604647        7.409827712272493E-16    2.016902483604647        1.0594981011649349E-15   2.016902483604647        1.4058032853931078E-15   2.016902483604647        1.73615751400787E-15     2.016902483604647        2.0415928907205392E-15   2.016902483604647        2.3299484793611014E-15   2.016902483604647        2.6068001762779855E-15   2.016902483604647        2.8764760022123025E-15   2.016902483604647        3.1427739280793166E-15   2.016902483604647        3.40660226551003E-15     2.016902483604647        3.669335953711443E-15    2.016902483604647
2.0231856689118266        1.3038747813931769E-12   2.0231856689118266       4.610193662017412E-13    2.0231856689118266       1.616348343610439E-13    2.0231856689118266       5.5818137046266096E-14   2.0231856689118266       1.8889132592638783E-14   2.0231856689118266       6.308642374459645E-15    2.0231856689118266       2.271243094790537E-15    2.0231856689118266       1.1793258780508461E-15   2.0231856689118266       1.070427097086857E-15    2.0231856689118266       1.2659978444993763E-15   2.0231856689118266       1.5396726031543802E-15   2.0231856689118266       1.8259276914074794E-15   2.0231856689118266       2.105093808786041E-15    2.0231856689118266       2.3776894733170724E-15   2.0231856689118266       2.6461236896456585E-15   2.0231856689118266       2.910568921114901E-15    2.0231856689118266       3.175684461899224E-15    2.0231856689118266       3.439865687219417E-15    2.0231856689118266       3.703965503342362E-15    2.0231856689118266
2.0294688542190062        1.3743904092691206E-12   2.0294688542190062       4.933573343388262E-13    2.0294688542190062       1.7694869216807041E-13   2.0294688542190062       6.339264909359117E-14    2.0294688542190062       2.282525127827908E-14    2.0294688542190062       8.437750874967554E-15    2.0294688542190062       3.4455713315762213E-15   2.0294688542190062       1.8132977974742966E-15   2.0294688542190062       1.380589095633058E-15    2.0294688542190062       1.3692934603193472E-15   2.0294688542190062       1.5044178965276631E-15   2.0294688542190062       1.6919743093821026E-15   2.0294688542190062       1.8972313307483758E-15   2.0294688542190062       2.110900918637744E-15    2.0294688542190062       2.330050024689844E-15    2.0294688542190062       2.5501679148093447E-15   2.0294688542190062       2.7749138656385964E-15   2.0294688542190062       3.001315996930879E-15    2.0294688542190062       3.228455542149575E-15    2.0294688542190062
2.035752039526186         1.4451241752968577E-12   2.035752039526186        5.264634110525334E-13    2.035752039526186        1.930004844396111E-13    2.035752039526186        7.155276752404587E-14    2.035752039526186        2.7186997135399152E-14   2.035752039526186        1.0858401536805542E-14   2.035752039526186        4.807110863882895E-15    2.035752039526186        2.5559864587782917E-15   2.035752039526186        1.7421212587130326E-15   2.035752039526186        1.4818477233562285E-15   2.035752039526186        1.4477083738332188E-15   2.035752039526186        1.5133848034215478E-15   2.035752039526186        1.6264154741022543E-15   2.035752039526186        1.766321819311558E-15    2.035752039526186        1.922731457267437E-15    2.035752039526186        2.087410423932418E-15    2.035752039526186        2.2598449614381778E-15   2.035752039526186        2.4377496345816713E-15   2.035752039526186        2.6172777520986428E-15   2.035752039526186
2.0420352248333655        1.5139881955986702E-12   2.0420352248333655       5.588671948367311E-13    2.0420352248333655       2.0878079271223846E-13   2.0420352248333655       7.963547769437119E-14    2.0420352248333655       3.156601490542351E-14    2.0420352248333655       1.3347820220407602E-14   2.0420352248333655       6.268219187097014E-15    2.0420352248333655       3.419907190939515E-15    2.0420352248333655       2.243729440789441E-15    2.0420352248333655       1.7532223833133938E-15   2.0420352248333655       1.5700786148812902E-15   2.0420352248333655       1.5356837714022177E-15   2.0420352248333655       1.579825129298456E-15    2.0420352248333655       1.6708327316433762E-15   2.0420352248333655       1.7897117393783127E-15   2.0420352248333655       1.926569575477267E-15    2.0420352248333655       2.07332082885536E-15     2.0420352248333655       2.2303127242608098E-15   2.0420352248333655       2.3904583447287444E-15   2.0420352248333655
2.048318410140545         1.5794594458363205E-12   2.048318410140545        5.892520078468607E-13    2.048318410140545        2.2326689193723623E-13   2.048318410140545        8.690133499299365E-14    2.048318410140545        3.5458546272222454E-14   2.048318410140545        1.558511716962674E-14    2.048318410140545        7.644375031415743E-15    2.048318410140545        4.321191402900084E-15    2.048318410140545        2.875270819205294E-15    2.048318410140545        2.2287554233226675E-15   2.048318410140545        1.959679853665479E-15    2.048318410140545        1.881603319190749E-15    2.048318410140545        1.9097314740489427E-15   2.048318410140545        2.0027798427355276E-15   2.048318410140545        2.133847239088248E-15    2.048318410140545        2.2936112043243994E-15   2.048318410140545        2.4646639700130562E-15   2.048318410140545        2.6506241634886144E-15   2.048318410140545        2.8422846515799603E-15   2.048318410140545
2.054601595447725         1.641010554376135E-12    2.054601595447725        6.167699790088818E-13    2.054601595447725        2.356364788471273E-13    2.054601595447725        9.266654144707148E-14    2.054601595447725        3.833460649607651E-14    2.054601595447725        1.7172400646017744E-14   2.054601595447725        8.638237639053978E-15    2.054601595447725        5.03407400295883E-15     2.054601595447725        3.457826836092301E-15    2.054601595447725        2.7583621085239483E-15   2.054601595447725        2.4816980251930556E-15   2.054601595447725        2.422168028320067E-15    2.054601595447725        2.486560963271536E-15    2.054601595447725        2.627191599011109E-15    2.054601595447725        2.8124271286532894E-15   2.054601595447725        3.0349083938200677E-15   2.054601595447725        3.269502841819094E-15    2.054601595447725        3.521802594081272E-15    2.054601595447725        3.783002683817982E-15    2.054601595447725
2.060884780754904         1.6994267048446968E-12   2.060884780754904        6.413434251686714E-13    2.060884780754904        2.4551461141361567E-13   2.060884780754904        9.64924283865272E-14     2.060884780754904        3.9779526193291955E-14   2.060884780754904        1.774029062690941E-14    2.060884780754904        8.92019132766082E-15     2.060884780754904        5.254944083431894E-15    2.060884780754904        3.6981359399793166E-15   2.060884780754904        3.0460557711988935E-15   2.060884780754904        2.826457123298374E-15    2.060884780754904        2.825891555468392E-15    2.060884780754904        2.9507884579569783E-15   2.060884780754904        3.151739449850579E-15    2.060884780754904        3.3976073353156454E-15   2.060884780754904        3.6831174596218535E-15   2.060884780754904        3.980654063598473E-15    2.060884780754904        4.295071980790582E-15    2.060884780754904        4.62100696582797E-15     2.060884780754904
2.067167966062084         1.7569068311751105E-12   2.067167966062084        6.638721382065752E-13    2.067167966062084        2.5319453718487937E-13   2.067167966062084        9.839037996638431E-14    2.067167966062084        3.967892167151249E-14    2.067167966062084        1.7118346816787258E-14   2.067167966062084        8.292470840307217E-15    2.067167966062084        4.7677062310009945E-15   2.067167966062084        3.362146054204245E-15    2.067167966062084        2.8368909177023863E-15   2.067167966062084        2.714024816837871E-15    2.067167966062084        2.7843896961932968E-15   2.067167966062084        2.9621200255975165E-15   2.067167966062084        3.2017028075788512E-15   2.067167966062084        3.4783119072043006E-15   2.067167966062084        3.788085797772102E-15    2.067167966062084        4.1080447110425565E-15   2.067167966062084        4.439793099547257E-15    2.067167966062084        4.783471865804277E-15    2.067167966062084
2.0734511513692633        1.8168649366087458E-12   2.0734511513692633       6.862557504592435E-13    2.0734511513692633       2.597458938799251E-13    2.0734511513692633       9.896057428979956E-14    2.0734511513692633       3.836729720095237E-14    2.0734511513692633       1.5488717634565543E-14   2.0734511513692633       6.8496314753032734E-15   2.0734511513692633       3.614912579593567E-15    2.0734511513692633       2.4612236178801642E-15   2.0734511513692633       2.1220497407267593E-15   2.0734511513692633       2.1215358883199843E-15   2.0734511513692633       2.264630262276248E-15    2.0734511513692633       2.4790026732669706E-15   2.0734511513692633       2.7286133330530268E-15   2.0734511513692633       2.9993617482266087E-15   2.0734511513692633       3.288481926689171E-15    2.0734511513692633       3.5834051006232306E-15   2.0734511513692633       3.882016550955164E-15    2.0734511513692633       4.189746022761971E-15    2.0734511513692633
2.079734336676443         1.8833998993420713E-12   2.079734336676443        7.111638465503206E-13    2.079734336676443        2.669301989344622E-13    2.079734336676443        9.937831334114003E-14    2.079734336676443        3.664797986837829E-14    2.079734336676443        1.3422265541299546E-14   2.079734336676443        5.023047091342858E-15    2.079734336676443        2.1480194991890118E-15   2.079734336676443        1.307415480958126E-15    2.079734336676443        1.1995320806595313E-15   2.079734336676443        1.3500064198700453E-15   2.079734336676443        1.5823672229376382E-15   2.079734336676443        1.839432833104691E-15    2.079734336676443        2.098708711799268E-15    2.079734336676443        2.358229475550993E-15    2.079734336676443        2.6173220193050697E-15   2.079734336676443        2.875345087245136E-15    2.079734336676443        3.128877371030789E-15    2.079734336676443        3.385973130177668E-15    2.079734336676443
2.086017521983623         1.9604878309567605E-12   2.086017521983623        7.415497391541547E-13    2.086017521983623        2.768947704242442E-13    2.086017521983623        1.01188358190612E-13     2.086017521983623        3.5639496817883416E-14   2.086017521983623        1.174811851368403E-14    2.086017521983623        3.4556182651353633E-15   2.086017521983623        8.968650029434937E-16    2.086017521983623        3.7052225351666564E-16   2.086017521983623        5.147771926662223E-16    2.086017521983623        8.45675028359711E-16     2.086017521983623        1.2018852765146145E-15   2.086017521983623        1.5376697850092447E-15   2.086017521983623        1.844910978173199E-15    2.086017521983623        2.1317039008550743E-15   2.086017521983623        2.4015847509087565E-15   2.086017521983623        2.6623568933657077E-15   2.086017521983623        2.9135532093178483E-15   2.086017521983623        3.1621366236435386E-15   2.086017521983623
2.092300707290802         2.0510494930385315E-12   2.092300707290802        7.799907987451535E-13    2.092300707290802        2.916966943949404E-13    2.092300707290802        1.0594809283739797E-13   2.092300707290802        3.64898774920043E-14     2.092300707290802        1.1304887477693126E-14   2.092300707290802        2.765158870909016E-15    2.092300707290802        3.2855626291136625E-16   2.092300707290802        2.01315574130775E-17     2.092300707290802        3.778726169536603E-16    2.092300707290802        8.866047056751208E-16    2.092300707290802        1.3876070207770373E-15   2.092300707290802        1.837760934877695E-15    2.092300707290802        2.239492279179399E-15    2.092300707290802        2.6061542605468798E-15   2.092300707290802        2.9470676229947657E-15   2.092300707290802        3.272039447880991E-15    2.092300707290802        3.5870168628787036E-15   2.092300707290802        3.895403730753555E-15    2.092300707290802
2.098583892597982         2.1561197899450782E-12   2.098583892597982        8.280135581406807E-13    2.098583892597982        3.1277966578312576E-13   2.098583892597982        1.148287750761363E-13    2.098583892597982        4.006945929992181E-14    2.098583892597982        1.269544540650223E-14    2.098583892597982        3.3367934292007976E-15   2.098583892597982        6.590083570909181E-16    2.098583892597982        3.4243008650835906E-16   2.098583892597982        7.759782526879177E-16    2.098583892597982        1.3837923199155263E-15   2.098583892597982        1.9891217642549157E-15   2.098583892597982        2.539035196680919E-15    2.098583892597982        3.03770917442742E-15     2.098583892597982        3.4976537597483597E-15   2.098583892597982        3.932754380087828E-15    2.098583892597982        4.3489805244583285E-15   2.098583892597982        4.758590527162147E-15    2.098583892597982        5.161853488089964E-15    2.098583892597982
2.1048670779051615        2.274360239696271E-12    2.1048670779051615       8.855888392274723E-13    2.1048670779051615       3.4054982025955594E-13   2.1048670779051615       1.2829694009584245E-13   2.1048670779051615       4.6752991691877336E-14   2.1048670779051615       1.615488700645293E-14    2.1048670779051615       5.260693164019214E-15    2.1048670779051615       1.8459185198607374E-15   2.1048670779051615       1.1774966847750688E-15   2.1048670779051615       1.446559999617718E-15    2.1048670779051615       1.9844189745758033E-15   2.1048670779051615       2.570948137489716E-15    2.1048670779051615       3.129726559749637E-15    2.1048670779051615       3.654379909501814E-15    2.1048670779051615       4.150450174708485E-15    2.1048670779051615       4.631226197905353E-15    2.1048670779051615       5.09628134089872E-15     2.1048670779051615       5.559616780891474E-15    2.1048670779051615       6.02127003097356E-15     2.1048670779051615
2.111150263212341         2.4020946314260957E-12   2.111150263212341        9.509475533810758E-13    2.111150263212341        3.741621622690649E-13    2.111150263212341        1.45949770531339E-13     2.111150263212341        5.6332203237460725E-14   2.111150263212341        2.1545962961641286E-14   2.111150263212341        8.407573145989036E-15    2.111150263212341        3.7380488346053056E-15   2.111150263212341        2.337309006332438E-15    2.111150263212341        2.1592336556459697E-15   2.111150263212341        2.4139715512092967E-15   2.111150263212341        2.8133159698357845E-15   2.111150263212341        3.2449591991820364E-15   2.111150263212341        3.67925429321066E-15     2.111150263212341        4.109265191804885E-15    2.111150263212341        4.539872720991748E-15    2.111150263212341        4.964988023947523E-15    2.111150263212341        5.3933335812953535E-15   2.111150263212341        5.827620899046645E-15    2.111150263212341
2.1174334485195203        2.5339329701511783E-12   2.1174334485195203       1.0207930091773286E-12   2.1174334485195203       4.1156685757222734E-13   2.1174334485195203       1.6651261312006901E-13   2.1174334485195203       6.802138527939529E-14    2.1174334485195203       2.839842497181202E-14    2.1174334485195203       1.2512762611470086E-14   2.1174334485195203       6.207320804365473E-15    2.1174334485195203       3.7868910048776304E-15   2.1174334485195203       2.9451160976320805E-15   2.1174334485195203       2.7526919614938697E-15   2.1174334485195203       2.8354043775428563E-15   2.1174334485195203       3.0361454441602294E-15   2.1174334485195203       3.292634749231724E-15    2.1174334485195203       3.580802560634043E-15    2.1174334485195203       3.890139241224053E-15    2.1174334485195203       4.210481146028442E-15    2.1174334485195203       4.5398083590180585E-15   2.1174334485195203       4.883587317710996E-15    2.1174334485195203
2.1237166338267004        2.6639192659819374E-12   2.1237166338267004       1.0909091809706843E-12   2.1237166338267004       4.498205969970448E-13    2.1237166338267004       1.879832783892378E-13    2.1237166338267004       8.050812186629662E-14    2.1237166338267004       3.5906715795241004E-14   2.1237166338267004       1.7143151858357485E-14   2.1237166338267004       9.097064244473495E-15    2.1237166338267004       5.579857040633246E-15    2.1237166338267004       4.0224352513060255E-15   2.1237166338267004       3.3521836572139445E-15   2.1237166338267004       3.103089962450586E-15    2.1237166338267004       3.069678005230896E-15    2.1237166338267004       3.154151560057209E-15    2.1237166338267004       3.312121712076177E-15    2.1237166338267004       3.5152643284874364E-15   2.1237166338267004       3.749100027600415E-15    2.1237166338267004       4.000404102199365E-15    2.1237166338267004       4.2737899061010885E-15   2.1237166338267004
2.1299998191338796        2.787023183057734E-12    2.1299998191338796       1.1571053415658626E-12   2.1299998191338796       4.856583490815127E-13    2.1299998191338796       2.0794212375070296E-13   2.1299998191338796       9.207648241300834E-14    2.1299998191338796       4.291458704743564E-14    2.1299998191338796       2.157413798422391E-14    2.1299998191338796       1.2011130743627421E-14   2.1299998191338796       7.570634266388542E-15    2.1299998191338796       5.43855446918855E-15     2.1299998191338796       4.410739648859194E-15    2.1299998191338796       3.938520467621989E-15    2.1299998191338796       3.7714443578810845E-15   2.1299998191338796       3.7811424870545954E-15   2.1299998191338796       3.902735513060115E-15    2.1299998191338796       4.0938714561842965E-15   2.1299998191338796       4.333272469348184E-15    2.1299998191338796       4.601500175927406E-15    2.1299998191338796       4.89716637376166E-15     2.1299998191338796
2.1362830044410592        2.9006938409853898E-12   2.1362830044410592       1.2163743939986848E-12   2.1362830044410592       5.163051463485916E-13    2.1362830044410592       2.2407983896800004E-13   2.1362830044410592       1.0091037959981334E-13   2.1362830044410592       4.8042009243363E-14      2.1362830044410592       2.4776724639108978E-14   2.1362830044410592       1.4187979345213432E-14   2.1362830044410592       9.192952731916313E-15    2.1362830044410592       6.7649611857771644E-15   2.1362830044410592       5.5927529365617445E-15   2.1362830044410592       5.067716271753925E-15    2.1362830044410592       4.905663063576937E-15    2.1362830044410592       4.959528252065759E-15    2.1362830044410592       5.1487479514802875E-15   2.1362830044410592       5.425531787591146E-15    2.1362830044410592       5.7596226220521804E-15   2.1362830044410592       6.132969693333037E-15    2.1362830044410592       6.535354186787433E-15    2.1362830044410592
2.142566189748239         3.006099152636929E-12    2.142566189748239        1.2680414091156967E-12   2.142566189748239        5.404246277468926E-13    2.142566189748239        2.3493558555328166E-13   2.142566189748239        1.0564840410077762E-13   2.142566189748239        5.009341451129915E-14    2.142566189748239        2.571538270435723E-14    2.142566189748239        1.471844607431141E-14    2.142566189748239        9.621249526457652E-15    2.142566189748239        7.220150729443953E-15    2.142566189748239        6.126521815822193E-15    2.142566189748239        5.701884810862581E-15    2.142566189748239        5.646296795562225E-15    2.142566189748239        5.809828593619043E-15    2.142566189748239        6.106743666748749E-15    2.142566189748239        6.493780617115421E-15    2.142566189748239        6.933374995484689E-15    2.142566189748239        7.41509893102462E-15     2.142566189748239        7.922085747118582E-15    2.142566189748239
2.1488493750554185        3.1086164444233916E-12   2.1488493750554185       1.3145553974497147E-12   2.1488493750554185       5.589474654141754E-13    2.1488493750554185       2.406655741676475E-13    2.1488493750554185       1.0607086822704221E-13   2.1488493750554185       4.867418410290498E-14    2.1488493750554185       2.3917682237959142E-14   2.1488493750554185       1.309335292999617E-14    2.1488493750554185       8.320199207023052E-15    2.1488493750554185       6.240493817657433E-15    2.1488493750554185       5.412543824549655E-15    2.1488493750554185       5.195400640703613E-15    2.1488493750554185       5.2937621946614744E-15   2.1488493750554185       5.57018939896652E-15     2.1488493750554185       5.9478090182814666E-15   2.1488493750554185       6.395882981539158E-15    2.1488493750554185       6.876455556382753E-15    2.1488493750554185       7.38926772946588E-15     2.1488493750554185       7.91730481205675E-15     2.1488493750554185
2.155132560362598         3.2172007758649717E-12   2.155132560362598        1.361525001170317E-12    2.155132560362598        5.754002847839855E-13    2.155132560362598        2.434887302545574E-13    2.155132560362598        1.0358284971985928E-13   2.155132560362598        4.468269704671286E-14    2.155132560362598        1.997150182857534E-14    2.155132560362598        9.712401068065082E-15    2.155132560362598        5.5775799196372654E-15   2.155132560362598        4.049001129424319E-15    2.155132560362598        3.639368266970221E-15    2.155132560362598        3.719035769621937E-15    2.155132560362598        4.01286421141625E-15     2.155132560362598        4.4059321621486344E-15   2.155132560362598        4.842640027807177E-15    2.155132560362598        5.308936215684649E-15    2.155132560362598        5.776166546718909E-15    2.155132560362598        6.2533890225124595E-15   2.155132560362598        6.730553192751555E-15    2.155132560362598
2.161415745669778         3.3425120074206514E-12   2.161415745669778        1.4167331127193224E-12   2.161415745669778        5.954121930192951E-13    2.161415745669778        2.4746222396117597E-13   2.161415745669778        1.0112997746553813E-13   2.161415745669778        4.029508045862687E-14    2.161415745669778        1.5538433164137207E-14   2.161415745669778        5.90486223341045E-15     2.161415745669778        2.5219522564124845E-15   2.161415745669778        1.6654280424197485E-15   2.161415745669778        1.784331644945403E-15    2.161415745669778        2.2524458469773005E-15   2.161415745669778        2.8175500483669966E-15   2.161415745669778        3.3880081977070156E-15   2.161415745669778        3.9343606093708355E-15   2.161415745669778        4.459091143133593E-15    2.161415745669778        4.950340869622057E-15    2.161415745669778        5.423672780669406E-15    2.161415745669778        5.8798430590738015E-15   2.161415745669778
2.1676989309769574        3.4941076663534542E-12   2.1676989309769574       1.4882076768139318E-12   2.1676989309769574       6.253644231433465E-13    2.1676989309769574       2.5750242036044936E-13   2.1676989309769574       1.0244433849833005E-13   2.1676989309769574       3.8336333536145914E-14   2.1676989309769574       1.2779579232933865E-14   2.1676989309769574       3.3623968543324215E-15   2.1676989309769574       5.283733624232783E-16    2.1676989309769574       2.6190190076841326E-16   2.1676989309769574       9.021132015835255E-16    2.1676989309769574       1.794554027115115E-15    2.1676989309769574       2.6949025460778207E-15   2.1676989309769574       3.524520860763813E-15    2.1676989309769574       4.2738709935773E-15      2.1676989309769574       4.9574585080433735E-15   2.1676989309769574       5.581260648364214E-15    2.1676989309769574       6.163214290416373E-15    2.1676989309769574       6.7142773997535926E-15   2.1676989309769574
2.1739821162841366        3.6774458678022745E-12   2.1739821162841366       1.5818379742116334E-12   2.1739821162841366       6.705356907010813E-13    2.1739821162841366       2.7794338531481744E-13   2.1739821162841366       1.1090229987672938E-13   2.1739821162841366       4.134114051379575E-14    2.1739821162841366       1.3540967517350208E-14   2.1739821162841366       3.389651228553532E-15    2.1739821162841366       4.875216743011584E-16    2.1739821162841366       4.168418865461437E-16    2.1739821162841366       1.337570732678987E-15    2.1739821162841366       2.516247408197112E-15    2.1739821162841366       3.684170610145107E-15    2.1739821162841366       4.755326910072727E-15    2.1739821162841366       5.7234236032112796E-15   2.1739821162841366       6.606154326736597E-15    2.1739821162841366       7.420609651153063E-15    2.1739821162841366       8.181493591196292E-15    2.1739821162841366       8.906657034940084E-15    2.1739821162841366
2.1802653015913167        3.891670062848794E-12    2.1802653015913167       1.6992849049727592E-12   2.1802653015913167       7.33342239208835E-13     2.1802653015913167       3.1114473852780365E-13   2.1802653015913167       1.284689408724577E-13    2.1802653015913167       5.07796111082702E-14     2.1802653015913167       1.880346104612136E-14    2.1802653015913167       6.527977575783834E-15    2.1802653015913167       2.5614846123349832E-15   2.1802653015913167       1.9707517063084824E-15   2.1802653015913167       2.6571496941951807E-15   2.1802653015913167       3.748810287659833E-15    2.1802653015913167       4.909590568188306E-15    2.1802653015913167       6.0192666439266525E-15   2.1802653015913167       7.051773942480253E-15    2.1802653015913167       8.015763541173547E-15    2.1802653015913167       8.926238935798894E-15    2.1802653015913167       9.788535664244383E-15    2.1802653015913167       1.0623305450600496E-14   2.1802653015913167
2.186548486898496         4.1290314768589E-12      2.186548486898496        1.8369037827227567E-12   2.186548486898496        8.122388075618584E-13    2.186548486898496        3.565796868937948E-13    2.186548486898496        1.550508893433128E-13    2.186548486898496        6.668723368640535E-14    2.186548486898496        2.857605427065981E-14    2.186548486898496        1.2687995676861353E-14   2.186548486898496        6.532314043490224E-15    2.186548486898496        4.569866653811751E-15    2.186548486898496        4.3718588305691145E-15   2.186548486898496        4.87396937718757E-15     2.186548486898496        5.6294713026902146E-15   2.186548486898496        6.456362400072851E-15    2.186548486898496        7.285116074520623E-15    2.186548486898496        8.102410488337337E-15    2.186548486898496        8.904025143806063E-15    2.186548486898496        9.682310019567611E-15    2.186548486898496        1.0455244701138025E-14   2.186548486898496
2.1928316722056755        4.3763884176633446E-12   2.1928316722056755       1.9861319868818054E-12   2.1928316722056755       9.016253206094595E-13    2.1928316722056755       4.105948697971338E-13    2.1928316722056755       1.8828357148337176E-13   2.1928316722056755       8.756288155304554E-14    2.1928316722056755       4.1940972803232144E-14   2.1928316722056755       2.135206498969562E-14    2.1928316722056755       1.2162091742202448E-14   2.1928316722056755       8.177802288577457E-15    2.1928316722056755       6.594736441880592E-15    2.1928316722056755       6.1216509766700385E-15   2.1928316722056755       6.170008891101539E-15    2.1928316722056755       6.474757201521038E-15    2.1928316722056755       6.904563055472585E-15    2.1928316722056755       7.414460260712428E-15    2.1928316722056755       7.964000541207223E-15    2.1928316722056755       8.534359259776041E-15    2.1928316722056755       9.131890721072278E-15    2.1928316722056755
2.199114857512855         4.618665806696981E-12    2.199114857512855        2.1354516284506262E-12   2.199114857512855        9.92898539078692E-13     2.199114857512855        4.669119178800283E-13    2.199114857512855        2.2370524874540422E-13   2.199114857512855        1.1034969138581228E-13   2.199114857512855        5.692047198178373E-14    2.199114857512855        3.1371697141648514E-14   2.199114857512855        1.8944803441335342E-14   2.199114857512855        1.2792652220041911E-14   2.199114857512855        9.72768963146967E-15     2.199114857512855        8.22698427281221E-15     2.199114857512855        7.550761971412326E-15    2.199114857512855        7.342918869571298E-15    2.199114857512855        7.403472467855914E-15    2.199114857512855        7.652561512792852E-15    2.199114857512855        8.003741124099009E-15    2.199114857512855        8.433189353645827E-15    2.199114857512855        8.924269813225448E-15    2.199114857512855
2.205398042820035         4.8436013442449814E-12   2.205398042820035        2.2736988398040102E-12   2.205398042820035        1.07665776692201E-12     2.205398042820035        5.179984392884332E-13    2.205398042820035        2.5549793251932646E-13   2.205398042820035        1.3069624991767614E-13   2.205398042820035        7.036439293370665E-14    2.205398042820035        4.055547444540245E-14    2.205398042820035        2.5442340729646025E-14   2.205398042820035        1.7562457001012155E-14   2.205398042820035        1.337542496912103E-14    2.205398042820035        1.115287981772226E-14    2.205398042820035        1.0020395230238319E-14   2.205398042820035        9.540710332767507E-15    2.205398042820035        9.454960468315137E-15    2.205398042820035        9.652144945420658E-15    2.205398042820035        1.0006110527672901E-14   2.205398042820035        1.0492959132477975E-14   2.205398042820035        1.1066641996106444E-14   2.205398042820035
2.211681228127214         5.046598865857476E-12    2.211681228127214        2.394089938630484E-12    2.211681228127214        1.1458395116167123E-12   2.211681228127214        5.573861264392241E-13    2.211681228127214        2.781102315677842E-13    2.211681228127214        1.4400880341662698E-13   2.211681228127214        7.854226455625506E-14    2.211681228127214        4.589210150983833E-14    2.211681228127214        2.9207775738578563E-14   2.211681228127214        2.0462409572659776E-14   2.211681228127214        1.581481928493574E-14    2.211681228127214        1.3378041021217034E-14   2.211681228127214        1.2181153513979272E-14   2.211681228127214        1.173289474451004E-14    2.211681228127214        1.1742442281486963E-14   2.211681228127214        1.2076897399780085E-14   2.211681228127214        1.25965822424384E-14     2.211681228127214        1.3276233060843976E-14   2.211681228127214        1.4048464379154793E-14   2.211681228127214
2.217964413434394         5.23412426783379E-12     2.217964413434394        2.497833124056875E-12    2.217964413434394        1.1990483450814892E-12   2.217964413434394        5.825451952344238E-13    2.217964413434394        2.886602305833215E-13    2.217964413434394        1.4743690771589582E-13   2.217964413434394        7.87932433365449E-14     2.217964413434394        4.4947544285222866E-14   2.217964413434394        2.8005727869246133E-14   2.217964413434394        1.9403751791835265E-14   2.217964413434394        1.5044503832015233E-14   2.217964413434394        1.2928887751586655E-14   2.217964413434394        1.2035328510400131E-14   2.217964413434394        1.1855042599639763E-14   2.217964413434394        1.2101551562278742E-14   2.217964413434394        1.2633325776096842E-14   2.217964413434394        1.3334541126332682E-14   2.217964413434394        1.4173544020659038E-14   2.217964413434394        1.508588234606933E-14    2.217964413434394
2.2242475987415737        5.424040304046635E-12    2.2242475987415737       2.5958194421669213E-12   2.2242475987415737       1.2427687983410324E-12   2.2242475987415737       5.971994825094133E-13    2.2242475987415737       2.891728402357713E-13    2.2242475987415737       1.4197656416578095E-13   2.2242475987415737       7.150480079429951E-14    2.2242475987415737       3.775617052348065E-14    2.2242475987415737       2.1666731088834853E-14   2.2242475987415737       1.41008321876591E-14     2.2242475987415737       1.0709444355875187E-14   2.2242475987415737       9.402082535474026E-15    2.2242475987415737       9.139743977742815E-15    2.2242475987415737       9.427284447322936E-15    2.2242475987415737       1.001266149815413E-14    2.2242475987415737       1.0762225409101869E-14   2.2242475987415737       1.1612351045624189E-14   2.2242475987415737       1.2526010494225868E-14   2.2242475987415737       1.3469698863071956E-14   2.2242475987415737
2.230530784048753         5.641898867339192E-12    2.230530784048753        2.707087064300169E-12    2.230530784048753        1.291048689961915E-12    2.230530784048753        6.11660179359894E-13     2.230530784048753        2.8723420444515075E-13   2.230530784048753        1.3326247095631364E-13   2.230530784048753        6.094818828350743E-14    2.230530784048753        2.765585884546107E-14    2.230530784048753        1.2911050627373023E-14   2.230530784048753        6.885111965941972E-15    2.230530784048753        4.914919036266431E-15    2.230530784048753        4.79277829618308E-15     2.230530784048753        5.462944409211961E-15    2.230530784048753        6.45264624726539E-15     2.230530784048753        7.551639210388998E-15    2.230530784048753        8.650687038378827E-15    2.230530784048753        9.739116812927558E-15    2.230530784048753        1.0788454489774785E-14   2.230530784048753        1.1808147082181478E-14   2.230530784048753
2.236813969355933         5.913573650842179E-12    2.236813969355933        2.8537870336225973E-12   2.236813969355933        1.3620479758492528E-12   2.236813969355933        6.404170743545409E-13    2.236813969355933        2.9423557391483217E-13   2.236813969355933        1.3019354999132816E-13   2.236813969355933        5.409552097625498E-14    2.236813969355933        2.0168207012797623E-14   2.236813969355933        6.20487757469359E-15     2.236813969355933        1.4769184816895874E-15   2.236813969355933        8.743101833695071E-16    2.236813969355933        1.9917632663935126E-15   2.236813969355933        3.713295045120441E-15    2.236813969355933        5.562353427356485E-15    2.236813969355933        7.347002697541435E-15    2.236813969355933        8.98947856374331E-15     2.236813969355933        1.0503829389225157E-14   2.236813969355933        1.1889261558334881E-14   2.236813969355933        1.3184108035625573E-14   2.236813969355933
2.243097154663112         6.256277987032828E-12    2.243097154663112        3.053909643025655E-12    2.243097154663112        1.4722627580352908E-12   2.243097154663112        6.975754349544207E-13    2.243097154663112        3.217276196505817E-13    2.243097154663112        1.4194566680617356E-13   2.243097154663112        5.8071559359284E-14      2.243097154663112        2.0717387969727582E-14   2.243097154663112        5.608723243475437E-15    2.243097154663112        8.596303044817909E-16    2.243097154663112        7.319072154211283E-16    2.243097154663112        2.4973622431446035E-15   2.243097154663112        4.8940380573459206E-15   2.243097154663112        7.379944790251454E-15    2.243097154663112        9.731950954595794E-15    2.243097154663112        1.188778936681111E-14    2.243097154663112        1.3846502007625504E-14   2.243097154663112        1.56381033936009E-14     2.243097154663112        1.7300276328457466E-14   2.243097154663112
2.249380339970292         6.671138564690041E-12    2.249380339970292        3.3142375206377762E-12   2.249380339970292        1.6303903516085408E-12   2.249380339970292        7.917861059347346E-13    2.249380339970292        3.773722849864313E-13    2.249380339970292        1.7482247194493593E-13   2.249380339970292        7.775350549790186E-14    2.249380339970292        3.283548383964247E-14    2.249380339970292        1.3456849143899536E-14   2.249380339970292        6.327926790175419E-15    2.249380339970292        4.895185788325264E-15    2.249380339970292        5.964261375463274E-15    2.249380339970292        8.015220848739289E-15    2.249380339970292        1.0357919344834498E-14   2.249380339970292        1.2676585320004547E-14   2.249380339970292        1.4878720122449705E-14   2.249380339970292        1.6917248167867182E-14   2.249380339970292        1.882352180807859E-14    2.249380339970292        2.0611991212122493E-14   2.249380339970292
2.2556635252774715        7.140429846933797E-12    2.2556635252774715       3.6262125515539254E-12   2.2556635252774715       1.833033369335749E-12    2.2556635252774715       9.22402338751822E-13     2.2556635252774715       4.618310506342921E-13    2.2556635252774715       2.2996827044686857E-13   2.2556635252774715       1.143038776747815E-13    2.2556635252774715       5.746469916193167E-14    2.2556635252774715       3.035855616919833E-14    2.2556635252774715       1.8121038833419113E-14   2.2556635252774715       1.3236839523813642E-14   2.2556635252774715       1.1921938040074864E-14   2.2556635252774715       1.228646200143259E-14    2.2556635252774715       1.3413854443860826E-14   2.2556635252774715       1.483786228171857E-14    2.2556635252774715       1.637210783568908E-14    2.2556635252774715       1.790555225767776E-14    2.2556635252774715       1.9416986831075343E-14   2.2556635252774715       2.0893819017450626E-14   2.2556635252774715
2.261946710584651         7.631314849500507E-12    2.261946710584651        3.9666593714125314E-12   2.261946710584651        2.0639014002618682E-12   2.261946710584651        1.0780575851300471E-12   2.261946710584651        5.672484507320611E-13    2.261946710584651        3.0205317611774944E-13   2.261946710584651        1.6421140332508417E-13   2.261946710584651        9.242130933690588E-14    2.261946710584651        5.510392789599031E-14    2.261946710584651        3.576228740878583E-14    2.261946710584651        2.584479924965217E-14    2.261946710584651        2.0909627835213782E-14   2.261946710584651        1.861538898958007E-14    2.261946710584651        1.777121383878537E-14    2.261946710584651        1.7718758051270363E-14   2.261946710584651        1.8125681004093613E-14   2.261946710584651        1.880257557262428E-14    2.261946710584651        1.9630282087119224E-14   2.261946710584651        2.0573269213668933E-14   2.261946710584651
2.2682298958918303        8.106007313009813E-12    2.2682298958918303       4.30407700065077E-12     2.2682298958918303       2.2974544131738717E-12   2.2682298958918303       1.238515426869241E-12    2.2682298958918303       6.779055596258046E-13    2.2682298958918303       3.7913229439758037E-13   2.2682298958918303       2.1862379584356813E-13   2.2682298958918303       1.3137323480290054E-13   2.2682298958918303       8.33947351270343E-14     2.2682298958918303       5.6601816333470236E-14   2.2682298958918303       4.140674293081701E-14    2.2682298958918303       3.271302836557632E-14    2.2682298958918303       2.770204154111954E-14    2.2682298958918303       2.4904935651700358E-14   2.2682298958918303       2.3456526460757482E-14   2.2682298958918303       2.286702816428453E-14    2.2682298958918303       2.2853454962965263E-14   2.2682298958918303       2.3194183892421853E-14   2.2682298958918303       2.3823837207372445E-14   2.2682298958918303
2.2745130811990104        8.536157593292551E-12    2.2745130811990104       4.609730528936798E-12    2.2745130811990104       2.507124736469898E-12    2.2745130811990104       1.3804904112686029E-12   2.2745130811990104       7.740863470728554E-13    2.2745130811990104       4.4493245845876313E-13   2.2745130811990104       2.643624961408136E-13    2.2745130811990104       1.63819976413354E-13     2.2745130811990104       1.0697293282423612E-13   2.2745130811990104       7.422191879679432E-14    2.2745130811990104       5.498820393130579E-14    2.2745130811990104       4.357705010101488E-14    2.2745130811990104       3.673047477842873E-14    2.2745130811990104       3.273666246900541E-14    2.2745130811990104       3.0544135492793294E-14   2.2745130811990104       2.9541063989154006E-14   2.2745130811990104       2.9350043905732625E-14   2.2745130811990104       2.9686716640991114E-14   2.2745130811990104       3.043844081421867E-14    2.2745130811990104
2.28079626650619          8.91722454201905E-12     2.28079626650619         4.870882950472732E-12    2.28079626650619         2.6767473618409547E-12   2.28079626650619         1.4871156815420026E-12   2.28079626650619         8.396899100244828E-13    2.28079626650619         4.848193587246176E-13    2.28079626650619         2.8849832913660647E-13   2.28079626650619         1.785176223290239E-13    2.28079626650619         1.161151332997575E-13    2.28079626650619         8.018481751677897E-14    2.28079626650619         5.918970364136003E-14    2.28079626650619         4.6892985719971704E-14   2.28079626650619         3.9675969994102944E-14   2.28079626650619         3.563366968659974E-14    2.28079626650619         3.358257148237469E-14    2.28079626650619         3.284842340411034E-14    2.28079626650619         3.2993029041327474E-14   2.28079626650619         3.372515502221548E-14    2.28079626650619         3.488358767447368E-14    2.28079626650619
2.2870794518133692        9.27714457431497E-12     2.2870794518133692       5.101439060881132E-12    2.2870794518133692       2.8114913313788378E-12   2.2870794518133692       1.5583022964674659E-12   2.2870794518133692       8.716617849870233E-13    2.2870794518133692       4.942196250255362E-13    2.2870794518133692       2.858430971998684E-13    2.2870794518133692       1.7018419759272937E-13   2.2870794518133692       1.057263424683402E-13    2.2870794518133692       6.969342542485225E-14    2.2870794518133692       4.9538812659547123E-14   2.2870794518133692       3.846960365442052E-14    2.2870794518133692       3.2569954834004154E-14   2.2870794518133692       2.977207491666113E-14    2.2870794518133692       2.8825485080952105E-14   2.2870794518133692       2.904211238485256E-14    2.2870794518133692       2.9984950562137555E-14   2.2870794518133692       3.1394868721793E-14      2.2870794518133692       3.310049467777944E-14    2.2870794518133692
2.2933626371205493        9.673929210990552E-12    2.2933626371205493       5.344376286972297E-12    2.2933626371205493       2.9428615844969304E-12   2.2933626371205493       1.6169223595755075E-12   2.2933626371205493       8.865401202664677E-13    2.2933626371205493       4.850859005773577E-13    2.2933626371205493       2.651230556622991E-13    2.2933626371205493       1.4531349449643416E-13   2.2933626371205493       8.08102310916215E-14     2.2933626371205493       4.678692878403336E-14    2.2933626371205493       2.9491687521812513E-14   2.2933626371205493       2.1438143436109326E-14   2.2933626371205493       1.8392455512772192E-14   2.2933626371205493       1.8101248928411967E-14   2.2933626371205493       1.927820273763082E-14    2.2933626371205493       2.1234065117100433E-14   2.2933626371205493       2.3580786404214098E-14   2.2933626371205493       2.6101908259345985E-14   2.2933626371205493       2.8677606171585185E-14   2.2933626371205493
2.2996458224277285        1.018001934181686E-11    2.2996458224277285       5.662274588680866E-12    2.2996458224277285       3.1233725097149815E-12   2.2996458224277285       1.7061557005780312E-12   2.2996458224277285       9.194114096195162E-13    2.2996458224277285       4.857332063079137E-13    2.2996458224277285       2.4918872522649587E-13   2.2996458224277285       1.2243035922622628E-13   2.2996458224277285       5.6557977656745364E-14   2.2996458224277285       2.4138842764236807E-14   2.2996458224277285       9.863531705533247E-15    2.2996458224277285       5.2852320203901096E-15   2.2996458224277285       5.701209905069201E-15    2.2996458224277285       8.574481653894068E-15    2.2996458224277285       1.2533300761017386E-14   2.2996458224277285       1.6856965062891977E-14   2.2996458224277285       2.1190324456002596E-14   2.2996458224277285       2.5349467964708627E-14   2.2996458224277285       2.9295229180555335E-14   2.2996458224277285
2.305929007734908         1.085679624488337E-11    2.305929007734908        6.117067124184535E-12    2.305929007734908        3.4106909567807743E-12   2.305929007734908        1.877132829990878E-12    2.305929007734908        1.0141922709028325E-12   2.305929007734908        5.330322096639294E-13    2.305929007734908        2.6849876351601736E-13   2.305929007734908        1.263800248587655E-13    2.305929007734908        5.305781949914434E-14    2.305929007734908        1.7888528194599408E-14   2.305929007734908        3.556889503142893E-15    2.305929007734908        3.0800201967317094E-16   2.305929007734908        2.6991156413621036E-15   2.305929007734908        7.736294338311486E-15    2.305929007734908        1.381480883375223E-14    2.305929007734908        2.011009538622322E-14    2.305929007734908        2.6205268167280106E-14   2.305929007734908        3.1921517779982916E-14   2.305929007734908        3.7249248106443295E-14   2.305929007734908
2.312212193042088         1.172802919748709E-11    2.312212193042088        6.745463152993124E-12    2.312212193042088        3.846056353755751E-12    2.312212193042088        2.170633382463822E-12    2.312212193042088        1.2084553722668804E-12   2.312212193042088        6.600313708201244E-13    2.312212193042088        3.5112227833467895E-13   2.312212193042088        1.8030098881761893E-13   2.312212193042088        8.885340052841579E-14    2.312212193042088        4.244560559373759E-14    2.312212193042088        2.1333398575508793E-14   2.312212193042088        1.411246761974022E-14    2.312212193042088        1.4274960963926825E-14   2.312212193042088        1.8150082515791255E-14   2.312212193042088        2.3686668839300058E-14   2.312212193042088        2.9840984727762286E-14   2.312212193042088        3.5992036259258776E-14   2.312212193042088        4.191009266731556E-14    2.312212193042088        4.7493940276949915E-14   2.312212193042088
2.3184953783492674        1.2763292290349656E-11   2.3184953783492674       7.539434012639491E-12    2.3184953783492674       4.4346790958600484E-12   2.3184953783492674       2.5990085662263293E-12   2.3184953783492674       1.5176931085949453E-12   2.3184953783492674       8.82899594905529E-13     2.3184953783492674       5.124139398842881E-13    2.3184953783492674       2.9792739945648376E-13   2.3184953783492674       1.7567892359045397E-13   2.3184953783492674       1.0744085106257654E-13   2.3184953783492674       7.076569235237241E-14    2.3184953783492674       5.2357107961061334E-14   2.3184953783492674       4.435300317596413E-14    2.3184953783492674       4.219336153570709E-14    2.3184953783492674       4.3172802475021695E-14   2.3184953783492674       4.587581212432259E-14    2.3184953783492674       4.9336882312031957E-14   2.3184953783492674       5.3183968840765964E-14   2.3184953783492674       5.709798983384716E-14    2.3184953783492674
2.3247785636564466        1.3880441859640074E-11   2.3247785636564466       8.440728783508962E-12    2.3247785636564466       5.136005834358281E-12    2.3247785636564466       3.1346507726743743E-12   2.3247785636564466       1.9235765823679035E-12   2.3247785636564466       1.1899460532596665E-12   2.3247785636564466       7.453653677545341E-13    2.3247785636564466       4.755654897618009E-13    2.3247785636564466       3.1216556774666656E-13   2.3247785636564466       2.1317043675215167E-13   2.3247785636564466       1.5335441421881875E-13   2.3247785636564466       1.1744483260082496E-13   2.3247785636564466       9.604171561944313E-14    2.3247785636564466       8.355041053167725E-14    2.3247785636564466       7.648313464229568E-14    2.3247785636564466       7.289075185756542E-14    2.3247785636564466       7.136532656189682E-14    2.3247785636564466       7.128590065773516E-14    2.3247785636564466       7.205023044421099E-14    2.3247785636564466
2.3310617489636267        1.4971053322190627E-11   2.3310617489636267       9.355484728422632E-12    2.3310617489636267       5.870533881237156E-12    2.3310617489636267       3.7113251897801425E-12   2.3310617489636267       2.371560885179145E-12    2.3310617489636267       1.5367671965674354E-12   2.3310617489636267       1.0142075623988428E-12   2.3310617489636267       6.847800291398876E-13    2.3310617489636267       4.760286087046717E-13    2.3310617489636267       3.4254236230790495E-13   2.3310617489636267       2.563765908737606E-13    2.3310617489636267       2.003417917379193E-13    2.3310617489636267       1.6344013787207384E-13   2.3310617489636267       1.389936886260689E-13    2.3310617489636267       1.2271530815811824E-13   2.3310617489636267       1.1200037826871693E-13   2.3310617489636267       1.0496945232264144E-13   2.3310617489636267       1.0066976461363092E-13   2.3310617489636267       9.823018045421787E-14    2.3310617489636267
2.337344934270806         1.594537718889966E-11    2.337344934270806        1.0189928411675105E-11   2.337344934270806        6.547092942814911E-12    2.337344934270806        4.244119506430819E-12    2.337344934270806        2.7846809405454827E-12   2.337344934270806        1.8549547944946807E-12   2.337344934270806        1.2589800318269231E-12   2.337344934270806        8.736081564428466E-13    2.337344934270806        6.225828467821652E-13    2.337344934270806        4.573778783533279E-13    2.337344934270806        3.473585749683635E-13    2.337344934270806        2.735001172302898E-13    2.337344934270806        2.2322333659088513E-13   2.337344934270806        1.8878104390809108E-13   2.337344934270806        1.6514101539589924E-13   2.337344934270806        1.4900092665188044E-13   2.337344934270806        1.3805686306986282E-13   2.337344934270806        1.3098953325800458E-13   2.337344934270806        1.267252556793436E-13    2.337344934270806
2.3436281195779856        1.6784530121139244E-11   2.3436281195779856       1.0900054079560514E-11   2.3436281195779856       7.107783487654888E-12    2.3436281195779856       4.668712731193333E-12    2.3436281195779856       3.0970702890858846E-12   2.3436281195779856       2.0801895921948457E-12   2.3436281195779856       1.4187793441853573E-12   2.3436281195779856       9.856035821029072E-13    2.3436281195779856       7.002717561666376E-13    2.3436281195779856       5.110252546910275E-13    2.3436281195779856       3.843408813294616E-13    2.3436281195779856       2.992455085290038E-13    2.3436281195779856       2.4155695384614997E-13   2.3436281195779856       2.024291319548516E-13    2.3436281195779856       1.761012605365957E-13    2.3436281195779856       1.5859834271871038E-13   2.3436281195779856       1.4727352313656173E-13   2.3436281195779856       1.4044392369006764E-13   2.3436281195779856       1.3690833957294318E-13   2.3436281195779856
2.3499113048851656        1.757961369251361E-11    2.3499113048851656       1.1538261478749998E-11   2.3499113048851656       7.577027380492074E-12    2.3499113048851656       4.9896898465862376E-12   2.3499113048851656       3.2997752093379837E-12   2.3499113048851656       2.1946690121145526E-12   2.3499113048851656       1.4705351590012927E-12   2.3499113048851656       9.95037725228385E-13     2.3499113048851656       6.826222637373624E-13    2.3499113048851656       4.775108983382208E-13    2.3499113048851656       3.4272078960179533E-13   2.3499113048851656       2.5480906431623666E-13   2.3499113048851656       1.9777060940261604E-13   2.3499113048851656       1.6144613877037034E-13   2.3499113048851656       1.3918931444218655E-13   2.3499113048851656       1.2635891591635555E-13   2.3499113048851656       1.199709378213405E-13    2.3499113048851656       1.1798072872761505E-13   2.3499113048851656       1.1909281154871383E-13   2.3499113048851656
2.356194490192345         1.853562498205948E-11    2.356194490192345        1.2274166689719402E-11   2.356194490192345        8.092736420458728E-12    2.356194490192345        5.317357047302256E-12    2.356194490192345        3.479892671337541E-12    2.356194490192345        2.2663261061888105E-12   2.356194490192345        1.4668634118332595E-12   2.356194490192345        9.425195119669613E-13    2.356194490192345        6.011694433213307E-13    2.356194490192345        3.8166950530380913E-13   2.356194490192345        2.4263353286211646E-13   2.356194490192345        1.571717570115995E-13    2.356194490192345        1.0690560301315354E-13   2.356194490192345        7.986650106325795E-14    2.356194490192345        6.810215827106857E-14    2.356194490192345        6.615642559049616E-14    2.356194490192345        7.051336512797201E-14    2.356194490192345        7.870894209887821E-14    2.356194490192345        8.927291724349153E-14    2.356194490192345
2.3624776754995245        1.992715037912721E-11    2.3624776754995245       1.3371793206567841E-11   2.3624776754995245       8.899605706406628E-12    2.3624776754995245       5.8725267720750106E-12   2.3624776754995245       3.832964020631093E-12    2.3624776754995245       2.4657717920087456E-12   2.3624776754995245       1.5551292932490475E-12   2.3624776754995245       9.543725231742429E-13    2.3624776754995245       5.637814283410738E-13    2.3624776754995245       3.1553126596390267E-13   2.3624776754995245       1.6275440001203234E-13   2.3624776754995245       7.393224692005976E-14    2.3624776754995245       2.744870158091952E-14    2.3624776754995245       8.775739366476147E-15    2.3624776754995245       8.001383869257522E-15    2.3624776754995245       1.843305125610663E-14    2.3624776754995245       3.559842847560977E-14    2.3624776754995245       5.642028486651836E-14    2.3624776754995245       7.898170055116873E-14    2.3624776754995245
2.368760860806704         2.2011030595603287E-11   2.368760860806704        1.5120786697240115E-11   2.368760860806704        1.029758215147542E-11    2.368760860806704        6.950029465742092E-12    2.368760860806704        4.638874146555172E-12    2.368760860806704        3.0519911175106062E-12   2.368760860806704        1.9704582713910513E-12   2.368760860806704        1.2408238517097409E-12   2.368760860806704        7.561836483301773E-13    2.368760860806704        4.4167213432533336E-13   2.368760860806704        2.4425413627863653E-13   2.368760860806704        1.2693177596194788E-13   2.368760860806704        6.394559662921031E-14    2.368760860806704        3.739206896206076E-14    2.368760860806704        3.4700568997646164E-14   2.368760860806704        4.7245822003564656E-14   2.368760860806704        6.906338549007473E-14    2.368760860806704        9.607326592395605E-14    2.368760860806704        1.2543689228105019E-13   2.368760860806704
2.3750440461138838        2.4919619688744385E-11   2.3750440461138838       1.773687354726597E-11    2.3750440461138838       1.2554195351138953E-11   2.3750440461138838       8.844980703946535E-12    2.3750440461138838       6.202398653740495E-12    2.3750440461138838       4.3265538470325095E-12   2.3750440461138838       3.0023538509454604E-12   2.3750440461138838       2.0735568983907207E-12   2.3750440461138838       1.4289124108940212E-12   2.3750440461138838       9.880011283209761E-13    2.3750440461138838       6.920604359456604E-13    2.3750440461138838       4.98740019161888E-13     2.3750440461138838       3.7770585975888066E-13   2.3750440461138838       3.0711968568512376E-13   2.3750440461138838       2.713348813327945E-13    2.3750440461138838       2.5901223437643636E-13   2.3750440461138838       2.6224098660301614E-13   2.3750440461138838       2.754053102078211E-13    2.3750440461138838       2.9419069026423695E-13   2.3750440461138838
2.381327231421063         2.8568671358871798E-11   2.381327231421063        2.1258774311917355E-11   2.381327231421063        1.5800576520618653E-11   2.381327231421063        1.1754495691359574E-11   2.381327231421063        8.764647341493E-12       2.381327231421063        6.55701477072706E-12     2.381327231421063        4.9309527203522556E-12   2.381327231421063        3.734880390560272E-12    2.381327231421063        2.858886189081199E-12    2.381327231421063        2.220811611734087E-12    2.381327231421063        1.758401275819629E-12    2.381327231421063        1.4255709240439235E-12   2.381327231421063        1.1880338287628344E-12   2.381327231421063        1.0201104562795328E-12   2.381327231421063        9.033303992519738E-13    2.381327231421063        8.231443454328808E-13    2.381327231421063        7.69496292143007E-13     2.381327231421063        7.347888606801129E-13    2.381327231421063        7.128455987142913E-13    2.381327231421063
2.387610416728243         3.2614628172682665E-11   2.387610416728243        2.547470848041561E-11    2.387610416728243        1.9939496030032095E-11   2.387610416728243        1.567660862521805E-11    2.387610416728243        1.2399720499154322E-11   2.387610416728243        9.87613472524309E-12     2.387610416728243        7.932011843889412E-12    2.387610416728243        6.430445063660344E-12    2.387610416728243        5.27079009434945E-12     2.387610416728243        4.375130427083097E-12    2.387610416728243        3.68194908727644E-12     2.387610416728243        3.1447266052172056E-12   2.387610416728243        2.7272261263991143E-12   2.387610416728243        2.4010690237818084E-12   2.387610416728243        2.14619714587396E-12     2.387610416728243        1.94505564512328E-12     2.387610416728243        1.7856831271558162E-12   2.387610416728243        1.6584569683516433E-12   2.387610416728243        1.5554047677557876E-12   2.387610416728243
2.3938936020354222        3.648836830040402E-11    2.3938936020354222       2.991250589778063E-11    2.3938936020354222       2.460187797257696E-11    2.3938936020354222       2.034219947497572E-11    2.3938936020354222       1.6929697131302895E-11   2.3938936020354222       1.418613822345693E-11    2.3938936020354222       1.1975364286799396E-11   2.3938936020354222       1.0185590640452302E-11   2.3938936020354222       8.733878641788572E-12    2.3938936020354222       7.553802466975706E-12    2.3938936020354222       6.590217841670256E-12    2.3938936020354222       5.8008963486863055E-12   2.3938936020354222       5.150808779685352E-12    2.3938936020354222       4.611345636502262E-12    2.3938936020354222       4.163139588047411E-12    2.3938936020354222       3.786789766676122E-12    2.3938936020354222       3.4693834244782973E-12   2.3938936020354222       3.1997943180983593E-12   2.3938936020354222       2.9689992386403884E-12   2.3938936020354222
2.400176787342602         3.9513647577163333E-11   2.400176787342602        3.3916646541016924E-11   2.400176787342602        2.9186080129061544E-11   2.400176787342602        2.522184695220745E-11    2.400176787342602        2.1904989559008565E-11   2.400176787342602        1.91183009736609E-11     2.400176787342602        1.676919204302787E-11    2.400176787342602        1.4778957435330046E-11   2.400176787342602        1.3088889494900125E-11   2.400176787342602        1.1650926705197517E-11   2.400176787342602        1.0421909063925892E-11   2.400176787342602        9.369302761312447E-12    2.400176787342602        8.462717576739294E-12    2.400176787342602        7.677047170338825E-12    2.400176787342602        6.996575447898111E-12    2.400176787342602        6.402105321074415E-12    2.400176787342602        5.881684063644571E-12    2.400176787342602        5.423639564141391E-12    2.400176787342602        5.019417306409146E-12    2.400176787342602
2.4064599726497815        4.1086465324630294E-11   2.4064599726497815       3.6805401892656334E-11   2.4064599726497815       3.298762870405083E-11    2.4064599726497815       2.962710239580163E-11    2.4064599726497815       2.6678815375038723E-11   2.4064599726497815       2.408360927036113E-11    2.4064599726497815       2.179092492325048E-11    2.4064599726497815       1.9757722765841853E-11   2.4064599726497815       1.795189039077614E-11    2.4064599726497815       1.6348079835104922E-11   2.4064599726497815       1.4918800040919873E-11   2.4064599726497815       1.3646085314694351E-11   2.4064599726497815       1.2506591405805723E-11   2.4064599726497815       1.1483054093410273E-11   2.4064599726497815       1.0566259184314752E-11   2.4064599726497815       9.7397510962768E-12      2.4064599726497815       8.995225233656158E-12    2.4064599726497815       8.321575294275007E-12    2.4064599726497815       7.712863047242839E-12    2.4064599726497815
2.412743157956961         4.085750383033513E-11    2.412743157956961        3.8060688528719745E-11   2.412743157956961        3.5382607985126664E-11   2.412743157956961        3.2878769486941814E-11   2.412743157956961        3.055583689072785E-11    2.412743157956961        2.8399893692695876E-11   2.412743157956961        2.639320161163315E-11    2.412743157956961        2.4523912823089968E-11   2.412743157956961        2.2783541137786887E-11   2.412743157956961        2.116932583165751E-11    2.412743157956961        1.9669494470654696E-11   2.412743157956961        1.8283565368449238E-11   2.412743157956961        1.6995463706862825E-11   2.412743157956961        1.5799381118190007E-11   2.412743157956961        1.4694360048429237E-11   2.412743157956961        1.3669068840880332E-11   2.412743157956961        1.2721437237806424E-11   2.412743157956961        1.1842017673271944E-11   2.412743157956961        1.1029750473855681E-11   2.412743157956961
2.419026343264141         3.884757739985194E-11    2.419026343264141        3.7480357367432473E-11   2.419026343264141        3.599769692188939E-11    2.419026343264141        3.4479987087007845E-11   2.419026343264141        3.2957642450007725E-11   2.419026343264141        3.1442330754601606E-11   2.419026343264141        2.993460434542008E-11    2.419026343264141        2.8442848810499682E-11   2.419026343264141        2.6974340464129387E-11   2.419026343264141        2.5543602544120953E-11   2.419026343264141        2.415027069783809E-11    2.419026343264141        2.2811114962893276E-11   2.419026343264141        2.1514958502396127E-11   2.419026343264141        2.0268721657160526E-11   2.419026343264141        1.9079581280104947E-11   2.419026343264141        1.7942804008224952E-11   2.419026343264141        1.6863768467841087E-11   2.419026343264141        1.5835710643957815E-11   2.419026343264141        1.4863977164559427E-11   2.419026343264141
2.4253095285713204        3.5450260432274364E-11   2.4253095285713204       3.523777285363544E-11    2.4253095285713204       3.480915793158899E-11    2.4253095285713204       3.423879426736403E-11    2.4253095285713204       3.355533563806716E-11    2.4253095285713204       3.277517145123938E-11    2.4253095285713204       3.190162181303586E-11    2.4253095285713204       3.0949049979153906E-11   2.4253095285713204       2.992978497756475E-11    2.4253095285713204       2.8866446811596807E-11   2.4253095285713204       2.7762255973869794E-11   2.4253095285713204       2.6647421914070495E-11   2.4253095285713204       2.5511330014405667E-11   2.4253095285713204       2.437145913957882E-11    2.4253095285713204       2.324086913449257E-11    2.4253095285713204       2.212128336748444E-11    2.4253095285713204       2.1024504874403075E-11   2.4253095285713204       1.9947170497271223E-11   2.4253095285713204       1.8900975331005022E-11   2.4253095285713204
2.4315927138785           3.1322645576050857E-11   2.4315927138785          3.1834332323659206E-11   2.4315927138785          3.2148837804758817E-11   2.4315927138785          3.231738453688489E-11    2.4315927138785          3.235111779945526E-11    2.4315927138785          3.225549063784443E-11    2.4315927138785          3.2024921096372086E-11   2.4315927138785          3.166706247579954E-11    2.4315927138785          3.118890474236304E-11    2.4315927138785          3.0611119230972645E-11   2.4315927138785          2.993162900976551E-11    2.4315927138785          2.9187353143114326E-11   2.4315927138785          2.8363399611301046E-11   2.4315927138785          2.748236557668969E-11    2.4315927138785          2.6559173029533864E-11   2.4315927138785          2.5599832440491432E-11   2.4315927138785          2.4619433450218485E-11   2.4315927138785          2.3617794476785934E-11   2.4315927138785          2.2610951702528617E-11   2.4315927138785
2.4378758991856793        2.7204327983441545E-11   2.4378758991856793       2.7965653433956284E-11   2.4378758991856793       2.8622991693720357E-11   2.4378758991856793       2.9203858019636606E-11   2.4378758991856793       2.969956036232987E-11    2.4378758991856793       3.009873901739096E-11    2.4378758991856793       3.0382647288284185E-11   2.4378758991856793       3.0545613705543524E-11   2.4378758991856793       3.058258717728591E-11    2.4378758991856793       3.0504865435813006E-11   2.4378758991856793       3.0298436436407195E-11   2.4378758991856793       2.999901845893308E-11    2.4378758991856793       2.958382614122836E-11    2.4378758991856793       2.9073479745407597E-11   2.4378758991856793       2.8479858640755642E-11   2.4378758991856793       2.780929745340908E-11    2.4378758991856793       2.7075902379734594E-11   2.4378758991856793       2.628088403355395E-11    2.4378758991856793       2.5441050247623415E-11   2.4378758991856793
2.4441590844928593        2.3720698028441234E-11   2.4441590844928593       2.4338224858030335E-11   2.4441590844928593       2.495959143707472E-11    2.4441590844928593       2.5601096057135268E-11   2.4441590844928593       2.6243630105356314E-11   2.4441590844928593       2.6863583634918094E-11   2.4441590844928593       2.743298014472007E-11    2.4441590844928593       2.7934294623437104E-11   2.4441590844928593       2.8349793771457437E-11   2.4441590844928593       2.8679011118995013E-11   2.4441590844928593       2.8894383050938467E-11   2.4441590844928593       2.902373728546018E-11    2.4441590844928593       2.9035421167397504E-11   2.4441590844928593       2.89417893287832E-11     2.4441590844928593       2.874719768646591E-11    2.4441590844928593       2.8453677991114086E-11   2.4441590844928593       2.8070185451899913E-11   2.4441590844928593       2.7596111581061265E-11   2.4441590844928593       2.7044878046519025E-11   2.4441590844928593
2.4504422698000385        2.1227056238720018E-11   2.4504422698000385       2.1483311016492807E-11   2.4504422698000385       2.1813889159966943E-11   2.4504422698000385       2.2240950192258815E-11   2.4504422698000385       2.2749819170930458E-11   2.4504422698000385       2.3315949921154735E-11   2.4504422698000385       2.3911800248257287E-11   2.4504422698000385       2.4516072657724664E-11   2.4504422698000385       2.5103985528195856E-11   2.4504422698000385       2.5666400740939136E-11   2.4504422698000385       2.6166512738862666E-11   2.4504422698000385       2.66210960785978E-11     2.4504422698000385       2.6992006878642704E-11   2.4504422698000385       2.7280167922426206E-11   2.4504422698000385       2.7479913313893688E-11   2.4504422698000385       2.7585533682352142E-11   2.4504422698000385       2.759786826889541E-11    2.4504422698000385       2.7511176832869768E-11   2.4504422698000385       2.7331919483229453E-11   2.4504422698000385
2.456725455107218         1.9742379836056255E-11   2.456725455107218        1.9625878454216025E-11   2.456725455107218        1.9590144852494568E-11   2.456725455107218        1.9675283080860166E-11   2.456725455107218        1.9883187754434515E-11   2.456725455107218        2.0200024714466342E-11   2.456725455107218        2.060919059009049E-11    2.456725455107218        2.1096032518047117E-11   2.456725455107218        2.1638222742662022E-11   2.456725455107218        2.2224972465997397E-11   2.456725455107218        2.2818966206202077E-11   2.456725455107218        2.3427534320184456E-11   2.456725455107218        2.4011498278201424E-11   2.456725455107218        2.456161054075185E-11    2.456725455107218        2.5063012295997027E-11   2.456725455107218        2.5501856176967163E-11   2.456725455107218        2.587007705561817E-11    2.456725455107218        2.615531523751237E-11    2.456725455107218        2.6355157953081052E-11   2.456725455107218
2.463008640414398         1.899762697651832E-11    2.463008640414398        1.865956958934614E-11    2.463008640414398        1.8350200065119185E-11   2.463008640414398        1.8128345405959805E-11   2.463008640414398        1.801564811380149E-11    2.463008640414398        1.8014801281731875E-11   2.463008640414398        1.8126190486476813E-11   2.463008640414398        1.8349450522201372E-11   2.463008640414398        1.8673803491247783E-11   2.463008640414398        1.909476216852168E-11    2.463008640414398        1.9584328611418992E-11   2.463008640414398        2.0146146498907196E-11   2.463008640414398        2.0747139486228085E-11   2.463008640414398        2.1373376706141733E-11   2.463008640414398        2.2005332294863742E-11   2.463008640414398        2.262449984817659E-11    2.463008640414398        2.3216056080449722E-11   2.463008640414398        2.3762697896163517E-11   2.463008640414398        2.4253716404333334E-11   2.463008640414398
2.4692918257215775        1.857900428694961E-11    2.4692918257215775       1.823818299561475E-11    2.4692918257215775       1.784709848660994E-11    2.4692918257215775       1.747264766271134E-11    2.4692918257215775       1.714894800087314E-11    2.4692918257215775       1.689222329649464E-11    2.4692918257215775       1.671816900658968E-11    2.4692918257215775       1.6641873516441077E-11   2.4692918257215775       1.666848854924286E-11    2.4692918257215775       1.6805224638195305E-11   2.4692918257215775       1.7040504593814502E-11   2.4692918257215775       1.7381612521199892E-11   2.4692918257215775       1.780801071586193E-11    2.4692918257215775       1.83089580037727E-11     2.4692918257215775       1.8867274956068582E-11   2.4692918257215775       1.9466229746761337E-11   2.4692918257215775       2.0089308321547868E-11   2.4692918257215775       2.0718934774160965E-11   2.4692918257215775       2.133944893729972E-11    2.4692918257215775
2.4755750110287567        1.810352127559707E-11    2.4755750110287567       1.794017182303821E-11    2.4755750110287567       1.7661981499359184E-11   2.4755750110287567       1.732779266930846E-11    2.4755750110287567       1.6970322125225428E-11   2.4755750110287567       1.660915526518244E-11    2.4755750110287567       1.6266327266565727E-11   2.4755750110287567       1.5966346946898015E-11   2.4755750110287567       1.5727647791924613E-11   2.4755750110287567       1.556929477282818E-11    2.4755750110287567       1.549759476042098E-11    2.4755750110287567       1.5528801582492147E-11   2.4755750110287567       1.5657953283389692E-11   2.4755750110287567       1.5884628499425805E-11   2.4755750110287567       1.6200845550045157E-11   2.4755750110287567       1.6598452457016155E-11   2.4755750110287567       1.7065854289169476E-11   2.4755750110287567       1.7591147364814267E-11   2.4755750110287567       1.8159165499633415E-11   2.4755750110287567
2.4818581963359367        1.7353735528541813E-11   2.4818581963359367       1.743481728969106E-11    2.4818581963359367       1.7381761982864257E-11   2.4818581963359367       1.7232627883139493E-11   2.4818581963359367       1.7005470217926794E-11   2.4818581963359367       1.6711273856724898E-11   2.4818581963359367       1.6366292080676204E-11   2.4818581963359367       1.5993793443387242E-11   2.4818581963359367       1.561667989395966E-11    2.4818581963359367       1.526021952594634E-11    2.4818581963359367       1.4943445428477364E-11   2.4818581963359367       1.469207123509197E-11    2.4818581963359367       1.4514411396609495E-11   2.4818581963359367       1.4423396881162837E-11   2.4818581963359367       1.4423867577768681E-11   2.4818581963359367       1.4520249056243952E-11   2.4818581963359367       1.471143981739889E-11    2.4818581963359367       1.499591499328754E-11    2.4818581963359367       1.536482260868896E-11    2.4818581963359367
2.4881413816431164        1.6325667526421777E-11   2.4881413816431164       1.6589479197462967E-11   2.4881413816431164       1.675163333864861E-11    2.4881413816431164       1.6827102250123147E-11   2.4881413816431164       1.6813573582639288E-11   2.4881413816431164       1.6705980459584003E-11   2.4881413816431164       1.6505461095570545E-11   2.4881413816431164       1.6223536789005047E-11   2.4881413816431164       1.5876368896789236E-11   2.4881413816431164       1.5486102286148698E-11   2.4881413816431164       1.5074212819133707E-11   2.4881413816431164       1.4670958197521993E-11   2.4881413816431164       1.4290197805199198E-11   2.4881413816431164       1.395520686358616E-11    2.4881413816431164       1.3682008755416233E-11   2.4881413816431164       1.3486600544660648E-11   2.4881413816431164       1.3380270217028921E-11   2.4881413816431164       1.3373143254599218E-11   2.4881413816431164       1.3466634507732428E-11   2.4881413816431164
2.4944245669502956        1.5184582629348858E-11   2.4944245669502956       1.5486585367566122E-11   2.4944245669502956       1.5751710795527372E-11   2.4944245669502956       1.598133193677023E-11    2.4944245669502956       1.6157675055805198E-11   2.4944245669502956       1.6260608242407795E-11   2.4944245669502956       1.6274400242621056E-11   2.4944245669502956       1.619336474620226E-11    2.4944245669502956       1.6018410295421035E-11   2.4944245669502956       1.5759675896394532E-11   2.4944245669502956       1.5429511225603066E-11   2.4944245669502956       1.5054563957662722E-11   2.4944245669502956       1.4643385893378277E-11   2.4944245669502956       1.422136608784806E-11    2.4944245669502956       1.3808952568908206E-11   2.4944245669502956       1.3427718974434147E-11   2.4944245669502956       1.3098291794808023E-11   2.4944245669502956       1.2839400614306085E-11   2.4944245669502956       1.2663050483676227E-11   2.4944245669502956
2.5007077522574757        1.4156876919398661E-11   2.5007077522574757       1.4350552331464514E-11   2.5007077522574757       1.4570170462883678E-11   2.5007077522574757       1.4819654974435552E-11   2.5007077522574757       1.507872744226638E-11    2.5007077522574757       1.532112950198867E-11    2.5007077522574757       1.5521220222164707E-11   2.5007077522574757       1.5658436238815618E-11   2.5007077522574757       1.5716770586904253E-11   2.5007077522574757       1.5690207521502683E-11   2.5007077522574757       1.5574134673846623E-11   2.5007077522574757       1.5384159219371975E-11   2.5007077522574757       1.5113872174600168E-11   2.5007077522574757       1.4780898255129767E-11   2.5007077522574757       1.4400807620209702E-11   2.5007077522574757       1.3992129207594689E-11   2.5007077522574757       1.3577752449718644E-11   2.5007077522574757       1.317854458685291E-11    2.5007077522574757       1.281336498969047E-11    2.5007077522574757
2.506990937564655         1.340869898687229E-11    2.506990937564655        1.3419275701862645E-11   2.506990937564655        1.348540431559796E-11    2.506990937564655        1.3627515462374268E-11   2.506990937564655        1.38368538942732E-11     2.506990937564655        1.4093290535816836E-11   2.506990937564655        1.4373703259310419E-11   2.506990937564655        1.465196001060501E-11    2.506990937564655        1.49015080947223E-11     2.506990937564655        1.5103181371862045E-11   2.506990937564655        1.5235300695589375E-11   2.506990937564655        1.529959657204544E-11    2.506990937564655        1.5270976459921094E-11   2.506990937564655        1.5152462771911422E-11   2.506990937564655        1.4947023837599797E-11   2.506990937564655        1.466254768467845E-11    2.506990937564655        1.4315913888231506E-11   2.506990937564655        1.3922574930578131E-11   2.506990937564655        1.3501595697241324E-11   2.506990937564655
2.5132741228718345        1.296809786107054E-11    2.5132741228718345       1.282307746229012E-11    2.5132741228718345       1.2717302891395308E-11   2.5132741228718345       1.2691764911656386E-11   2.5132741228718345       1.2756652839780477E-11   2.5132741228718345       1.2907132971159294E-11   2.5132741228718345       1.3134363386956778E-11   2.5132741228718345       1.3418719924108218E-11   2.5132741228718345       1.3734874052485891E-11   2.5132741228718345       1.4059883854428614E-11   2.5132741228718345       1.4363289352711157E-11   2.5132741228718345       1.4636534899611545E-11   2.5132741228718345       1.4840765785220005E-11   2.5132741228718345       1.4964002261648352E-11   2.5132741228718345       1.4994281560655146E-11   2.5132741228718345       1.4925556944462833E-11   2.5132741228718345       1.4762722372592815E-11   2.5132741228718345       1.4509956810998582E-11   2.5132741228718345       1.4179296584587332E-11   2.5132741228718345
2.519557308179014         1.2725780238846878E-11   2.519557308179014        1.2530730334948348E-11   2.519557308179014        1.2324369707983934E-11   2.519557308179014        1.216016043922895E-11    2.519557308179014        1.2063964102456675E-11   2.519557308179014        1.2047439086882358E-11   2.519557308179014        1.2121109010683948E-11   2.519557308179014        1.2280895765154062E-11   2.519557308179014        1.2514358323101491E-11   2.519557308179014        1.2806540113955002E-11   2.519557308179014        1.3131267737698474E-11   2.519557308179014        1.3478391125834482E-11   2.519557308179014        1.3807569258553624E-11   2.519557308179014        1.4098184965888575E-11   2.519557308179014        1.4327911840644613E-11   2.519557308179014        1.4479256727384881E-11   2.519557308179014        1.4544033317061616E-11   2.519557308179014        1.4513168038610671E-11   2.519557308179014        1.4386550351130131E-11   2.519557308179014
2.5258404934861938        1.2505600887679123E-11   2.5258404934861938       1.2381893369602802E-11   2.5258404934861938       1.2191301020500203E-11   2.5258404934861938       1.1984103067851196E-11   2.5258404934861938       1.1789741946968651E-11   2.5258404934861938       1.1628858348320417E-11   2.5258404934861938       1.1526942542702838E-11   2.5258404934861938       1.1496807010793915E-11   2.5258404934861938       1.1544594607626016E-11   2.5258404934861938       1.1671848138272468E-11   2.5258404934861938       1.1868060675350285E-11   2.5258404934861938       1.2131112599184147E-11   2.5258404934861938       1.2433522288839634E-11   2.5258404934861938       1.2756185447399299E-11   2.5258404934861938       1.3076070826318469E-11   2.5258404934861938       1.3371589643462822E-11   2.5258404934861938       1.362579525671678E-11    2.5258404934861938       1.3819239315226869E-11   2.5258404934861938       1.3938795711386616E-11   2.5258404934861938
2.532123678793373         1.2159848045609667E-11   2.532123678793373        1.2178742318380717E-11   2.532123678793373        1.2100897282469235E-11   2.532123678793373        1.1959114397857734E-11   2.532123678793373        1.1772330718701023E-11   2.532123678793373        1.1557905403512226E-11   2.532123678793373        1.1344383609454364E-11   2.532123678793373        1.1154053785945341E-11   2.532123678793373        1.1008142684080478E-11   2.532123678793373        1.092536862756568E-11    2.532123678793373        1.0914502321783994E-11   2.532123678793373        1.0986856434373565E-11   2.532123678793373        1.113740559678962E-11    2.532123678793373        1.1357583480345472E-11   2.532123678793373        1.1634058146222838E-11   2.532123678793373        1.1950396403873852E-11   2.532123678793373        1.228893637817252E-11    2.532123678793373        1.2627082742404E-11      2.532123678793373        1.2942843299205752E-11   2.532123678793373
2.538406864100553         1.1639321293093648E-11   2.538406864100553        1.1787136597895029E-11   2.538406864100553        1.1849631208755576E-11   2.538406864100553        1.1837440072223572E-11   2.538406864100553        1.1750844013919972E-11   2.538406864100553        1.1593548496603615E-11   2.538406864100553        1.1383670980473443E-11   2.538406864100553        1.1140156973945706E-11   2.538406864100553        1.0887941686181062E-11   2.538406864100553        1.0654826343421052E-11   2.538406864100553        1.0462361365564468E-11   2.538406864100553        1.0333072079837858E-11   2.538406864100553        1.0284472381614272E-11   2.538406864100553        1.032193607045104E-11    2.538406864100553        1.044825768195108E-11    2.538406864100553        1.0659439002649192E-11   2.538406864100553        1.0945714220288042E-11   2.538406864100553        1.1290756068514683E-11   2.538406864100553        1.1671832863888965E-11   2.538406864100553
2.5446900494077322        1.1007620169966809E-11   2.5446900494077322       1.1199561459462745E-11   2.5446900494077322       1.1351217675407473E-11   2.5446900494077322       1.145873037890682E-11    2.5446900494077322       1.1506089170389207E-11   2.5446900494077322       1.148058367329368E-11    2.5446900494077322       1.1381840173904012E-11   2.5446900494077322       1.1213611097914443E-11   2.5446900494077322       1.0990874028119051E-11   2.5446900494077322       1.0737347956224113E-11   2.5446900494077322       1.0473728423634115E-11   2.5446900494077322       1.0224492997307164E-11   2.5446900494077322       1.0020102493547384E-11   2.5446900494077322       9.875829480087821E-12    2.5446900494077322       9.81024008343761E-12     2.5446900494077322       9.833826611452088E-12    2.5446900494077322       9.950455489082398E-12    2.5446900494077322       1.0158044556671308E-11   2.5446900494077322       1.0442403314650493E-11   2.5446900494077322
2.550973234714912         1.0396266716527517E-11   2.550973234714912        1.0529150354676812E-11   2.550973234714912        1.067445550124393E-11    2.550973234714912        1.0829372114748311E-11   2.550973234714912        1.0973143782419296E-11   2.550973234714912        1.1083044596798097E-11   2.550973234714912        1.1141976493635123E-11   2.550973234714912        1.1133874830149147E-11   2.550973234714912        1.1055044908865046E-11   2.550973234714912        1.091365049673915E-11    2.550973234714912        1.0715838463672092E-11   2.550973234714912        1.047645460016733E-11    2.550973234714912        1.0224201352826079E-11   2.550973234714912        9.974663653416863E-12    2.550973234714912        9.75534569233504E-12     2.550973234714912        9.586838375304185E-12    2.550973234714912        9.486944735378646E-12    2.550973234714912        9.470415553455765E-12    2.550973234714912        9.538092584569677E-12    2.550973234714912
2.557256420022092         9.925623533829044E-12    2.557256420022092        9.93762474831838E-12     2.557256420022092        9.993008298887131E-12    2.557256420022092        1.0104202700310954E-11   2.557256420022092        1.0259896366243147E-11   2.557256420022092        1.0439347169171283E-11   2.557256420022092        1.0619710799816979E-11   2.557256420022092        1.0770479282977889E-11   2.557256420022092        1.0870601588538823E-11   2.557256420022092        1.0909235412080849E-11   2.557256420022092        1.0871814009316205E-11   2.557256420022092        1.0756095263448761E-11   2.557256420022092        1.057625537515565E-11    2.557256420022092        1.0337827389046716E-11   2.557256420022092        1.006702317662927E-11    2.557256420022092        9.785214507749436E-12    2.557256420022092        9.518316765425488E-12    2.557256420022092        9.29285457717736E-12     2.557256420022092        9.124836647750174E-12    2.557256420022092
2.563539605329271         9.636985528987916E-12    2.563539605329271        9.53993704825792E-12     2.563539605329271        9.479103544327842E-12    2.563539605329271        9.486513222941907E-12    2.563539605329271        9.569039751213793E-12    2.563539605329271        9.718771281398871E-12    2.563539605329271        9.921737962654535E-12    2.563539605329271        1.014585822986718E-11    2.563539605329271        1.036392149125666E-11    2.563539605329271        1.0552921808851238E-11   2.563539605329271        1.0682796369770677E-11   2.563539605329271        1.0735357071853058E-11   2.563539605329271        1.0705501359089164E-11   2.563539605329271        1.0582810129959932E-11   2.563539605329271        1.0382997909856788E-11   2.563539605329271        1.0117867439693725E-11   2.563539605329271        9.811284683008768E-12    2.563539605329271        9.490063352751827E-12    2.563539605329271        9.178037194220632E-12    2.563539605329271
2.569822790636451         9.475332345913514E-12    2.569822790636451        9.34296806348186E-12     2.569822790636451        9.207331587096781E-12    2.569822790636451        9.112004659543755E-12    2.569822790636451        9.080307407147192E-12    2.569822790636451        9.120659155767587E-12    2.569822790636451        9.238428935490782E-12    2.569822790636451        9.413551209893433E-12    2.569822790636451        9.627934076329197E-12    2.569822790636451        9.860099844549524E-12    2.569822790636451        1.0078717711965724E-11   2.569822790636451        1.0259157312801929E-11   2.569822790636451        1.0382335175850097E-11   2.569822790636451        1.0423508968252164E-11   2.569822790636451        1.0383666994624605E-11   2.569822790636451        1.0258458748861288E-11   2.569822790636451        1.0059330645836989E-11   2.569822790636451        9.800331658838538E-12    2.569822790636451        9.501078447561153E-12    2.569822790636451
2.5761059759436304        9.328472579802321E-12    2.5761059759436304       9.249786985423016E-12    2.5761059759436304       9.12047471625701E-12     2.5761059759436304       8.980173137231731E-12    2.5761059759436304       8.85748278013234E-12     2.5761059759436304       8.771182645576502E-12    2.5761059759436304       8.746370816944915E-12    2.5761059759436304       8.781802515367398E-12    2.5761059759436304       8.879268328647145E-12    2.5761059759436304       9.031727546246762E-12    2.5761059759436304       9.222206055074188E-12    2.5761059759436304       9.432538822281533E-12    2.5761059759436304       9.641915702520708E-12    2.5761059759436304       9.819825472389113E-12    2.5761059759436304       9.955178130083275E-12    2.5761059759436304       1.002826116367906E-11    2.5761059759436304       1.0032593820959347E-11   2.5761059759436304       9.961339883008468E-12    2.5761059759436304       9.819158413337447E-12    2.5761059759436304
2.58238916125081          9.094144515576788E-12    2.58238916125081         9.120105537781506E-12    2.58238916125081         9.068762465448422E-12    2.58238916125081         8.962373833727079E-12    2.58238916125081         8.820864127385693E-12    2.58238916125081         8.66117231322022E-12     2.58238916125081         8.517807066627237E-12    2.58238916125081         8.404397747242167E-12    2.58238916125081         8.34230096208009E-12     2.58238916125081         8.343426820382998E-12    2.58238916125081         8.413491677589512E-12    2.58238916125081         8.550126473250374E-12    2.58238916125081         8.743422137871337E-12    2.58238916125081         8.968653586248952E-12    2.58238916125081         9.21110850948307E-12     2.58238916125081         9.444408201720352E-12    2.58238916125081         9.64701724434831E-12     2.58238916125081         9.79284161661526E-12     2.58238916125081         9.868281264332565E-12    2.58238916125081
2.5886723465579893        8.736205942660571E-12    2.5886723465579893       8.851327541728945E-12    2.5886723465579893       8.898785852105076E-12    2.5886723465579893       8.880352687540305E-12    2.5886723465579893       8.798847099775965E-12    2.5886723465579893       8.657846393099882E-12    2.5886723465579893       8.485596445747791E-12    2.5886723465579893       8.29797918077291E-12     2.5886723465579893       8.124068608171675E-12    2.5886723465579893       7.98788167470966E-12     2.5886723465579893       7.914081453479415E-12    2.5886723465579893       7.916729029932408E-12    2.5886723465579893       8.003262227738827E-12    2.5886723465579893       8.163932070821852E-12    2.5886723465579893       8.390772469635266E-12    2.5886723465579893       8.663999835873553E-12    2.5886723465579893       8.957811738499179E-12    2.5886723465579893       9.238393620042918E-12    2.5886723465579893       9.480466151256008E-12    2.5886723465579893
2.5949555318651694        8.301103120714246E-12    2.5949555318651694       8.436474357753947E-12    2.5949555318651694       8.543757791875661E-12    2.5949555318651694       8.61337310517632E-12     2.5949555318651694       8.633100486856278E-12    2.5949555318651694       8.589021424555842E-12    2.5949555318651694       8.490725401964998E-12    2.5949555318651694       8.342295714648247E-12    2.5949555318651694       8.163555935423719E-12    2.5949555318651694       7.97625510152886E-12     2.5949555318651694       7.810114395140016E-12    2.5949555318651694       7.687254648104128E-12    2.5949555318651694       7.629562507636767E-12    2.5949555318651694       7.644752423781422E-12    2.5949555318651694       7.73864523603958E-12     2.5949555318651694       7.909637157761217E-12    2.5949555318651694       8.141281494397876E-12    2.5949555318651694       8.408210397146725E-12    2.5949555318651694       8.686712048602338E-12    2.5949555318651694
2.6012387171723486        7.885815984517615E-12    2.6012387171723486       7.964284395279919E-12    2.6012387171723486       8.059896832346424E-12    2.6012387171723486       8.167446513603197E-12    2.6012387171723486       8.270820020485646E-12    2.6012387171723486       8.344492141660802E-12    2.6012387171723486       8.377353535344896E-12    2.6012387171723486       8.354648036910538E-12    2.6012387171723486       8.27474892807669E-12     2.6012387171723486       8.143858969215281E-12    2.6012387171723486       7.980387630972483E-12    2.6012387171723486       7.801942436915628E-12    2.6012387171723486       7.634285430433061E-12    2.6012387171723486       7.497072846024457E-12    2.6012387171723486       7.409549731160959E-12    2.6012387171723486       7.391790063826155E-12    2.6012387171723486       7.445676199366456E-12    2.6012387171723486       7.566653383910103E-12    2.6012387171723486       7.745098315752516E-12    2.6012387171723486
2.607521902479528         7.575723066703939E-12    2.607521902479528        7.559763642117549E-12    2.607521902479528        7.584434658588446E-12    2.607521902479528        7.661469017898493E-12    2.607521902479528        7.78414625264317E-12     2.607521902479528        7.92812853093803E-12     2.607521902479528        8.071200441233048E-12    2.607521902479528        8.184378722408806E-12    2.607521902479528        8.244684095092838E-12    2.607521902479528        8.238853992895607E-12    2.607521902479528        8.16426274670771E-12     2.607521902479528        8.02442832894881E-12     2.607521902479528        7.836234062669001E-12    2.607521902479528        7.62020750442799E-12     2.607521902479528        7.40072736526936E-12     2.607521902479528        7.2119263516272855E-12   2.607521902479528        7.072712527747262E-12    2.607521902479528        7.0008726246294576E-12   2.607521902479528        7.005352183750761E-12    2.607521902479528
2.6138050877867083        7.392370403849868E-12    2.6138050877867083       7.304920623793684E-12    2.6138050877867083       7.24604197216531E-12     2.6138050877867083       7.24603479562161E-12     2.6138050877867083       7.314791512609241E-12    2.6138050877867083       7.441571823488895E-12    2.6138050877867083       7.60877004066686E-12     2.6138050877867083       7.78716331651802E-12     2.6138050877867083       7.945161238069132E-12    2.6138050877867083       8.05818598777233E-12     2.6138050877867083       8.104861144051054E-12    2.6138050877867083       8.07343971599457E-12     2.6138050877867083       7.963526494599158E-12    2.6138050877867083       7.785227450881635E-12    2.6138050877867083       7.555677006179265E-12    2.6138050877867083       7.307137487156603E-12    2.6138050877867083       7.063980039856519E-12    2.6138050877867083       6.855691884955905E-12    2.6138050877867083       6.703470216498758E-12    2.6138050877867083
2.6200882730938875        7.284578513235465E-12    2.6200882730938875       7.191543521251919E-12    2.6200882730938875       7.087904286783866E-12    2.6200882730938875       7.012312703323537E-12    2.6200882730938875       6.987996147651108E-12    2.6200882730938875       7.022516683284899E-12    2.6200882730938875       7.1153958033615265E-12   2.6200882730938875       7.2522418270525655E-12   2.6200882730938875       7.410764278750276E-12    2.6200882730938875       7.570561538857451E-12    2.6200882730938875       7.704183291164029E-12    2.6200882730938875       7.792394327023343E-12    2.6200882730938875       7.817785563702332E-12    2.6200882730938875       7.774369672533069E-12    2.6200882730938875       7.662241067388214E-12    2.6200882730938875       7.495607427206302E-12    2.6200882730938875       7.288791349467257E-12    2.6200882730938875       7.065837021125164E-12    2.6200882730938875       6.846700100302105E-12    2.6200882730938875
2.626371458401067         7.164364147938431E-12    2.626371458401067        7.131153448931047E-12    2.626371458401067        7.046500563569508E-12    2.626371458401067        6.941913344304207E-12    2.626371458401067        6.842287052105832E-12    2.626371458401067        6.767545492513365E-12    2.626371458401067        6.73595404887718E-12     2.626371458401067        6.754650662944439E-12    2.626371458401067        6.82274587079521E-12     2.626371458401067        6.9374121593405425E-12   2.626371458401067        7.080502537809891E-12    2.626371458401067        7.2375893029966856E-12   2.626371458401067        7.383045988923672E-12    2.626371458401067        7.498149165819173E-12    2.626371458401067        7.564808669427205E-12    2.626371458401067        7.571959735741676E-12    2.626371458401067        7.513671141445333E-12    2.626371458401067        7.394633726430354E-12    2.626371458401067        7.22075930381767E-12     2.626371458401067
2.6326546437082468        6.9617759364886674E-12   2.6326546437082468       7.011653543832035E-12    2.6326546437082468       6.993877340586486E-12    2.6326546437082468       6.921888377209246E-12    2.6326546437082468       6.809569109625199E-12    2.6326546437082468       6.676041460081037E-12    2.6326546437082468       6.5477304012761315E-12   2.6326546437082468       6.447032016024192E-12    2.6326546437082468       6.393079945508717E-12    2.6326546437082468       6.403553049067451E-12    2.6326546437082468       6.478604065940366E-12    2.6326546437082468       6.618591420022371E-12    2.6326546437082468       6.802422752515648E-12    2.6326546437082468       7.009839774596484E-12    2.6326546437082468       7.2138093723616335E-12   2.6326546437082468       7.38456659050812E-12     2.6326546437082468       7.497636050904072E-12    2.6326546437082468       7.53576966320294E-12     2.6326546437082468       7.486077625924251E-12    2.6326546437082468
2.6389378290154264        6.666554685419419E-12    2.6389378290154264       6.7675064882357886E-12   2.6389378290154264       6.819560567844335E-12    2.6389378290154264       6.8185356881203035E-12   2.6389378290154264       6.761647443879329E-12    2.6389378290154264       6.6547407628451585E-12   2.6389378290154264       6.515876562999148E-12    2.6389378290154264       6.366998673118451E-12    2.6389378290154264       6.233076887013097E-12    2.6389378290154264       6.1427500158728886E-12   2.6389378290154264       6.11216478800101E-12     2.6389378290154264       6.1585710374530525E-12   2.6389378290154264       6.275402240799566E-12    2.6389378290154264       6.4541609325777044E-12   2.6389378290154264       6.674067719604784E-12    2.6389378290154264       6.903930319360595E-12    2.6389378290154264       7.113914866054928E-12    2.6389378290154264       7.2749845398813956E-12   2.6389378290154264       7.36128149920681E-12     2.6389378290154264
2.6452210143226056        6.332645668209483E-12    2.6452210143226056       6.4208961730208315E-12   2.6452210143226056       6.5018916918679576E-12   2.6452210143226056       6.564975026098903E-12    2.6452210143226056       6.5956974463979204E-12   2.6452210143226056       6.582493124898719E-12    2.6452210143226056       6.522890032096004E-12    2.6452210143226056       6.423022324416697E-12    2.6452210143226056       6.295577915517424E-12    2.6452210143226056       6.163939057934477E-12    2.6452210143226056       6.048683727057503E-12    2.6452210143226056       5.976873523928536E-12    2.6452210143226056       5.958319684902018E-12    2.6452210143226056       6.004044788885547E-12    2.6452210143226056       6.111866749110578E-12    2.6452210143226056       6.267316864889063E-12    2.6452210143226056       6.452182734034155E-12    2.6452210143226056       6.642253537786614E-12    2.6452210143226056       6.811664918490904E-12    2.6452210143226056
2.6515041996297857        6.041056957994142E-12    2.6515041996297857       6.0644064320765685E-12   2.6515041996297857       6.118382502181391E-12    2.6515041996297857       6.200068835620125E-12    2.6515041996297857       6.2959069494433965E-12   2.6515041996297857       6.383767259442799E-12    2.6515041996297857       6.440783138591078E-12    2.6515041996297857       6.4522280468050564E-12   2.6515041996297857       6.408083098240827E-12    2.6515041996297857       6.313715046353442E-12    2.6515041996297857       6.180746364765773E-12    2.6515041996297857       6.033518452054248E-12    2.6515041996297857       5.8907998333665084E-12   2.6515041996297857       5.780123598046633E-12    2.6515041996297857       5.71931078006646E-12     2.6515041996297857       5.718706159660559E-12    2.6515041996297857       5.7820991783155355E-12   2.6515041996297857       5.903110574620594E-12    2.6515041996297857       6.0688084346664675E-12   2.6515041996297857
2.657787384936965         5.8451836977488955E-12   2.657787384936965        5.7965398206279665E-12   2.657787384936965        5.788606450483355E-12    2.657787384936965        5.834040057811493E-12    2.657787384936965        5.932346431897522E-12    2.657787384936965        6.064483483787508E-12    2.657787384936965        6.199975157629144E-12    2.657787384936965        6.312037350074962E-12    2.657787384936965        6.372097176865911E-12    2.657787384936965        6.3662102496690594E-12   2.657787384936965        6.289974432967879E-12    2.657787384936965        6.153829103941817E-12    2.657787384936965        5.972798578883877E-12    2.657787384936965        5.7778594073470136E-12   2.657787384936965        5.595419392901891E-12    2.657787384936965        5.453434586651956E-12    2.657787384936965        5.37497117834882E-12     2.657787384936965        5.373272553199408E-12    2.657787384936965        5.45455894184408E-12     2.657787384936965
2.6640705702441445        5.737419650771247E-12    2.6640705702441445       5.657198502511626E-12    2.6640705702441445       5.594246271856761E-12    2.6640705702441445       5.573322234476605E-12    2.6640705702441445       5.61098981130221E-12     2.6640705702441445       5.7031669421810135E-12   2.6640705702441445       5.829330430471211E-12    2.6640705702441445       5.96775108529867E-12     2.6640705702441445       6.0875100018770576E-12   2.6640705702441445       6.166182262054844E-12    2.6640705702441445       6.186629782674215E-12    2.6640705702441445       6.141613475559753E-12    2.6640705702441445       6.0317411986882105E-12   2.6640705702441445       5.875346306745532E-12    2.6640705702441445       5.689489080743028E-12    2.6640705702441445       5.501426241032031E-12    2.6640705702441445       5.339375334090445E-12    2.6640705702441445       5.226190583210903E-12    2.6640705702441445       5.183972850450227E-12    2.6640705702441445
2.670353755551324         5.657981450693148E-12    2.670353755551324        5.605294959793172E-12    2.670353755551324        5.529353497595068E-12    2.670353755551324        5.455103756896246E-12    2.670353755551324        5.4092810391460066E-12   2.670353755551324        5.405204735646597E-12    2.670353755551324        5.443354707621677E-12    2.670353755551324        5.521139083723289E-12    2.670353755551324        5.6230538464460235E-12   2.670353755551324        5.7340248947623726E-12   2.670353755551324        5.8355486427012016E-12   2.670353755551324        5.908230790715521E-12    2.670353755551324        5.936348702846083E-12    2.670353755551324        5.916165415411958E-12    2.670353755551324        5.842085918726842E-12    2.670353755551324        5.722694204212789E-12    2.670353755551324        5.574736457072184E-12    2.670353755551324        5.4153260277902674E-12   2.670353755551324        5.2718751974492464E-12   2.670353755551324
2.676636940858504         5.5356171507466955E-12   2.676636940858504        5.547953806692825E-12    2.676636940858504        5.5070308278393515E-12   2.676636940858504        5.426141084678407E-12    2.676636940858504        5.328686229219139E-12    2.676636940858504        5.236661608076011E-12    2.676636940858504        5.168719519650247E-12    2.676636940858504        5.142766779688693E-12    2.676636940858504        5.166396289175276E-12    2.676636940858504        5.2424864013344864E-12   2.676636940858504        5.363568920969189E-12    2.676636940858504        5.509631840044328E-12    2.676636940858504        5.657503101812812E-12    2.676636940858504        5.7848990105957555E-12   2.676636940858504        5.863932228174199E-12    2.676636940858504        5.878439355889425E-12    2.676636940858504        5.824901603098039E-12    2.676636940858504        5.703292837143623E-12    2.676636940858504        5.5340511502274214E-12   2.676636940858504
2.6829201261656834        5.333490624489879E-12    2.6829201261656834       5.402124264428996E-12    2.6829201261656834       5.418136080363704E-12    2.6829201261656834       5.379636812630256E-12    2.6829201261656834       5.295187524893333E-12    2.6829201261656834       5.181072278845047E-12    2.6829201261656834       5.059080378360113E-12    2.6829201261656834       4.954917469026507E-12    2.6829201261656834       4.891906114844578E-12    2.6829201261656834       4.889580521450259E-12    2.6829201261656834       4.957460008337221E-12    2.6829201261656834       5.085819119623567E-12    2.6829201261656834       5.259202038187655E-12    2.6829201261656834       5.451597624386856E-12    2.6829201261656834       5.627596251461904E-12    2.6829201261656834       5.756097800703677E-12    2.6829201261656834       5.817486556365143E-12    2.6829201261656834       5.7936093944031785E-12   2.6829201261656834       5.689915200375995E-12    2.6829201261656834
2.689203311472863         5.07288908872632E-12     2.689203311472863        5.150901954617136E-12    2.689203311472863        5.206724838729056E-12    2.689203311472863        5.23038862093685E-12     2.689203311472863        5.2135209397728366E-12   2.689203311472863        5.1560040271536335E-12   2.689203311472863        5.0654894016462644E-12   2.689203311472863        4.957013997816914E-12    2.689203311472863        4.852301037156877E-12    2.689203311472863        4.775484915589407E-12    2.689203311472863        4.749181532646297E-12    2.689203311472863        4.777860882558508E-12    2.689203311472863        4.866187624294993E-12    2.689203311472863        5.001302248146644E-12    2.689203311472863        5.160662813814819E-12    2.689203311472863        5.3174524786431905E-12   2.689203311472863        5.449965174665852E-12    2.689203311472863        5.531355870588473E-12    2.689203311472863        5.551968943721871E-12    2.689203311472863
2.6954864967800427        4.817656138125211E-12    2.6954864967800427       4.85413069735579E-12     2.6954864967800427       4.907554517109059E-12    2.6954864967800427       4.9725026100279045E-12   2.6954864967800427       5.032315060436641E-12    2.6954864967800427       5.0706316025168984E-12   2.6954864967800427       5.073189288972386E-12    2.6954864967800427       5.032732915091807E-12    2.6954864967800427       4.953835295731896E-12    2.6954864967800427       4.850464772112189E-12    2.6954864967800427       4.7472048054805055E-12   2.6954864967800427       4.657225096296409E-12    2.6954864967800427       4.606669988258573E-12    2.6954864967800427       4.603587341491912E-12    2.6954864967800427       4.651193814422998E-12    2.6954864967800427       4.742871793555067E-12    2.6954864967800427       4.8695892333114765E-12   2.6954864967800427       5.009739324396072E-12    2.6954864967800427       5.146149579494972E-12    2.6954864967800427
2.701769682087222         4.628216543187944E-12    2.701769682087222        4.603447855925266E-12    2.701769682087222        4.61657322653903E-12     2.701769682087222        4.6759275544284625E-12   2.701769682087222        4.770292581070662E-12    2.701769682087222        4.8781590573423045E-12   2.701769682087222        4.970530993812227E-12    2.701769682087222        5.021403762127933E-12    2.701769682087222        5.0148694791498994E-12   2.701769682087222        4.946814094970019E-12    2.701769682087222        4.832270541071343E-12    2.701769682087222        4.681405725277085E-12    2.701769682087222        4.530233264251909E-12    2.701769682087222        4.400693904239534E-12    2.701769682087222        4.31839918110283E-12     2.701769682087222        4.299143639085378E-12    2.701769682087222        4.352988774845211E-12    2.701769682087222        4.4740563597839964E-12   2.701769682087222        4.6490794764879266E-12   2.701769682087222
2.708052867394402         4.519836934859073E-12    2.708052867394402        4.4572761693164755E-12   2.708052867394402        4.4212220566769E-12      2.708052867394402        4.4330865162756235E-12   2.708052867394402        4.4969667754228276E-12   2.708052867394402        4.600893535002655E-12    2.708052867394402        4.718481963938488E-12    2.708052867394402        4.8216682451199504E-12   2.708052867394402        4.884991248599112E-12    2.708052867394402        4.889968548979046E-12    2.708052867394402        4.837055297211831E-12    2.708052867394402        4.722725075871895E-12    2.708052867394402        4.574745210839167E-12    2.708052867394402        4.411353669538629E-12    2.708052867394402        4.262847998462529E-12    2.708052867394402        4.154787395763808E-12    2.708052867394402        4.110980151208911E-12    2.708052867394402        4.142919276434627E-12    2.708052867394402        4.250600759218607E-12    2.708052867394402
2.714336052701581         4.455155266387081E-12    2.714336052701581        4.403260006242411E-12    2.714336052701581        4.342750921046412E-12    2.714336052701581        4.298086404434445E-12    2.714336052701581        4.288286876556413E-12    2.714336052701581        4.319182414806526E-12    2.714336052701581        4.3825171381519716E-12   2.714336052701581        4.466670104086798E-12    2.714336052701581        4.5540570603269396E-12   2.714336052701581        4.624199286120087E-12    2.714336052701581        4.667248191977449E-12    2.714336052701581        4.663364652240971E-12    2.714336052701581        4.618754605991312E-12    2.714336052701581        4.5316365271183674E-12   2.714336052701581        4.416628040788195E-12    2.714336052701581        4.290245618437218E-12    2.714336052701581        4.177026000588761E-12    2.714336052701581        4.098265084200646E-12    2.714336052701581        4.069246101430424E-12    2.714336052701581
2.720619238008761         4.37182289166478E-12     2.720619238008761        4.369174679410084E-12    2.720619238008761        4.324319609386881E-12    2.720619238008761        4.252603762032528E-12    2.720619238008761        4.177622566958888E-12    2.720619238008761        4.1190057477006364E-12   2.720619238008761        4.089353775198045E-12    2.720619238008761        4.100924088169048E-12    2.720619238008761        4.15578863214163E-12     2.720619238008761        4.244026272966218E-12    2.720619238008761        4.356205414227278E-12    2.720619238008761        4.464076981521083E-12    2.720619238008761        4.552597611000624E-12    2.720619238008761        4.596686628229216E-12    2.720619238008761        4.585877656507868E-12    2.720619238008761        4.515296705295327E-12    2.720619238008761        4.397989052691571E-12    2.720619238008761        4.252684539154877E-12    2.720619238008761        4.102820767665476E-12    2.720619238008761
2.7269024233159405        4.224857357786294E-12    2.7269024233159405       4.273145917236541E-12    2.7269024233159405       4.27104403003835E-12     2.7269024233159405       4.219199404385537E-12    2.7269024233159405       4.1323773361173336E-12   2.7269024233159405       4.030341258938225E-12    2.7269024233159405       3.934356870128615E-12    2.7269024233159405       3.871640358082572E-12    2.7269024233159405       3.8619992670391515E-12   2.7269024233159405       3.910605288118817E-12    2.7269024233159405       4.0188952247916044E-12   2.7269024233159405       4.164434073196788E-12    2.7269024233159405       4.3249624619301444E-12   2.7269024233159405       4.4650808945016E-12      2.7269024233159405       4.5569523099024045E-12   2.7269024233159405       4.576500555462731E-12    2.7269024233159405       4.520980997974912E-12    2.7269024233159405       4.396153477299364E-12    2.7269024233159405       4.220579472517187E-12    2.7269024233159405
2.73318560862312          4.017685623444351E-12    2.73318560862312         4.082086228795637E-12    2.73318560862312         4.1188792529022224E-12   2.73318560862312         4.1189302562117845E-12   2.73318560862312         4.080662208395599E-12    2.73318560862312         4.0100793312016895E-12   2.73318560862312         3.918536549489833E-12    2.73318560862312         3.829120756419562E-12    2.73318560862312         3.765416788535805E-12    2.73318560862312         3.741657213024466E-12    2.73318560862312         3.77382680513115E-12     2.73318560862312         3.85700646609773E-12     2.73318560862312         3.980198700068939E-12    2.73318560862312         4.118644917623056E-12    2.73318560862312         4.246374474458981E-12    2.73318560862312         4.335018783667126E-12    2.73318560862312         4.371264090838923E-12    2.73318560862312         4.3451432856459E-12      2.73318560862312         4.258826567942898E-12    2.73318560862312
2.7394687939302993        3.79950616167845E-12     2.7394687939302993       3.835589932407507E-12    2.7394687939302993       3.881223531489247E-12    2.7394687939302993       3.929321989740749E-12    2.7394687939302993       3.96527492371948E-12     2.7394687939302993       3.977052816888327E-12    2.7394687939302993       3.954514269890714E-12    2.7394687939302993       3.900775517401877E-12    2.7394687939302993       3.8272693411482305E-12   2.7394687939302993       3.745266719006174E-12    2.7394687939302993       3.679827827759631E-12    2.7394687939302993       3.644727237511151E-12    2.7394687939302993       3.65039247352212E-12     2.7394687939302993       3.697149508973536E-12    2.7394687939302993       3.778190860473835E-12    2.7394687939302993       3.878254105088094E-12    2.7394687939302993       3.984057570956901E-12    2.7394687939302993       4.076452529776322E-12    2.7394687939302993       4.138851565170378E-12    2.7394687939302993
2.7457519792374794        3.628058177987927E-12    2.7457519792374794       3.614201164758289E-12    2.7457519792374794       3.63454803368486E-12     2.7457519792374794       3.694383769362969E-12    2.7457519792374794       3.7776980830282916E-12   2.7457519792374794       3.8630635379309925E-12   2.7457519792374794       3.922845340714258E-12    2.7457519792374794       3.938747096103978E-12    2.7457519792374794       3.90337424239604E-12     2.7457519792374794       3.815399788316417E-12    2.7457519792374794       3.6975803347618434E-12   2.7457519792374794       3.5715448686633594E-12   2.7457519792374794       3.4635437519199078E-12   2.7457519792374794       3.3964584951361313E-12   2.7457519792374794       3.3860505535873204E-12   2.7457519792374794       3.4386897452198477E-12   2.7457519792374794       3.550280414364689E-12    2.7457519792374794       3.705024036045844E-12    2.7457519792374794       3.8770217440021346E-12   2.7457519792374794
2.752035164544659         3.5272146792768806E-12   2.752035164544659        3.478839731160606E-12    2.752035164544659        3.459039360890165E-12    2.752035164544659        3.4870624180804444E-12   2.752035164544659        3.5572966430206946E-12   2.752035164544659        3.654562275899972E-12    2.752035164544659        3.750695311534207E-12    2.752035164544659        3.819766832022768E-12    2.752035164544659        3.8425600891342364E-12   2.752035164544659        3.8042872191690655E-12   2.752035164544659        3.715189682520718E-12    2.752035164544659        3.5885575432887363E-12   2.752035164544659        3.448636865025411E-12    2.752035164544659        3.3227347816234757E-12   2.752035164544659        3.2366275388213204E-12   2.752035164544659        3.2131898588056667E-12   2.752035164544659        3.2598045617475715E-12   2.752035164544659        3.375744210590012E-12    2.752035164544659        3.5419219622726116E-12   2.752035164544659
2.758318349851838         3.4723301779296396E-12   2.758318349851838        3.4290817132877792E-12   2.758318349851838        3.382938760219683E-12    2.758318349851838        3.3590514625828618E-12   2.758318349851838        3.3660515769916533E-12   2.758318349851838        3.406433565185551E-12    2.758318349851838        3.4692443333295843E-12   2.758318349851838        3.5396934444989398E-12   2.758318349851838        3.6020518536993757E-12   2.758318349851838        3.6362029994370894E-12   2.758318349851838        3.6374442524803583E-12   2.758318349851838        3.5999669339570573E-12   2.758318349851838        3.528617995272735E-12    2.758318349851838        3.433978085132783E-12    2.758318349851838        3.3325512361597084E-12   2.758318349851838        3.2493178788892794E-12   2.758318349851838        3.1976397379938207E-12   2.758318349851838        3.1957334431724982E-12   2.758318349851838        3.2435992296062934E-12   2.758318349851838
2.7646015351590183        3.4097847086231167E-12   2.7646015351590183       3.405671383985885E-12    2.7646015351590183       3.3648439406008257E-12   2.7646015351590183       3.3065220459570052E-12   2.7646015351590183       3.2470426001865387E-12   2.7646015351590183       3.205257661166763E-12    2.7646015351590183       3.192986209802227E-12    2.7646015351590183       3.216476227855779E-12    2.7646015351590183       3.2759660688598306E-12   2.7646015351590183       3.3574233774354826E-12   2.7646015351590183       3.4483325395959112E-12   2.7646015351590183       3.526146772477773E-12    2.7646015351590183       3.5723115054139983E-12   2.7646015351590183       3.5714618438894254E-12   2.7646015351590183       3.5186508852077935E-12   2.7646015351590183       3.4270900848492918E-12   2.7646015351590183       3.3067287511994923E-12   2.7646015351590183       3.187423811363108E-12    2.7646015351590183       3.0876609921912797E-12   2.7646015351590183
2.7708847204661975        3.2948109138879048E-12   2.7708847204661975       3.3331692620926657E-12   2.7708847204661975       3.323730685089579E-12    2.7708847204661975       3.272543558249746E-12    2.7708847204661975       3.1916470779120267E-12   2.7708847204661975       3.1028034380486962E-12   2.7708847204661975       3.0298319772205657E-12   2.7708847204661975       2.993793477472589E-12    2.7708847204661975       3.011759490279608E-12    2.7708847204661975       3.082937121582969E-12    2.7708847204661975       3.199121318374448E-12    2.7708847204661975       3.3354749288887135E-12   2.7708847204661975       3.462990646149622E-12    2.7708847204661975       3.5496376761617874E-12   2.7708847204661975       3.572379918118803E-12    2.7708847204661975       3.5277959312216253E-12   2.7708847204661975       3.41516461867214E-12     2.7708847204661975       3.2607654048309705E-12   2.7708847204661975       3.0873900505671368E-12   2.7708847204661975
2.777167905773377         3.1239780712624348E-12   2.777167905773377        3.1762179149076602E-12   2.777167905773377        3.2004610629601847E-12   2.777167905773377        3.1917231689285697E-12   2.777167905773377        3.1490604805936556E-12   2.777167905773377        3.081165423073153E-12    2.777167905773377        3.004669237387193E-12    2.777167905773377        2.9378480302648823E-12   2.777167905773377        2.903655192644113E-12    2.777167905773377        2.9130412769048283E-12   2.777167905773377        2.97109623598908E-12     2.777167905773377        3.0674709928617074E-12   2.777167905773377        3.1836195913438916E-12   2.777167905773377        3.291900730087347E-12    2.777167905773377        3.367151730919653E-12    2.777167905773377        3.3954827994950074E-12   2.777167905773377        3.3647991683054353E-12   2.777167905773377        3.2837093276957456E-12   2.777167905773377        3.16072880119681E-12     2.777167905773377
2.7834510910805568        2.9380717302859164E-12   2.7834510910805568       2.966716214328784E-12    2.7834510910805568       3.00336985844127E-12     2.7834510910805568       3.0414174293538574E-12   2.7834510910805568       3.0679194495082086E-12   2.7834510910805568       3.071715726081213E-12    2.7834510910805568       3.0489526943921135E-12   2.7834510910805568       2.9993774613143386E-12   2.7834510910805568       2.9372850496051803E-12   2.7834510910805568       2.876640856719068E-12    2.7834510910805568       2.8354140538810194E-12   2.7834510910805568       2.8247063671520855E-12   2.7834510910805568       2.8500683580573204E-12   2.7834510910805568       2.9057816577497925E-12   2.7834510910805568       2.9813126483820346E-12   2.7834510910805568       3.064344655023715E-12    2.7834510910805568       3.1378886149936616E-12   2.7834510910805568       3.1893042126908155E-12   2.7834510910805568       3.203225198383112E-12    2.7834510910805568
2.7897342763877364        2.7898233459719905E-12   2.7897342763877364       2.776895975236212E-12    2.7897342763877364       2.7976050245479428E-12   2.7897342763877364       2.8531063811515084E-12   2.7897342763877364       2.928448148583521E-12    2.7897342763877364       3.0002423458348676E-12   2.7897342763877364       3.046776385398756E-12    2.7897342763877364       3.0471684853190403E-12   2.7897342763877364       2.999377947865893E-12    2.7897342763877364       2.910487769543311E-12    2.7897342763877364       2.801544565569304E-12    2.7897342763877364       2.6965608101317492E-12   2.7897342763877364       2.6213118395231954E-12   2.7897342763877364       2.5932958601642175E-12   2.7897342763877364       2.6223569646600465E-12   2.7897342763877364       2.707259285164766E-12    2.7897342763877364       2.8364985383149044E-12   2.7897342763877364       2.9861339329101074E-12   2.7897342763877364       3.1242740360899207E-12   2.7897342763877364
2.7960174616949156        2.703493943616118E-12    2.7960174616949156       2.6627096558817726E-12   2.7960174616949156       2.6521804585752356E-12   2.7960174616949156       2.6833026782765662E-12   2.7960174616949156       2.750845595225501E-12    2.7960174616949156       2.8358184369457674E-12   2.7960174616949156       2.915242442010857E-12    2.7960174616949156       2.960614740526395E-12    2.7960174616949156       2.9578506362357485E-12   2.7960174616949156       2.9026261191536457E-12   2.7960174616949156       2.806482680114514E-12    2.7960174616949156       2.6878524939888037E-12   2.7960174616949156       2.5739672386590547E-12   2.7960174616949156       2.4899106428620523E-12   2.7960174616949156       2.4572912455497294E-12   2.7960174616949156       2.487023485588676E-12    2.7960174616949156       2.581511599347736E-12    2.7960174616949156       2.722825468565853E-12    2.7960174616949156       2.882795737736086E-12    2.7960174616949156
2.8023006470020957        2.659294107013572E-12    2.8023006470020957       2.624399572790394E-12    2.8023006470020957       2.590803739954183E-12    2.8023006470020957       2.574201812142375E-12    2.8023006470020957       2.583976023002917E-12    2.8023006470020957       2.6188735707770368E-12   2.8023006470020957       2.672557976040429E-12    2.8023006470020957       2.7270674212393378E-12   2.8023006470020957       2.7688343287908707E-12   2.8023006470020957       2.785656713775811E-12    2.8023006470020957       2.7731688040650047E-12   2.8023006470020957       2.729058059648774E-12    2.8023006470020957       2.6621965249635896E-12   2.8023006470020957       2.584562283715976E-12    2.8023006470020957       2.5135471073678377E-12   2.8023006470020957       2.464995102935891E-12    2.8023006470020957       2.4561208309538485E-12   2.8023006470020957       2.487926384626391E-12    2.8023006470020957       2.554889919240514E-12    2.8023006470020957
2.808583832309275         2.6096787768307595E-12   2.808583832309275        2.6082978662117146E-12   2.808583832309275        2.5764284430655895E-12   2.808583832309275        2.524630064609327E-12    2.808583832309275        2.4712570952224847E-12   2.808583832309275        2.4328357623406986E-12   2.808583832309275        2.425106544468248E-12    2.808583832309275        2.4502398651200394E-12   2.808583832309275        2.5065444935300636E-12   2.808583832309275        2.582757845017795E-12    2.808583832309275        2.6634166350014013E-12   2.808583832309275        2.7250073748120374E-12   2.808583832309275        2.7521263098861583E-12   2.808583832309275        2.7333100335770986E-12   2.808583832309275        2.670126353481942E-12    2.808583832309275        2.5732146033596416E-12   2.808583832309275        2.46642722096997E-12     2.808583832309275        2.3687602155350224E-12   2.808583832309275        2.300671967924531E-12    2.808583832309275
2.8148670176164545        2.513733600005696E-12    2.8148670176164545       2.5464055587637755E-12   2.8148670176164545       2.5383858962613764E-12   2.8148670176164545       2.4895509154918304E-12   2.8148670176164545       2.4150674731557203E-12   2.8148670176164545       2.3359304018249413E-12   2.8148670176164545       2.2786088946832767E-12   2.8148670176164545       2.2594084932904835E-12   2.8148670176164545       2.2906005290261823E-12   2.8148670176164545       2.3697959472538976E-12   2.8148670176164545       2.4835257463308195E-12   2.8148670176164545       2.602176243114757E-12    2.8148670176164545       2.698691901965976E-12    2.8148670176164545       2.7455119785964084E-12   2.8148670176164545       2.728975223586504E-12    2.8148670176164545       2.6481497846901414E-12   2.8148670176164545       2.5206046971954864E-12   2.8148670176164545       2.368493890011276E-12    2.8148670176164545       2.222750577316911E-12    2.8148670176164545
2.8211502029236346        2.3682406139141286E-12   2.8211502029236346       2.409221037559217E-12    2.8211502029236346       2.4283605566363762E-12   2.8211502029236346       2.417347404210335E-12    2.8211502029236346       2.378394062813427E-12    2.8211502029236346       2.3204092124467165E-12   2.8211502029236346       2.2610743180129914E-12   2.8211502029236346       2.2141842244381095E-12   2.8211502029236346       2.197953457457079E-12    2.8211502029236346       2.2205017580599218E-12   2.8211502029236346       2.2824182521031536E-12   2.8211502029236346       2.367841671048345E-12    2.8211502029236346       2.459665375427972E-12    2.8211502029236346       2.5331773722858266E-12   2.8211502029236346       2.57087111091372E-12     2.8211502029236346       2.561502074679959E-12    2.8211502029236346       2.50673096887292E-12     2.8211502029236346       2.4136110710539043E-12   2.8211502029236346       2.3002043560080458E-12   2.8211502029236346
2.827433388230814         2.2106753623429465E-12   2.827433388230814        2.229394576191911E-12    2.827433388230814        2.2592634791564862E-12   2.827433388230814        2.292261904123289E-12    2.827433388230814        2.317490612246205E-12    2.827433388230814        2.3246516083094468E-12   2.827433388230814        2.309928881478024E-12    2.827433388230814        2.2703098141225117E-12   2.827433388230814        2.2183727123141896E-12   2.827433388230814        2.1670430799540394E-12   2.827433388230814        2.1329228939306606E-12   2.827433388230814        2.1236998651262474E-12   2.827433388230814        2.1461555838491795E-12   2.827433388230814        2.194437305027224E-12    2.827433388230814        2.260388602556102E-12    2.827433388230814        2.3303023428097192E-12   2.827433388230814        2.390273489230533E-12    2.827433388230814        2.424549259183575E-12    2.827433388230814        2.424509154726874E-12    2.827433388230814
2.8337165735379934        2.0881608920619988E-12   2.8337165735379934       2.0729638237662753E-12   2.8337165735379934       2.0903199336171943E-12   2.8337165735379934       2.140506565330401E-12    2.8337165735379934       2.2090036046313015E-12   2.8337165735379934       2.2741800363250702E-12   2.8337165735379934       2.314543569167227E-12    2.8337165735379934       2.3093373316020952E-12   2.8337165735379934       2.2589821976099184E-12   2.8337165735379934       2.172210885117315E-12    2.8337165735379934       2.0715419815524723E-12   2.8337165735379934       1.9803497802786793E-12   2.8337165735379934       1.9247605188266407E-12   2.8337165735379934       1.919046650424923E-12    2.8337165735379934       1.969871454338972E-12    2.8337165735379934       2.070490879255837E-12    2.8337165735379934       2.202240543818113E-12    2.8337165735379934       2.3361732450123986E-12   2.8337165735379934       2.4432068094668473E-12   2.8337165735379934
2.839999758845173         2.0203009200762602E-12   2.839999758845173        1.9861188059608995E-12   2.839999758845173        1.9777720182649354E-12   2.839999758845173        2.005463420272023E-12    2.839999758845173        2.0629902635931095E-12   2.839999758845173        2.1342439299853495E-12   2.839999758845173        2.1972725709480904E-12   2.839999758845173        2.2264957128004344E-12   2.839999758845173        2.2130078687550054E-12   2.839999758845173        2.1553748208835784E-12   2.839999758845173        2.0669557771893777E-12   2.839999758845173        1.9671251648849636E-12   2.839999758845173        1.8817721325706316E-12   2.839999758845173        1.8315852198667113E-12   2.839999758845173        1.8325196092180746E-12   2.839999758845173        1.8899831891368444E-12   2.839999758845173        1.9948905600920988E-12   2.839999758845173        2.1256508793197198E-12   2.839999758845173        2.2542813206414003E-12   2.839999758845173
2.8462829441523527        1.9868990684839484E-12   2.8462829441523527       1.9625130285292877E-12   2.8462829441523527       1.9348578012349985E-12   2.8462829441523527       1.918287577393464E-12    2.8462829441523527       1.920323074565468E-12    2.8462829441523527       1.9430693781087408E-12   2.8462829441523527       1.9811584539944604E-12   2.8462829441523527       2.020679615656899E-12    2.8462829441523527       2.0527539699462904E-12   2.8462829441523527       2.067035237781857E-12    2.8462829441523527       2.0588613462983865E-12   2.8462829441523527       2.027255807928885E-12    2.8462829441523527       1.9783089665712898E-12   2.8462829441523527       1.9216324145408993E-12   2.8462829441523527       1.8706913504892712E-12   2.8462829441523527       1.8408426871486772E-12   2.8462829441523527       1.8401644892313672E-12   2.8462829441523527       1.8705598317641583E-12   2.8462829441523527       1.9254795977503835E-12   2.8462829441523527
2.852566129459532         1.944422042460531E-12    2.852566129459532        1.949482924478167E-12    2.852566129459532        1.9231515174534948E-12   2.852566129459532        1.8752228105591642E-12   2.852566129459532        1.8218436341315007E-12   2.852566129459532        1.7818104609686113E-12   2.852566129459532        1.7698453901965128E-12   2.852566129459532        1.7909999629035863E-12   2.852566129459532        1.8448629577120205E-12   2.852566129459532        1.9198547079661944E-12   2.852566129459532        1.9976110516208012E-12   2.852566129459532        2.056575638298762E-12    2.852566129459532        2.0785478943939355E-12   2.852566129459532        2.05442189261769E-12     2.852566129459532        1.9858259343463233E-12   2.852566129459532        1.889780665546579E-12    2.852566129459532        1.786221564553825E-12    2.852566129459532        1.6995056116087888E-12   2.852566129459532        1.6478415886626325E-12   2.852566129459532
2.858849314766712         1.85819645517602E-12     2.858849314766712        1.887856009926219E-12    2.858849314766712        1.8812779445566284E-12   2.858849314766712        1.838519882413759E-12    2.858849314766712        1.7727984218967968E-12   2.858849314766712        1.704920518311937E-12    2.858849314766712        1.6570451124723336E-12   2.858849314766712        1.6460895868594024E-12   2.858849314766712        1.6813791360555439E-12   2.858849314766712        1.7588805921315006E-12   2.858849314766712        1.861135174940212E-12    2.858849314766712        1.9621938744815976E-12   2.858849314766712        2.03350661833043E-12     2.858849314766712        2.0548524213958057E-12   2.858849314766712        2.015319905101229E-12    2.858849314766712        1.9243617319531755E-12   2.858849314766712        1.7988352671217488E-12   2.858849314766712        1.6673942226402993E-12   2.858849314766712        1.5567122184140144E-12   2.858849314766712
2.865132500073891         1.7302580284562435E-12   2.865132500073891        1.7602271550112623E-12   2.865132500073891        1.7761323849625061E-12   2.865132500073891        1.7701999288177455E-12   2.865132500073891        1.7437035333711738E-12   2.865132500073891        1.7030574020289776E-12   2.865132500073891        1.659256289560724E-12    2.865132500073891        1.625750981312949E-12    2.865132500073891        1.6152517846107036E-12   2.865132500073891        1.6348733175087024E-12   2.865132500073891        1.6819485828348636E-12   2.865132500073891        1.7461082213079618E-12   2.865132500073891        1.8097979494035247E-12   2.865132500073891        1.8578297837195215E-12   2.865132500073891        1.8743611465248644E-12   2.865132500073891        1.857150639663636E-12    2.865132500073891        1.8063359840817768E-12   2.865132500073891        1.7331525612374354E-12   2.865132500073891        1.6496881694009134E-12   2.865132500073891
2.871415685381071         1.5980888822411882E-12   2.871415685381071        1.6052781853742898E-12   2.871415685381071        1.6301022762671191E-12   2.871415685381071        1.664042728666448E-12    2.871415685381071        1.6969837642331486E-12   2.871415685381071        1.7156929969523759E-12   2.871415685381071        1.7103671959464425E-12   2.871415685381071        1.6797050204577548E-12   2.871415685381071        1.6311630461885608E-12   2.871415685381071        1.5786254757377998E-12   2.871415685381071        1.5365798601606935E-12   2.871415685381071        1.518198472555893E-12    2.871415685381071        1.5289166573166617E-12   2.871415685381071        1.5703336838176443E-12   2.871415685381071        1.6316049781314959E-12   2.871415685381071        1.7028097191692103E-12   2.871415685381071        1.765724945032541E-12    2.871415685381071        1.8057878312914726E-12   2.871415685381071        1.8089506512221358E-12   2.871415685381071
2.8776988706882505        1.5022286756642242E-12   2.8776988706882505       1.4827778214435305E-12   2.8776988706882505       1.4973335611515396E-12   2.8776988706882505       1.5432776327344458E-12   2.8776988706882505       1.6087458857273938E-12   2.8776988706882505       1.6709004288081086E-12   2.8776988706882505       1.7061326709696354E-12   2.8776988706882505       1.699777398563707E-12    2.8776988706882505       1.6497772186372957E-12   2.8776988706882505       1.5673360315737227E-12   2.8776988706882505       1.4729269875854881E-12   2.8776988706882505       1.3927243232469767E-12   2.8776988706882505       1.3486796444502085E-12   2.8776988706882505       1.3577049860982051E-12   2.8776988706882505       1.4193016968474073E-12   2.8776988706882505       1.5255522097514547E-12   2.8776988706882505       1.6523873678033601E-12   2.8776988706882505       1.7711826990636201E-12   2.8776988706882505       1.8507805547058836E-12   2.8776988706882505
2.88398205599543          1.4542008208056132E-12   2.88398205599543         1.4252503942692447E-12   2.88398205599543         1.4189345675785888E-12   2.88398205599543         1.4398750537134596E-12   2.88398205599543         1.4855400232027166E-12   2.88398205599543         1.540836632887596E-12    2.88398205599543         1.586230089092582E-12    2.88398205599543         1.6060339063322891E-12   2.88398205599543         1.5917002014486652E-12   2.88398205599543         1.5439554695193818E-12   2.88398205599543         1.4732166483434058E-12   2.88398205599543         1.3978095116002672E-12   2.88398205599543         1.3369480252585304E-12   2.88398205599543         1.3099369853971912E-12   2.88398205599543         1.3244697158916416E-12   2.88398205599543         1.383147122255528E-12    2.88398205599543         1.473911089785202E-12    2.88398205599543         1.5767900258190718E-12   2.88398205599543         1.6657952995904995E-12   2.88398205599543
2.8902652413026098        1.4305986420346718E-12   2.8902652413026098       1.4159533110100275E-12   2.8902652413026098       1.3947383038617605E-12   2.8902652413026098       1.3744030577167005E-12   2.8902652413026098       1.3654510894460971E-12   2.8902652413026098       1.371339451562992E-12    2.8902652413026098       1.390933998114655E-12    2.8902652413026098       1.4204257538637225E-12   2.8902652413026098       1.4523730440559558E-12   2.8902652413026098       1.4765773050192217E-12   2.8902652413026098       1.4852101853695499E-12   2.8902652413026098       1.4741776652385799E-12   2.8902652413026098       1.4435385667643621E-12   2.8902652413026098       1.4010908677834689E-12   2.8902652413026098       1.3556025942673135E-12   2.8902652413026098       1.3209534331350817E-12   2.8902652413026098       1.30662874110096E-12     2.8902652413026098       1.3169092033469822E-12   2.8902652413026098       1.3487934439808536E-12   2.8902652413026098
2.8965484266097894        1.3914276238752944E-12   2.8965484266097894       1.4022404713646391E-12   2.8965484266097894       1.3832728168862181E-12   2.8965484266097894       1.3386613673466799E-12   2.8965484266097894       1.2852341633768251E-12   2.8965484266097894       1.2406834704047731E-12   2.8965484266097894       1.2216419002389012E-12   2.8965484266097894       1.2391882875457531E-12   2.8965484266097894       1.293258620445582E-12    2.8965484266097894       1.3700557305537668E-12   2.8965484266097894       1.4499173790392904E-12   2.8965484266097894       1.509722492904885E-12    2.8965484266097894       1.5296797507605973E-12   2.8965484266097894       1.501910259943057E-12    2.8965484266097894       1.4295892820564084E-12   2.8965484266097894       1.3296511435862541E-12   2.8965484266097894       1.2264527528624347E-12   2.8965484266097894       1.144417297004653E-12    2.8965484266097894       1.1030098298380064E-12   2.8965484266097894
2.902831611916969         1.3105627566884342E-12   2.902831611916969        1.3366171839951192E-12   2.902831611916969        1.3339134811121524E-12   2.902831611916969        1.3004689491697805E-12   2.902831611916969        1.2475103169278306E-12   2.902831611916969        1.1911892977413233E-12   2.902831611916969        1.151139689048102E-12    2.902831611916969        1.1443509265282311E-12   2.902831611916969        1.1785836215708104E-12   2.902831611916969        1.2462137947149986E-12   2.902831611916969        1.3319216610844084E-12   2.902831611916969        1.412103657137558E-12    2.902831611916969        1.462176081137777E-12    2.902831611916969        1.4667530997265897E-12   2.902831611916969        1.4214549655855594E-12   2.902831611916969        1.3347448713060935E-12   2.902831611916969        1.2276254519114085E-12   2.902831611916969        1.124048888715098E-12    2.902831611916969        1.0480444122561265E-12   2.902831611916969
2.9091147972241482        1.1983318531386684E-12   2.9091147972241482       1.2177319990369082E-12   2.9091147972241482       1.2319382996451693E-12   2.9091147972241482       1.2354584588775541E-12   2.9091147972241482       1.2261723641855784E-12   2.9091147972241482       1.204334912884362E-12    2.9091147972241482       1.175943310891046E-12    2.9091147972241482       1.150522262838246E-12    2.9091147972241482       1.1384029877515855E-12   2.9091147972241482       1.1430885900756826E-12   2.9091147972241482       1.166642244542018E-12    2.9091147972241482       1.2035982274450421E-12   2.9091147972241482       1.2428566834948177E-12   2.9091147972241482       1.27486813723469E-12     2.9091147972241482       1.2911388241448475E-12   2.9091147972241482       1.285544183275717E-12    2.9091147972241482       1.2600828866602076E-12   2.9091147972241482       1.2177261790889031E-12   2.9091147972241482       1.1665391028896685E-12   2.9091147972241482
2.9153979825313283        1.0925605329359672E-12   2.9153979825313283       1.0905004269057055E-12   2.9153979825313283       1.109517836813539E-12    2.9153979825313283       1.146358603884445E-12    2.9153979825313283       1.1880945865988855E-12   2.9153979825313283       1.2178012746121747E-12   2.9153979825313283       1.2228729567709385E-12   2.9153979825313283       1.1984451894557705E-12   2.9153979825313283       1.1507447107180493E-12   2.9153979825313283       1.0908301134029034E-12   2.9153979825313283       1.037348018570436E-12    2.9153979825313283       1.0066667886709757E-12   2.9153979825313283       1.0078698091704E-12      2.9153979825313283       1.0450853708642085E-12   2.9153979825313283       1.1118100067243888E-12   2.9153979825313283       1.1917112754192324E-12   2.9153979825313283       1.2672996165875486E-12   2.9153979825313283       1.3168313265576198E-12   2.9153979825313283       1.3255758222485573E-12   2.9153979825313283
2.9216811678385075        1.0248612359043212E-12   2.9216811678385075       1.0047701104919375E-12   2.9216811678385075       1.0129647906826668E-12   2.9216811678385075       1.052740351255881E-12    2.9216811678385075       1.1110511839609894E-12   2.9216811678385075       1.1665883600700994E-12   2.9216811678385075       1.1985659545609855E-12   2.9216811678385075       1.192556470882138E-12    2.9216811678385075       1.1475113611709877E-12   2.9216811678385075       1.0727507330274864E-12   2.9216811678385075       9.892210672930487E-13    2.9216811678385075       9.211561903011402E-13    2.9216811678385075       8.879135360980313E-13    2.9216811678385075       9.04144083603236E-13     2.9216811678385075       9.698268093878484E-13    2.9216811678385075       1.070617598858601E-12    2.9216811678385075       1.1847906561149567E-12   2.9216811678385075       1.282134114301265E-12    2.9216811678385075       1.336670964151344E-12    2.9216811678385075
2.927964353145687         9.966448597736475E-13    2.927964353145687        9.762221463384094E-13    2.927964353145687        9.66461850072817E-13     2.927964353145687        9.768067840561528E-13    2.927964353145687        1.0043040553384468E-12   2.927964353145687        1.0396573624048469E-12   2.927964353145687        1.0707314008974672E-12   2.927964353145687        1.0857269101278497E-12   2.927964353145687        1.078576587406947E-12    2.927964353145687        1.0491299283921657E-12   2.927964353145687        1.0042393589460401E-12   2.927964353145687        9.559737875149773E-13    2.927964353145687        9.160911765827627E-13    2.927964353145687        8.990704156757411E-13    2.927964353145687        9.112084017491507E-13    2.927964353145687        9.512765780553217E-13    2.927964353145687        1.0119067206022529E-12   2.927964353145687        1.0776066454231287E-12   2.927964353145687        1.1309193064474554E-12   2.927964353145687
2.934247538452867         9.807903458373514E-13    2.934247538452867        9.7722625320134E-13      2.934247538452867        9.567632322811567E-13    2.934247538452867        9.302809703411361E-13    2.934247538452867        9.065380796613572E-13    2.934247538452867        8.948679983447419E-13    2.934247538452867        9.009922060538576E-13    2.934247538452867        9.251190774424156E-13    2.934247538452867        9.61652311160263E-13     2.934247538452867        1.0009968173645996E-12   2.934247538452867        1.0306220399105276E-12   2.934247538452867        1.0407482062788049E-12   2.934247538452867        1.0245780608727283E-12   2.934247538452867        9.87017807547042E-13     2.934247538452867        9.361533786299845E-13    2.934247538452867        8.851833564546983E-13    2.934247538452867        8.477597341504923E-13    2.934247538452867        8.34437078955059E-13     2.934247538452867        8.481038945513939E-13    2.934247538452867
2.9405307237600464        9.417780796573683E-13    2.9405307237600464       9.574178759432765E-13    2.9405307237600464       9.414009100640118E-13    2.9405307237600464       9.006456881739357E-13    2.9405307237600464       8.47573935113721E-13     2.9405307237600464       8.017333829418269E-13    2.9405307237600464       7.808562339220744E-13    2.9405307237600464       7.963444705098515E-13    2.9405307237600464       8.474691310832602E-13    2.9405307237600464       9.231333765378688E-13    2.9405307237600464       1.0015196695831629E-12   2.9405307237600464       1.0594403956988949E-12   2.9405307237600464       1.0761934515109828E-12   2.9405307237600464       1.0459914691182358E-12   2.9405307237600464       9.731190955623768E-13    2.9405307237600464       8.750901823907641E-13    2.9405307237600464       7.758026100590641E-13    2.9405307237600464       7.022992035442893E-13    2.9405307237600464       6.726194252748779E-13    2.9405307237600464
2.9468139090672256        8.642353214088791E-13    2.9468139090672256       8.851358669680023E-13    2.9468139090672256       8.841303231635885E-13    2.9468139090672256       8.620518847150055E-13    2.9468139090672256       8.240003357130453E-13    2.9468139090672256       7.834240601347561E-13    2.9468139090672256       7.54337154589905E-13     2.9468139090672256       7.496196998954546E-13    2.9468139090672256       7.73648557558918E-13     2.9468139090672256       8.233881650067573E-13    2.9468139090672256       8.8503613071142E-13      2.9468139090672256       9.413088769901621E-13    2.9468139090672256       9.73430424041623E-13     2.9468139090672256       9.720789949880542E-13    2.9468139090672256       9.349086430427684E-13    2.9468139090672256       8.698415410915244E-13    2.9468139090672256       7.915196919762367E-13    2.9468139090672256       7.213149775455609E-13    2.9468139090672256       6.751784358644702E-13    2.9468139090672256
2.9530970943744057        7.67730749847812E-13     2.9530970943744057       7.76710456035342E-13     2.9530970943744057       7.895796932349097E-13    2.9530970943744057       8.034807154280729E-13    2.9530970943744057       8.113001278391021E-13    2.9530970943744057       8.096468854202378E-13    2.9530970943744057       7.964745073844395E-13    2.9530970943744057       7.759155288447654E-13    2.9530970943744057       7.538722346209372E-13    2.9530970943744057       7.387002260094352E-13    2.9530970943744057       7.350834941558101E-13    2.9530970943744057       7.456615919689985E-13    2.9530970943744057       7.672073641326636E-13    2.9530970943744057       7.958854833955842E-13    2.9530970943744057       8.245183093299305E-13    2.9530970943744057       8.449418535546581E-13    2.9530970943744057       8.502032319460166E-13    2.9530970943744057       8.396254850175891E-13    2.9530970943744057       8.124605859906957E-13    2.9530970943744057
2.9593802796815853        6.882081785526738E-13    2.9593802796815853       6.793330912530743E-13    2.9593802796815853       6.948446333695937E-13    2.9593802796815853       7.328288369324758E-13    2.9593802796815853       7.791456410192478E-13    2.9593802796815853       8.17026607276009E-13     2.9593802796815853       8.296207905109514E-13    2.9593802796815853       8.098632270893497E-13    2.9593802796815853       7.608818536470126E-13    2.9593802796815853       6.966074082324485E-13    2.9593802796815853       6.354098105552022E-13    2.9593802796815853       5.971065214970386E-13    2.9593802796815853       5.944331586325076E-13    2.9593802796815853       6.326735332681245E-13    2.9593802796815853       7.050766132559639E-13    2.9593802796815853       7.938073088338794E-13    2.9593802796815853       8.754081127865553E-13    2.9593802796815853       9.295287341693026E-13    2.9593802796815853       9.387374224160451E-13    2.9593802796815853
2.9656634649887645        6.460047455847271E-13    2.9656634649887645       6.281387739087367E-13    2.9656634649887645       6.33357576614599E-13     2.9656634649887645       6.63763790411303E-13     2.9656634649887645       7.091571177525313E-13    2.9656634649887645       7.538036333048454E-13    2.9656634649887645       7.795696521768242E-13    2.9656634649887645       7.749852392203679E-13    2.9656634649887645       7.386550304501626E-13    2.9656634649887645       6.796536795405183E-13    2.9656634649887645       6.141154565283726E-13    2.9656634649887645       5.621944811501843E-13    2.9656634649887645       5.401134852598173E-13    2.9656634649887645       5.583091062329539E-13    2.9656634649887645       6.15522601909468E-13     2.9656634649887645       6.985947979229199E-13    2.9656634649887645       7.860636792040573E-13    2.9656634649887645       8.562870642051374E-13    2.9656634649887645       8.890284252891936E-13    2.9656634649887645
2.9719466502959446        6.328873903270279E-13    2.9719466502959446       6.216723162677804E-13    2.9719466502959446       6.125526402515526E-13    2.9719466502959446       6.10895615944122E-13     2.9719466502959446       6.181827803911338E-13    2.9719466502959446       6.328261284213184E-13    2.9719466502959446       6.496419253602124E-13    2.9719466502959446       6.625745366930573E-13    2.9719466502959446       6.675905063668975E-13    2.9719466502959446       6.621737930429349E-13    2.9719466502959446       6.465054752629189E-13    2.9719466502959446       6.243857278233317E-13    2.9719466502959446       6.010637948284199E-13    2.9719466502959446       5.845895055374035E-13    2.9719466502959446       5.802872744606576E-13    2.9719466502959446       5.903696461694044E-13    2.9719466502959446       6.119930815591197E-13    2.9719466502959446       6.409686812762982E-13    2.9719466502959446       6.697198019062097E-13    2.9719466502959446
2.978229835603124         6.201086555157935E-13    2.978229835603124        6.249115422112754E-13    2.978229835603124        6.095547643158269E-13    2.978229835603124        5.790223766134344E-13    2.978229835603124        5.44738373825523E-13     2.978229835603124        5.201923855506021E-13    2.978229835603124        5.162611796342712E-13    2.978229835603124        5.367929957853584E-13    2.978229835603124        5.789884058815551E-13    2.978229835603124        6.311092165911165E-13    2.978229835603124        6.772208960130104E-13    2.978229835603124        7.020186777727963E-13    2.978229835603124        6.953398601154307E-13    2.978229835603124        6.580290524131183E-13    2.978229835603124        5.981627519326912E-13    2.978229835603124        5.315127155886999E-13    2.978229835603124        4.749048001949323E-13    2.978229835603124        4.451864941153597E-13    2.978229835603124        4.5179351461886065E-13   2.978229835603124
2.9845130209103035        5.792769673664743E-13    2.9845130209103035       5.951219169051936E-13    2.9845130209103035       5.858836133579142E-13    2.9845130209103035       5.52763277676262E-13     2.9845130209103035       5.075153685018112E-13    2.9845130209103035       4.669991720398581E-13    2.9845130209103035       4.4797976493481733E-13   2.9845130209103035       4.599751823042794E-13    2.9845130209103035       5.043029495969071E-13    2.9845130209103035       5.695807995586782E-13    2.9845130209103035       6.370498642512469E-13    2.9845130209103035       6.854184157435255E-13    2.9845130209103035       6.977478844734978E-13    2.9845130209103035       6.689746557197283E-13    2.9845130209103035       6.039580939258335E-13    2.9845130209103035       5.190484694519827E-13    2.9845130209103035       4.356045899466761E-13    2.9845130209103035       3.7740393893119486E-13   2.9845130209103035       3.6143293240810413E-13   2.9845130209103035
2.990796206217483         5.076862028298373E-13    2.990796206217483        5.203835978512218E-13    2.990796206217483        5.239075879891029E-13    2.990796206217483        5.152186611175598E-13    2.990796206217483        4.969431526907381E-13    2.990796206217483        4.750465064691996E-13    2.990796206217483        4.577265863698707E-13    2.990796206217483        4.513337512764552E-13    2.990796206217483        4.61124775700367E-13     2.990796206217483        4.850823891025434E-13    2.990796206217483        5.170236880197836E-13    2.990796206217483        5.473226923921173E-13    2.990796206217483        5.659782158417518E-13    2.990796206217483        5.676893125561223E-13    2.990796206217483        5.504250840540839E-13    2.990796206217483        5.176960511968971E-13    2.990796206217483        4.767969872937588E-13    2.990796206217483        4.3915290456900594E-13   2.990796206217483        4.1455505105311514E-13   2.990796206217483
2.9970793915246627        4.3180133210615087E-13   2.9970793915246627       4.31259517187062E-13     2.9970793915246627       4.445145290526615E-13    2.9970793915246627       4.669296027875927E-13    2.9970793915246627       4.90418717252555E-13     2.9970793915246627       5.052153050189136E-13    2.9970793915246627       5.044137534280229E-13    2.9970793915246627       4.85493471768253E-13     2.9970793915246627       4.5468290743307467E-13   2.9970793915246627       4.2048098013579736E-13   2.9970793915246627       3.938449420519522E-13    2.9970793915246627       3.8419311641611973E-13   2.9970793915246627       3.9552866066169486E-13   2.9970793915246627       4.2739178529421746E-13   2.9970793915246627       4.723659947764385E-13    2.9970793915246627       5.183805221652258E-13    2.9970793915246627       5.520844318223372E-13    2.9970793915246627       5.645380950064436E-13    2.9970793915246627       5.504529586807721E-13    2.9970793915246627
3.003362576831842         3.8045350171831087E-13   3.003362576831842        3.684490043734521E-13    3.003362576831842        3.8095493326535163E-13   3.003362576831842        4.1523577487284324E-13   3.003362576831842        4.59839222247007E-13     3.003362576831842        4.976807730126771E-13    3.003362576831842        5.131954988522862E-13    3.003362576831842        4.970641346774493E-13    3.003362576831842        4.530056531869775E-13    3.003362576831842        3.925912775667662E-13    3.003362576831842        3.3401035761256293E-13   3.003362576831842        2.971409109829988E-13    3.003362576831842        2.949443315081917E-13    3.003362576831842        3.3233131756884724E-13   3.003362576831842        4.023093375740823E-13    3.003362576831842        4.873019244118891E-13    3.003362576831842        5.64120941815405E-13     3.003362576831842        6.128198595004462E-13    3.003362576831842        6.179095596824373E-13    3.003362576831842
3.009645762139022         3.6110778889051166E-13   3.009645762139022        3.484933634035956E-13    3.009645762139022        3.50314306396612E-13     3.009645762139022        3.6743192580583465E-13   3.009645762139022        3.949424486886183E-13    3.009645762139022        4.2269995609554394E-13   3.009645762139022        4.3987714662168736E-13   3.009645762139022        4.3797350871384904E-13   3.009645762139022        4.1673918750198933E-13   3.009645762139022        3.810663943696631E-13    3.009645762139022        3.4060972428778537E-13   3.009645762139022        3.090501610830936E-13    3.009645762139022        2.960700023661496E-13    3.009645762139022        3.0805975262909953E-13   3.009645762139022        3.442099864214361E-13    3.009645762139022        3.959229861706868E-13    3.009645762139022        4.489154386086773E-13    3.009645762139022        4.902200468049165E-13    3.009645762139022        5.069299972361629E-13    3.009645762139022
3.015928947446201         3.586809815089754E-13    3.015928947446201        3.563609512554988E-13    3.015928947446201        3.4696813102202275E-13   3.015928947446201        3.338417072694977E-13    3.015928947446201        3.2276263585975354E-13   3.015928947446201        3.1848992756957805E-13   3.015928947446201        3.2370065876850804E-13   3.015928947446201        3.370720603235499E-13    3.015928947446201        3.5587347883109384E-13   3.015928947446201        3.742938942470262E-13    3.015928947446201        3.8516987452011023E-13   3.015928947446201        3.85507311746107E-13     3.015928947446201        3.7294048803302673E-13   3.015928947446201        3.506610536639535E-13    3.015928947446201        3.251410834667074E-13    3.015928947446201        3.0368120477305237E-13   3.015928947446201        2.9148532038140906E-13   3.015928947446201        2.93824708032933E-13     3.015928947446201        3.0993672365277453E-13   3.015928947446201
3.022212132753381         3.460585201032919E-13    3.022212132753381        3.5562611422384737E-13   3.022212132753381        3.4363211049760675E-13   3.022212132753381        3.1313387322464313E-13   3.022212132753381        2.756628147604695E-13    3.022212132753381        2.461495287681038E-13    3.022212132753381        2.3777361541998323E-13   3.022212132753381        2.562398313595458E-13    3.022212132753381        2.9945443263138055E-13   3.022212132753381        3.5586592974264534E-13   3.022212132753381        4.073788335243033E-13    3.022212132753381        4.3840819809563244E-13   3.022212132753381        4.364654572658629E-13    3.022212132753381        3.9983243978943214E-13   3.022212132753381        3.377116524252E-13       3.022212132753381        2.6694354585289496E-13   3.022212132753381        2.060636494709179E-13    3.022212132753381        1.741216986198565E-13    3.022212132753381        1.8116393735749328E-13   3.022212132753381
3.028495318060561         3.0474526627892225E-13   3.028495318060561        3.169778645279185E-13    3.028495318060561        3.116923911042098E-13    3.028495318060561        2.8949416971907535E-13   3.028495318060561        2.580690293627614E-13    3.028495318060561        2.295938921451071E-13    3.028495318060561        2.1610991429586414E-13   3.028495318060561        2.2432167270386974E-13   3.028495318060561        2.5508547164544985E-13   3.028495318060561        3.008232297486898E-13    3.028495318060561        3.4719702818941404E-13   3.028495318060561        3.804324663473344E-13    3.028495318060561        3.8832189316467297E-13   3.028495318060561        3.664069100590572E-13    3.028495318060561        3.1995194370324675E-13   3.028495318060561        2.6124082666757585E-13   3.028495318060561        2.0507374630003008E-13   3.028495318060561        1.6866065185632606E-13   3.028495318060561        1.6264247926545378E-13   3.028495318060561
3.03477850336774          2.4463140035743547E-13   3.03477850336774         2.4890168470160017E-13   3.03477850336774         2.5390698663666013E-13   3.03477850336774         2.5778745282956096E-13   3.03477850336774         2.582551876671571E-13    3.03477850336774         2.547767404263427E-13    3.03477850336774         2.482327127257971E-13    3.03477850336774         2.3993313645998483E-13   3.03477850336774         2.3357622950210016E-13   3.03477850336774         2.317654116032798E-13    3.03477850336774         2.3490378556231513E-13   3.03477850336774         2.4302669027124825E-13   3.03477850336774         2.537517043467743E-13    3.03477850336774         2.636963805851478E-13    3.03477850336774         2.7066625971185805E-13   3.03477850336774         2.726532289227247E-13    3.03477850336774         2.673169763730656E-13    3.03477850336774         2.570196209788775E-13    3.03477850336774         2.4315063952321026E-13   3.03477850336774
3.0410616886749198        1.9338719415112185E-13   3.0410616886749198       1.8730282961626042E-13   3.0410616886749198       1.985435986143317E-13    3.0410616886749198       2.247538173303636E-13    3.0410616886749198       2.5590549096953637E-13   3.0410616886749198       2.799554610914741E-13    3.0410616886749198       2.8656759655035214E-13   3.0410616886749198       2.7033746566108695E-13   3.0410616886749198       2.355675158719091E-13    3.0410616886749198       1.9262146751254604E-13   3.0410616886749198       1.5495513930461906E-13   3.0410616886749198       1.3598777314720877E-13   3.0410616886749198       1.438933046511442E-13    3.0410616886749198       1.7860275549976555E-13   3.0410616886749198       2.3297356326854677E-13   3.0410616886749198       2.932691475331713E-13    3.0410616886749198       3.413946241149283E-13    3.0410616886749198       3.651938236870191E-13    3.0410616886749198       3.5548668353058167E-13   3.0410616886749198
3.0473448739820994        1.6770099148051132E-13   3.0473448739820994       1.5738742073587256E-13   3.0473448739820994       1.6539311233097452E-13   3.0473448739820994       1.9113517079753315E-13   3.0473448739820994       2.2522206345081483E-13   3.0473448739820994       2.5487726293172916E-13   3.0473448739820994       2.679234901415442E-13    3.0473448739820994       2.567762573986372E-13    3.0473448739820994       2.2375199684123327E-13   3.0473448739820994       1.782906041499833E-13    3.0473448739820994       1.3455695769191224E-13   3.0473448739820994       1.0751083905032129E-13   3.0473448739820994       1.0795288793045585E-13   3.0473448739820994       1.3828516869621306E-13   3.0473448739820994       1.9293997500511845E-13   3.0473448739820994       2.5856078944540527E-13   3.0473448739820994       3.1593081378262696E-13   3.0473448739820994       3.5074642456616003E-13   3.0473448739820994       3.508402722149625E-13    3.0473448739820994
3.053628059289279         1.6445105681965908E-13   3.053628059289279        1.5888398201700943E-13   3.053628059289279        1.5707632048302996E-13   3.053628059289279        1.60995392471981E-13     3.053628059289279        1.6924053213565217E-13   3.053628059289279        1.7901403831737354E-13   3.053628059289279        1.8661385770127486E-13   3.053628059289279        1.8834633094191852E-13   3.053628059289279        1.835121276650013E-13    3.053628059289279        1.731142934704962E-13    3.053628059289279        1.5997545827450788E-13   3.053628059289279        1.479173132404457E-13    3.053628059289279        1.411326597624732E-13    3.053628059289279        1.4181189131224763E-13   3.053628059289279        1.5101584501026981E-13   3.053628059289279        1.6704244687914043E-13   3.053628059289279        1.844130360795008E-13    3.053628059289279        1.9986096241217748E-13   3.053628059289279        2.0761736166699193E-13   3.053628059289279
3.0599112445964582        1.6673427192986633E-13   3.0599112445964582       1.7081229318012352E-13   3.0599112445964582       1.619049466823749E-13    3.0599112445964582       1.4336347125385049E-13   3.0599112445964582       1.2209418097225374E-13   3.0599112445964582       1.0691877658127493E-13   3.0599112445964582       1.0507158311164623E-13   3.0599112445964582       1.1904071846828682E-13   3.0599112445964582       1.4633058403467314E-13   3.0599112445964582       1.7923768759356888E-13   3.0599112445964582       2.0759975105696923E-13   3.0599112445964582       2.213474232306434E-13    3.0599112445964582       2.1527806421156695E-13   3.0599112445964582       1.8935930716454052E-13   3.0599112445964582       1.5073203264579427E-13   3.0599112445964582       1.1051980450808624E-13   3.0599112445964582       7.934791869788947E-14    3.0599112445964582       6.794330703911905E-14    3.0599112445964582       8.012190776077623E-14    3.0599112445964582
3.0661944299036383        1.5229599730312603E-13   3.0661944299036383       1.6191392385025745E-13   3.0661944299036383       1.5361831880020987E-13   3.0661944299036383       1.301128525158807E-13    3.0661944299036383       1.0001939840383867E-13   3.0661944299036383       7.565213647883407E-14    3.0661944299036383       6.821796785497066E-14    3.0661944299036383       8.331588310291488E-14    3.0661944299036383       1.190933103887802E-13    3.0661944299036383       1.6600549295612107E-13   3.0661944299036383       2.102773512259108E-13    3.0661944299036383       2.369527712506373E-13    3.0661944299036383       2.3682604670408865E-13   3.0661944299036383       2.0777802513830723E-13   3.0661944299036383       1.5759928859532344E-13   3.0661944299036383       1.0066285162765604E-13   3.0661944299036383       5.2522242590367E-14      3.0661944299036383       2.8873229788360124E-14   3.0661944299036383       3.803783560856201E-14    3.0661944299036383
3.0724776152108175        1.1469367283900722E-13   3.0724776152108175       1.207305481401025E-13    3.0724776152108175       1.1875667624262083E-13   3.0724776152108175       1.0949420358841422E-13   3.0724776152108175       9.574290873657882E-14    3.0724776152108175       8.292583471142576E-14    3.0724776152108175       7.641730350149078E-14    3.0724776152108175       7.96008085161419E-14     3.0724776152108175       9.302732704992755E-14    3.0724776152108175       1.1326091917127833E-13   3.0724776152108175       1.3457381659809E-13      3.0724776152108175       1.4957393071079715E-13   3.0724776152108175       1.5333278947793496E-13   3.0724776152108175       1.434158229765889E-13    3.0724776152108175       1.2246453525608277E-13   3.0724776152108175       9.643765995603639E-14    3.0724776152108175       7.145822470516344E-14    3.0724776152108175       5.572251972173133E-14    3.0724776152108175       5.389146502107457E-14    3.0724776152108175
3.078760800517997         7.34247362500047E-14     3.078760800517997        7.166001854486782E-14    3.078760800517997        7.74354731539263E-14     3.078760800517997        8.973946859938692E-14    3.078760800517997        1.0342243364070099E-13   3.078760800517997        1.1317630207255041E-13   3.078760800517997        1.1443725599590646E-13   3.078760800517997        1.0548247175367003E-13   3.078760800517997        8.908103008293092E-14    3.078760800517997        7.018698037973636E-14    3.078760800517997        5.518620855131689E-14    3.078760800517997        4.9364284240553593E-14   3.078760800517997        5.590442299675531E-14    3.078760800517997        7.376288844679396E-14    3.078760800517997        9.887114164383895E-14    3.078760800517997        1.251559591426764E-13    3.078760800517997        1.4371205704522248E-13   3.078760800517997        1.502075203305989E-13    3.078760800517997        1.417599230021156E-13    3.078760800517997
3.0850439858251772        4.8640918854449824E-14   3.0850439858251772       4.225424991591979E-14    3.0850439858251772       5.1283725824224027E-14   3.0850439858251772       7.446185663958357E-14    3.0850439858251772       1.032430132844495E-13    3.0850439858251772       1.2703146867356196E-13   3.0850439858251772       1.3589672226847123E-13   3.0850439858251772       1.2481217032546079E-13   3.0850439858251772       9.686830982505335E-14    3.0850439858251772       6.056651452050462E-14    3.0850439858251772       2.816142512208362E-14    3.0850439858251772       1.1693046008073282E-14   3.0850439858251772       1.905245227960615E-14    3.0850439858251772       5.0834195890874484E-14   3.0850439858251772       1.0022567326448511E-13   3.0850439858251772       1.5576668008878214E-13   3.0850439858251772       2.0075422426806334E-13   3.0850439858251772       2.2417444923350562E-13   3.0850439858251772       2.1883250284398176E-13   3.0850439858251772
3.0913271711323564        4.222356979458702E-14    3.0913271711323564       3.685907735226821E-14    3.0913271711323564       4.110712249036236E-14    3.0913271711323564       5.482868385383368E-14    3.0913271711323564       7.295337660379746E-14    3.0913271711323564       8.89988653279166E-14     3.0913271711323564       9.621962998945015E-14    3.0913271711323564       9.080608021936007E-14    3.0913271711323564       7.406575377565523E-14    3.0913271711323564       5.0826558534146034E-14   3.0913271711323564       2.8751148826352724E-14   3.0913271711323564       1.56753350675751E-14     3.0913271711323564       1.7350499504573978E-14   3.0913271711323564       3.4808617157276305E-14   3.0913271711323564       6.460646649560339E-14    3.0913271711323564       1.0000759140445205E-13   3.0913271711323564       1.2988300684735296E-13   3.0913271711323564       1.4703153691853687E-13   3.0913271711323564       1.4645530560375074E-13   3.0913271711323564
3.097610356439536         4.7765913611691536E-14   3.097610356439536        4.8123732007217066E-14   3.097610356439536        4.521882531577015E-14    3.097610356439536        4.01915722999494E-14     3.097610356439536        3.4843661038999456E-14   3.097610356439536        3.178641257393664E-14    3.097610356439536        3.238584445129208E-14    3.097610356439536        3.7014288235122274E-14   3.097610356439536        4.457183515574768E-14    3.097610356439536        5.2722563580042975E-14   3.097610356439536        5.9028670798054E-14      3.097610356439536        6.076652544246129E-14    3.097610356439536        5.74964281294431E-14     3.097610356439536        4.9340018396742116E-14   3.097610356439536        3.9121547401687185E-14   3.097610356439536        2.972648754306822E-14    3.097610356439536        2.3345948465567607E-14   3.097610356439536        2.2442761806953694E-14   3.097610356439536        2.7927707475814777E-14   3.097610356439536
3.1038935417467157        5.243810589612203E-14    3.1038935417467157       5.879945486213687E-14    3.1038935417467157       5.3762803454739036E-14   3.1038935417467157       3.8795744120373736E-14   3.1038935417467157       2.0100096034324076E-14   3.1038935417467157       6.220190920781631E-15    3.1038935417467157       4.253901700563631E-15    3.1038935417467157       1.7750468457624488E-14   3.1038935417467157       4.450294117219414E-14    3.1038935417467157       7.758117431741637E-14    3.1038935417467157       1.0799824438576513E-13   3.1038935417467157       1.2555589542729933E-13   3.1038935417467157       1.2530488566800873E-13   3.1038935417467157       1.0622751933962305E-13   3.1038935417467157       7.491444972348552E-14    3.1038935417467157       4.022480939736899E-14    3.1038935417467157       1.3655244872615796E-14   3.1038935417467157       4.300827291582859E-15    3.1038935417467157       1.7379317669426254E-14   3.1038935417467157
3.1101767270538954        3.935039398274415E-14    3.1101767270538954       4.548416895236157E-14    3.1101767270538954       4.232353203603268E-14    3.1101767270538954       3.0647913574291494E-14   3.1101767270538954       1.543613719010102E-14    3.1101767270538954       3.643130133960679E-15    3.1101767270538954       1.3814467841577626E-15   3.1101767270538954       1.1939929535969923E-14   3.1101767270538954       3.390087040989797E-14    3.1101767270538954       6.170467388571735E-14    3.1101767270538954       8.814363544180847E-14    3.1101767270538954       1.0448598869605718E-13   3.1101767270538954       1.0632365758157328E-13   3.1101767270538954       9.240549736045612E-14    3.1101767270538954       6.789189074520331E-14    3.1101767270538954       3.9576155257662095E-14   3.1101767270538954       1.729368407093024E-14    3.1101767270538954       8.62401932293825E-15     3.1101767270538954       1.8405032755441714E-14   3.1101767270538954
3.1164599123610746        1.4114988480095874E-14   3.1164599123610746       1.491252826822956E-14    3.1164599123610746       1.5250390053958923E-14   3.1164599123610746       1.4870164453904755E-14   3.1164599123610746       1.3910462166506398E-14   3.1164599123610746       1.2720992930088716E-14   3.1164599123610746       1.1664351579046758E-14   3.1164599123610746       1.1286682316161121E-14   3.1164599123610746       1.1702884860284504E-14   3.1164599123610746       1.292319339726173E-14    3.1164599123610746       1.4695457282071994E-14   3.1164599123610746       1.6250702803886096E-14   3.1164599123610746       1.729535882265483E-14    3.1164599123610746       1.7331606892997242E-14   3.1164599123610746       1.6549386297802422E-14   3.1164599123610746       1.4913490554433345E-14   3.1164599123610746       1.2768592260084009E-14   3.1164599123610746       1.0727853533053305E-14   3.1164599123610746       9.534086169475604E-15    3.1164599123610746
3.1227430976682546        1.8483083587984234E-15   3.1227430976682546       4.4133997313142477E-16   3.1227430976682546       6.485833571479259E-15    3.1227430976682546       1.9039099629459406E-14   3.1227430976682546       3.448745928780011E-14    3.1227430976682546       4.7714996417064395E-14   3.1227430976682546       5.422601301636124E-14    3.1227430976682546       5.213309326940754E-14    3.1227430976682546       4.2378009109861645E-14   3.1227430976682546       2.962193926014561E-14    3.1227430976682546       1.8893894069641355E-14   3.1227430976682546       1.6195348780603066E-14   3.1227430976682546       2.470287064392043E-14    3.1227430976682546       4.4808240826193465E-14   3.1227430976682546       7.235711393751952E-14    3.1227430976682546       1.0254863724807006E-13   3.1227430976682546       1.274791284678136E-13    3.1227430976682546       1.4228147872725905E-13   3.1227430976682546       1.4367220234128917E-13   3.1227430976682546
3.129026282975434         4.438820831188809E-15    3.129026282975434        4.9859158639998186E-15   3.129026282975434        1.3926495286563774E-14   3.129026282975434        3.036588543788438E-14    3.129026282975434        5.068532023915745E-14    3.129026282975434        6.947178211083813E-14    3.129026282975434        8.199009441632629E-14    3.129026282975434        8.608534235788418E-14    3.129026282975434        8.251958554931162E-14    3.129026282975434        7.610547413658904E-14    3.129026282975434        7.185739208735678E-14    3.129026282975434        7.618463343101276E-14    3.129026282975434        9.241332849206731E-14    3.129026282975434        1.2116936819262306E-13   3.129026282975434        1.5788467849783912E-13   3.129026282975434        1.981163605328582E-13    3.129026282975434        2.3341486794395924E-13   3.129026282975434        2.5881746482774597E-13   3.129026282975434        2.704240476366507E-13    3.129026282975434
3.1353094682826135        3.4227666692637924E-15   3.1353094682826135       4.305957693576975E-15    3.1353094682826135       8.508179636961654E-15    3.1353094682826135       1.569580708824899E-14    3.1353094682826135       2.4557688187552357E-14   3.1353094682826135       3.305525850199357E-14    3.1353094682826135       3.9420450049957045E-14   3.1353094682826135       4.2825977984470867E-14   3.1353094682826135       4.351073654721443E-14    3.1353094682826135       4.32684732300108E-14     3.1353094682826135       4.3910154302696655E-14   3.1353094682826135       4.7832596795300764E-14   3.1353094682826135       5.626890914536875E-14    3.1353094682826135       6.947940333456289E-14    3.1353094682826135       8.568798137323235E-14    3.1353094682826135       1.0337604686460503E-13   3.1353094682826135       1.1932888161522909E-13   3.1353094682826135       1.3175339787765093E-13   3.1353094682826135       1.3910264403645705E-13   3.1353094682826135
3.141592653589793         1.7903647386695896E-42   3.141592653589793        2.2842373840587023E-42   3.141592653589793        4.234368877325013E-42    3.141592653589793        7.496649913754017E-42    3.141592653589793        1.151422576156349E-41    3.141592653589793        1.5408682708562504E-41   3.141592653589793        1.8421045240083871E-41   3.141592653589793        2.019317349168238E-41    3.141592653589793        2.0821082120957245E-41   3.141592653589793        2.1074838638694108E-41   3.141592653589793        2.17228180578331E-41     3.141592653589793        2.3793743327722077E-41   3.141592653589793        2.781540945869356E-41    3.141592653589793        3.3902770065751337E-41   3.141592653589793        4.128140566568361E-41    3.141592653589793        4.932088887205411E-41    3.141592653589793        5.663068664981977E-41    3.141592653589793        6.245112338244184E-41    3.141592653589793        6.610466832765779E-41    3.141592653589793
3.1478758388969728        3.422766669263689E-15    3.135309468282614        4.3059576935768885E-15   3.135309468282614        8.508179636961031E-15    3.135309468282614        1.5695807088247906E-14   3.135309468282614        2.4557688187550798E-14   3.135309468282614        3.305525850199148E-14    3.135309468282614        3.9420450049954186E-14   3.135309468282614        4.282597798446816E-14    3.135309468282614        4.3510736547211746E-14   3.135309468282614        4.326847323000846E-14    3.135309468282614        4.391015430269351E-14    3.135309468282614        4.783259679529743E-14    3.135309468282614        5.6268909145365195E-14   3.135309468282614        6.947940333455915E-14    3.135309468282614        8.568798137322677E-14    3.135309468282614        1.0337604686459857E-13   3.135309468282614        1.193288816152226E-13    3.135309468282614        1.3175339787764174E-13   3.135309468282614        1.3910264403644844E-13   3.135309468282614
3.1541590242041524        4.438820831189098E-15    3.1290262829754343       4.985915864000101E-15    3.1290262829754343       1.3926495286564358E-14   3.1290262829754343       3.036588543788474E-14    3.1290262829754343       5.0685320239157654E-14   3.1290262829754343       6.947178211083667E-14    3.1290262829754343       8.199009441632564E-14    3.1290262829754343       8.60853423578843E-14     3.1290262829754343       8.251958554931119E-14    3.1290262829754343       7.610547413658832E-14    3.1290262829754343       7.185739208735743E-14    3.1290262829754343       7.618463343101399E-14    3.1290262829754343       9.241332849206839E-14    3.1290262829754343       1.2116936819262458E-13   3.1290262829754343       1.5788467849783834E-13   3.1290262829754343       1.9811636053285693E-13   3.1290262829754343       2.3341486794395974E-13   3.1290262829754343       2.58817464827741E-13     3.1290262829754343       2.704240476366514E-13    3.1290262829754343
3.160442209511332         1.8483083587986687E-15   3.1227430976682546       4.4133997313160897E-16   3.1227430976682546       6.485833571478888E-15    3.1227430976682546       1.9039099629459267E-14   3.1227430976682546       3.4487459287799086E-14   3.1227430976682546       4.771499641706274E-14    3.1227430976682546       5.422601301636001E-14    3.1227430976682546       5.213309326940609E-14    3.1227430976682546       4.2378009109860705E-14   3.1227430976682546       2.962193926014377E-14    3.1227430976682546       1.889389406963992E-14    3.1227430976682546       1.619534878060126E-14    3.1227430976682546       2.4702870643919073E-14   3.1227430976682546       4.480824082619153E-14    3.1227430976682546       7.235711393751614E-14    3.1227430976682546       1.0254863724806687E-13   3.1227430976682546       1.2747912846780995E-13   3.1227430976682546       1.4228147872725198E-13   3.1227430976682546       1.4367220234128236E-13   3.1227430976682546
3.1667253948185117        1.4114988480100391E-14   3.116459912361075        1.4912528268232734E-14   3.116459912361075        1.5250390053961053E-14   3.116459912361075        1.487016445390752E-14    3.116459912361075        1.3910462166509279E-14   3.116459912361075        1.272099293009353E-14    3.116459912361075        1.1664351579051551E-14   3.116459912361075        1.1286682316165645E-14   3.116459912361075        1.1702884860287819E-14   3.116459912361075        1.2923193397263548E-14   3.116459912361075        1.4695457282071966E-14   3.116459912361075        1.625070280388532E-14    3.116459912361075        1.7295358822653124E-14   3.116459912361075        1.7331606892995257E-14   3.116459912361075        1.654938629780207E-14    3.116459912361075        1.4913490554433314E-14   3.116459912361075        1.276859226008584E-14    3.116459912361075        1.0727853533055151E-14   3.116459912361075        9.534086169475203E-15    3.116459912361075
3.173008580125691         3.935039398274371E-14    3.110176727053896        4.548416895236173E-14    3.110176727053896        4.232353203603086E-14    3.110176727053896        3.0647913574290396E-14   3.110176727053896        1.543613719010085E-14    3.110176727053896        3.643130133960871E-15    3.110176727053896        1.3814467841578969E-15   3.110176727053896        1.1939929535969715E-14   3.110176727053896        3.3900870409896273E-14   3.110176727053896        6.170467388571527E-14    3.110176727053896        8.814363544180457E-14    3.110176727053896        1.0448598869605322E-13   3.110176727053896        1.0632365758157073E-13   3.110176727053896        9.240549736045265E-14    3.110176727053896        6.789189074520122E-14    3.110176727053896        3.9576155257660985E-14   3.110176727053896        1.7293684070929697E-14   3.110176727053896        8.624019322937563E-15    3.110176727053896        1.8405032755440916E-14   3.110176727053896
3.179291765432871         5.2438105896122186E-14   3.1038935417467157       5.879945486213796E-14    3.1038935417467157       5.376280345474031E-14    3.1038935417467157       3.8795744120373995E-14   3.1038935417467157       2.010009603432433E-14    3.1038935417467157       6.220190920782199E-15    3.1038935417467157       4.253901700563535E-15    3.1038935417467157       1.7750468457623832E-14   3.1038935417467157       4.450294117219262E-14    3.1038935417467157       7.758117431741514E-14    3.1038935417467157       1.0799824438576214E-13   3.1038935417467157       1.2555589542729663E-13   3.1038935417467157       1.2530488566800626E-13   3.1038935417467157       1.0622751933962074E-13   3.1038935417467157       7.491444972348333E-14    3.1038935417467157       4.022480939736779E-14    3.1038935417467157       1.3655244872614878E-14   3.1038935417467157       4.300827291581906E-15    3.1038935417467157       1.737931766942573E-14    3.1038935417467157
3.18557495074005          4.776591361169266E-14    3.0976103564395365       4.8123732007218075E-14   3.0976103564395365       4.5218825315771616E-14   3.0976103564395365       4.019157229994962E-14    3.0976103564395365       3.4843661038999374E-14   3.0976103564395365       3.178641257393526E-14    3.0976103564395365       3.238584445128952E-14    3.0976103564395365       3.7014288235121396E-14   3.0976103564395365       4.457183515574733E-14    3.0976103564395365       5.272256358004336E-14    3.0976103564395365       5.902867079805606E-14    3.0976103564395365       6.076652544246393E-14    3.0976103564395365       5.749642812944578E-14    3.0976103564395365       4.93400183967442E-14     3.0976103564395365       3.912154740168775E-14    3.0976103564395365       2.9726487543066764E-14   3.0976103564395365       2.3345948465565392E-14   3.0976103564395365       2.2442761806950544E-14   3.0976103564395365       2.792770747581122E-14    3.0976103564395365
3.19185813604723          4.222356979458926E-14    3.091327171132357        3.6859077352270036E-14   3.091327171132357        4.1107122490360263E-14   3.091327171132357        5.482868385383081E-14    3.091327171132357        7.295337660379137E-14    3.091327171132357        8.89988653279093E-14     3.091327171132357        9.621962998944379E-14    3.091327171132357        9.080608021935435E-14    3.091327171132357        7.406575377565082E-14    3.091327171132357        5.0826558534143744E-14   3.091327171132357        2.875114882635093E-14    3.091327171132357        1.5675335067574046E-14   3.091327171132357        1.735049950457273E-14    3.091327171132357        3.480861715727329E-14    3.091327171132357        6.460646649559877E-14    3.091327171132357        1.0000759140444528E-13   3.091327171132357        1.298830068473444E-13    3.091327171132357        1.4703153691852942E-13   3.091327171132357        1.4645530560374417E-13   3.091327171132357
3.1981413213544094        4.864091885444891E-14    3.0850439858251772       4.225424991592074E-14    3.0850439858251772       5.1283725824224065E-14   3.0850439858251772       7.44618566395849E-14     3.0850439858251772       1.0324301328445103E-13   3.0850439858251772       1.270314686735625E-13    3.0850439858251772       1.3589672226847282E-13   3.0850439858251772       1.248121703254625E-13    3.0850439858251772       9.686830982505493E-14    3.0850439858251772       6.056651452050595E-14    3.0850439858251772       2.8161425122084394E-14   3.0850439858251772       1.1693046008073271E-14   3.0850439858251772       1.9052452279605865E-14   3.0850439858251772       5.083419589087439E-14    3.0850439858251772       1.0022567326448431E-13   3.0850439858251772       1.5576668008878156E-13   3.0850439858251772       2.0075422426806203E-13   3.0850439858251772       2.2417444923350456E-13   3.0850439858251772       2.1883250284398345E-13   3.0850439858251772
3.204424506661589         7.34247362500033E-14     3.0787608005179976       7.166001854486516E-14    3.0787608005179976       7.743547315392462E-14    3.0787608005179976       8.973946859938498E-14    3.0787608005179976       1.0342243364070133E-13   3.0787608005179976       1.1317630207255145E-13   3.0787608005179976       1.1443725599590843E-13   3.0787608005179976       1.0548247175367138E-13   3.0787608005179976       8.908103008293176E-14    3.0787608005179976       7.01869803797359E-14     3.0787608005179976       5.518620855131543E-14    3.0787608005179976       4.93642842405514E-14     3.0787608005179976       5.59044229967532E-14     3.0787608005179976       7.376288844679263E-14    3.0787608005179976       9.887114164383912E-14    3.0787608005179976       1.251559591426773E-13    3.0787608005179976       1.4371205704522783E-13   3.0787608005179976       1.5020752033060592E-13   3.0787608005179976       1.4175992300212007E-13   3.0787608005179976
3.2107076919687683        1.146936728390027E-13    3.0724776152108184       1.207305481401004E-13    3.0724776152108184       1.1875667624261692E-13   3.0724776152108184       1.094942035884138E-13    3.0724776152108184       9.574290873658096E-14    3.0724776152108184       8.29258347114289E-14     3.0724776152108184       7.641730350149412E-14    3.0724776152108184       7.960080851614325E-14    3.0724776152108184       9.302732704992278E-14    3.0724776152108184       1.1326091917127134E-13   3.0724776152108184       1.3457381659807776E-13   3.0724776152108184       1.4957393071078299E-13   3.0724776152108184       1.5333278947792055E-13   3.0724776152108184       1.434158229765774E-13    3.0724776152108184       1.2246453525607587E-13   3.0724776152108184       9.643765995603708E-14    3.0724776152108184       7.145822470516754E-14    3.0724776152108184       5.5722519721737793E-14   3.0724776152108184       5.389146502108107E-14    3.0724776152108184
3.2169908772759483        1.5229599730312668E-13   3.0661944299036383       1.6191392385025818E-13   3.0661944299036383       1.5361831880020843E-13   3.0661944299036383       1.3011285251587977E-13   3.0661944299036383       1.000193984038385E-13    3.0661944299036383       7.565213647883445E-14    3.0661944299036383       6.821796785497215E-14    3.0661944299036383       8.331588310291688E-14    3.0661944299036383       1.1909331038878246E-13   3.0661944299036383       1.6600549295612208E-13   3.0661944299036383       2.102773512259134E-13    3.0661944299036383       2.3695277125063813E-13   3.0661944299036383       2.3682604670408906E-13   3.0661944299036383       2.0777802513830642E-13   3.0661944299036383       1.575992885953235E-13    3.0661944299036383       1.0066285162765638E-13   3.0661944299036383       5.2522242590367415E-14   3.0661944299036383       2.8873229788360465E-14   3.0661944299036383       3.803783560856217E-14    3.0661944299036383
3.223274062583128         1.6673427192986635E-13   3.0599112445964587       1.7081229318012286E-13   3.0599112445964587       1.619049466823758E-13    3.0599112445964587       1.4336347125385137E-13   3.0599112445964587       1.2209418097225245E-13   3.0599112445964587       1.0691877658127223E-13   3.0599112445964587       1.0507158311164242E-13   3.0599112445964587       1.1904071846828477E-13   3.0599112445964587       1.463305840346722E-13    3.0599112445964587       1.7923768759356903E-13   3.0599112445964587       2.0759975105697168E-13   3.0599112445964587       2.2134742323064614E-13   3.0599112445964587       2.1527806421157074E-13   3.0599112445964587       1.893593071645414E-13    3.0599112445964587       1.5073203264579465E-13   3.0599112445964587       1.105198045080849E-13    3.0599112445964587       7.934791869788759E-14    3.0599112445964587       6.794330703911587E-14    3.0599112445964587       8.012190776077138E-14    3.0599112445964587
3.229557247890307         1.6445105681966115E-13   3.0536280592892795       1.5888398201701075E-13   3.0536280592892795       1.5707632048302933E-13   3.0536280592892795       1.609953924719806E-13    3.0536280592892795       1.6924053213565078E-13   3.0536280592892795       1.7901403831737165E-13   3.0536280592892795       1.8661385770127006E-13   3.0536280592892795       1.8834633094191637E-13   3.0536280592892795       1.8351212766499916E-13   3.0536280592892795       1.7311429347049708E-13   3.0536280592892795       1.5997545827451013E-13   3.0536280592892795       1.479173132404489E-13    3.0536280592892795       1.4113265976247502E-13   3.0536280592892795       1.418118913122495E-13    3.0536280592892795       1.5101584501026825E-13   3.0536280592892795       1.6704244687913637E-13   3.0536280592892795       1.844130360794949E-13    3.0536280592892795       1.9986096241216996E-13   3.0536280592892795       2.076173616669844E-13    3.0536280592892795
3.2358404331974873        1.6770099148050824E-13   3.0473448739820994       1.5738742073587584E-13   3.0473448739820994       1.6539311233097833E-13   3.0473448739820994       1.9113517079753737E-13   3.0473448739820994       2.252220634508196E-13    3.0473448739820994       2.5487726293173214E-13   3.0473448739820994       2.679234901415477E-13    3.0473448739820994       2.567762573986375E-13    3.0473448739820994       2.2375199684123407E-13   3.0473448739820994       1.7829060414998473E-13   3.0473448739820994       1.345569576919123E-13    3.0473448739820994       1.0751083905031963E-13   3.0473448739820994       1.079528879304549E-13    3.0473448739820994       1.3828516869621243E-13   3.0473448739820994       1.92939975005118E-13     3.0473448739820994       2.585607894454066E-13    3.0473448739820994       3.1593081378263054E-13   3.0473448739820994       3.5074642456616603E-13   3.0473448739820994       3.508402722149645E-13    3.0473448739820994
3.2421236185046665        1.9338719415111915E-13   3.04106168867492         1.8730282961625916E-13   3.04106168867492         1.9854359861433057E-13   3.04106168867492         2.2475381733036446E-13   3.04106168867492         2.5590549096953763E-13   3.04106168867492         2.79955461091476E-13     3.04106168867492         2.8656759655035517E-13   3.04106168867492         2.7033746566108837E-13   3.04106168867492         2.3556751587191034E-13   3.04106168867492         1.9262146751254604E-13   3.04106168867492         1.5495513930461726E-13   3.04106168867492         1.3598777314720445E-13   3.04106168867492         1.4389330465113873E-13   3.04106168867492         1.7860275549976013E-13   3.04106168867492         2.3297356326854404E-13   3.04106168867492         2.932691475331727E-13    3.04106168867492         3.413946241149277E-13    3.04106168867492         3.651938236870216E-13    3.04106168867492         3.5548668353058646E-13   3.04106168867492
3.248406803811846         2.4463140035743456E-13   3.0347785033677406       2.4890168470160047E-13   3.0347785033677406       2.539069866366596E-13    3.0347785033677406       2.5778745282956303E-13   3.0347785033677406       2.5825518766715824E-13   3.0347785033677406       2.547767404263445E-13    3.0347785033677406       2.4823271272579996E-13   3.0347785033677406       2.39933136459986E-13     3.0347785033677406       2.335762295020984E-13    3.0347785033677406       2.317654116032752E-13    3.0347785033677406       2.3490378556231013E-13   3.0347785033677406       2.430266902712399E-13    3.0347785033677406       2.537517043467692E-13    3.0347785033677406       2.6369638058514385E-13   3.0347785033677406       2.706662597118555E-13    3.0347785033677406       2.726532289227246E-13    3.0347785033677406       2.673169763730658E-13    3.0347785033677406       2.5701962097888095E-13   3.0347785033677406       2.4315063952321506E-13   3.0347785033677406
3.2546899891190257        3.047452662789252E-13    3.028495318060561        3.169778645279203E-13    3.028495318060561        3.1169239110421285E-13   3.028495318060561        2.894941697190818E-13    3.028495318060561        2.580690293627683E-13    3.028495318060561        2.295938921451118E-13    3.028495318060561        2.1610991429586783E-13   3.028495318060561        2.243216727038733E-13    3.028495318060561        2.5508547164545136E-13   3.028495318060561        3.008232297486931E-13    3.028495318060561        3.4719702818941793E-13   3.028495318060561        3.8043246634733924E-13   3.028495318060561        3.8832189316467454E-13   3.028495318060561        3.6640691005906053E-13   3.028495318060561        3.199519437032472E-13    3.028495318060561        2.6124082666757585E-13   3.028495318060561        2.05073746300028E-13     3.028495318060561        1.6866065185632315E-13   3.028495318060561        1.6264247926545075E-13   3.028495318060561
3.2609731744262054        3.460585201032874E-13    3.0222121327533813       3.556261142238466E-13    3.0222121327533813       3.436321104976094E-13    3.0222121327533813       3.1313387322464394E-13   3.0222121327533813       2.7566281476047107E-13   3.0222121327533813       2.461495287681039E-13    3.0222121327533813       2.3777361541998116E-13   3.0222121327533813       2.5623983135954517E-13   3.0222121327533813       2.9945443263137697E-13   3.0222121327533813       3.558659297426407E-13    3.0222121327533813       4.0737883352429887E-13   3.0222121327533813       4.3840819809562906E-13   3.0222121327533813       4.3646545726586095E-13   3.0222121327533813       3.9983243978943163E-13   3.0222121327533813       3.377116524251974E-13    3.0222121327533813       2.669435458528927E-13    3.0222121327533813       2.0606364947091555E-13   3.0222121327533813       1.7412169861985358E-13   3.0222121327533813       1.81163937357493E-13     3.0222121327533813
3.2672563597333846        3.586809815089731E-13    3.015928947446202        3.563609512554998E-13    3.015928947446202        3.4696813102202346E-13   3.015928947446202        3.3384170726949434E-13   3.015928947446202        3.227626358597485E-13    3.015928947446202        3.184899275695686E-13    3.015928947446202        3.23700658768497E-13     3.015928947446202        3.3707206032353945E-13   3.015928947446202        3.5587347883108636E-13   3.015928947446202        3.742938942470246E-13    3.015928947446202        3.8516987452011144E-13   3.015928947446202        3.8550731174611464E-13   3.015928947446202        3.729404880330318E-13    3.015928947446202        3.5066105366395613E-13   3.015928947446202        3.251410834667049E-13    3.015928947446202        3.036812047730414E-13    3.015928947446202        2.914853203813942E-13    3.015928947446202        2.9382470803291394E-13   3.015928947446202        3.0993672365275524E-13   3.015928947446202
3.2735395450405647        3.611077888905114E-13    3.009645762139022        3.4849336340359257E-13   3.009645762139022        3.503143063966084E-13    3.009645762139022        3.6743192580583414E-13   3.009645762139022        3.9494244868861897E-13   3.009645762139022        4.2269995609554783E-13   3.009645762139022        4.398771466216899E-13    3.009645762139022        4.379735087138534E-13    3.009645762139022        4.167391875019934E-13    3.009645762139022        3.810663943696631E-13    3.009645762139022        3.406097242877851E-13    3.009645762139022        3.0905016108309456E-13   3.009645762139022        2.960700023661471E-13    3.009645762139022        3.0805975262910013E-13   3.009645762139022        3.442099864214406E-13    3.009645762139022        3.959229861706877E-13    3.009645762139022        4.4891543860868795E-13   3.009645762139022        4.90220046804924E-13     3.009645762139022        5.069299972361665E-13    3.009645762139022
3.279822730347744         3.8045350171831834E-13   3.003362576831843        3.6844900437344727E-13   3.003362576831843        3.809549332653416E-13    3.003362576831843        4.1523577487282607E-13   3.003362576831843        4.598392222469875E-13    3.003362576831843        4.976807730126524E-13    3.003362576831843        5.131954988522625E-13    3.003362576831843        4.970641346774297E-13    3.003362576831843        4.530056531869628E-13    3.003362576831843        3.9259127756675454E-13   3.003362576831843        3.3401035761255313E-13   3.003362576831843        2.97140910982988E-13     3.003362576831843        2.9494433150817974E-13   3.003362576831843        3.323313175688387E-13    3.003362576831843        4.023093375740737E-13    3.003362576831843        4.873019244118794E-13    3.003362576831843        5.641209418153933E-13    3.003362576831843        6.128198595004388E-13    3.003362576831843        6.179095596824371E-13    3.003362576831843
3.2861059156549235        4.318013321061477E-13    2.997079391524663        4.3125951718705425E-13   2.997079391524663        4.4451452905266345E-13   2.997079391524663        4.669296027875915E-13    2.997079391524663        4.904187172525489E-13    2.997079391524663        5.052153050189089E-13    2.997079391524663        5.044137534280202E-13    2.997079391524663        4.854934717682511E-13    2.997079391524663        4.5468290743307467E-13   2.997079391524663        4.204809801357987E-13    2.997079391524663        3.9384494205195193E-13   2.997079391524663        3.841931164161191E-13    2.997079391524663        3.955286606616937E-13    2.997079391524663        4.273917852942108E-13    2.997079391524663        4.723659947764318E-13    2.997079391524663        5.183805221652164E-13    2.997079391524663        5.52084431822334E-13     2.997079391524663        5.645380950064414E-13    2.997079391524663        5.50452958680763E-13     2.997079391524663
3.2923891009621036        5.076862028298412E-13    2.990796206217483        5.203835978512245E-13    2.990796206217483        5.239075879891049E-13    2.990796206217483        5.152186611175623E-13    2.990796206217483        4.969431526907394E-13    2.990796206217483        4.750465064692013E-13    2.990796206217483        4.577265863698688E-13    2.990796206217483        4.5133375127645646E-13   2.990796206217483        4.61124775700369E-13     2.990796206217483        4.850823891025431E-13    2.990796206217483        5.170236880197864E-13    2.990796206217483        5.4732269239212E-13      2.990796206217483        5.659782158417583E-13    2.990796206217483        5.676893125561272E-13    2.990796206217483        5.504250840540882E-13    2.990796206217483        5.176960511968998E-13    2.990796206217483        4.767969872937576E-13    2.990796206217483        4.39152904569002E-13     2.990796206217483        4.1455505105311227E-13   2.990796206217483
3.2986722862692828        5.792769673664724E-13    2.984513020910304        5.951219169051927E-13    2.984513020910304        5.858836133579107E-13    2.984513020910304        5.527632776762594E-13    2.984513020910304        5.075153685018134E-13    2.984513020910304        4.669991720398592E-13    2.984513020910304        4.4797976493481647E-13   2.984513020910304        4.59975182304279E-13     2.984513020910304        5.043029495969061E-13    2.984513020910304        5.69580799558678E-13     2.984513020910304        6.370498642512459E-13    2.984513020910304        6.854184157435229E-13    2.984513020910304        6.977478844735011E-13    2.984513020910304        6.689746557197261E-13    2.984513020910304        6.039580939258301E-13    2.984513020910304        5.190484694519837E-13    2.984513020910304        4.356045899466744E-13    2.984513020910304        3.774039389311909E-13    2.984513020910304        3.6143293240810373E-13   2.984513020910304
3.3049554715764624        6.201086555158077E-13    2.9782298356031243       6.249115422112754E-13    2.9782298356031243       6.095547643158314E-13    2.9782298356031243       5.790223766134428E-13    2.9782298356031243       5.447383738255319E-13    2.9782298356031243       5.201923855506052E-13    2.9782298356031243       5.16261179634269E-13     2.9782298356031243       5.367929957853495E-13    2.9782298356031243       5.789884058815398E-13    2.9782298356031243       6.311092165911005E-13    2.9782298356031243       6.772208960129945E-13    2.9782298356031243       7.020186777727797E-13    2.9782298356031243       6.953398601154194E-13    2.9782298356031243       6.58029052413108E-13     2.9782298356031243       5.981627519326837E-13    2.9782298356031243       5.315127155886898E-13    2.9782298356031243       4.749048001949252E-13    2.9782298356031243       4.451864941153583E-13    2.9782298356031243       4.5179351461885676E-13   2.9782298356031243
3.311238656883642         6.328873903270301E-13    2.9719466502959446       6.216723162677831E-13    2.9719466502959446       6.125526402515547E-13    2.9719466502959446       6.108956159441238E-13    2.9719466502959446       6.181827803911354E-13    2.9719466502959446       6.328261284213213E-13    2.9719466502959446       6.49641925360217E-13     2.9719466502959446       6.625745366930613E-13    2.9719466502959446       6.675905063668998E-13    2.9719466502959446       6.621737930429366E-13    2.9719466502959446       6.465054752629174E-13    2.9719466502959446       6.243857278233274E-13    2.9719466502959446       6.010637948284173E-13    2.9719466502959446       5.845895055374063E-13    2.9719466502959446       5.802872744606595E-13    2.9719466502959446       5.903696461694047E-13    2.9719466502959446       6.119930815591299E-13    2.9719466502959446       6.409686812763052E-13    2.9719466502959446       6.69719801906216E-13     2.9719466502959446
3.3175218421908217        6.460047455847226E-13    2.965663464988765        6.281387739087342E-13    2.965663464988765        6.333575766145969E-13    2.965663464988765        6.637637904112968E-13    2.965663464988765        7.091571177525225E-13    2.965663464988765        7.538036333048372E-13    2.965663464988765        7.795696521768158E-13    2.965663464988765        7.749852392203633E-13    2.965663464988765        7.38655030450158E-13     2.965663464988765        6.796536795405145E-13    2.965663464988765        6.141154565283708E-13    2.965663464988765        5.62194481150184E-13     2.965663464988765        5.401134852598194E-13    2.965663464988765        5.583091062329532E-13    2.965663464988765        6.155226019094656E-13    2.965663464988765        6.985947979229173E-13    2.965663464988765        7.860636792040518E-13    2.965663464988765        8.562870642051288E-13    2.965663464988765        8.890284252891938E-13    2.965663464988765
3.323805027498001         6.882081785526617E-13    2.959380279681586        6.793330912530902E-13    2.959380279681586        6.948446333695762E-13    2.959380279681586        7.328288369324703E-13    2.959380279681586        7.791456410192441E-13    2.959380279681586        8.170266072760162E-13    2.959380279681586        8.296207905109571E-13    2.959380279681586        8.098632270893571E-13    2.959380279681586        7.608818536470173E-13    2.959380279681586        6.966074082324534E-13    2.959380279681586        6.35409810555202E-13     2.959380279681586        5.971065214970343E-13    2.959380279681586        5.944331586324955E-13    2.959380279681586        6.326735332681129E-13    2.959380279681586        7.050766132559506E-13    2.959380279681586        7.938073088338727E-13    2.959380279681586        8.754081127865537E-13    2.959380279681586        9.295287341693062E-13    2.959380279681586        9.387374224160467E-13    2.959380279681586
3.330088212805181         7.677307498478187E-13    2.9530970943744057       7.767104560353476E-13    2.9530970943744057       7.89579693234917E-13     2.9530970943744057       8.034807154280789E-13    2.9530970943744057       8.113001278391104E-13    2.9530970943744057       8.096468854202417E-13    2.9530970943744057       7.964745073844412E-13    2.9530970943744057       7.759155288447636E-13    2.9530970943744057       7.538722346209434E-13    2.9530970943744057       7.387002260094395E-13    2.9530970943744057       7.350834941558182E-13    2.9530970943744057       7.456615919690089E-13    2.9530970943744057       7.672073641326791E-13    2.9530970943744057       7.958854833955918E-13    2.9530970943744057       8.245183093299358E-13    2.9530970943744057       8.449418535546619E-13    2.9530970943744057       8.502032319460068E-13    2.9530970943744057       8.396254850175849E-13    2.9530970943744057       8.124605859906863E-13    2.9530970943744057
3.33637139811236          8.642353214088712E-13    2.9468139090672265       8.85135866967985E-13     2.9468139090672265       8.84130323163591E-13     2.9468139090672265       8.620518847150063E-13    2.9468139090672265       8.240003357130447E-13    2.9468139090672265       7.834240601347623E-13    2.9468139090672265       7.54337154589911E-13     2.9468139090672265       7.496196998954566E-13    2.9468139090672265       7.736485575589167E-13    2.9468139090672265       8.233881650067586E-13    2.9468139090672265       8.85036130711412E-13     2.9468139090672265       9.41308876990149E-13     2.9468139090672265       9.734304240416146E-13    2.9468139090672265       9.720789949880433E-13    2.9468139090672265       9.34908643042756E-13     2.9468139090672265       8.698415410915184E-13    2.9468139090672265       7.915196919762225E-13    2.9468139090672265       7.21314977545552E-13     2.9468139090672265       6.751784358644624E-13    2.9468139090672265
3.34265458341954          9.417780796573657E-13    2.940530723760047        9.574178759432736E-13    2.940530723760047        9.41400910064013E-13     2.940530723760047        9.006456881739347E-13    2.940530723760047        8.475739351137134E-13    2.940530723760047        8.01733382941828E-13     2.940530723760047        7.808562339220744E-13    2.940530723760047        7.963444705098482E-13    2.940530723760047        8.474691310832575E-13    2.940530723760047        9.231333765378692E-13    2.940530723760047        1.0015196695831633E-12   2.940530723760047        1.0594403956988923E-12   2.940530723760047        1.0761934515109812E-12   2.940530723760047        1.0459914691182407E-12   2.940530723760047        9.731190955623782E-13    2.940530723760047        8.750901823907647E-13    2.940530723760047        7.758026100590633E-13    2.940530723760047        7.022992035442876E-13    2.940530723760047        6.726194252748796E-13    2.940530723760047
3.3489377687267194        9.8079034583733E-13      2.9342475384528672       9.77226253201338E-13     2.9342475384528672       9.567632322811355E-13    2.9342475384528672       9.302809703411174E-13    2.9342475384528672       9.065380796613445E-13    2.9342475384528672       8.948679983447276E-13    2.9342475384528672       9.00992206053846E-13     2.9342475384528672       9.251190774424071E-13    2.9342475384528672       9.616523111602572E-13    2.9342475384528672       1.0009968173645987E-12   2.9342475384528672       1.030622039910539E-12    2.9342475384528672       1.0407482062788208E-12   2.9342475384528672       1.0245780608727497E-12   2.9342475384528672       9.870178075470621E-13    2.9342475384528672       9.361533786299993E-13    2.9342475384528672       8.85183356454712E-13     2.9342475384528672       8.477597341505009E-13    2.9342475384528672       8.344370789550606E-13    2.9342475384528672       8.481038945514006E-13    2.9342475384528672
3.355220954033899         9.966448597736493E-13    2.9279643531456876       9.762221463384094E-13    2.9279643531456876       9.664618500728183E-13    2.9279643531456876       9.768067840561546E-13    2.9279643531456876       1.0043040553384472E-12   2.9279643531456876       1.0396573624048503E-12   2.9279643531456876       1.0707314008974635E-12   2.9279643531456876       1.0857269101278434E-12   2.9279643531456876       1.0785765874069457E-12   2.9279643531456876       1.049129928392166E-12    2.9279643531456876       1.004239358946041E-12    2.9279643531456876       9.559737875149817E-13    2.9279643531456876       9.16091176582761E-13     2.9279643531456876       8.990704156757391E-13    2.9279643531456876       9.112084017491483E-13    2.9279643531456876       9.512765780553188E-13    2.9279643531456876       1.0119067206022391E-12   2.9279643531456876       1.0776066454231186E-12   2.9279643531456876       1.1309193064474437E-12   2.9279643531456876
3.3615041393410787        1.0248612359043165E-12   2.921681167838508        1.004770110491932E-12    2.921681167838508        1.0129647906826599E-12   2.921681167838508        1.0527403512558775E-12   2.921681167838508        1.1110511839609838E-12   2.921681167838508        1.1665883600700976E-12   2.921681167838508        1.1985659545609767E-12   2.921681167838508        1.1925564708821343E-12   2.921681167838508        1.1475113611709815E-12   2.921681167838508        1.0727507330274846E-12   2.921681167838508        9.892210672930487E-13    2.921681167838508        9.21156190301139E-13     2.921681167838508        8.879135360980259E-13    2.921681167838508        9.041440836032269E-13    2.921681167838508        9.698268093878413E-13    2.921681167838508        1.0706175988585971E-12   2.921681167838508        1.1847906561149424E-12   2.921681167838508        1.2821341143012594E-12   2.921681167838508        1.3366709641513269E-12   2.921681167838508
3.3677873246482584        1.0925605329359769E-12   2.9153979825313283       1.0905004269057166E-12   2.9153979825313283       1.1095178368135417E-12   2.9153979825313283       1.1463586038844464E-12   2.9153979825313283       1.1880945865988861E-12   2.9153979825313283       1.2178012746121713E-12   2.9153979825313283       1.2228729567709427E-12   2.9153979825313283       1.1984451894557719E-12   2.9153979825313283       1.150744710718058E-12    2.9153979825313283       1.0908301134029215E-12   2.9153979825313283       1.0373480185704433E-12   2.9153979825313283       1.0066667886709957E-12   2.9153979825313283       1.0078698091704186E-12   2.9153979825313283       1.0450853708642154E-12   2.9153979825313283       1.1118100067243987E-12   2.9153979825313283       1.1917112754192367E-12   2.9153979825313283       1.26729961658755E-12     2.9153979825313283       1.316831326557616E-12    2.9153979825313283       1.3255758222485569E-12   2.9153979825313283
3.374070509955438         1.1983318531386745E-12   2.9091147972241487       1.2177319990369057E-12   2.9091147972241487       1.2319382996451619E-12   2.9091147972241487       1.23545845887754E-12     2.9091147972241487       1.2261723641855695E-12   2.9091147972241487       1.2043349128843514E-12   2.9091147972241487       1.1759433108910503E-12   2.9091147972241487       1.1505222628382477E-12   2.9091147972241487       1.1384029877515782E-12   2.9091147972241487       1.1430885900756731E-12   2.9091147972241487       1.1666422445420071E-12   2.9091147972241487       1.2035982274450264E-12   2.9091147972241487       1.2428566834947964E-12   2.9091147972241487       1.2748681372346795E-12   2.9091147972241487       1.2911388241448374E-12   2.9091147972241487       1.2855441832757189E-12   2.9091147972241487       1.2600828866602153E-12   2.9091147972241487       1.2177261790889074E-12   2.9091147972241487       1.1665391028896867E-12   2.9091147972241487
3.380353695262617         1.3105627566884425E-12   2.9028316119169695       1.3366171839951237E-12   2.9028316119169695       1.3339134811121657E-12   2.9028316119169695       1.3004689491697936E-12   2.9028316119169695       1.2475103169278423E-12   2.9028316119169695       1.1911892977413305E-12   2.9028316119169695       1.151139689048102E-12    2.9028316119169695       1.1443509265282279E-12   2.9028316119169695       1.1785836215708081E-12   2.9028316119169695       1.2462137947149964E-12   2.9028316119169695       1.3319216610844026E-12   2.9028316119169695       1.412103657137551E-12    2.9028316119169695       1.4621760811377703E-12   2.9028316119169695       1.466753099726574E-12    2.9028316119169695       1.4214549655855513E-12   2.9028316119169695       1.3347448713060818E-12   2.9028316119169695       1.2276254519114018E-12   2.9028316119169695       1.1240488887150914E-12   2.9028316119169695       1.0480444122561186E-12   2.9028316119169695
3.3866368805697973        1.391427623875254E-12    2.8965484266097894       1.4022404713646391E-12   2.8965484266097894       1.38327281688623E-12     2.8965484266097894       1.3386613673466886E-12   2.8965484266097894       1.2852341633768255E-12   2.8965484266097894       1.2406834704047679E-12   2.8965484266097894       1.2216419002388984E-12   2.8965484266097894       1.2391882875457507E-12   2.8965484266097894       1.2932586204455873E-12   2.8965484266097894       1.3700557305537737E-12   2.8965484266097894       1.449917379039287E-12    2.8965484266097894       1.5097224929048876E-12   2.8965484266097894       1.5296797507606052E-12   2.8965484266097894       1.5019102599430663E-12   2.8965484266097894       1.4295892820564154E-12   2.8965484266097894       1.3296511435862638E-12   2.8965484266097894       1.2264527528624372E-12   2.8965484266097894       1.144417297004647E-12    2.8965484266097894       1.1030098298380149E-12   2.8965484266097894
3.3929200658769765        1.4305986420346819E-12   2.89026524130261         1.4159533110100235E-12   2.89026524130261         1.3947383038617811E-12   2.89026524130261         1.3744030577167116E-12   2.89026524130261         1.365451089446109E-12    2.89026524130261         1.371339451562992E-12    2.89026524130261         1.3909339981146469E-12   2.89026524130261         1.4204257538637164E-12   2.89026524130261         1.4523730440559471E-12   2.89026524130261         1.4765773050192221E-12   2.89026524130261         1.4852101853695582E-12   2.89026524130261         1.4741776652385968E-12   2.89026524130261         1.4435385667643724E-12   2.89026524130261         1.4010908677834875E-12   2.89026524130261         1.3556025942673282E-12   2.89026524130261         1.3209534331350924E-12   2.89026524130261         1.3066287411009593E-12   2.89026524130261         1.3169092033469798E-12   2.89026524130261         1.3487934439808447E-12   2.89026524130261
3.399203251184156         1.4542008208056107E-12   2.8839820559954306       1.4252503942692443E-12   2.8839820559954306       1.4189345675785817E-12   2.8839820559954306       1.439875053713459E-12    2.8839820559954306       1.4855400232027229E-12   2.8839820559954306       1.5408366328875987E-12   2.8839820559954306       1.5862300890925782E-12   2.8839820559954306       1.6060339063322907E-12   2.8839820559954306       1.5917002014486716E-12   2.8839820559954306       1.5439554695193798E-12   2.8839820559954306       1.4732166483434072E-12   2.8839820559954306       1.3978095116002581E-12   2.8839820559954306       1.3369480252585218E-12   2.8839820559954306       1.3099369853971878E-12   2.8839820559954306       1.3244697158916357E-12   2.8839820559954306       1.3831471222555116E-12   2.8839820559954306       1.4739110897851807E-12   2.8839820559954306       1.5767900258190558E-12   2.8839820559954306       1.6657952995904995E-12   2.8839820559954306
3.4054864364913358        1.5022286756642196E-12   2.877698870688251        1.4827778214435182E-12   2.877698870688251        1.4973335611515412E-12   2.877698870688251        1.5432776327344442E-12   2.877698870688251        1.608745885727389E-12    2.877698870688251        1.6709004288081102E-12   2.877698870688251        1.7061326709696271E-12   2.877698870688251        1.699777398563703E-12    2.877698870688251        1.6497772186372935E-12   2.877698870688251        1.5673360315737164E-12   2.877698870688251        1.4729269875854877E-12   2.877698870688251        1.3927243232469737E-12   2.877698870688251        1.3486796444502066E-12   2.877698870688251        1.3577049860981942E-12   2.877698870688251        1.4193016968474002E-12   2.877698870688251        1.5255522097514468E-12   2.877698870688251        1.6523873678033563E-12   2.877698870688251        1.771182699063615E-12    2.877698870688251        1.850780554705887E-12    2.877698870688251
3.4117696217985154        1.5980888822411963E-12   2.8714156853810713       1.605278185374285E-12    2.8714156853810713       1.6301022762671143E-12   2.8714156853810713       1.6640427286664445E-12   2.8714156853810713       1.6969837642331559E-12   2.8714156853810713       1.7156929969523825E-12   2.8714156853810713       1.7103671959464431E-12   2.8714156853810713       1.679705020457756E-12    2.8714156853810713       1.6311630461885618E-12   2.8714156853810713       1.5786254757377994E-12   2.8714156853810713       1.5365798601606997E-12   2.8714156853810713       1.518198472555896E-12    2.8714156853810713       1.5289166573166522E-12   2.8714156853810713       1.5703336838176358E-12   2.8714156853810713       1.631604978131482E-12    2.8714156853810713       1.7028097191691998E-12   2.8714156853810713       1.7657249450325485E-12   2.8714156853810713       1.8057878312914682E-12   2.8714156853810713       1.8089506512221414E-12   2.8714156853810713
3.418052807105695         1.7302580284562486E-12   2.8651325000738916       1.7602271550112658E-12   2.8651325000738916       1.7761323849625071E-12   2.8651325000738916       1.7701999288177518E-12   2.8651325000738916       1.743703533371177E-12    2.8651325000738916       1.7030574020289722E-12   2.8651325000738916       1.659256289560729E-12    2.8651325000738916       1.6257509813129495E-12   2.8651325000738916       1.6152517846107014E-12   2.8651325000738916       1.6348733175086953E-12   2.8651325000738916       1.6819485828348483E-12   2.8651325000738916       1.746108221307954E-12    2.8651325000738916       1.8097979494035105E-12   2.8651325000738916       1.8578297837195102E-12   2.8651325000738916       1.874361146524848E-12    2.8651325000738916       1.8571506396636302E-12   2.8651325000738916       1.806335984081773E-12    2.8651325000738916       1.7331525612374443E-12   2.8651325000738916       1.6496881694009166E-12   2.8651325000738916
3.4243359924128747        1.8581964551760345E-12   2.858849314766712        1.8878560099262208E-12   2.858849314766712        1.8812779445566248E-12   2.858849314766712        1.838519882413742E-12    2.858849314766712        1.7727984218967889E-12   2.858849314766712        1.704920518311926E-12    2.858849314766712        1.657045112472332E-12    2.858849314766712        1.646089586859405E-12    2.858849314766712        1.6813791360555528E-12   2.858849314766712        1.7588805921315056E-12   2.858849314766712        1.861135174940213E-12    2.858849314766712        1.9621938744816114E-12   2.858849314766712        2.0335066183304374E-12   2.858849314766712        2.0548524213958045E-12   2.858849314766712        2.015319905101234E-12    2.858849314766712        1.9243617319531767E-12   2.858849314766712        1.7988352671217476E-12   2.858849314766712        1.667394222640301E-12    2.858849314766712        1.5567122184140272E-12   2.858849314766712
3.4306191777200543        1.9444220424605257E-12   2.8525661294595324       1.949482924478178E-12    2.8525661294595324       1.923151517453486E-12    2.8525661294595324       1.875222810559156E-12    2.8525661294595324       1.821843634131498E-12    2.8525661294595324       1.7818104609686022E-12   2.8525661294595324       1.7698453901964969E-12   2.8525661294595324       1.7909999629035794E-12   2.8525661294595324       1.8448629577120015E-12   2.8525661294595324       1.9198547079661867E-12   2.8525661294595324       1.997611051620775E-12    2.8525661294595324       2.0565756382987382E-12   2.8525661294595324       2.0785478943939246E-12   2.8525661294595324       2.054421892617671E-12    2.8525661294595324       1.9858259343463003E-12   2.8525661294595324       1.889780665546557E-12    2.8525661294595324       1.7862215645538143E-12   2.8525661294595324       1.69950561160877E-12     2.8525661294595324       1.647841588662614E-12    2.8525661294595324
3.4369023630272335        1.9868990684839415E-12   2.846282944152353        1.9625130285292885E-12   2.846282944152353        1.934857801235008E-12    2.846282944152353        1.9182875773934614E-12   2.846282944152353        1.92032307456546E-12     2.846282944152353        1.9430693781087343E-12   2.846282944152353        1.98115845399445E-12     2.846282944152353        2.020679615656883E-12    2.846282944152353        2.052753969946268E-12    2.846282944152353        2.0670352377818595E-12   2.846282944152353        2.0588613462983877E-12   2.846282944152353        2.0272558079288836E-12   2.846282944152353        1.9783089665713023E-12   2.846282944152353        1.9216324145409065E-12   2.846282944152353        1.8706913504892765E-12   2.846282944152353        1.8408426871486785E-12   2.846282944152353        1.8401644892313588E-12   2.846282944152353        1.870559831764145E-12    2.846282944152353        1.9254795977503658E-12   2.846282944152353
3.4431855483344136        2.020300920076269E-12    2.839999758845173        1.986118805960888E-12    2.839999758845173        1.9777720182649435E-12   2.839999758845173        2.0054634202720216E-12   2.839999758845173        2.062990263593119E-12    2.839999758845173        2.13424392998536E-12     2.839999758845173        2.1972725709480992E-12   2.839999758845173        2.2264957128004404E-12   2.839999758845173        2.213007868755007E-12    2.839999758845173        2.1553748208835796E-12   2.839999758845173        2.066955777189371E-12    2.839999758845173        1.9671251648849555E-12   2.839999758845173        1.881772132570625E-12    2.839999758845173        1.831585219866713E-12    2.839999758845173        1.832519609218078E-12    2.839999758845173        1.8899831891368485E-12   2.839999758845173        1.994890560092096E-12    2.839999758845173        2.1256508793197194E-12   2.839999758845173        2.254281320641415E-12    2.839999758845173
3.449468733641593         2.0881608920620117E-12   2.833716573537994        2.0729638237662814E-12   2.833716573537994        2.090319933617204E-12    2.833716573537994        2.1405065653304143E-12   2.833716573537994        2.209003604631304E-12    2.833716573537994        2.2741800363250723E-12   2.833716573537994        2.3145435691672236E-12   2.833716573537994        2.309337331602093E-12    2.833716573537994        2.258982197609904E-12    2.833716573537994        2.1722108851173024E-12   2.833716573537994        2.0715419815524573E-12   2.833716573537994        1.980349780278649E-12    2.833716573537994        1.924760518826616E-12    2.833716573537994        1.9190466504248942E-12   2.833716573537994        1.969871454338953E-12    2.833716573537994        2.070490879255818E-12    2.833716573537994        2.2022405438181045E-12   2.833716573537994        2.3361732450123856E-12   2.833716573537994        2.44320680946684E-12     2.833716573537994
3.4557519189487724        2.2106753623429542E-12   2.8274333882308142       2.2293945761919057E-12   2.8274333882308142       2.2592634791564798E-12   2.8274333882308142       2.2922619041232927E-12   2.8274333882308142       2.3174906122462244E-12   2.8274333882308142       2.324651608309466E-12    2.8274333882308142       2.3099288814780522E-12   2.8274333882308142       2.2703098141225315E-12   2.8274333882308142       2.2183727123142106E-12   2.8274333882308142       2.1670430799540442E-12   2.8274333882308142       2.1329228939306505E-12   2.8274333882308142       2.1236998651262377E-12   2.8274333882308142       2.1461555838491605E-12   2.8274333882308142       2.1944373050272105E-12   2.8274333882308142       2.2603886025560873E-12   2.8274333882308142       2.3303023428097043E-12   2.8274333882308142       2.3902734892305217E-12   2.8274333882308142       2.4245492591835875E-12   2.8274333882308142       2.4245091547268918E-12   2.8274333882308142
3.462035104255952         2.3682406139141626E-12   2.8211502029236346       2.40922103755922E-12     2.8211502029236346       2.4283605566363904E-12   2.8211502029236346       2.4173474042103458E-12   2.8211502029236346       2.3783940628134314E-12   2.8211502029236346       2.32040921244672E-12     2.8211502029236346       2.2610743180129975E-12   2.8211502029236346       2.2141842244381184E-12   2.8211502029236346       2.1979534574570965E-12   2.8211502029236346       2.2205017580599306E-12   2.8211502029236346       2.2824182521031686E-12   2.8211502029236346       2.3678416710483533E-12   2.8211502029236346       2.459665375427974E-12    2.8211502029236346       2.5331773722858278E-12   2.8211502029236346       2.570871110913717E-12    2.8211502029236346       2.561502074679959E-12    2.8211502029236346       2.5067309688729003E-12   2.8211502029236346       2.413611071053891E-12    2.8211502029236346       2.300204356008033E-12    2.8211502029236346
3.4683182895631317        2.513733600005704E-12    2.814867017616455        2.5464055587637856E-12   2.814867017616455        2.538385896261398E-12    2.814867017616455        2.4895509154918587E-12   2.814867017616455        2.4150674731557474E-12   2.814867017616455        2.3359304018249623E-12   2.814867017616455        2.2786088946832953E-12   2.814867017616455        2.259408493290503E-12    2.814867017616455        2.2906005290261807E-12   2.814867017616455        2.369795947253897E-12    2.814867017616455        2.4835257463308207E-12   2.814867017616455        2.6021762431147747E-12   2.814867017616455        2.698691901965971E-12    2.814867017616455        2.745511978596419E-12    2.814867017616455        2.728975223586519E-12    2.814867017616455        2.6481497846901515E-12   2.814867017616455        2.520604697195498E-12    2.814867017616455        2.368493890011298E-12    2.814867017616455        2.2227505773169187E-12   2.814867017616455
3.474601474870311         2.6096787768307356E-12   2.8085838323092758       2.608297866211708E-12    2.8085838323092758       2.5764284430655725E-12   2.8085838323092758       2.5246300646092996E-12   2.8085838323092758       2.47125709522246E-12     2.8085838323092758       2.4328357623406744E-12   2.8085838323092758       2.4251065444682195E-12   2.8085838323092758       2.450239865120013E-12    2.8085838323092758       2.5065444935300272E-12   2.8085838323092758       2.582757845017764E-12    2.8085838323092758       2.663416635001375E-12    2.8085838323092758       2.725007374812017E-12    2.8085838323092758       2.7521263098861547E-12   2.8085838323092758       2.7333100335771063E-12   2.8085838323092758       2.6701263534819525E-12   2.8085838323092758       2.573214603359642E-12    2.8085838323092758       2.466427220969969E-12    2.8085838323092758       2.3687602155350127E-12   2.8085838323092758       2.3006719679245124E-12   2.8085838323092758
3.480884660177491         2.659294107013567E-12    2.8023006470020952       2.6243995727903948E-12   2.8023006470020952       2.5908037399541734E-12   2.8023006470020952       2.5742018121424034E-12   2.8023006470020952       2.583976023002915E-12    2.8023006470020952       2.618873570777048E-12    2.8023006470020952       2.6725579760404362E-12   2.8023006470020952       2.7270674212393317E-12   2.8023006470020952       2.7688343287908594E-12   2.8023006470020952       2.785656713775814E-12    2.8023006470020952       2.7731688040650027E-12   2.8023006470020952       2.7290580596487753E-12   2.8023006470020952       2.662196524963588E-12    2.8023006470020952       2.5845622837159776E-12   2.8023006470020952       2.513547107367836E-12    2.8023006470020952       2.4649951029358963E-12   2.8023006470020952       2.4561208309538396E-12   2.8023006470020952       2.4879263846264043E-12   2.8023006470020952       2.554889919240541E-12    2.8023006470020952
3.4871678454846706        2.7034939436161214E-12   2.796017461694916        2.6627096558817597E-12   2.796017461694916        2.652180458575237E-12    2.796017461694916        2.6833026782765695E-12   2.796017461694916        2.7508455952254897E-12   2.796017461694916        2.835818436945746E-12    2.796017461694916        2.9152424420108257E-12   2.796017461694916        2.9606147405263677E-12   2.796017461694916        2.957850636235731E-12    2.796017461694916        2.9026261191536416E-12   2.796017461694916        2.8064826801145154E-12   2.796017461694916        2.6878524939887944E-12   2.796017461694916        2.5739672386590604E-12   2.796017461694916        2.48991064286206E-12     2.796017461694916        2.457291245549752E-12    2.796017461694916        2.487023485588686E-12    2.796017461694916        2.5815115993477407E-12   2.796017461694916        2.722825468565864E-12    2.796017461694916        2.882795737736086E-12    2.796017461694916
3.49345103079185          2.7898233459719445E-12   2.789734276387737        2.776895975236188E-12    2.789734276387737        2.797605024547956E-12    2.789734276387737        2.853106381151521E-12    2.789734276387737        2.9284481485835294E-12   2.789734276387737        3.0002423458348935E-12   2.789734276387737        3.0467763853987658E-12   2.789734276387737        3.047168485319041E-12    2.789734276387737        2.9993779478658984E-12   2.789734276387737        2.910487769543307E-12    2.789734276387737        2.8015445655692932E-12   2.789734276387737        2.696560810131741E-12    2.789734276387737        2.6213118395231914E-12   2.789734276387737        2.59329586016419E-12     2.789734276387737        2.6223569646600174E-12   2.789734276387737        2.7072592851647535E-12   2.789734276387737        2.8364985383148903E-12   2.789734276387737        2.986133932910101E-12    2.789734276387737        3.1242740360899215E-12   2.789734276387737
3.49973421609903          2.938071730285929E-12    2.7834510910805568       2.9667162143287876E-12   2.7834510910805568       3.0033698584412823E-12   2.7834510910805568       3.0414174293538748E-12   2.7834510910805568       3.0679194495082114E-12   2.7834510910805568       3.07171572608123E-12     2.7834510910805568       3.04895269439211E-12     2.7834510910805568       2.9993774613143447E-12   2.7834510910805568       2.9372850496051766E-12   2.7834510910805568       2.8766408567190757E-12   2.7834510910805568       2.835414053881018E-12    2.7834510910805568       2.8247063671521016E-12   2.7834510910805568       2.8500683580573317E-12   2.7834510910805568       2.9057816577498135E-12   2.7834510910805568       2.981312648382064E-12    2.7834510910805568       3.064344655023748E-12    2.7834510910805568       3.137888614993707E-12    2.7834510910805568       3.189304212690846E-12    2.7834510910805568       3.2032251983831264E-12   2.7834510910805568
3.506017401406209         3.123978071262437E-12    2.7771679057733776       3.1762179149076602E-12   2.7771679057733776       3.2004610629601795E-12   2.7771679057733776       3.191723168928563E-12    2.7771679057733776       3.1490604805936423E-12   2.7771679057733776       3.0811654230731685E-12   2.7771679057733776       3.004669237387193E-12    2.7771679057733776       2.937848030264886E-12    2.7771679057733776       2.903655192644123E-12    2.7771679057733776       2.913041276904829E-12    2.7771679057733776       2.9710962359890726E-12   2.7771679057733776       3.0674709928616977E-12   2.7771679057733776       3.1836195913438823E-12   2.7771679057733776       3.2919007300873318E-12   2.7771679057733776       3.367151730919638E-12    2.7771679057733776       3.395482799494995E-12    2.7771679057733776       3.3647991683054224E-12   2.7771679057733776       3.2837093276957335E-12   2.7771679057733776       3.160728801196805E-12    2.7771679057733776
3.5123005867133887        3.2948109138878724E-12   2.770884720466198        3.333169262092609E-12    2.770884720466198        3.3237306850896102E-12   2.770884720466198        3.2725435582497474E-12   2.770884720466198        3.1916470779120206E-12   2.770884720466198        3.102803438048677E-12    2.770884720466198        3.0298319772205407E-12   2.770884720466198        2.99379347747258E-12     2.770884720466198        3.0117594902795904E-12   2.770884720466198        3.082937121582962E-12    2.770884720466198        3.1991213183744503E-12   2.770884720466198        3.335474928888702E-12    2.770884720466198        3.462990646149616E-12    2.770884720466198        3.549637676161796E-12    2.770884720466198        3.5723799181188013E-12   2.770884720466198        3.52779593122164E-12     2.770884720466198        3.4151646186721515E-12   2.770884720466198        3.26076540483099E-12     2.770884720466198        3.087390050567156E-12    2.770884720466198
3.5185837720205684        3.4097847086231417E-12   2.7646015351590183       3.4056713839858976E-12   2.7646015351590183       3.3648439406008152E-12   2.7646015351590183       3.3065220459570145E-12   2.7646015351590183       3.247042600186543E-12    2.7646015351590183       3.2052576611667713E-12   2.7646015351590183       3.192986209802218E-12    2.7646015351590183       3.216476227855783E-12    2.7646015351590183       3.2759660688598387E-12   2.7646015351590183       3.357423377435505E-12    2.7646015351590183       3.4483325395959343E-12   2.7646015351590183       3.526146772477764E-12    2.7646015351590183       3.572311505414005E-12    2.7646015351590183       3.571461843889419E-12    2.7646015351590183       3.518650885207804E-12    2.7646015351590183       3.427090084849276E-12    2.7646015351590183       3.3067287511994814E-12   2.7646015351590183       3.1874238113631072E-12   2.7646015351590183       3.0876609921912833E-12   2.7646015351590183
3.524866957327748         3.4723301779296368E-12   2.758318349851838        3.429081713287772E-12    2.758318349851838        3.382938760219715E-12    2.758318349851838        3.3590514625828844E-12   2.758318349851838        3.3660515769916872E-12   2.758318349851838        3.40643356518557E-12     2.758318349851838        3.4692443333295976E-12   2.758318349851838        3.539693444498957E-12    2.758318349851838        3.6020518536994072E-12   2.758318349851838        3.636202999437111E-12    2.758318349851838        3.637444252480386E-12    2.758318349851838        3.5999669339570702E-12   2.758318349851838        3.5286179952727533E-12   2.758318349851838        3.4339780851328066E-12   2.758318349851838        3.332551236159725E-12    2.758318349851838        3.24931787888928E-12     2.758318349851838        3.197639737993855E-12    2.758318349851838        3.195733443172517E-12    2.758318349851838        3.2435992296062926E-12   2.758318349851838
3.531150142634927         3.5272146792768765E-12   2.7520351645446595       3.4788397311606045E-12   2.7520351645446595       3.459039360890166E-12    2.7520351645446595       3.4870624180804315E-12   2.7520351645446595       3.5572966430206756E-12   2.7520351645446595       3.654562275899941E-12    2.7520351645446595       3.750695311534191E-12    2.7520351645446595       3.819766832022757E-12    2.7520351645446595       3.842560089134215E-12    2.7520351645446595       3.804287219169048E-12    2.7520351645446595       3.715189682520721E-12    2.7520351645446595       3.588557543288709E-12    2.7520351645446595       3.4486368650254292E-12   2.7520351645446595       3.322734781623468E-12    2.7520351645446595       3.236627538821322E-12    2.7520351645446595       3.2131898588056606E-12   2.7520351645446595       3.259804561747564E-12    2.7520351645446595       3.3757442105899963E-12   2.7520351645446595       3.5419219622726124E-12   2.7520351645446595
3.5374333279421073        3.6280581779879375E-12   2.7457519792374794       3.6142011647583008E-12   2.7457519792374794       3.63454803368485E-12     2.7457519792374794       3.694383769362966E-12    2.7457519792374794       3.77769808302829E-12     2.7457519792374794       3.8630635379309925E-12   2.7457519792374794       3.9228453407142786E-12   2.7457519792374794       3.938747096103998E-12    2.7457519792374794       3.90337424239605E-12     2.7457519792374794       3.815399788316427E-12    2.7457519792374794       3.6975803347618434E-12   2.7457519792374794       3.5715448686633643E-12   2.7457519792374794       3.4635437519199235E-12   2.7457519792374794       3.396458495136141E-12    2.7457519792374794       3.3860505535873393E-12   2.7457519792374794       3.4386897452198687E-12   2.7457519792374794       3.550280414364721E-12    2.7457519792374794       3.705024036045878E-12    2.7457519792374794       3.8770217440021685E-12   2.7457519792374794
3.5437165132492865        3.799506161678425E-12    2.7394687939303          3.835589932407464E-12    2.7394687939303          3.881223531489224E-12    2.7394687939303          3.9293219897407325E-12   2.7394687939303          3.9652749237194514E-12   2.7394687939303          3.9770528168883506E-12   2.7394687939303          3.954514269890706E-12    2.7394687939303          3.900775517401894E-12    2.7394687939303          3.827269341148252E-12    2.7394687939303          3.745266719006188E-12    2.7394687939303          3.679827827759639E-12    2.7394687939303          3.644727237511135E-12    2.7394687939303          3.650392473522085E-12    2.7394687939303          3.697149508973473E-12    2.7394687939303          3.778190860473771E-12    2.7394687939303          3.878254105088037E-12    2.7394687939303          3.984057570956833E-12    2.7394687939303          4.0764525297762656E-12   2.7394687939303          4.138851565170362E-12    2.7394687939303
3.549999698556466         4.017685623444364E-12    2.7331856086231205       4.082086228795605E-12    2.7331856086231205       4.1188792529022014E-12   2.7331856086231205       4.11893025621175E-12     2.7331856086231205       4.080662208395564E-12    2.7331856086231205       4.01007933120166E-12     2.7331856086231205       3.918536549489791E-12    2.7331856086231205       3.829120756419537E-12    2.7331856086231205       3.765416788535775E-12    2.7331856086231205       3.741657213024433E-12    2.7331856086231205       3.773826805131122E-12    2.7331856086231205       3.857006466097716E-12    2.7331856086231205       3.9801987000689125E-12   2.7331856086231205       4.118644917623029E-12    2.7331856086231205       4.246374474458955E-12    2.7331856086231205       4.335018783667096E-12    2.7331856086231205       4.371264090838915E-12    2.7331856086231205       4.345143285645888E-12    2.7331856086231205       4.2588265679428856E-12   2.7331856086231205
3.556282883863646         4.2248573577863185E-12   2.7269024233159405       4.2731459172365395E-12   2.7269024233159405       4.27104403003835E-12     2.7269024233159405       4.21919940438553E-12     2.7269024233159405       4.132377336117318E-12    2.7269024233159405       4.030341258938211E-12    2.7269024233159405       3.934356870128616E-12    2.7269024233159405       3.87164035808258E-12     2.7269024233159405       3.861999267039156E-12    2.7269024233159405       3.910605288118839E-12    2.7269024233159405       4.0188952247916044E-12   2.7269024233159405       4.164434073196773E-12    2.7269024233159405       4.324962461930161E-12    2.7269024233159405       4.465080894501596E-12    2.7269024233159405       4.556952309902412E-12    2.7269024233159405       4.576500555462746E-12    2.7269024233159405       4.520980997974921E-12    2.7269024233159405       4.3961534772993626E-12   2.7269024233159405       4.220579472517169E-12    2.7269024233159405
3.5625660691708254        4.37182289166478E-12     2.7206192380087613       4.369174679410066E-12    2.7206192380087613       4.3243196093868844E-12   2.7206192380087613       4.2526037620325024E-12   2.7206192380087613       4.177622566958859E-12    2.7206192380087613       4.1190057477006154E-12   2.7206192380087613       4.089353775198009E-12    2.7206192380087613       4.100924088169024E-12    2.7206192380087613       4.155788632141592E-12    2.7206192380087613       4.2440262729661954E-12   2.7206192380087613       4.356205414227258E-12    2.7206192380087613       4.464076981521068E-12    2.7206192380087613       4.552597611000627E-12    2.7206192380087613       4.596686628229206E-12    2.7206192380087613       4.5858776565078755E-12   2.7206192380087613       4.515296705295316E-12    2.7206192380087613       4.39798905269158E-12     2.7206192380087613       4.252684539154883E-12    2.7206192380087613       4.1028207676654805E-12   2.7206192380087613
3.568849254478005         4.4551552663871005E-12   2.714336052701581        4.4032600062424E-12      2.714336052701581        4.342750921046407E-12    2.714336052701581        4.298086404434438E-12    2.714336052701581        4.2882868765564045E-12   2.714336052701581        4.3191824148065224E-12   2.714336052701581        4.382517138151957E-12    2.714336052701581        4.466670104086793E-12    2.714336052701581        4.5540570603269355E-12   2.714336052701581        4.624199286120065E-12    2.714336052701581        4.66724819197744E-12     2.714336052701581        4.663364652240953E-12    2.714336052701581        4.618754605991302E-12    2.714336052701581        4.531636527118366E-12    2.714336052701581        4.416628040788198E-12    2.714336052701581        4.290245618437246E-12    2.714336052701581        4.177026000588763E-12    2.714336052701581        4.098265084200658E-12    2.714336052701581        4.069246101430409E-12    2.714336052701581
3.5751324397851847        4.5198369348591024E-12   2.708052867394402        4.45727616931647E-12     2.708052867394402        4.421222056676913E-12    2.708052867394402        4.433086516275627E-12    2.708052867394402        4.496966775422848E-12    2.708052867394402        4.600893535002657E-12    2.708052867394402        4.7184819639384895E-12   2.708052867394402        4.821668245119946E-12    2.708052867394402        4.884991248599104E-12    2.708052867394402        4.8899685489790555E-12   2.708052867394402        4.837055297211822E-12    2.708052867394402        4.7227250758718795E-12   2.708052867394402        4.5747452108391366E-12   2.708052867394402        4.4113536695386025E-12   2.708052867394402        4.262847998462512E-12    2.708052867394402        4.154787395763792E-12    2.708052867394402        4.1109801512089184E-12   2.708052867394402        4.142919276434634E-12    2.708052867394402        4.250600759218597E-12    2.708052867394402
3.5814156250923643        4.6282165431879785E-12   2.7017696820872223       4.603447855925233E-12    2.7017696820872223       4.61657322653901E-12     2.7017696820872223       4.675927554428461E-12    2.7017696820872223       4.770292581070649E-12    2.7017696820872223       4.8781590573422835E-12   2.7017696820872223       4.97053099381222E-12     2.7017696820872223       5.021403762127929E-12    2.7017696820872223       5.0148694791498784E-12   2.7017696820872223       4.946814094970019E-12    2.7017696820872223       4.832270541071343E-12    2.7017696820872223       4.681405725277059E-12    2.7017696820872223       4.530233264251918E-12    2.7017696820872223       4.400693904239479E-12    2.7017696820872223       4.318399181102809E-12    2.7017696820872223       4.2991436390853485E-12   2.7017696820872223       4.352988774845185E-12    2.7017696820872223       4.474056359783973E-12    2.7017696820872223       4.649079476487905E-12    2.7017696820872223
3.5876988103995435        4.8176561381252085E-12   2.695486496780043        4.8541306973557924E-12   2.695486496780043        4.907554517109018E-12    2.695486496780043        4.972502610027889E-12    2.695486496780043        5.032315060436611E-12    2.695486496780043        5.0706316025168774E-12   2.695486496780043        5.073189288972378E-12    2.695486496780043        5.032732915091817E-12    2.695486496780043        4.953835295731887E-12    2.695486496780043        4.850464772112176E-12    2.695486496780043        4.747204805480497E-12    2.695486496780043        4.65722509629641E-12     2.695486496780043        4.6066699882585785E-12   2.695486496780043        4.6035873414918935E-12   2.695486496780043        4.651193814422991E-12    2.695486496780043        4.742871793555043E-12    2.695486496780043        4.869589233311451E-12    2.695486496780043        5.009739324396076E-12    2.695486496780043        5.1461495794949414E-12   2.695486496780043
3.5939819957067236        5.072889088726319E-12    2.689203311472863        5.1509019546171745E-12   2.689203311472863        5.2067248387291005E-12   2.689203311472863        5.230388620936893E-12    2.689203311472863        5.213520939772866E-12    2.689203311472863        5.1560040271536586E-12   2.689203311472863        5.065489401646277E-12    2.689203311472863        4.957013997816912E-12    2.689203311472863        4.85230103715688E-12     2.689203311472863        4.77548491558941E-12     2.689203311472863        4.749181532646297E-12    2.689203311472863        4.777860882558523E-12    2.689203311472863        4.866187624294999E-12    2.689203311472863        5.0013022481466495E-12   2.689203311472863        5.160662813814844E-12    2.689203311472863        5.317452478643224E-12    2.689203311472863        5.4499651746658656E-12   2.689203311472863        5.5313558705885085E-12   2.689203311472863        5.551968943721877E-12    2.689203311472863
3.600265181013903         5.333490624489865E-12    2.682920126165684        5.402124264428998E-12    2.682920126165684        5.418136080363714E-12    2.682920126165684        5.379636812630268E-12    2.682920126165684        5.295187524893327E-12    2.682920126165684        5.1810722788450606E-12   2.682920126165684        5.059080378360117E-12    2.682920126165684        4.954917469026501E-12    2.682920126165684        4.89190611484458E-12     2.682920126165684        4.889580521450239E-12    2.682920126165684        4.957460008337197E-12    2.682920126165684        5.085819119623546E-12    2.682920126165684        5.259202038187661E-12    2.682920126165684        5.451597624386828E-12    2.682920126165684        5.6275962514619E-12      2.682920126165684        5.756097800703656E-12    2.682920126165684        5.817486556365165E-12    2.682920126165684        5.793609394403193E-12    2.682920126165684        5.6899152003760155E-12   2.682920126165684
3.6065483663210824        5.5356171507466995E-12   2.6766369408585042       5.5479538066928195E-12   2.6766369408585042       5.507030827839371E-12    2.6766369408585042       5.426141084678387E-12    2.6766369408585042       5.328686229219106E-12    2.6766369408585042       5.236661608075963E-12    2.6766369408585042       5.168719519650204E-12    2.6766369408585042       5.142766779688651E-12    2.6766369408585042       5.166396289175234E-12    2.6766369408585042       5.242486401334452E-12    2.6766369408585042       5.3635689209691676E-12   2.6766369408585042       5.509631840044286E-12    2.6766369408585042       5.6575031018127754E-12   2.6766369408585042       5.784899010595743E-12    2.6766369408585042       5.863932228174184E-12    2.6766369408585042       5.878439355889437E-12    2.6766369408585042       5.824901603098043E-12    2.6766369408585042       5.703292837143583E-12    2.6766369408585042       5.53405115022745E-12     2.6766369408585042
3.612831551628262         5.65798145069312E-12     2.6703537555513246       5.605294959793154E-12    2.6703537555513246       5.529353497595072E-12    2.6703537555513246       5.45510375689623E-12     2.6703537555513246       5.409281039146001E-12    2.6703537555513246       5.4052047356465875E-12   2.6703537555513246       5.443354707621665E-12    2.6703537555513246       5.521139083723274E-12    2.6703537555513246       5.623053846446014E-12    2.6703537555513246       5.734024894762377E-12    2.6703537555513246       5.8355486427011935E-12   2.6703537555513246       5.90823079071551E-12     2.6703537555513246       5.936348702846071E-12    2.6703537555513246       5.9161654154119294E-12   2.6703537555513246       5.842085918726853E-12    2.6703537555513246       5.722694204212793E-12    2.6703537555513246       5.5747364570721815E-12   2.6703537555513246       5.4153260277902755E-12   2.6703537555513246       5.271875197449256E-12    2.6703537555513246
3.6191147369354417        5.7374196507712266E-12   2.664070570244145        5.657198502511606E-12    2.664070570244145        5.594246271856749E-12    2.664070570244145        5.573322234476591E-12    2.664070570244145        5.610989811302198E-12    2.664070570244145        5.703166942180969E-12    2.664070570244145        5.8293304304711685E-12   2.664070570244145        5.96775108529863E-12     2.664070570244145        6.0875100018770455E-12   2.664070570244145        6.1661822620548354E-12   2.664070570244145        6.186629782674224E-12    2.664070570244145        6.141613475559753E-12    2.664070570244145        6.031741198688233E-12    2.664070570244145        5.875346306745559E-12    2.664070570244145        5.689489080743062E-12    2.664070570244145        5.501426241032062E-12    2.664070570244145        5.339375334090427E-12    2.664070570244145        5.226190583210888E-12    2.664070570244145        5.1839728504502466E-12   2.664070570244145
3.6253979222426214        5.845183697748877E-12    2.6577873849369653       5.7965398206279706E-12   2.6577873849369653       5.788606450483306E-12    2.6577873849369653       5.834040057811465E-12    2.6577873849369653       5.9323464318975076E-12   2.6577873849369653       6.064483483787455E-12    2.6577873849369653       6.19997515762912E-12     2.6577873849369653       6.3120373500749514E-12   2.6577873849369653       6.372097176865898E-12    2.6577873849369653       6.3662102496690465E-12   2.6577873849369653       6.289974432967888E-12    2.6577873849369653       6.153829103941835E-12    2.6577873849369653       5.972798578883877E-12    2.6577873849369653       5.777859407347048E-12    2.6577873849369653       5.595419392901873E-12    2.6577873849369653       5.453434586651942E-12    2.6577873849369653       5.374971178348804E-12    2.6577873849369653       5.3732725531993905E-12   2.6577873849369653       5.454558941844007E-12    2.6577873849369653
3.631681107549801         6.041056957994167E-12    2.6515041996297857       6.064406432076546E-12    2.6515041996297857       6.118382502181392E-12    2.6515041996297857       6.2000688356201206E-12   2.6515041996297857       6.295906949443384E-12    2.6515041996297857       6.383767259442782E-12    2.6515041996297857       6.440783138591025E-12    2.6515041996297857       6.4522280468050475E-12   2.6515041996297857       6.408083098240795E-12    2.6515041996297857       6.313715046353419E-12    2.6515041996297857       6.180746364765748E-12    2.6515041996297857       6.033518452054234E-12    2.6515041996297857       5.8907998333665E-12      2.6515041996297857       5.780123598046629E-12    2.6515041996297857       5.719310780066457E-12    2.6515041996297857       5.7187061596605715E-12   2.6515041996297857       5.782099178315574E-12    2.6515041996297857       5.9031105746206765E-12   2.6515041996297857       6.068808434666486E-12    2.6515041996297857
3.6379642928569806        6.3326456682094744E-12   2.645221014322606        6.420896173020833E-12    2.645221014322606        6.501891691867929E-12    2.645221014322606        6.564975026098887E-12    2.645221014322606        6.595697446397909E-12    2.645221014322606        6.582493124898713E-12    2.645221014322606        6.522890032095998E-12    2.645221014322606        6.4230223244167096E-12   2.645221014322606        6.295577915517436E-12    2.645221014322606        6.163939057934483E-12    2.645221014322606        6.048683727057539E-12    2.645221014322606        5.976873523928534E-12    2.645221014322606        5.958319684902022E-12    2.645221014322606        6.004044788885535E-12    2.645221014322606        6.111866749110549E-12    2.645221014322606        6.2673168648890654E-12   2.645221014322606        6.4521827340341355E-12   2.645221014322606        6.642253537786574E-12    2.645221014322606        6.811664918490891E-12    2.645221014322606
3.64424747816416          6.6665546854193814E-12   2.638937829015427        6.767506488235762E-12    2.638937829015427        6.819560567844339E-12    2.638937829015427        6.818535688120301E-12    2.638937829015427        6.761647443879329E-12    2.638937829015427        6.654740762845172E-12    2.638937829015427        6.515876562999126E-12    2.638937829015427        6.366998673118442E-12    2.638937829015427        6.233076887013072E-12    2.638937829015427        6.14275001587289E-12     2.638937829015427        6.112164788001003E-12    2.638937829015427        6.1585710374529976E-12   2.638937829015427        6.2754022407995384E-12   2.638937829015427        6.454160932577637E-12    2.638937829015427        6.6740677196048085E-12   2.638937829015427        6.9039303193605595E-12   2.638937829015427        7.113914866054903E-12    2.638937829015427        7.274984539881373E-12    2.638937829015427        7.361281499206807E-12    2.638937829015427
3.65053066347134          6.9617759364886626E-12   2.6326546437082468       7.011653543831983E-12    2.6326546437082468       6.9938773405864905E-12   2.6326546437082468       6.9218883772092685E-12   2.6326546437082468       6.809569109625217E-12    2.6326546437082468       6.676041460081043E-12    2.6326546437082468       6.547730401276138E-12    2.6326546437082468       6.447032016024231E-12    2.6326546437082468       6.393079945508743E-12    2.6326546437082468       6.403553049067515E-12    2.6326546437082468       6.478604065940407E-12    2.6326546437082468       6.618591420022437E-12    2.6326546437082468       6.802422752515712E-12    2.6326546437082468       7.009839774596532E-12    2.6326546437082468       7.2138093723616585E-12   2.6326546437082468       7.384566590508147E-12    2.6326546437082468       7.497636050904077E-12    2.6326546437082468       7.535769663202919E-12    2.6326546437082468       7.486077625924272E-12    2.6326546437082468
3.656813848778519         7.164364147938401E-12    2.6263714584010676       7.1311534489310556E-12   2.6263714584010676       7.046500563569504E-12    2.6263714584010676       6.941913344304215E-12    2.6263714584010676       6.8422870521058446E-12   2.6263714584010676       6.767545492513374E-12    2.6263714584010676       6.7359540488771675E-12   2.6263714584010676       6.7546506629444214E-12   2.6263714584010676       6.822745870795205E-12    2.6263714584010676       6.937412159340529E-12    2.6263714584010676       7.080502537809882E-12    2.6263714584010676       7.237589302996672E-12    2.6263714584010676       7.383045988923672E-12    2.6263714584010676       7.498149165819182E-12    2.6263714584010676       7.564808669427181E-12    2.6263714584010676       7.571959735741695E-12    2.6263714584010676       7.513671141445319E-12    2.6263714584010676       7.394633726430359E-12    2.6263714584010676       7.220759303817711E-12    2.6263714584010676
3.6630970340856988        7.284578513235463E-12    2.620088273093888        7.1915435212518805E-12   2.620088273093888        7.087904286783868E-12    2.620088273093888        7.012312703323551E-12    2.620088273093888        6.987996147651108E-12    2.620088273093888        7.022516683284896E-12    2.620088273093888        7.115395803361522E-12    2.620088273093888        7.25224182705257E-12     2.620088273093888        7.41076427875025E-12     2.620088273093888        7.570561538857409E-12    2.620088273093888        7.704183291164042E-12    2.620088273093888        7.79239432702338E-12     2.620088273093888        7.817785563702344E-12    2.620088273093888        7.774369672533072E-12    2.620088273093888        7.662241067388198E-12    2.620088273093888        7.495607427206318E-12    2.620088273093888        7.288791349467234E-12    2.620088273093888        7.065837021125168E-12    2.620088273093888        6.846700100302114E-12    2.620088273093888
3.6693802193928784        7.392370403849899E-12    2.6138050877867083       7.304920623793697E-12    2.6138050877867083       7.246041972165315E-12    2.6138050877867083       7.246034795621612E-12    2.6138050877867083       7.314791512609243E-12    2.6138050877867083       7.44157182348893E-12     2.6138050877867083       7.608770040666857E-12    2.6138050877867083       7.787163316518051E-12    2.6138050877867083       7.945161238069132E-12    2.6138050877867083       8.058185987772336E-12    2.6138050877867083       8.104861144051078E-12    2.6138050877867083       8.073439715994595E-12    2.6138050877867083       7.96352649459918E-12     2.6138050877867083       7.785227450881638E-12    2.6138050877867083       7.555677006179291E-12    2.6138050877867083       7.307137487156601E-12    2.6138050877867083       7.0639800398565325E-12   2.6138050877867083       6.8556918849559205E-12   2.6138050877867083       6.7034702164987474E-12   2.6138050877867083
3.675663404700058         7.57572306670396E-12     2.6075219024795286       7.559763642117518E-12    2.6075219024795286       7.584434658588437E-12    2.6075219024795286       7.661469017898472E-12    2.6075219024795286       7.78414625264316E-12     2.6075219024795286       7.928128530938049E-12    2.6075219024795286       8.071200441233037E-12    2.6075219024795286       8.184378722408816E-12    2.6075219024795286       8.244684095092848E-12    2.6075219024795286       8.238853992895635E-12    2.6075219024795286       8.16426274670772E-12     2.6075219024795286       8.02442832894882E-12     2.6075219024795286       7.836234062669044E-12    2.6075219024795286       7.620207504428032E-12    2.6075219024795286       7.400727365269376E-12    2.6075219024795286       7.2119263516273105E-12   2.6075219024795286       7.0727125277472485E-12   2.6075219024795286       7.000872624629433E-12    2.6075219024795286       7.005352183750728E-12    2.6075219024795286
3.6819465900072372        7.885815984517565E-12    2.601238717172349        7.964284395279866E-12    2.601238717172349        8.059896832346375E-12    2.601238717172349        8.167446513603221E-12    2.601238717172349        8.270820020485592E-12    2.601238717172349        8.344492141660815E-12    2.601238717172349        8.377353535344925E-12    2.601238717172349        8.354648036910542E-12    2.601238717172349        8.274748928076708E-12    2.601238717172349        8.143858969215281E-12    2.601238717172349        7.980387630972507E-12    2.601238717172349        7.801942436915649E-12    2.601238717172349        7.6342854304331E-12      2.601238717172349        7.497072846024444E-12    2.601238717172349        7.409549731160965E-12    2.601238717172349        7.391790063826095E-12    2.601238717172349        7.445676199366376E-12    2.601238717172349        7.566653383909993E-12    2.601238717172349        7.745098315752417E-12    2.601238717172349
3.6882297753144173        8.301103120714265E-12    2.5949555318651694       8.436474357753951E-12    2.5949555318651694       8.543757791875721E-12    2.5949555318651694       8.61337310517637E-12     2.5949555318651694       8.633100486856286E-12    2.5949555318651694       8.589021424555863E-12    2.5949555318651694       8.490725401965001E-12    2.5949555318651694       8.342295714648252E-12    2.5949555318651694       8.163555935423729E-12    2.5949555318651694       7.976255101528863E-12    2.5949555318651694       7.810114395140026E-12    2.5949555318651694       7.687254648104134E-12    2.5949555318651694       7.629562507636774E-12    2.5949555318651694       7.644752423781419E-12    2.5949555318651694       7.738645236039622E-12    2.5949555318651694       7.909637157761239E-12    2.5949555318651694       8.14128149439787E-12     2.5949555318651694       8.40821039714676E-12     2.5949555318651694       8.686712048602412E-12    2.5949555318651694
3.694512960621597         8.736205942660553E-12    2.5886723465579897       8.851327541728909E-12    2.5886723465579897       8.898785852105036E-12    2.5886723465579897       8.880352687540267E-12    2.5886723465579897       8.798847099775949E-12    2.5886723465579897       8.657846393099877E-12    2.5886723465579897       8.485596445747783E-12    2.5886723465579897       8.297979180772921E-12    2.5886723465579897       8.124068608171646E-12    2.5886723465579897       7.987881674709642E-12    2.5886723465579897       7.914081453479387E-12    2.5886723465579897       7.91672902993242E-12     2.5886723465579897       8.003262227738792E-12    2.5886723465579897       8.16393207082182E-12     2.5886723465579897       8.390772469635225E-12    2.5886723465579897       8.66399983587351E-12     2.5886723465579897       8.957811738499119E-12    2.5886723465579897       9.238393620042874E-12    2.5886723465579897       9.480466151255982E-12    2.5886723465579897
3.700796145928776         9.094144515576778E-12    2.58238916125081         9.120105537781511E-12    2.58238916125081         9.068762465448422E-12    2.58238916125081         8.962373833727085E-12    2.58238916125081         8.82086412738569E-12     2.58238916125081         8.661172313220245E-12    2.58238916125081         8.517807066627255E-12    2.58238916125081         8.404397747242182E-12    2.58238916125081         8.34230096208008E-12     2.58238916125081         8.343426820382988E-12    2.58238916125081         8.413491677589497E-12    2.58238916125081         8.550126473250363E-12    2.58238916125081         8.743422137871325E-12    2.58238916125081         8.968653586248889E-12    2.58238916125081         9.211108509483055E-12    2.58238916125081         9.444408201720345E-12    2.58238916125081         9.647017244348315E-12    2.58238916125081         9.792841616615238E-12    2.58238916125081         9.868281264332559E-12    2.58238916125081
3.7070793312359562        9.328472579802324E-12    2.5761059759436304       9.24978698542303E-12     2.5761059759436304       9.120474716257002E-12    2.5761059759436304       8.98017313723172E-12     2.5761059759436304       8.85748278013233E-12     2.5761059759436304       8.77118264557649E-12     2.5761059759436304       8.746370816944907E-12    2.5761059759436304       8.78180251536743E-12     2.5761059759436304       8.879268328647158E-12    2.5761059759436304       9.031727546246783E-12    2.5761059759436304       9.222206055074214E-12    2.5761059759436304       9.43253882228155E-12     2.5761059759436304       9.641915702520747E-12    2.5761059759436304       9.819825472389148E-12    2.5761059759436304       9.955178130083283E-12    2.5761059759436304       1.0028261163679067E-11   2.5761059759436304       1.0032593820959356E-11   2.5761059759436304       9.961339883008452E-12    2.5761059759436304       9.819158413337433E-12    2.5761059759436304
3.7133625165431354        9.475332345913554E-12    2.5698227906364512       9.342968063481822E-12    2.5698227906364512       9.20733158709676E-12     2.5698227906364512       9.11200465954372E-12     2.5698227906364512       9.080307407147153E-12    2.5698227906364512       9.120659155767587E-12    2.5698227906364512       9.238428935490767E-12    2.5698227906364512       9.413551209893375E-12    2.5698227906364512       9.627934076329184E-12    2.5698227906364512       9.860099844549494E-12    2.5698227906364512       1.0078717711965695E-11   2.5698227906364512       1.0259157312801901E-11   2.5698227906364512       1.0382335175850038E-11   2.5698227906364512       1.0423508968252156E-11   2.5698227906364512       1.0383666994624597E-11   2.5698227906364512       1.0258458748861285E-11   2.5698227906364512       1.0059330645836999E-11   2.5698227906364512       9.800331658838566E-12    2.5698227906364512       9.501078447561179E-12    2.5698227906364512
3.719645701850315         9.63698552898791E-12     2.563539605329271        9.539937048257889E-12    2.563539605329271        9.479103544327829E-12    2.563539605329271        9.486513222941873E-12    2.563539605329271        9.569039751213793E-12    2.563539605329271        9.718771281398842E-12    2.563539605329271        9.921737962654467E-12    2.563539605329271        1.014585822986712E-11    2.563539605329271        1.0363921491256614E-11   2.563539605329271        1.0552921808851183E-11   2.563539605329271        1.0682796369770629E-11   2.563539605329271        1.0735357071853047E-11   2.563539605329271        1.0705501359089164E-11   2.563539605329271        1.0582810129959909E-11   2.563539605329271        1.0382997909856795E-11   2.563539605329271        1.0117867439693738E-11   2.563539605329271        9.811284683008778E-12    2.563539605329271        9.490063352751848E-12    2.563539605329271        9.178037194220588E-12    2.563539605329271
3.7259288871574947        9.925623533829014E-12    2.557256420022092        9.937624748318357E-12    2.557256420022092        9.993008298887115E-12    2.557256420022092        1.010420270031099E-11    2.557256420022092        1.025989636624323E-11    2.557256420022092        1.0439347169171283E-11   2.557256420022092        1.0619710799817016E-11   2.557256420022092        1.0770479282977958E-11   2.557256420022092        1.0870601588538883E-11   2.557256420022092        1.0909235412080847E-11   2.557256420022092        1.0871814009316247E-11   2.557256420022092        1.0756095263448772E-11   2.557256420022092        1.0576255375155645E-11   2.557256420022092        1.03378273890467E-11     2.557256420022092        1.0067023176629265E-11   2.557256420022092        9.78521450774944E-12     2.557256420022092        9.518316765425468E-12    2.557256420022092        9.292854577177308E-12    2.557256420022092        9.124836647750197E-12    2.557256420022092
3.7322120724646743        1.0396266716527486E-11   2.5509732347149123       1.0529150354676788E-11   2.5509732347149123       1.0674455501243922E-11   2.5509732347149123       1.0829372114748313E-11   2.5509732347149123       1.0973143782419304E-11   2.5509732347149123       1.1083044596798086E-11   2.5509732347149123       1.1141976493635135E-11   2.5509732347149123       1.1133874830149139E-11   2.5509732347149123       1.1055044908865043E-11   2.5509732347149123       1.0913650496739147E-11   2.5509732347149123       1.0715838463672054E-11   2.5509732347149123       1.0476454600167311E-11   2.5509732347149123       1.022420135282607E-11    2.5509732347149123       9.974663653416858E-12    2.5509732347149123       9.755345692334999E-12    2.5509732347149123       9.586838375304153E-12    2.5509732347149123       9.486944735378636E-12    2.5509732347149123       9.470415553455736E-12    2.5509732347149123       9.538092584569604E-12    2.5509732347149123
3.7384952577718535        1.1007620169966774E-11   2.544690049407733        1.1199561459462629E-11   2.544690049407733        1.1351217675407415E-11   2.544690049407733        1.1458730378906737E-11   2.544690049407733        1.150608917038914E-11    2.544690049407733        1.1480583673293645E-11   2.544690049407733        1.1381840173903991E-11   2.544690049407733        1.1213611097914417E-11   2.544690049407733        1.0990874028119095E-11   2.544690049407733        1.0737347956224155E-11   2.544690049407733        1.047372842363413E-11    2.544690049407733        1.0224492997307159E-11   2.544690049407733        1.0020102493547393E-11   2.544690049407733        9.875829480087799E-12    2.544690049407733        9.81024008343759E-12     2.544690049407733        9.83382661145202E-12     2.544690049407733        9.950455489082313E-12    2.544690049407733        1.0158044556671224E-11   2.544690049407733        1.0442403314650425E-11   2.544690049407733
3.7447784430790336        1.1639321293093663E-11   2.538406864100553        1.1787136597895034E-11   2.538406864100553        1.1849631208755605E-11   2.538406864100553        1.183744007222363E-11    2.538406864100553        1.1750844013919975E-11   2.538406864100553        1.1593548496603658E-11   2.538406864100553        1.138367098047349E-11    2.538406864100553        1.1140156973945688E-11   2.538406864100553        1.0887941686181085E-11   2.538406864100553        1.0654826343421038E-11   2.538406864100553        1.0462361365564473E-11   2.538406864100553        1.033307207983788E-11    2.538406864100553        1.028447238161432E-11    2.538406864100553        1.0321936070451045E-11   2.538406864100553        1.04482576819511E-11     2.538406864100553        1.0659439002649202E-11   2.538406864100553        1.0945714220288089E-11   2.538406864100553        1.1290756068514726E-11   2.538406864100553        1.1671832863888984E-11   2.538406864100553
3.751061628386213         1.2159848045609633E-11   2.5321236787933734       1.2178742318380714E-11   2.5321236787933734       1.2100897282469212E-11   2.5321236787933734       1.1959114397857679E-11   2.5321236787933734       1.1772330718701009E-11   2.5321236787933734       1.1557905403512232E-11   2.5321236787933734       1.1344383609454361E-11   2.5321236787933734       1.1154053785945367E-11   2.5321236787933734       1.1008142684080444E-11   2.5321236787933734       1.0925368627565668E-11   2.5321236787933734       1.0914502321783952E-11   2.5321236787933734       1.0986856434373481E-11   2.5321236787933734       1.1137405596789505E-11   2.5321236787933734       1.1357583480345345E-11   2.5321236787933734       1.163405814622272E-11    2.5321236787933734       1.1950396403873728E-11   2.5321236787933734       1.2288936378172368E-11   2.5321236787933734       1.2627082742403914E-11   2.5321236787933734       1.2942843299205613E-11   2.5321236787933734
3.7573448136933925        1.2505600887679081E-11   2.5258404934861938       1.2381893369602799E-11   2.5258404934861938       1.2191301020500198E-11   2.5258404934861938       1.19841030678512E-11     2.5258404934861938       1.1789741946968684E-11   2.5258404934861938       1.1628858348320443E-11   2.5258404934861938       1.1526942542702818E-11   2.5258404934861938       1.1496807010793915E-11   2.5258404934861938       1.1544594607625987E-11   2.5258404934861938       1.167184813827246E-11    2.5258404934861938       1.1868060675350262E-11   2.5258404934861938       1.2131112599184095E-11   2.5258404934861938       1.243352228883956E-11    2.5258404934861938       1.2756185447399253E-11   2.5258404934861938       1.3076070826318419E-11   2.5258404934861938       1.3371589643462783E-11   2.5258404934861938       1.3625795256716723E-11   2.5258404934861938       1.3819239315226796E-11   2.5258404934861938       1.3938795711386605E-11   2.5258404934861938
3.7636279990005725        1.2725780238846839E-11   2.519557308179014        1.2530730334948366E-11   2.519557308179014        1.2324369707983971E-11   2.519557308179014        1.2160160439229009E-11   2.519557308179014        1.2063964102456716E-11   2.519557308179014        1.2047439086882368E-11   2.519557308179014        1.2121109010683997E-11   2.519557308179014        1.2280895765154093E-11   2.519557308179014        1.2514358323101572E-11   2.519557308179014        1.2806540113955067E-11   2.519557308179014        1.313126773769853E-11    2.519557308179014        1.3478391125834516E-11   2.519557308179014        1.3807569258553674E-11   2.519557308179014        1.4098184965888594E-11   2.519557308179014        1.4327911840644685E-11   2.519557308179014        1.4479256727384894E-11   2.519557308179014        1.4544033317061641E-11   2.519557308179014        1.4513168038610655E-11   2.519557308179014        1.4386550351130125E-11   2.519557308179014
3.7699111843077517        1.296809786107055E-11    2.5132741228718345       1.2823077462290164E-11   2.5132741228718345       1.2717302891395287E-11   2.5132741228718345       1.2691764911656353E-11   2.5132741228718345       1.2756652839780426E-11   2.5132741228718345       1.2907132971159243E-11   2.5132741228718345       1.313436338695674E-11    2.5132741228718345       1.3418719924108193E-11   2.5132741228718345       1.373487405248585E-11    2.5132741228718345       1.4059883854428554E-11   2.5132741228718345       1.4363289352711112E-11   2.5132741228718345       1.4636534899611533E-11   2.5132741228718345       1.4840765785219992E-11   2.5132741228718345       1.4964002261648358E-11   2.5132741228718345       1.4994281560655165E-11   2.5132741228718345       1.492555694446282E-11    2.5132741228718345       1.4762722372592886E-11   2.5132741228718345       1.4509956810998615E-11   2.5132741228718345       1.4179296584587384E-11   2.5132741228718345
3.7761943696149314        1.3408698986872303E-11   2.5069909375646553       1.3419275701862642E-11   2.5069909375646553       1.3485404315597917E-11   2.5069909375646553       1.362751546237421E-11    2.5069909375646553       1.3836853894273148E-11   2.5069909375646553       1.409329053581679E-11    2.5069909375646553       1.4373703259310364E-11   2.5069909375646553       1.4651960010604972E-11   2.5069909375646553       1.4901508094722258E-11   2.5069909375646553       1.5103181371861974E-11   2.5069909375646553       1.523530069558935E-11    2.5069909375646553       1.5299596572045487E-11   2.5069909375646553       1.5270976459921113E-11   2.5069909375646553       1.5152462771911416E-11   2.5069909375646553       1.4947023837599826E-11   2.5069909375646553       1.4662547684678435E-11   2.5069909375646553       1.4315913888231503E-11   2.5069909375646553       1.3922574930578157E-11   2.5069909375646553       1.350159569724135E-11    2.5069909375646553
3.782477554922111         1.4156876919398684E-11   2.5007077522574757       1.435055233146454E-11    2.5007077522574757       1.4570170462883743E-11   2.5007077522574757       1.4819654974435565E-11   2.5007077522574757       1.5078727442266367E-11   2.5007077522574757       1.532112950198867E-11    2.5007077522574757       1.5521220222164707E-11   2.5007077522574757       1.5658436238815657E-11   2.5007077522574757       1.571677058690424E-11    2.5007077522574757       1.5690207521502702E-11   2.5007077522574757       1.5574134673846617E-11   2.5007077522574757       1.5384159219371988E-11   2.5007077522574757       1.5113872174600123E-11   2.5007077522574757       1.478089825512974E-11    2.5007077522574757       1.4400807620209647E-11   2.5007077522574757       1.399212920759465E-11    2.5007077522574757       1.3577752449718608E-11   2.5007077522574757       1.3178544586852932E-11   2.5007077522574757       1.2813364989690439E-11   2.5007077522574757
3.7887607402292907        1.5184582629348796E-11   2.494424566950296        1.5486585367566128E-11   2.494424566950296        1.5751710795527356E-11   2.494424566950296        1.598133193677025E-11    2.494424566950296        1.615767505580518E-11    2.494424566950296        1.6260608242407814E-11   2.494424566950296        1.6274400242621043E-11   2.494424566950296        1.619336474620224E-11    2.494424566950296        1.6018410295421067E-11   2.494424566950296        1.5759675896394558E-11   2.494424566950296        1.5429511225603092E-11   2.494424566950296        1.5054563957662735E-11   2.494424566950296        1.4643385893378316E-11   2.494424566950296        1.4221366087848095E-11   2.494424566950296        1.3808952568908232E-11   2.494424566950296        1.3427718974434174E-11   2.494424566950296        1.3098291794808012E-11   2.494424566950296        1.2839400614306043E-11   2.494424566950296        1.2663050483676206E-11   2.494424566950296
3.79504392553647          1.6325667526421764E-11   2.488141381643117        1.6589479197462886E-11   2.488141381643117        1.67516333386486E-11     2.488141381643117        1.68271022501231E-11     2.488141381643117        1.681357358263928E-11    2.488141381643117        1.6705980459583942E-11   2.488141381643117        1.6505461095570532E-11   2.488141381643117        1.6223536789005028E-11   2.488141381643117        1.5876368896789265E-11   2.488141381643117        1.5486102286148665E-11   2.488141381643117        1.5074212819133655E-11   2.488141381643117        1.4670958197521987E-11   2.488141381643117        1.4290197805199166E-11   2.488141381643117        1.3955206863586112E-11   2.488141381643117        1.368200875541618E-11    2.488141381643117        1.3486600544660616E-11   2.488141381643117        1.3380270217028877E-11   2.488141381643117        1.3373143254599168E-11   2.488141381643117        1.3466634507732349E-11   2.488141381643117
3.80132711084365          1.7353735528541907E-11   2.4818581963359367       1.7434817289691084E-11   2.4818581963359367       1.7381761982864264E-11   2.4818581963359367       1.723262788313952E-11    2.4818581963359367       1.700547021792685E-11    2.4818581963359367       1.671127385672489E-11    2.4818581963359367       1.636629208067621E-11    2.4818581963359367       1.5993793443387203E-11   2.4818581963359367       1.5616679893959665E-11   2.4818581963359367       1.5260219525946334E-11   2.4818581963359367       1.494344542847741E-11    2.4818581963359367       1.4692071235091997E-11   2.4818581963359367       1.4514411396609505E-11   2.4818581963359367       1.4423396881162853E-11   2.4818581963359367       1.4423867577768746E-11   2.4818581963359367       1.4520249056244007E-11   2.4818581963359367       1.4711439817398966E-11   2.4818581963359367       1.499591499328764E-11    2.4818581963359367       1.5364822608689075E-11   2.4818581963359367
3.807610296150829         1.8103521275597013E-11   2.4755750110287575       1.7940171823038215E-11   2.4755750110287575       1.7661981499359155E-11   2.4755750110287575       1.7327792669308477E-11   2.4755750110287575       1.697032212522542E-11    2.4755750110287575       1.660915526518242E-11    2.4755750110287575       1.6266327266565756E-11   2.4755750110287575       1.5966346946897966E-11   2.4755750110287575       1.5727647791924578E-11   2.4755750110287575       1.5569294772828068E-11   2.4755750110287575       1.5497594760420854E-11   2.4755750110287575       1.552880158249194E-11    2.4755750110287575       1.5657953283389472E-11   2.4755750110287575       1.5884628499425566E-11   2.4755750110287575       1.6200845550044857E-11   2.4755750110287575       1.659845245701588E-11    2.4755750110287575       1.7065854289169194E-11   2.4755750110287575       1.759114736481399E-11    2.4755750110287575       1.8159165499633092E-11   2.4755750110287575
3.8138934814580088        1.8579004286949684E-11   2.4692918257215775       1.8238182995614668E-11   2.4692918257215775       1.784709848660991E-11    2.4692918257215775       1.747264766271129E-11    2.4692918257215775       1.714894800087312E-11    2.4692918257215775       1.68922232964946E-11     2.4692918257215775       1.6718169006589693E-11   2.4692918257215775       1.6641873516441035E-11   2.4692918257215775       1.666848854924282E-11    2.4692918257215775       1.6805224638195227E-11   2.4692918257215775       1.7040504593814454E-11   2.4692918257215775       1.7381612521199863E-11   2.4692918257215775       1.780801071586188E-11    2.4692918257215775       1.8308958003772605E-11   2.4692918257215775       1.886727495606848E-11    2.4692918257215775       1.9466229746761247E-11   2.4692918257215775       2.0089308321547738E-11   2.4692918257215775       2.0718934774160848E-11   2.4692918257215775       2.1339448937299686E-11   2.4692918257215775
3.8201766667651884        1.899762697651829E-11    2.4630086404143983       1.8659569589346118E-11   2.4630086404143983       1.835020006511922E-11    2.4630086404143983       1.81283454059598E-11     2.4630086404143983       1.8015648113801413E-11   2.4630086404143983       1.801480128173185E-11    2.4630086404143983       1.812619048647672E-11    2.4630086404143983       1.8349450522201262E-11   2.4630086404143983       1.8673803491247683E-11   2.4630086404143983       1.9094762168521517E-11   2.4630086404143983       1.9584328611418827E-11   2.4630086404143983       2.0146146498907005E-11   2.4630086404143983       2.0747139486227924E-11   2.4630086404143983       2.1373376706141522E-11   2.4630086404143983       2.2005332294863574E-11   2.4630086404143983       2.2624499848176354E-11   2.4630086404143983       2.3216056080449573E-11   2.4630086404143983       2.3762697896163346E-11   2.4630086404143983       2.4253716404333208E-11   2.4630086404143983
3.826459852072368         1.974237983605625E-11    2.4567254551072186       1.962587845421596E-11    2.4567254551072186       1.95901448524945E-11     2.4567254551072186       1.967528308086003E-11    2.4567254551072186       1.988318775443441E-11    2.4567254551072186       2.0200024714466206E-11   2.4567254551072186       2.060919059009034E-11    2.4567254551072186       2.1096032518046946E-11   2.4567254551072186       2.1638222742661834E-11   2.4567254551072186       2.222497246599725E-11    2.4567254551072186       2.2818966206201915E-11   2.4567254551072186       2.342753432018431E-11    2.4567254551072186       2.401149827820125E-11    2.4567254551072186       2.4561610540751692E-11   2.4567254551072186       2.506301229599687E-11    2.4567254551072186       2.5501856176967018E-11   2.4567254551072186       2.5870077055618092E-11   2.4567254551072186       2.6155315237512327E-11   2.4567254551072186       2.6355157953080968E-11   2.4567254551072186
3.8327430373795477        2.122705623871998E-11    2.450442269800039        2.148331101649272E-11    2.450442269800039        2.1813889159966826E-11   2.450442269800039        2.2240950192258706E-11   2.450442269800039        2.2749819170930345E-11   2.450442269800039        2.3315949921154622E-11   2.450442269800039        2.391180024825713E-11    2.450442269800039        2.4516072657724477E-11   2.450442269800039        2.5103985528195627E-11   2.450442269800039        2.566640074093895E-11    2.450442269800039        2.616651273886252E-11    2.450442269800039        2.6621096078597642E-11   2.450442269800039        2.6992006878642598E-11   2.450442269800039        2.72801679224261E-11     2.450442269800039        2.7479913313893607E-11   2.450442269800039        2.758553368235208E-11    2.450442269800039        2.7597868268895357E-11   2.450442269800039        2.7511176832869706E-11   2.450442269800039        2.7331919483229437E-11   2.450442269800039
3.8390262226867273        2.3720698028441334E-11   2.444159084492859        2.4338224858030494E-11   2.444159084492859        2.4959591437074823E-11   2.444159084492859        2.5601096057135414E-11   2.444159084492859        2.6243630105356443E-11   2.444159084492859        2.6863583634918188E-11   2.444159084492859        2.743298014472014E-11    2.444159084492859        2.7934294623437175E-11   2.444159084492859        2.8349793771457563E-11   2.444159084492859        2.8679011118995078E-11   2.444159084492859        2.8894383050938522E-11   2.444159084492859        2.9023737285460155E-11   2.444159084492859        2.903542116739757E-11    2.444159084492859        2.894178932878322E-11    2.444159084492859        2.8747197686465944E-11   2.444159084492859        2.845367799111413E-11    2.444159084492859        2.8070185451899965E-11   2.444159084492859        2.7596111581061255E-11   2.444159084492859        2.704487804651905E-11    2.444159084492859
3.845309407993907         2.7204327983441306E-11   2.4378758991856797       2.7965653433956058E-11   2.4378758991856797       2.862299169372016E-11    2.4378758991856797       2.920385801963643E-11    2.4378758991856797       2.9699560362329726E-11   2.4378758991856797       3.0098739017390794E-11   2.4378758991856797       3.038264728828413E-11    2.4378758991856797       3.0545613705543395E-11   2.4378758991856797       3.058258717728581E-11    2.4378758991856797       3.0504865435812955E-11   2.4378758991856797       3.0298436436407195E-11   2.4378758991856797       2.9999018458932976E-11   2.4378758991856797       2.958382614122834E-11    2.4378758991856797       2.9073479745407635E-11   2.4378758991856797       2.8479858640755658E-11   2.4378758991856797       2.7809297453409133E-11   2.4378758991856797       2.707590237973466E-11    2.4378758991856797       2.628088403355402E-11    2.4378758991856797       2.5441050247623535E-11   2.4378758991856797
3.851592593301086         3.1322645576050604E-11   2.4315927138785005       3.183433232365904E-11    2.4315927138785005       3.214883780475865E-11    2.4315927138785005       3.231738453688476E-11    2.4315927138785005       3.235111779945514E-11    2.4315927138785005       3.2255490637844355E-11   2.4315927138785005       3.2024921096371976E-11   2.4315927138785005       3.16670624757995E-11     2.4315927138785005       3.1188904742363E-11      2.4315927138785005       3.0611119230972645E-11   2.4315927138785005       2.993162900976555E-11    2.4315927138785005       2.918735314311434E-11    2.4315927138785005       2.836339961130108E-11    2.4315927138785005       2.7482365576689802E-11   2.4315927138785005       2.6559173029533968E-11   2.4315927138785005       2.559983244049157E-11    2.4315927138785005       2.4619433450218575E-11   2.4315927138785005       2.3617794476786034E-11   2.4315927138785005       2.2610951702528762E-11   2.4315927138785005
3.8578757786082662        3.5450260432274545E-11   2.4253095285713204       3.523777285363548E-11    2.4253095285713204       3.480915793158899E-11    2.4253095285713204       3.4238794267364056E-11   2.4253095285713204       3.3555335638067156E-11   2.4253095285713204       3.27751714512394E-11     2.4253095285713204       3.190162181303583E-11    2.4253095285713204       3.0949049979153887E-11   2.4253095285713204       2.9929784977564696E-11   2.4253095285713204       2.886644681159677E-11    2.4253095285713204       2.7762255973869704E-11   2.4253095285713204       2.6647421914070398E-11   2.4253095285713204       2.5511330014405596E-11   2.4253095285713204       2.4371459139578787E-11   2.4253095285713204       2.3240869134492488E-11   2.4253095285713204       2.212128336748436E-11    2.4253095285713204       2.1024504874402952E-11   2.4253095285713204       1.9947170497271116E-11   2.4253095285713204       1.890097533100491E-11    2.4253095285713204
3.8641589639154454        3.8847577399851784E-11   2.4190263432641412       3.748035736743247E-11    2.4190263432641412       3.599769692188942E-11    2.4190263432641412       3.4479987087007774E-11   2.4190263432641412       3.2957642450007745E-11   2.4190263432641412       3.1442330754601664E-11   2.4190263432641412       2.9934604345420163E-11   2.4190263432641412       2.8442848810499798E-11   2.4190263432641412       2.697434046412952E-11    2.4190263432641412       2.5543602544121063E-11   2.4190263432641412       2.415027069783824E-11    2.4190263432641412       2.281111496289339E-11    2.4190263432641412       2.1514958502396243E-11   2.4190263432641412       2.0268721657160694E-11   2.4190263432641412       1.9079581280105144E-11   2.4190263432641412       1.7942804008225094E-11   2.4190263432641412       1.6863768467841245E-11   2.4190263432641412       1.583571064395799E-11    2.4190263432641412       1.4863977164559543E-11   2.4190263432641412
3.870442149222625         4.0857503830335125E-11   2.4127431579569616       3.8060688528719745E-11   2.4127431579569616       3.538260798512678E-11    2.4127431579569616       3.287876948694195E-11    2.4127431579569616       3.055583689072798E-11    2.4127431579569616       2.8399893692696092E-11   2.4127431579569616       2.6393201611633315E-11   2.4127431579569616       2.4523912823090178E-11   2.4127431579569616       2.2783541137787097E-11   2.4127431579569616       2.1169325831657722E-11   2.4127431579569616       1.9669494470654906E-11   2.4127431579569616       1.828356536844944E-11    2.4127431579569616       1.6995463706863E-11      2.4127431579569616       1.5799381118190187E-11   2.4127431579569616       1.4694360048429418E-11   2.4127431579569616       1.3669068840880486E-11   2.4127431579569616       1.2721437237806598E-11   2.4127431579569616       1.1842017673272101E-11   2.4127431579569616       1.102975047385584E-11    2.4127431579569616
3.8767253345298047        4.108646532463044E-11    2.406459972649782        3.6805401892656405E-11   2.406459972649782        3.298762870405097E-11    2.406459972649782        2.962710239580172E-11    2.406459972649782        2.6678815375038852E-11   2.406459972649782        2.408360927036127E-11    2.406459972649782        2.179092492325063E-11    2.406459972649782        1.975772276584201E-11    2.406459972649782        1.7951890390776247E-11   2.406459972649782        1.634807983510505E-11    2.406459972649782        1.491880004092E-11       2.406459972649782        1.3646085314694505E-11   2.406459972649782        1.2506591405805852E-11   2.406459972649782        1.1483054093410405E-11   2.406459972649782        1.0566259184314876E-11   2.406459972649782        9.739751096276936E-12    2.406459972649782        8.995225233656287E-12    2.406459972649782        8.321575294275122E-12    2.406459972649782        7.712863047242928E-12    2.406459972649782
3.8830085198369844        3.9513647577163366E-11   2.4001767873426023       3.391664654101708E-11    2.4001767873426023       2.91860801290617E-11     2.4001767873426023       2.5221846952207606E-11   2.4001767873426023       2.1904989559008746E-11   2.4001767873426023       1.9118300973661066E-11   2.4001767873426023       1.6769192043028077E-11   2.4001767873426023       1.47789574353302E-11     2.4001767873426023       1.3088889494900337E-11   2.4001767873426023       1.1650926705197698E-11   2.4001767873426023       1.042190906392603E-11    2.4001767873426023       9.36930276131257E-12     2.4001767873426023       8.46271757673943E-12     2.4001767873426023       7.67704717033893E-12     2.4001767873426023       6.996575447898212E-12    2.4001767873426023       6.402105321074504E-12    2.4001767873426023       5.881684063644677E-12    2.4001767873426023       5.42363956414149E-12     2.4001767873426023       5.0194173064091994E-12   2.4001767873426023
3.889291705144164         3.648836830040416E-11    2.3938936020354227       2.991250589778092E-11    2.3938936020354227       2.4601877972577185E-11   2.3938936020354227       2.034219947497595E-11    2.3938936020354227       1.692969713130316E-11    2.3938936020354227       1.4186138223457109E-11   2.3938936020354227       1.1975364286799583E-11   2.3938936020354227       1.018559064045248E-11    2.3938936020354227       8.733878641788728E-12    2.3938936020354227       7.553802466975864E-12    2.3938936020354227       6.590217841670404E-12    2.3938936020354227       5.800896348686419E-12    2.3938936020354227       5.150808779685456E-12    2.3938936020354227       4.6113456365023726E-12   2.3938936020354227       4.163139588047522E-12    2.3938936020354227       3.7867897666762105E-12   2.3938936020354227       3.4693834244784035E-12   2.3938936020354227       3.1997943180984534E-12   2.3938936020354227       2.9689992386404627E-12   2.3938936020354227
3.8955748904513436        3.261462817268251E-11    2.387610416728243        2.5474708480415466E-11   2.387610416728243        1.9939496030031947E-11   2.387610416728243        1.56766086252179E-11     2.387610416728243        1.2399720499154184E-11   2.387610416728243        9.876134725242942E-12    2.387610416728243        7.932011843889282E-12    2.387610416728243        6.430445063660217E-12    2.387610416728243        5.270790094349345E-12    2.387610416728243        4.375130427083014E-12    2.387610416728243        3.681949087276363E-12    2.387610416728243        3.14472660521714E-12     2.387610416728243        2.727226126399061E-12    2.387610416728243        2.4010690237817563E-12   2.387610416728243        2.146197145873909E-12    2.387610416728243        1.9450556451232284E-12   2.387610416728243        1.7856831271557822E-12   2.387610416728243        1.658456968351603E-12    2.387610416728243        1.5554047677557529E-12   2.387610416728243
3.9018580757585233        2.8568671358871924E-11   2.3813272314210634       2.125877431191752E-11    2.3813272314210634       1.58005765206188E-11     2.3813272314210634       1.1754495691359669E-11   2.3813272314210634       8.764647341493111E-12    2.3813272314210634       6.557014770727151E-12    2.3813272314210634       4.9309527203523234E-12   2.3813272314210634       3.734880390560343E-12    2.3813272314210634       2.858886189081272E-12    2.3813272314210634       2.2208116117341534E-12   2.3813272314210634       1.7584012758196823E-12   2.3813272314210634       1.4255709240439776E-12   2.3813272314210634       1.1880338287628805E-12   2.3813272314210634       1.0201104562795774E-12   2.3813272314210634       9.033303992520129E-13    2.3813272314210634       8.231443454329179E-13    2.3813272314210634       7.694962921430259E-13    2.3813272314210634       7.34788860680129E-13     2.3813272314210634       7.128455987143146E-13    2.3813272314210634
3.9081412610657025        2.4919619688744495E-11   2.375044046113884        1.7736873547266118E-11   2.375044046113884        1.2554195351139076E-11   2.375044046113884        8.844980703946651E-12    2.375044046113884        6.202398653740597E-12    2.375044046113884        4.326553847032587E-12    2.375044046113884        3.0023538509455242E-12   2.375044046113884        2.073556898390771E-12    2.375044046113884        1.4289124108940632E-12   2.375044046113884        9.880011283210107E-13    2.375044046113884        6.920604359456914E-13    2.375044046113884        4.987400191619143E-13    2.375044046113884        3.777058597589033E-13    2.375044046113884        3.0711968568514724E-13   2.375044046113884        2.713348813328133E-13    2.375044046113884        2.590122343764548E-13    2.375044046113884        2.6224098660302654E-13   2.375044046113884        2.7540531020783244E-13   2.375044046113884        2.941906902642505E-13    2.375044046113884
3.9144244463728826        2.2011030595603232E-11   2.368760860806704        1.5120786697240028E-11   2.368760860806704        1.0297582151475318E-11   2.368760860806704        6.950029465742023E-12    2.368760860806704        4.638874146555126E-12    2.368760860806704        3.0519911175105775E-12   2.368760860806704        1.970458271391024E-12    2.368760860806704        1.2408238517097221E-12   2.368760860806704        7.561836483301565E-13    2.368760860806704        4.4167213432532165E-13   2.368760860806704        2.442541362786268E-13    2.368760860806704        1.2693177596194147E-13   2.368760860806704        6.394559662920517E-14    2.368760860806704        3.739206896205635E-14    2.368760860806704        3.47005689976428E-14     2.368760860806704        4.724582200356206E-14    2.368760860806704        6.90633854900702E-14     2.368760860806704        9.607326592395113E-14    2.368760860806704        1.2543689228104837E-13   2.368760860806704
3.9207076316800618        1.9927150379127295E-11   2.3624776754995245       1.3371793206567886E-11   2.3624776754995245       8.899605706406667E-12    2.3624776754995245       5.872526772075021E-12    2.3624776754995245       3.832964020631118E-12    2.3624776754995245       2.4657717920087553E-12   2.3624776754995245       1.5551292932490576E-12   2.3624776754995245       9.543725231742524E-13    2.3624776754995245       5.637814283410756E-13    2.3624776754995245       3.155312659639039E-13    2.3624776754995245       1.6275440001203302E-13   2.3624776754995245       7.393224692005887E-14    2.3624776754995245       2.7448701580918536E-14   2.3624776754995245       8.775739366475016E-15    2.3624776754995245       8.001383869256561E-15    2.3624776754995245       1.8433051256105968E-14   2.3624776754995245       3.5598428475609737E-14   2.3624776754995245       5.642028486651869E-14    2.3624776754995245       7.898170055116798E-14    2.3624776754995245
3.9269908169872414        1.8535624982059502E-11   2.3561944901923453       1.2274166689719437E-11   2.3561944901923453       8.092736420458714E-12    2.3561944901923453       5.317357047302268E-12    2.3561944901923453       3.4798926713375504E-12   2.3561944901923453       2.2663261061888174E-12   2.3561944901923453       1.4668634118332611E-12   2.3561944901923453       9.42519511966958E-13     2.3561944901923453       6.011694433213254E-13    2.3561944901923453       3.8166950530380635E-13   2.3561944901923453       2.4263353286211147E-13   2.3561944901923453       1.5717175701159374E-13   2.3561944901923453       1.0690560301314835E-13   2.3561944901923453       7.986650106325378E-14    2.3561944901923453       6.81021582710646E-14     2.3561944901923453       6.61564255904935E-14     2.3561944901923453       7.051336512797164E-14    2.3561944901923453       7.870894209887843E-14    2.3561944901923453       8.927291724348947E-14    2.3561944901923453
3.933274002294421         1.7579613692513633E-11   2.3499113048851656       1.1538261478749944E-11   2.3499113048851656       7.57702738049207E-12     2.3499113048851656       4.989689846586228E-12    2.3499113048851656       3.2997752093379906E-12   2.3499113048851656       2.1946690121145567E-12   2.3499113048851656       1.4705351590012968E-12   2.3499113048851656       9.950377252283884E-13    2.3499113048851656       6.826222637373659E-13    2.3499113048851656       4.775108983382247E-13    2.3499113048851656       3.427207896018002E-13    2.3499113048851656       2.5480906431624176E-13   2.3499113048851656       1.977706094026211E-13    2.3499113048851656       1.614461387703736E-13    2.3499113048851656       1.3918931444219026E-13   2.3499113048851656       1.2635891591635868E-13   2.3499113048851656       1.199709378213413E-13    2.3499113048851656       1.179807287276162E-13    2.3499113048851656       1.1909281154871502E-13   2.3499113048851656
3.9395571876016007        1.6784530121139292E-11   2.343628119577986        1.0900054079560559E-11   2.343628119577986        7.107783487654886E-12    2.343628119577986        4.668712731193331E-12    2.343628119577986        3.0970702890858882E-12   2.343628119577986        2.080189592194844E-12    2.343628119577986        1.4187793441853579E-12   2.343628119577986        9.856035821029054E-13    2.343628119577986        7.002717561666369E-13    2.343628119577986        5.110252546910268E-13    2.343628119577986        3.8434088132945963E-13   2.343628119577986        2.992455085290033E-13    2.343628119577986        2.4155695384614967E-13   2.343628119577986        2.0242913195485245E-13   2.343628119577986        1.7610126053659707E-13   2.343628119577986        1.5859834271871174E-13   2.343628119577986        1.4727352313656196E-13   2.343628119577986        1.4044392369006771E-13   2.343628119577986        1.3690833957294442E-13   2.343628119577986
3.94584037290878          1.594537718889976E-11    2.3373449342708064       1.0189928411675202E-11   2.3373449342708064       6.5470929428149475E-12   2.3373449342708064       4.2441195064308595E-12   2.3373449342708064       2.784680940545531E-12    2.3373449342708064       1.854954794494713E-12    2.3373449342708064       1.258980031826954E-12    2.3373449342708064       8.7360815644287E-13      2.3373449342708064       6.225828467821853E-13    2.3373449342708064       4.573778783533425E-13    2.3373449342708064       3.4735857496837537E-13   2.3373449342708064       2.735001172302979E-13    2.3373449342708064       2.2322333659089038E-13   2.3373449342708064       1.8878104390809545E-13   2.3373449342708064       1.651410153959026E-13    2.3373449342708064       1.4900092665188397E-13   2.3373449342708064       1.3805686306986956E-13   2.3373449342708064       1.3098953325801023E-13   2.3373449342708064       1.2672525567934698E-13   2.3373449342708064
3.95212355821596          1.4971053322190627E-11   2.3310617489636263       9.355484728422593E-12    2.3310617489636263       5.8705338812371376E-12   2.3310617489636263       3.711325189780123E-12    2.3310617489636263       2.3715608851791414E-12   2.3310617489636263       1.5367671965674318E-12   2.3310617489636263       1.0142075623988347E-12   2.3310617489636263       6.847800291398838E-13    2.3310617489636263       4.760286087046667E-13    2.3310617489636263       3.425423623079001E-13    2.3310617489636263       2.563765908737545E-13    2.3310617489636263       2.0034179173791487E-13   2.3310617489636263       1.6344013787206892E-13   2.3310617489636263       1.3899368862606504E-13   2.3310617489636263       1.227153081581146E-13    2.3310617489636263       1.120003782687137E-13    2.3310617489636263       1.0496945232264185E-13   2.3310617489636263       1.0066976461363102E-13   2.3310617489636263       9.823018045421608E-14    2.3310617489636263
3.9584067435231396        1.3880441859640127E-11   2.324778563656447        8.440728783508989E-12    2.324778563656447        5.136005834358319E-12    2.324778563656447        3.1346507726743985E-12   2.324778563656447        1.9235765823679217E-12   2.324778563656447        1.189946053259679E-12    2.324778563656447        7.453653677545468E-13    2.324778563656447        4.755654897618076E-13    2.324778563656447        3.121655677466727E-13    2.324778563656447        2.1317043675215705E-13   2.324778563656447        1.5335441421882242E-13   2.324778563656447        1.1744483260082836E-13   2.324778563656447        9.604171561944553E-14    2.324778563656447        8.355041053167988E-14    2.324778563656447        7.648313464229788E-14    2.324778563656447        7.289075185756785E-14    2.324778563656447        7.136532656189821E-14    2.324778563656447        7.128590065773598E-14    2.324778563656447        7.205023044421362E-14    2.324778563656447
3.964689928830319         1.276329229034974E-11    2.318495378349268        7.53943401263952E-12     2.318495378349268        4.434679095860091E-12    2.318495378349268        2.59900856622634E-12     2.318495378349268        1.5176931085949568E-12   2.318495378349268        8.828995949055397E-13    2.318495378349268        5.124139398842934E-13    2.318495378349268        2.9792739945648896E-13   2.318495378349268        1.7567892359045861E-13   2.318495378349268        1.0744085106258018E-13   2.318495378349268        7.076569235237525E-14    2.318495378349268        5.235710796106323E-14    2.318495378349268        4.4353003175965526E-14   2.318495378349268        4.2193361535707687E-14   2.318495378349268        4.3172802475021626E-14   2.318495378349268        4.5875812124322275E-14   2.318495378349268        4.933688231203296E-14    2.318495378349268        5.318396884076714E-14    2.318495378349268        5.709798983384736E-14    2.318495378349268
3.970973114137499         1.1728029197487021E-11   2.312212193042088        6.745463152993093E-12    2.312212193042088        3.846056353755734E-12    2.312212193042088        2.1706333824638174E-12   2.312212193042088        1.20845537226688E-12     2.312212193042088        6.600313708201209E-13    2.312212193042088        3.5112227833467683E-13   2.312212193042088        1.8030098881761654E-13   2.312212193042088        8.885340052841428E-14    2.312212193042088        4.244560559373624E-14    2.312212193042088        2.133339857550771E-14    2.312212193042088        1.411246761973961E-14    2.312212193042088        1.427496096392638E-14    2.312212193042088        1.8150082515791157E-14   2.312212193042088        2.368666883929987E-14    2.312212193042088        2.984098472776219E-14    2.312212193042088        3.599203625925923E-14    2.312212193042088        4.1910092667316275E-14   2.312212193042088        4.749394027694949E-14    2.312212193042088
3.977256299444678         1.0856796244883341E-11   2.305929007734908        6.117067124184547E-12    2.305929007734908        3.4106909567807727E-12   2.305929007734908        1.8771328299908824E-12   2.305929007734908        1.014192270902835E-12    2.305929007734908        5.330322096639332E-13    2.305929007734908        2.6849876351601913E-13   2.305929007734908        1.2638002485876671E-13   2.305929007734908        5.3057819499145204E-14   2.305929007734908        1.7888528194599698E-14   2.305929007734908        3.55688950314286E-15     2.305929007734908        3.0800201967317686E-16   2.305929007734908        2.6991156413623225E-15   2.305929007734908        7.736294338311891E-15    2.305929007734908        1.3814808833753085E-14   2.305929007734908        2.0110095386224287E-14   2.305929007734908        2.620526816728037E-14    2.305929007734908        3.192151777998316E-14    2.305929007734908        3.724924810644448E-14    2.305929007734908
3.9835394847518577        1.018001934181689E-11    2.2996458224277285       5.662274588680858E-12    2.2996458224277285       3.1233725097149997E-12   2.2996458224277285       1.7061557005780436E-12   2.2996458224277285       9.194114096195207E-13    2.2996458224277285       4.85733206307916E-13     2.2996458224277285       2.4918872522649546E-13   2.2996458224277285       1.2243035922622522E-13   2.2996458224277285       5.655797765674416E-14    2.2996458224277285       2.4138842764235917E-14   2.2996458224277285       9.863531705532611E-15    2.2996458224277285       5.285232020389757E-15    2.2996458224277285       5.701209905069061E-15    2.2996458224277285       8.574481653894046E-15    2.2996458224277285       1.2533300761017571E-14   2.2996458224277285       1.6856965062892094E-14   2.2996458224277285       2.1190324456002675E-14   2.2996458224277285       2.5349467964708804E-14   2.2996458224277285       2.9295229180555253E-14   2.2996458224277285
3.9898226700590373        9.673929210990536E-12    2.2933626371205493       5.344376286972308E-12    2.2933626371205493       2.9428615844969224E-12   2.2933626371205493       1.616922359575509E-12    2.2933626371205493       8.865401202664679E-13    2.2933626371205493       4.850859005773579E-13    2.2933626371205493       2.651230556622995E-13    2.2933626371205493       1.4531349449643474E-13   2.2933626371205493       8.081023109162178E-14    2.2933626371205493       4.678692878403336E-14    2.2933626371205493       2.949168752181273E-14    2.2933626371205493       2.1438143436109342E-14   2.2933626371205493       1.8392455512772173E-14   2.2933626371205493       1.8101248928411834E-14   2.2933626371205493       1.9278202737630577E-14   2.2933626371205493       2.123406511710045E-14    2.2933626371205493       2.358078640421465E-14    2.2933626371205493       2.610190825934644E-14    2.2933626371205493       2.867760617158544E-14    2.2933626371205493
3.996105855366217         9.27714457431497E-12     2.2870794518133697       5.101439060881117E-12    2.2870794518133697       2.8114913313788313E-12   2.2870794518133697       1.5583022964674622E-12   2.2870794518133697       8.716617849870188E-13    2.2870794518133697       4.942196250255346E-13    2.2870794518133697       2.8584309719986705E-13   2.2870794518133697       1.701841975927285E-13    2.2870794518133697       1.0572634246833999E-13   2.2870794518133697       6.969342542485202E-14    2.2870794518133697       4.953881265954693E-14    2.2870794518133697       3.84696036544203E-14     2.2870794518133697       3.2569954834003624E-14   2.2870794518133697       2.977207491666081E-14    2.2870794518133697       2.882548508095177E-14    2.2870794518133697       2.904211238485199E-14    2.2870794518133697       2.998495056213687E-14    2.2870794518133697       3.139486872179237E-14    2.2870794518133697       3.310049467777877E-14    2.2870794518133697
4.002389040673396         8.917224542019086E-12    2.2807962665061905       4.870882950472756E-12    2.2807962665061905       2.6767473618409543E-12   2.2807962665061905       1.4871156815420066E-12   2.2807962665061905       8.396899100244811E-13    2.2807962665061905       4.84819358724619E-13     2.2807962665061905       2.884983291366074E-13    2.2807962665061905       1.7851762232902459E-13   2.2807962665061905       1.1611513329975773E-13   2.2807962665061905       8.018481751677925E-14    2.2807962665061905       5.918970364136082E-14    2.2807962665061905       4.689298571997242E-14    2.2807962665061905       3.967596999410355E-14    2.2807962665061905       3.563366968660042E-14    2.2807962665061905       3.358257148237505E-14    2.2807962665061905       3.284842340411078E-14    2.2807962665061905       3.299302904132735E-14    2.2807962665061905       3.3725155022214796E-14   2.2807962665061905       3.4883587674473565E-14   2.2807962665061905
4.008672225980576         8.536157593292556E-12    2.2745130811990104       4.6097305289367895E-12   2.2745130811990104       2.5071247364698995E-12   2.2745130811990104       1.3804904112686029E-12   2.2745130811990104       7.740863470728571E-13    2.2745130811990104       4.449324584587654E-13    2.2745130811990104       2.643624961408158E-13    2.2745130811990104       1.6381997641335456E-13   2.2745130811990104       1.069729328242365E-13    2.2745130811990104       7.422191879679426E-14    2.2745130811990104       5.4988203931305395E-14   2.2745130811990104       4.3577050101014595E-14   2.2745130811990104       3.6730474778428537E-14   2.2745130811990104       3.273666246900552E-14    2.2745130811990104       3.054413549279353E-14    2.2745130811990104       2.9541063989154454E-14   2.2745130811990104       2.935004390573214E-14    2.2745130811990104       2.9686716640990534E-14   2.2745130811990104       3.043844081421966E-14    2.2745130811990104
4.0149554112877555        8.106007313009833E-12    2.268229895891831        4.304077000650818E-12    2.268229895891831        2.297454413173882E-12    2.268229895891831        1.238515426869242E-12    2.268229895891831        6.779055596258063E-13    2.268229895891831        3.791322943975825E-13    2.268229895891831        2.1862379584357023E-13   2.268229895891831        1.3137323480290208E-13   2.268229895891831        8.3394735127036E-14      2.268229895891831        5.660181633347161E-14    2.268229895891831        4.140674293081856E-14    2.268229895891831        3.2713028365577913E-14   2.268229895891831        2.770204154112124E-14    2.268229895891831        2.490493565170187E-14    2.268229895891831        2.3456526460759126E-14   2.268229895891831        2.286702816428598E-14    2.268229895891831        2.2853454962966472E-14   2.268229895891831        2.3194183892422957E-14   2.268229895891831        2.3823837207373546E-14   2.268229895891831
4.0212385965949355        7.631314849500482E-12    2.2619467105846507       3.966659371412513E-12    2.2619467105846507       2.0639014002618694E-12   2.2619467105846507       1.078057585130049E-12    2.2619467105846507       5.672484507320648E-13    2.2619467105846507       3.0205317611775085E-13   2.2619467105846507       1.6421140332508475E-13   2.2619467105846507       9.242130933690546E-14    2.2619467105846507       5.510392789598962E-14    2.2619467105846507       3.576228740878489E-14    2.2619467105846507       2.5844799249650988E-14   2.2619467105846507       2.0909627835212908E-14   2.2619467105846507       1.8615388989579363E-14   2.2619467105846507       1.7771213838784926E-14   2.2619467105846507       1.7718758051270073E-14   2.2619467105846507       1.8125681004093528E-14   2.2619467105846507       1.8802575572623683E-14   2.2619467105846507       1.9630282087118703E-14   2.2619467105846507       2.057326921366875E-14    2.2619467105846507
4.027521781902115         7.140429846933813E-12    2.255663525277472        3.626212551553936E-12    2.255663525277472        1.8330333693357477E-12   2.255663525277472        9.224023387518217E-13    2.255663525277472        4.618310506342913E-13    2.255663525277472        2.2996827044686867E-13   2.255663525277472        1.14303877674782E-13     2.255663525277472        5.74646991619325E-14     2.255663525277472        3.035855616919953E-14    2.255663525277472        1.8121038833420204E-14   2.255663525277472        1.3236839523814657E-14   2.255663525277472        1.1921938040075462E-14   2.255663525277472        1.2286462001432862E-14   2.255663525277472        1.3413854443860818E-14   2.255663525277472        1.4837862281718306E-14   2.255663525277472        1.6372107835688774E-14   2.255663525277472        1.7905552257678037E-14   2.255663525277472        1.941698683107549E-14    2.255663525277472        2.0893819017450673E-14   2.255663525277472
4.033804967209294         6.671138564690083E-12    2.2493803399702923       3.3142375206377875E-12   2.2493803399702923       1.630390351608545E-12    2.2493803399702923       7.917861059347387E-13    2.2493803399702923       3.773722849864346E-13    2.2493803399702923       1.7482247194493823E-13   2.2493803399702923       7.775350549790365E-14    2.2493803399702923       3.283548383964405E-14    2.2493803399702923       1.3456849143900753E-14   2.2493803399702923       6.327926790176396E-15    2.2493803399702923       4.8951857883259785E-15   2.2493803399702923       5.964261375463756E-15    2.2493803399702923       8.01522084873974E-15     2.2493803399702923       1.0357919344834954E-14   2.2493803399702923       1.2676585320004923E-14   2.2493803399702923       1.4878720122450144E-14   2.2493803399702923       1.691724816786661E-14    2.2493803399702923       1.8823521808078134E-14   2.2493803399702923       2.061199121212279E-14    2.2493803399702923
4.040088152516474         6.256277987032849E-12    2.243097154663112        3.0539096430256792E-12   2.243097154663112        1.4722627580352918E-12   2.243097154663112        6.975754349544224E-13    2.243097154663112        3.2172761965058256E-13   2.243097154663112        1.4194566680617515E-13   2.243097154663112        5.807155935928557E-14    2.243097154663112        2.0717387969728412E-14   2.243097154663112        5.608723243475814E-15    2.243097154663112        8.596303044818363E-16    2.243097154663112        7.319072154210677E-16    2.243097154663112        2.4973622431445968E-15   2.243097154663112        4.894038057346065E-15    2.243097154663112        7.379944790251766E-15    2.243097154663112        9.731950954596221E-15    2.243097154663112        1.1887789366811599E-14   2.243097154663112        1.3846502007626536E-14   2.243097154663112        1.563810339360188E-14    2.243097154663112        1.7300276328457848E-14   2.243097154663112
4.046371337823653         5.913573650842183E-12    2.2368139693559335       2.853787033622603E-12    2.2368139693559335       1.36204797584925E-12     2.2368139693559335       6.404170743545394E-13    2.2368139693559335       2.942355739148301E-13    2.2368139693559335       1.301935499913269E-13    2.2368139693559335       5.4095520976254204E-14   2.2368139693559335       2.0168207012797285E-14   2.2368139693559335       6.204877574693315E-15    2.2368139693559335       1.4769184816893368E-15   2.2368139693559335       8.743101833692758E-16    2.2368139693559335       1.9917632663933434E-15   2.2368139693559335       3.713295045120299E-15    2.2368139693559335       5.562353427356335E-15    2.2368139693559335       7.347002697541406E-15    2.2368139693559335       8.989478563743185E-15    2.2368139693559335       1.0503829389225215E-14   2.2368139693559335       1.1889261558334944E-14   2.2368139693559335       1.3184108035625172E-14   2.2368139693559335
4.052654523130833         5.641898867339194E-12    2.2305307840487534       2.7070870643001803E-12   2.2305307840487534       1.2910486899619101E-12   2.2305307840487534       6.116601793598915E-13    2.2305307840487534       2.872342044451493E-13    2.2305307840487534       1.332624709563128E-13    2.2305307840487534       6.094818828350738E-14    2.2305307840487534       2.7655858845461158E-14   2.2305307840487534       1.2911050627373007E-14   2.2305307840487534       6.885111965941936E-15    2.2305307840487534       4.914919036266403E-15    2.2305307840487534       4.792778296183005E-15    2.2305307840487534       5.462944409211931E-15    2.2305307840487534       6.4526462472654984E-15   2.2305307840487534       7.55163921038925E-15     2.2305307840487534       8.650687038379218E-15    2.2305307840487534       9.739116812927645E-15    2.2305307840487534       1.0788454489774704E-14   2.2305307840487534       1.1808147082182032E-14   2.2305307840487534
4.0589377084380125        5.424040304046659E-12    2.224247598741574        2.5958194421669254E-12   2.224247598741574        1.242768798341037E-12    2.224247598741574        5.971994825094165E-13    2.224247598741574        2.89172840235773E-13     2.224247598741574        1.4197656416578214E-13   2.224247598741574        7.150480079429996E-14    2.224247598741574        3.775617052348098E-14    2.224247598741574        2.1666731088834948E-14   2.224247598741574        1.4100832187659009E-14   2.224247598741574        1.0709444355875258E-14   2.224247598741574        9.40208253547415E-15     2.224247598741574        9.139743977743103E-15    2.224247598741574        9.427284447323146E-15    2.224247598741574        1.0012661498154462E-14   2.224247598741574        1.076222540910211E-14    2.224247598741574        1.1612351045623709E-14   2.224247598741574        1.2526010494225447E-14   2.224247598741574        1.3469698863071932E-14   2.224247598741574
4.065220893745193         5.234124267833794E-12    2.2179644134343937       2.4978331240568637E-12   2.2179644134343937       1.1990483450814864E-12   2.2179644134343937       5.825451952344235E-13    2.2179644134343937       2.886602305833215E-13    2.2179644134343937       1.474369077158966E-13    2.2179644134343937       7.879324333654567E-14    2.2179644134343937       4.4947544285223465E-14   2.2179644134343937       2.8005727869246603E-14   2.2179644134343937       1.9403751791835597E-14   2.2179644134343937       1.504450383201562E-14    2.2179644134343937       1.2928887751586877E-14   2.2179644134343937       1.2035328510400203E-14   2.2179644134343937       1.1855042599639944E-14   2.2179644134343937       1.2101551562278966E-14   2.2179644134343937       1.2633325776097107E-14   2.2179644134343937       1.3334541126332308E-14   2.2179644134343937       1.4173544020658396E-14   2.2179644134343937       1.5085882346069857E-14   2.2179644134343937
4.071504079052372         5.046598865857497E-12    2.2116812281272145       2.3940899386305E-12      2.2116812281272145       1.1458395116167135E-12   2.2116812281272145       5.573861264392238E-13    2.2116812281272145       2.781102315677858E-13    2.2116812281272145       1.4400880341662807E-13   2.2116812281272145       7.85422645562562E-14     2.2116812281272145       4.5892101509839365E-14   2.2116812281272145       2.9207775738579504E-14   2.2116812281272145       2.0462409572660656E-14   2.2116812281272145       1.581481928493659E-14    2.2116812281272145       1.3378041021217643E-14   2.2116812281272145       1.2181153513979895E-14   2.2116812281272145       1.1732894744510513E-14   2.2116812281272145       1.1742442281487327E-14   2.2116812281272145       1.2076897399780161E-14   2.2116812281272145       1.2596582242438549E-14   2.2116812281272145       1.3276233060844055E-14   2.2116812281272145       1.404846437915498E-14    2.2116812281272145
4.077787264359552         4.843601344245E-12       2.2053980428200344       2.273698839803986E-12    2.2053980428200344       1.0766577669220079E-12   2.2053980428200344       5.179984392884332E-13    2.2053980428200344       2.554979325193258E-13    2.2053980428200344       1.3069624991767538E-13   2.2053980428200344       7.036439293370624E-14    2.2053980428200344       4.055547444540201E-14    2.2053980428200344       2.5442340729645394E-14   2.2053980428200344       1.7562457001011524E-14   2.2053980428200344       1.3375424969120424E-14   2.2053980428200344       1.1152879817721742E-14   2.2053980428200344       1.0020395230237795E-14   2.2053980428200344       9.540710332767085E-15    2.2053980428200344       9.45496046831481E-15     2.2053980428200344       9.652144945420444E-15    2.2053980428200344       1.0006110527672658E-14   2.2053980428200344       1.0492959132477798E-14   2.2053980428200344       1.1066641996106469E-14   2.2053980428200344
4.084070449666731         4.618665806696981E-12    2.1991148575128556       2.1354516284506347E-12   2.1991148575128556       9.928985390786929E-13    2.1991148575128556       4.669119178800299E-13    2.1991148575128556       2.2370524874540473E-13   2.1991148575128556       1.1034969138581218E-13   2.1991148575128556       5.69204719817836E-14     2.1991148575128556       3.137169714164857E-14    2.1991148575128556       1.894480344133542E-14    2.1991148575128556       1.2792652220041955E-14   2.1991148575128556       9.727689631469756E-15    2.1991148575128556       8.226984272812316E-15    2.1991148575128556       7.550761971412544E-15    2.1991148575128556       7.342918869571382E-15    2.1991148575128556       7.403472467856092E-15    2.1991148575128556       7.652561512793013E-15    2.1991148575128556       8.00374112409909E-15     2.1991148575128556       8.433189353646003E-15    2.1991148575128556       8.924269813225465E-15    2.1991148575128556
4.09035363497391          4.376388417663391E-12    2.1928316722056764       1.9861319868818332E-12   2.1928316722056764       9.016253206094725E-13    2.1928316722056764       4.1059486979714306E-13   2.1928316722056764       1.8828357148337761E-13   2.1928316722056764       8.756288155304952E-14    2.1928316722056764       4.1940972803234876E-14   2.1928316722056764       2.135206498969791E-14    2.1928316722056764       1.2162091742204034E-14   2.1928316722056764       8.177802288578562E-15    2.1928316722056764       6.594736441881235E-15    2.1928316722056764       6.121650976670242E-15    2.1928316722056764       6.1700088911013E-15      2.1928316722056764       6.474757201520508E-15    2.1928316722056764       6.904563055471741E-15    2.1928316722056764       7.414460260711502E-15    2.1928316722056764       7.964000541207297E-15    2.1928316722056764       8.534359259775847E-15    2.1928316722056764       9.131890721071456E-15    2.1928316722056764
4.09663682028109          4.12903147685888E-12     2.1865484868984963       1.83690378272277E-12     2.1865484868984963       8.122388075618659E-13    2.1865484868984963       3.5657968689379884E-13   2.1865484868984963       1.5505088934331438E-13   2.1865484868984963       6.668723368640572E-14    2.1865484868984963       2.857605427065982E-14    2.1865484868984963       1.2687995676861296E-14   2.1865484868984963       6.532314043490353E-15    2.1865484868984963       4.569866653811974E-15    2.1865484868984963       4.3718588305694694E-15   2.1865484868984963       4.873969377187897E-15    2.1865484868984963       5.629471302690479E-15    2.1865484868984963       6.456362400072989E-15    2.1865484868984963       7.28511607452063E-15     2.1865484868984963       8.102410488337108E-15    2.1865484868984963       8.90402514380579E-15     2.1865484868984963       9.682310019567218E-15    2.1865484868984963       1.0455244701137373E-14   2.1865484868984963
4.10292000558827          3.89167006284876E-12     2.1802653015913163       1.6992849049727423E-12   2.1802653015913163       7.333422392088271E-13    2.1802653015913163       3.111447385277993E-13    2.1802653015913163       1.2846894087245474E-13   2.1802653015913163       5.077961110826839E-14    2.1802653015913163       1.88034610461204E-14     2.1802653015913163       6.527977575783379E-15    2.1802653015913163       2.5614846123347738E-15   2.1802653015913163       1.970751706308385E-15    2.1802653015913163       2.657149694195134E-15    2.1802653015913163       3.748810287659722E-15    2.1802653015913163       4.90959056818821E-15     2.1802653015913163       6.019266643926517E-15    2.1802653015913163       7.051773942480104E-15    2.1802653015913163       8.015763541173424E-15    2.1802653015913163       8.926238935799552E-15    2.1802653015913163       9.788535664245072E-15    2.1802653015913163       1.0623305450600548E-14   2.1802653015913163
4.10920319089545          3.677445867802294E-12    2.1739821162841366       1.5818379742116435E-12   2.1739821162841366       6.705356907010842E-13    2.1739821162841366       2.7794338531481956E-13   2.1739821162841366       1.1090229987673036E-13   2.1739821162841366       4.134114051379629E-14    2.1739821162841366       1.3540967517350298E-14   2.1739821162841366       3.3896512285535813E-15   2.1739821162841366       4.87521674301199E-16     2.1739821162841366       4.1684188654615395E-16   2.1739821162841366       1.3375707326789941E-15   2.1739821162841366       2.5162474081970926E-15   2.1739821162841366       3.6841706101450486E-15   2.1739821162841366       4.755326910072662E-15    2.1739821162841366       5.723423603211161E-15    2.1739821162841366       6.60615432673644E-15     2.1739821162841366       7.420609651153047E-15    2.1739821162841366       8.181493591196286E-15    2.1739821162841366       8.90665703493973E-15     2.1739821162841366
4.115486376202629         3.4941076663534566E-12   2.167698930976958        1.488207676813938E-12    2.167698930976958        6.253644231433456E-13    2.167698930976958        2.5750242036044946E-13   2.167698930976958        1.0244433849832981E-13   2.167698930976958        3.8336333536145687E-14   2.167698930976958        1.2779579232933667E-14   2.167698930976958        3.362396854332225E-15    2.167698930976958        5.283733624232018E-16    2.167698930976958        2.61901900768381E-16     2.167698930976958        9.021132015835513E-16    2.167698930976958        1.7945540271151747E-15   2.167698930976958        2.694902546077913E-15    2.167698930976958        3.5245208607638775E-15   2.167698930976958        4.273870993577373E-15    2.167698930976958        4.9574585080434926E-15   2.167698930976958        5.581260648364019E-15    2.167698930976958        6.163214290416233E-15    2.167698930976958        6.714277399753636E-15    2.167698930976958
4.121769561509808         3.342512007420674E-12    2.1614157456697787       1.4167331127193359E-12   2.1614157456697787       5.954121930193079E-13    2.1614157456697787       2.474622239611823E-13    2.1614157456697787       1.0112997746554075E-13   2.1614157456697787       4.029508045862771E-14    2.1614157456697787       1.5538433164137273E-14   2.1614157456697787       5.904862233410249E-15    2.1614157456697787       2.5219522564121777E-15   2.1614157456697787       1.665428042419405E-15    2.1614157456697787       1.784331644945024E-15    2.1614157456697787       2.2524458469768737E-15   2.1614157456697787       2.817550048366494E-15    2.1614157456697787       3.3880081977065257E-15   2.1614157456697787       3.934360609370377E-15    2.1614157456697787       4.4590911431331925E-15   2.1614157456697787       4.950340869621614E-15    2.1614157456697787       5.4236727806690514E-15   2.1614157456697787       5.879843059073765E-15    2.1614157456697787
4.128052746816988         3.217200775864963E-12    2.1551325603625986       1.3615250011703106E-12   2.1551325603625986       5.754002847839857E-13    2.1551325603625986       2.434887302545568E-13    2.1551325603625986       1.0358284971985887E-13   2.1551325603625986       4.468269704671243E-14    2.1551325603625986       1.9971501828574767E-14   2.1551325603625986       9.712401068064688E-15    2.1551325603625986       5.577579919636945E-15    2.1551325603625986       4.049001129424031E-15    2.1551325603625986       3.6393682669699515E-15   2.1551325603625986       3.719035769621668E-15    2.1551325603625986       4.01286421141593E-15     2.1551325603625986       4.405932162148268E-15    2.1551325603625986       4.8426400278067696E-15   2.1551325603625986       5.30893621568424E-15     2.1551325603625986       5.7761665467190154E-15   2.1551325603625986       6.2533890225125226E-15   2.1551325603625986       6.730553192751376E-15    2.1551325603625986
4.134335932124168         3.1086164444233803E-12   2.1488493750554185       1.3145553974497177E-12   2.1488493750554185       5.589474654141747E-13    2.1488493750554185       2.406655741676473E-13    2.1488493750554185       1.0607086822704224E-13   2.1488493750554185       4.867418410290496E-14    2.1488493750554185       2.391768223795901E-14    2.1488493750554185       1.3093352929996059E-14   2.1488493750554185       8.320199207023003E-15    2.1488493750554185       6.240493817657362E-15    2.1488493750554185       5.41254382454958E-15     2.1488493750554185       5.195400640703585E-15    2.1488493750554185       5.2937621946614034E-15   2.1488493750554185       5.5701893989664526E-15   2.1488493750554185       5.94780901828141E-15     2.1488493750554185       6.395882981539096E-15    2.1488493750554185       6.876455556382582E-15    2.1488493750554185       7.389267729465779E-15    2.1488493750554185       7.917304812056769E-15    2.1488493750554185
4.140619117431347         3.0060991526369276E-12   2.142566189748239        1.2680414091156882E-12   2.142566189748239        5.404246277468878E-13    2.142566189748239        2.349355855532788E-13    2.142566189748239        1.0564840410077656E-13   2.142566189748239        5.009341451129883E-14    2.142566189748239        2.571538270435734E-14    2.142566189748239        1.471844607431162E-14    2.142566189748239        9.62124952645794E-15     2.142566189748239        7.22015072944426E-15     2.142566189748239        6.126521815822483E-15    2.142566189748239        5.701884810862829E-15    2.142566189748239        5.646296795562404E-15    2.142566189748239        5.809828593619126E-15    2.142566189748239        6.1067436667487465E-15   2.142566189748239        6.493780617115304E-15    2.142566189748239        6.933374995484687E-15    2.142566189748239        7.415098931024625E-15    2.142566189748239        7.922085747118308E-15    2.142566189748239
4.146902302738527         2.9006938409853986E-12   2.13628300444106         1.2163743939986895E-12   2.13628300444106         5.163051463485981E-13    2.13628300444106         2.240798389680029E-13    2.13628300444106         1.0091037959981445E-13   2.13628300444106         4.8042009243363565E-14   2.13628300444106         2.4776724639109227E-14   2.13628300444106         1.4187979345213526E-14   2.13628300444106         9.192952731916326E-15    2.13628300444106         6.7649611857772126E-15   2.13628300444106         5.592752936561873E-15    2.13628300444106         5.067716271754153E-15    2.13628300444106         4.905663063577219E-15    2.13628300444106         4.9595282520661244E-15   2.13628300444106         5.148747951480757E-15    2.13628300444106         5.4255317875916906E-15   2.13628300444106         5.759622622052184E-15    2.13628300444106         6.132969693332923E-15    2.13628300444106         6.535354186787991E-15    2.13628300444106
4.153185488045707         2.787023183057749E-12    2.1299998191338796       1.1571053415658595E-12   2.1299998191338796       4.856583490815086E-13    2.1299998191338796       2.0794212375069995E-13   2.1299998191338796       9.207648241300664E-14    2.1299998191338796       4.291458704743456E-14    2.1299998191338796       2.1574137984223327E-14   2.1299998191338796       1.201113074362714E-14    2.1299998191338796       7.570634266388475E-15    2.1299998191338796       5.438554469188636E-15    2.1299998191338796       4.410739648859336E-15    2.1299998191338796       3.938520467622208E-15    2.1299998191338796       3.771444357881316E-15    2.1299998191338796       3.781142487054869E-15    2.1299998191338796       3.9027355130603796E-15   2.1299998191338796       4.0938714561844645E-15   2.1299998191338796       4.3332724693479724E-15   2.1299998191338796       4.6015001759272455E-15   2.1299998191338796       4.897166373761711E-15    2.1299998191338796
4.159468673352886         2.663919265981951E-12    2.123716633826701        1.090909180970683E-12    2.123716633826701        4.4982059699704366E-13   2.123716633826701        1.8798327838923687E-13   2.123716633826701        8.050812186629651E-14    2.123716633826701        3.5906715795240966E-14   2.123716633826701        1.71431518583575E-14     2.123716633826701        9.09706424447364E-15     2.123716633826701        5.579857040633364E-15    2.123716633826701        4.0224352513061565E-15   2.123716633826701        3.352183657214017E-15    2.123716633826701        3.103089962450619E-15    2.123716633826701        3.0696780052309037E-15   2.123716633826701        3.154151560057197E-15    2.123716633826701        3.312121712076117E-15    2.123716633826701        3.5152643284873303E-15   2.123716633826701        3.749100027600232E-15    2.123716633826701        4.000404102199172E-15    2.123716633826701        4.273789906100872E-15    2.123716633826701
4.165751858660065         2.5339329701512034E-12   2.117433448519521        1.0207930091773381E-12   2.117433448519521        4.1156685757223507E-13   2.117433448519521        1.6651261312007348E-13   2.117433448519521        6.80213852793975E-14     2.117433448519521        2.8398424971813767E-14   2.117433448519521        1.2512762611471217E-14   2.117433448519521        6.207320804366322E-15    2.117433448519521        3.786891004878228E-15    2.117433448519521        2.9451160976324682E-15   2.117433448519521        2.752691961494034E-15    2.117433448519521        2.835404377542778E-15    2.117433448519521        3.0361454441599742E-15   2.117433448519521        3.2926347492312775E-15   2.117433448519521        3.580802560633455E-15    2.117433448519521        3.890139241223434E-15    2.117433448519521        4.210481146027927E-15    2.117433448519521        4.539808359017445E-15    2.117433448519521        4.88358731771045E-15     2.117433448519521
4.172035043967246         2.4020946314260945E-12   2.1111502632123407       9.509475533810726E-13    2.1111502632123407       3.7416216226905765E-13   2.1111502632123407       1.4594977053133455E-13   2.1111502632123407       5.633220323745801E-14    2.1111502632123407       2.1545962961639655E-14   2.1111502632123407       8.407573145988247E-15    2.1111502632123407       3.738048834604898E-15    2.1111502632123407       2.337309006332377E-15    2.1111502632123407       2.1592336556460995E-15   2.1111502632123407       2.4139715512095452E-15   2.1111502632123407       2.8133159698361142E-15   2.1111502632123407       3.244959199182402E-15    2.1111502632123407       3.6792542932110354E-15   2.1111502632123407       4.109265191805255E-15    2.1111502632123407       4.539872720992106E-15    2.1111502632123407       4.964988023947572E-15    2.1111502632123407       5.3933335812955066E-15   2.1111502632123407       5.827620899047038E-15    2.1111502632123407
4.178318229274425         2.2743602396962588E-12   2.104867077905161        8.855888392274689E-13    2.104867077905161        3.4054982025955443E-13   2.104867077905161        1.2829694009584109E-13   2.104867077905161        4.675299169187681E-14    2.104867077905161        1.615488700645293E-14    2.104867077905161        5.260693164019406E-15    2.104867077905161        1.845918519860982E-15    2.104867077905161        1.1774966847752596E-15   2.104867077905161        1.4465599996177568E-15   2.104867077905161        1.984418974575698E-15    2.104867077905161        2.5709481374895046E-15   2.104867077905161        3.129726559749366E-15    2.104867077905161        3.65437990950158E-15     2.104867077905161        4.150450174708306E-15    2.104867077905161        4.631226197905299E-15    2.104867077905161        5.096281340899143E-15    2.104867077905161        5.5596167808918846E-15   2.104867077905161        6.021270030973928E-15    2.104867077905161
4.184601414581604         2.1561197899450823E-12   2.0985838925979823       8.28013558140687E-13     2.0985838925979823       3.127796657831247E-13    2.0985838925979823       1.1482877507613548E-13   2.0985838925979823       4.0069459299921214E-14   2.0985838925979823       1.2695445406502102E-14   2.0985838925979823       3.3367934292007633E-15   2.0985838925979823       6.590083570909708E-16    2.0985838925979823       3.424300865083908E-16    2.0985838925979823       7.759782526879039E-16    2.0985838925979823       1.3837923199154658E-15   2.0985838925979823       1.9891217642548254E-15   2.0985838925979823       2.539035196680798E-15    2.0985838925979823       3.037709174427314E-15    2.0985838925979823       3.49765375974829E-15     2.0985838925979823       3.9327543800877614E-15   2.0985838925979823       4.3489805244583845E-15   2.0985838925979823       4.7585905271621855E-15   2.0985838925979823       5.161853488089979E-15    2.0985838925979823
4.190884599888784         2.051049493038547E-12    2.092300707290803        7.799907987451586E-13    2.092300707290803        2.9169669439494397E-13   2.092300707290803        1.0594809283739875E-13   2.092300707290803        3.648987749200464E-14    2.092300707290803        1.1304887477693014E-14   2.092300707290803        2.7651588709088648E-15   2.092300707290803        3.2855626291128456E-16   2.092300707290803        2.0131557413109455E-17   2.092300707290803        3.7787261695381853E-16   2.092300707290803        8.866047056753772E-16    2.092300707290803        1.3876070207773582E-15   2.092300707290803        1.8377609348780345E-15   2.092300707290803        2.2394922791797093E-15   2.092300707290803        2.6061542605471795E-15   2.092300707290803        2.947067622995E-15       2.092300707290803        3.2720394478811448E-15   2.092300707290803        3.5870168628787895E-15   2.092300707290803        3.895403730753595E-15    2.092300707290803
4.197167785195964         1.960487830956763E-12    2.086017521983623        7.415497391541541E-13    2.086017521983623        2.7689477042424216E-13   2.086017521983623        1.0118835819061115E-13   2.086017521983623        3.5639496817883006E-14   2.086017521983623        1.1748118513683881E-14   2.086017521983623        3.4556182651353538E-15   2.086017521983623        8.968650029435274E-16    2.086017521983623        3.705222535167177E-16    2.086017521983623        5.147771926662978E-16    2.086017521983623        8.456750283598156E-16    2.086017521983623        1.2018852765147476E-15   2.086017521983623        1.5376697850094222E-15   2.086017521983623        1.844910978173392E-15    2.086017521983623        2.1317039008552806E-15   2.086017521983623        2.4015847509089025E-15   2.086017521983623        2.6623568933653444E-15   2.086017521983623        2.913553209317364E-15    2.086017521983623        3.1621366236435513E-15   2.086017521983623
4.203450970503143         1.8833998993420624E-12   2.079734336676444        7.111638465503268E-13    2.079734336676444        2.6693019893446654E-13   2.079734336676444        9.937831334114216E-14    2.079734336676444        3.664797986837926E-14    2.079734336676444        1.342226554130001E-14    2.079734336676444        5.023047091343138E-15    2.079734336676444        2.1480194991891486E-15   2.079734336676444        1.3074154809582385E-15   2.079734336676444        1.19953208065963E-15     2.079734336676444        1.3500064198701664E-15   2.079734336676444        1.5823672229377888E-15   2.079734336676444        1.8394328331048475E-15   2.079734336676444        2.0987087117994043E-15   2.079734336676444        2.358229475551086E-15    2.079734336676444        2.6173220193050776E-15   2.079734336676444        2.875345087244937E-15    2.079734336676444        3.1288773710305586E-15   2.079734336676444        3.385973130177483E-15    2.079734336676444
4.209734155810323         1.8168649366087487E-12   2.0734511513692637       6.862557504592446E-13    2.0734511513692637       2.597458938799267E-13    2.0734511513692637       9.896057428980013E-14    2.0734511513692637       3.8367297200952306E-14   2.0734511513692637       1.5488717634565253E-14   2.0734511513692637       6.84963147530298E-15     2.0734511513692637       3.6149125795933175E-15   2.0734511513692637       2.461223617879912E-15    2.0734511513692637       2.122049740726494E-15    2.0734511513692637       2.1215358883196597E-15   2.0734511513692637       2.2646302622758935E-15   2.0734511513692637       2.479002673266586E-15    2.0734511513692637       2.728613333052615E-15    2.0734511513692637       2.9993617482262364E-15   2.0734511513692637       3.288481926688818E-15    2.0734511513692637       3.583405100623097E-15    2.0734511513692637       3.882016550955001E-15    2.0734511513692637       4.189746022761832E-15    2.0734511513692637
4.216017341117502         1.7569068311751143E-12   2.0671679660620845       6.638721382065758E-13    2.0671679660620845       2.531945371848811E-13    2.0671679660620845       9.839037996638443E-14    2.0671679660620845       3.9678921671512437E-14   2.0671679660620845       1.7118346816787148E-14   2.0671679660620845       8.292470840307167E-15    2.0671679660620845       4.767706231000964E-15    2.0671679660620845       3.3621460542042546E-15   2.0671679660620845       2.8368909177024383E-15   2.0671679660620845       2.714024816837987E-15    2.0671679660620845       2.7843896961935027E-15   2.0671679660620845       2.962120025597789E-15    2.0671679660620845       3.201702807579133E-15    2.0671679660620845       3.4783119072045787E-15   2.0671679660620845       3.788085797772346E-15    2.0671679660620845       4.108044711042592E-15    2.0671679660620845       4.439793099547244E-15    2.0671679660620845       4.78347186580418E-15     2.0671679660620845
4.222300526424682         1.6994267048446961E-12   2.0608847807549044       6.413434251686749E-13    2.0608847807549044       2.4551461141361693E-13   2.0608847807549044       9.649242838652795E-14    2.0608847807549044       3.9779526193292636E-14   2.0608847807549044       1.7740290626909753E-14   2.0608847807549044       8.920191327660982E-15    2.0608847807549044       5.254944083431997E-15    2.0608847807549044       3.6981359399793316E-15   2.0608847807549044       3.0460557711988718E-15   2.0608847807549044       2.8264571232982546E-15   2.0608847807549044       2.8258915554681893E-15   2.0608847807549044       2.9507884579567176E-15   2.0608847807549044       3.1517394498502544E-15   2.0608847807549044       3.3976073353152877E-15   2.0608847807549044       3.6831174596214795E-15   2.0608847807549044       3.980654063598916E-15    2.0608847807549044       4.295071980791E-15       2.0608847807549044       4.6210069658276605E-15   2.0608847807549044
4.228583711731861         1.6410105543761296E-12   2.054601595447725        6.167699790088818E-13    2.054601595447725        2.356364788471283E-13    2.054601595447725        9.266654144707206E-14    2.054601595447725        3.833460649607664E-14    2.054601595447725        1.7172400646017814E-14   2.054601595447725        8.638237639054052E-15    2.054601595447725        5.03407400295883E-15     2.054601595447725        3.4578268360923177E-15   2.054601595447725        2.7583621085239372E-15   2.054601595447725        2.4816980251930465E-15   2.054601595447725        2.422168028320062E-15    2.054601595447725        2.486560963271517E-15    2.054601595447725        2.627191599011112E-15    2.054601595447725        2.8124271286532795E-15   2.054601595447725        3.0349083938200697E-15   2.054601595447725        3.2695028418191206E-15   2.054601595447725        3.5218025940812907E-15   2.054601595447725        3.7830026838179776E-15   2.054601595447725
4.234866897039041         1.5794594458363146E-12   2.0483184101405456       5.892520078468687E-13    2.0483184101405456       2.2326689193723557E-13   2.0483184101405456       8.690133499299308E-14    2.0483184101405456       3.545854627222236E-14    2.0483184101405456       1.5585117169626708E-14   2.0483184101405456       7.64437503141576E-15     2.0483184101405456       4.321191402900156E-15    2.0483184101405456       2.8752708192053403E-15   2.0483184101405456       2.228755423322735E-15    2.0483184101405456       1.9596798536655384E-15   2.0483184101405456       1.881603319190814E-15    2.0483184101405456       1.909731474048986E-15    2.0483184101405456       2.002779842735574E-15    2.0483184101405456       2.1338472390883303E-15   2.0483184101405456       2.2936112043244814E-15   2.0483184101405456       2.4646639700131347E-15   2.0483184101405456       2.6506241634886755E-15   2.0483184101405456       2.8422846515800376E-15   2.0483184101405456
4.241150082346221         1.5139881955986742E-12   2.042035224833366        5.58867194836731E-13     2.042035224833366        2.087807927122382E-13    2.042035224833366        7.963547769437083E-14    2.042035224833366        3.15660149054232E-14     2.042035224833366        1.334782022040748E-14    2.042035224833366        6.268219187096976E-15    2.042035224833366        3.419907190939591E-15    2.042035224833366        2.2437294407895882E-15   2.042035224833366        1.7532223833135417E-15   2.042035224833366        1.5700786148814387E-15   2.042035224833366        1.535683771402351E-15    2.042035224833366        1.5798251292985537E-15   2.042035224833366        1.6708327316434537E-15   2.042035224833366        1.7897117393783722E-15   2.042035224833366        1.9265695754772744E-15   2.042035224833366        2.073320828855162E-15    2.042035224833366        2.230312724260611E-15    2.042035224833366        2.390458344728631E-15    2.042035224833366
4.247433267653401         1.445124175296853E-12    2.035752039526186        5.264634110525328E-13    2.035752039526186        1.9300048443961E-13      2.035752039526186        7.155276752404523E-14    2.035752039526186        2.7186997135398943E-14   2.035752039526186        1.0858401536805443E-14   2.035752039526186        4.807110863882869E-15    2.035752039526186        2.5559864587783517E-15   2.035752039526186        1.7421212587131182E-15   2.035752039526186        1.4818477233563273E-15   2.035752039526186        1.44770837383333E-15     2.035752039526186        1.5133848034216389E-15   2.035752039526186        1.6264154741023403E-15   2.035752039526186        1.7663218193116198E-15   2.035752039526186        1.922731457267475E-15    2.035752039526186        2.087410423932428E-15    2.035752039526186        2.2598449614384626E-15   2.035752039526186        2.4377496345820085E-15   2.035752039526186        2.6172777520987323E-15   2.035752039526186
4.25371645296058          1.3743904092691335E-12   2.0294688542190067       4.933573343388292E-13    2.0294688542190067       1.7694869216807188E-13   2.0294688542190067       6.339264909359215E-14    2.0294688542190067       2.282525127827935E-14    2.0294688542190067       8.437750874967747E-15    2.0294688542190067       3.445571331576303E-15    2.0294688542190067       1.8132977974743254E-15   2.0294688542190067       1.3805890956330577E-15   2.0294688542190067       1.369293460319342E-15    2.0294688542190067       1.504417896527675E-15    2.0294688542190067       1.6919743093821539E-15   2.0294688542190067       1.8972313307484247E-15   2.0294688542190067       2.1109009186378485E-15   2.0294688542190067       2.3300500246899367E-15   2.0294688542190067       2.550167914809471E-15    2.0294688542190067       2.774913865638659E-15    2.0294688542190067       3.0013159969309366E-15   2.0294688542190067       3.228455542149598E-15    2.0294688542190067
4.259999638267759         1.3038747813931825E-12   2.0231856689118275       4.610193662017426E-13    2.0231856689118275       1.6163483436104418E-13   2.0231856689118275       5.581813704626598E-14    2.0231856689118275       1.8889132592638682E-14   2.0231856689118275       6.308642374459555E-15    2.0231856689118275       2.2712430947905026E-15   2.0231856689118275       1.1793258780508461E-15   2.0231856689118275       1.0704270970868819E-15   2.0231856689118275       1.2659978444994426E-15   2.0231856689118275       1.5396726031544654E-15   2.0231856689118275       1.8259276914075977E-15   2.0231856689118275       2.1050938087861298E-15   2.0231856689118275       2.377689473317189E-15    2.0231856689118275       2.646123689645785E-15    2.0231856689118275       2.9105689211150183E-15   2.0231856689118275       3.1756844618989645E-15   2.0231856689118275       3.439865687219088E-15    2.0231856689118275       3.703965503342422E-15    2.0231856689118275
4.266282823574939         1.2357798682452378E-12   2.0169024836046474       4.307988611593908E-13    2.0169024836046474       1.4789793575897676E-13   2.0169024836046474       4.9340754992797546E-14   2.0169024836046474       1.567520239777307E-14    2.0169024836046474       4.623146043289462E-15    2.0169024836046474       1.3368631088857245E-15   2.0169024836046474       6.361298464153432E-16    2.0169024836046474       7.409827712273098E-16    2.0169024836046474       1.0594981011650418E-15   2.0169024836046474       1.4058032853932603E-15   2.0169024836046474       1.7361575140080532E-15   2.0169024836046474       2.0415928907207246E-15   2.0169024836046474       2.3299484793612923E-15   2.0169024836046474       2.606800176278153E-15    2.0169024836046474       2.876476002212449E-15    2.0169024836046474       3.14277392807949E-15     2.0169024836046474       3.4066022655102322E-15   2.0169024836046474       3.669335953711537E-15    2.0169024836046474
4.2725660088821185        1.1720281041355263E-12   2.010619298297468        4.0371850641593556E-13   2.010619298297468        1.3630581289003556E-13   2.010619298297468        4.428153484197109E-14    2.010619298297468        1.3367567193724597E-14   2.010619298297468        3.487589024756771E-15    2.010619298297468        7.041495812225895E-16    2.010619298297468        2.196362519883083E-16    2.010619298297468        4.1297333077354554E-16   2.010619298297468        7.612910721227365E-16    2.010619298297468        1.108541859344667E-15    2.010619298297468        1.4245916855348763E-15   2.010619298297468        1.7061685773326253E-15   2.010619298297468        1.965214387579261E-15    2.010619298297468        2.2086201984800338E-15   2.010619298297468        2.443159607675471E-15    2.010619298297468        2.6712677726856763E-15   2.010619298297468        2.8962403612489315E-15   2.010619298297468        3.1191528594125997E-15   2.010619298297468
4.278849194189298         1.1139734633183199E-12   2.004336112990289        3.803505612468632E-13    2.004336112990289        1.2710424345415362E-13   2.004336112990289        4.075165586674687E-14    2.004336112990289        1.2030296840326843E-14   2.004336112990289        2.9577091015018885E-15   2.004336112990289        4.3777805244353274E-16   2.004336112990289        1.0798107452925625E-17   2.004336112990289        1.8647713050791297E-16   2.004336112990289        4.91644086539492E-16     2.004336112990289        7.887881871679306E-16    2.004336112990289        1.0530317829184102E-15   2.004336112990289        1.2820766401558224E-15   2.004336112990289        1.4884891379356972E-15   2.004336112990289        1.678969486756954E-15    2.004336112990289        1.8605976981533633E-15   2.004336112990289        2.0346796168053905E-15   2.004336112990289        2.2057963446931224E-15   2.004336112990289        2.374464064588043E-15    2.004336112990289
4.285132379496478         1.062247217943843E-12    1.9980529276831087       3.607786432503011E-13    1.9980529276831087       1.2021387176139152E-13   1.9980529276831087       3.865186512420647E-14    1.9980529276831087       1.1596263603667015E-14   1.9980529276831087       3.012409793619311E-15    1.9980529276831087       5.62952269793709E-16     1.9980529276831087       7.706082286015077E-17    1.9980529276831087       1.6668458721841197E-16   1.9980529276831087       3.8991361216241546E-16   1.9980529276831087       6.175543747564337E-16    1.9980529276831087       8.226307902630418E-16    1.9980529276831087       1.00007474161432E-15     1.9980529276831087       1.1598726917683772E-15   1.9980529276831087       1.3072535903511011E-15   1.9980529276831087       1.4478207731394936E-15   1.9980529276831087       1.5820078071039075E-15   1.9980529276831087       1.7142374007196627E-15   1.9980529276831087       1.8445979658928876E-15   1.9980529276831087
4.291415564803658         1.0167421017943506E-12   1.9917697423759286       3.4464076664428985E-13   1.9917697423759286       1.1527478280943648E-13   1.9917697423759286       3.769930726260236E-14    1.9917697423759286       1.1871064474520935E-14   1.9917697423759286       3.5349884147764267E-15   1.9917697423759286       1.025554777824599E-15    1.9917697423759286       4.1315015852413817E-16   1.9917697423759286       3.865282049269199E-16    1.9917697423759286       5.197763157112721E-16    1.9917697423759286       6.840929837457589E-16    1.9917697423759286       8.449563959653225E-16    1.9917697423759286       9.921689000489809E-16    1.9917697423759286       1.130702886582791E-15    1.9917697423759286       1.2632152813114498E-15   1.9917697423759286       1.392882936337717E-15    1.9917697423759286       1.5191805528731469E-15   1.9917697423759286       1.6451862461501066E-15   1.9917697423759286       1.7708199714499465E-15   1.9917697423759286
4.297698750110837         9.767171429868714E-13    1.9854865570687494       3.3123887462947813E-13   1.9854865570687494       1.117330139650684E-13    1.9854865570687494       3.748624346191688E-14    1.9854865570687494       1.2566480316417192E-14   1.9854865570687494       4.325708843784696E-15    1.9854865570687494       1.687806623267687E-15    1.9854865570687494       9.229636045637663E-16    1.9854865570687494       7.769196563948237E-16    1.9854865570687494       8.292157983180991E-16    1.9854865570687494       9.464679788983734E-16    1.9854865570687494       1.083625109121761E-15    1.9854865570687494       1.2244825727547268E-15   1.9854865570687494       1.367675368796925E-15    1.9854865570687494       1.5124751852715687E-15   1.9854865570687494       1.6595724322185015E-15   1.9854865570687494       1.8071299785601646E-15   1.9854865570687494       1.956284945512832E-15    1.9854865570687494       2.1069972757226288E-15   1.9854865570687494
4.303981935418016         9.409874146325323E-13    1.9792033717615702       3.196890455244941E-13    1.9792033717615702       1.0895263207498263E-13   1.9792033717615702       3.756202523147265E-14    1.9792033717615702       1.3360957672371815E-14   1.9792033717615702       5.148072981967904E-15    1.9792033717615702       2.3658612143772317E-15   1.9792033717615702       1.4525177500646404E-15   1.9792033717615702       1.1978410717122034E-15   1.9792033717615702       1.1816637615970093E-15   1.9792033717615702       1.2640911715684525E-15   1.9792033717615702       1.3891577269956576E-15   1.9792033717615702       1.5350823848437604E-15   1.9792033717615702       1.6940602633000717E-15   1.9792033717615702       1.8616530575675344E-15   1.9792033717615702       2.0366337265843725E-15   1.9792033717615702       2.2155702988808673E-15   1.9792033717615702       2.397674940201259E-15    1.9792033717615702       2.5830635769388264E-15   1.9792033717615702
4.310265120725196         9.081530434935572E-13    1.9729201864543902       3.090800047326589E-13    1.9729201864543902       1.0632894959934042E-13   1.9729201864543902       3.751812923401434E-14    1.9729201864543902       1.3968614735691309E-14   1.9729201864543902       5.790252869808476E-15    1.9729201864543902       2.8895647214049537E-15   1.9729201864543902       1.8520944459826265E-15   1.9729201864543902       1.5057407848901668E-15   1.9729201864543902       1.4305967334011243E-15   1.9729201864543902       1.4810154206258345E-15   1.9729201864543902       1.592046931140449E-15    1.9729201864543902       1.7377136226956264E-15   1.9729201864543902       1.9047629893411797E-15   1.9729201864543902       2.0853686042672374E-15   1.9729201864543902       2.2772042382341286E-15   1.9729201864543902       2.4753349511092775E-15   1.9729201864543902       2.6774824423808834E-15   1.9729201864543902       2.883981392518348E-15    1.9729201864543902
4.3165483060323755        8.768224808661284E-13    1.966637001147211        2.986093770297769E-13    1.966637001147211        1.0337869714744782E-13   1.966637001147211        3.705386107903861E-14    1.966637001147211        1.4193368743866498E-14   1.966637001147211        6.115475147865143E-15    1.966637001147211        3.154112251110748E-15    1.966637001147211        2.0323628937882813E-15   1.966637001147211        1.6163503895252223E-15   1.966637001147211        1.49051527643628E-15     1.966637001147211        1.5062489542340235E-15   1.966637001147211        1.593246412362984E-15    1.966637001147211        1.7232318930382611E-15   1.966637001147211        1.8792803407263788E-15   1.966637001147211        2.0511399705596164E-15   1.966637001147211        2.236127239767147E-15    1.966637001147211        2.428341437629286E-15    1.966637001147211        2.624601682593278E-15    1.966637001147211        2.8255118130809804E-15   1.966637001147211
4.322831491339556         8.457951294451542E-13    1.9603538158400309       2.876768600217337E-13    1.9603538158400309       9.979165818709344E-14    1.9603538158400309       3.600818817442253E-14    1.9603538158400309       1.3952215975599565E-14   1.9603538158400309       6.082592676012066E-15    1.9603538158400309       3.141140237502961E-15    1.9603538158400309       1.987750178703323E-15    1.9603538158400309       1.5314482773784128E-15   1.9603538158400309       1.3677428800105657E-15   1.9603538158400309       1.3491020977464263E-15   1.9603538158400309       1.4043833693090576E-15   1.9603538158400309       1.5050253905231374E-15   1.9603538158400309       1.632572718057667E-15    1.9603538158400309       1.7757466436258147E-15   1.9603538158400309       1.9319908086196527E-15   1.9603538158400309       2.0952415499251846E-15   1.9603538158400309       2.2619489610773274E-15   1.9603538158400309       2.4330312397047236E-15   1.9603538158400309
4.329114676646735         8.141835709371064E-13    1.9540706305328517       2.759270152172801E-13    1.9540706305328517       9.544089389176983E-14    1.9540706305328517       3.435595383384173E-14    1.9540706305328517       1.326554544571794E-14    1.9540706305328517       5.73372293393652E-15     1.9540706305328517       2.9048484205892307E-15   1.9540706305328517       1.7812788596992817E-15   1.9540706305328517       1.3223340997614163E-15   1.9540706305328517       1.1423206111195487E-15   1.9540706305328517       1.0992826220026071E-15   1.9540706305328517       1.1257979047351106E-15   1.9540706305328517       1.1948312589220875E-15   1.9540706305328517       1.2884835116657482E-15   1.9540706305328517       1.3959474385090866E-15   1.9540706305328517       1.5149962965852685E-15   1.9540706305328517       1.6401808573939576E-15   1.9540706305328517       1.7679746375171336E-15   1.9540706305328517       1.8996345113966286E-15   1.9540706305328517
4.335397861953915         7.814706597724644E-13    1.9477874452256716       2.632465458876245E-13    1.9477874452256716       9.035964925237258E-14    1.9477874452256716       3.2177897747841364E-14   1.9477874452256716       1.2224734547583375E-14   1.9477874452256716       5.160119865484732E-15    1.9477874452256716       2.535520199846173E-15    1.9477874452256716       1.5047620363471733E-15   1.9477874452256716       1.085699071150847E-15    1.9477874452256716       9.187053767282056E-16    1.9477874452256716       8.71657045774513E-16     1.9477874452256716       8.847145777182287E-16    1.9477874452256716       9.337842897331715E-16    1.9477874452256716       1.0032189195286053E-15   1.9477874452256716       1.0839454399977405E-15   1.9477874452256716       1.1740760282194947E-15   1.9477874452256716       1.2692983525628188E-15   1.9477874452256716       1.366378633341096E-15    1.9477874452256716       1.4668980110050543E-15   1.9477874452256716
4.341681047261094         7.475080621124183E-13    1.9415042599184924       2.49728426935003E-13     1.9415042599184924       8.469880418302496E-14    1.9415042599184924       2.961922265736219E-14    1.9415042599184924       1.0952884857257632E-14   1.9415042599184924       4.46381324865988E-15     1.9415042599184924       2.1202505106800695E-15   1.9415042599184924       1.2369529341199195E-15   1.9415042599184924       8.977293688794953E-16    1.9415042599184924       7.747103497608425E-16    1.9415042599184924       7.490547723701982E-16    1.9415042599184924       7.711676928634848E-16    1.9415042599184924       8.208423702337764E-16    1.9415042599184924       8.85802895641549E-16     1.9415042599184924       9.595174617077217E-16    1.9415042599184924       1.0403845740292636E-15   1.9415042599184924       1.1254228304049357E-15   1.9415042599184924       1.2118915131004726E-15   1.9415042599184924       1.3016299038250765E-15   1.9415042599184924
4.347964232568273         7.124693712148163E-13    1.9352210746113132       2.3561746214719294E-13   1.9352210746113132       7.86788529496615E-14     1.9352210746113132       2.6850310781270235E-14   1.9352210746113132       9.572569618463446E-15    1.9352210746113132       3.729861957202005E-15    1.9352210746113132       1.7173457526699054E-15   1.9352210746113132       1.0182358028662396E-15   1.9352210746113132       7.8760343592268E-16      1.9352210746113132       7.327746805058095E-16    1.9352210746113132       7.504667303215208E-16    1.9352210746113132       8.025780847347072E-16    1.9352210746113132       8.732864198569247E-16    1.9352210746113132       9.542037710507589E-16    1.9352210746113132       1.04163033642413E-15     1.9352210746113132       1.1342386221842471E-15   1.9352210746113132       1.2303095453533507E-15   1.9352210746113132       1.3277529930637302E-15   1.9352210746113132       1.4285411533935882E-15   1.9352210746113132
4.354247417875452         6.767734669085903E-13    1.928937889304134        2.2125013531243037E-13   1.928937889304134        7.254662575900696E-14    1.928937889304134        2.403781575580113E-14    1.928937889304134        8.187623150446247E-15    1.928937889304134        3.0157105896682056E-15   1.928937889304134        1.3508673226722784E-15   1.928937889304134        8.486913420737925E-16    1.928937889304134        7.379036052881453E-16    1.928937889304134        7.620034326105178E-16    1.928937889304134        8.34209102013818E-16     1.928937889304134        9.278151312964553E-16    1.928937889304134        1.0315032992021892E-15   1.928937889304134        1.140774156753733E-15    1.928937889304134        1.2546024788897144E-15   1.928937889304134        1.3719951009807984E-15   1.928937889304134        1.4922880490056598E-15   1.928937889304134        1.6141383098356236E-15   1.928937889304134        1.739473478877265E-15    1.928937889304134
4.360530603182633         6.409935810221524E-13    1.922654703996953        2.0699800155505432E-13   1.922654703996953        6.654182591005549E-14    1.922654703996953        2.132798767883674E-14    1.922654703996953        6.878434049450522E-15    1.922654703996953        2.3552494846681797E-15   1.922654703996953        1.0214060752369875E-15   1.922654703996953        7.043265566013812E-16    1.922654703996953        7.05575386457386E-16     1.922654703996953        8.035161808104161E-16    1.922654703996953        9.275190307997611E-16    1.922654703996953        1.0610953406406813E-15   1.922654703996953        1.1972419161799252E-15   1.922654703996953        1.3349661799589131E-15   1.922654703996953        1.4754439343841135E-15   1.922654703996953        1.6181181854493404E-15   1.922654703996953        1.763140508083157E-15    1.922654703996953        1.909919294639051E-15    1.922654703996953        2.060140547022164E-15    1.922654703996953
4.366813788489813         6.057655878918557E-13    1.9163715186897738       1.932200177355994E-13    1.9163715186897738       6.087406080471158E-14    1.9163715186897738       1.8839429617541395E-14   1.9163715186897738       5.705258834248157E-15    1.9163715186897738       1.7698174578387845E-15   1.9163715186897738       7.232285367187802E-16    1.9163715186897738       5.595668975285592E-16    1.9163715186897738       6.494533490197744E-16    1.9163715186897738       8.029548271221422E-16    1.9163715186897738       9.64140329791341E-16     1.9163715186897738       1.1248302372340307E-15   1.9163715186897738       1.2818814725112225E-15   1.9163715186897738       1.437175196061837E-15    1.9163715186897738       1.5934409821772535E-15   1.9163715186897738       1.7506469089062786E-15   1.9163715186897738       1.9095428528163768E-15   1.9163715186897738       2.070196916892299E-15    1.9163715186897738       2.2338916169535014E-15   1.9163715186897738
4.373096973796992         5.717060282622991E-13    1.9100883333825946       1.8022614399568585E-13   1.9100883333825946       5.570854379822324E-14    1.9100883333825946       1.666078029297192E-14    1.9100883333825946       4.713076446587046E-15    1.9100883333825946       1.2779582060269647E-15   1.9100883333825946       4.57928510606445E-16     1.9100883333825946       4.043996859620007E-16    1.9100883333825946       5.5085178874672755E-16   1.9100883333825946       7.345990064334025E-16    1.9100883333825946       9.121269564059849E-16    1.9100883333825946       1.081277824185805E-15    1.9100883333825946       1.2420744867304485E-15   1.9100883333825946       1.3984973553516833E-15   1.9100883333825946       1.55413489663061E-15     1.9100883333825946       1.7095189836437888E-15   1.9100883333825946       1.8658091367368406E-15   1.9100883333825946       2.0235800270532894E-15   1.9100883333825946       2.1836340406268498E-15   1.9100883333825946
4.379380159104172         5.393468642028807E-13    1.9038051480754146       1.6825261981816986E-13   1.9038051480754146       5.1158133779619307E-14   1.9038051480754146       1.4849755072488625E-14   1.9038051480754146       3.933703496361788E-15    1.9038051480754146       8.990520360847357E-16    1.9038051480754146       2.3903601647851236E-16   1.9038051480754146       2.4982600955779474E-16   1.9038051480754146       4.1992245027519416E-16   1.9038051480754146       6.087041314258213E-16    1.9038051480754146       7.82271560905275E-16     1.9038051480754146       9.421196238046295E-16    1.9038051480754146       1.0905435934198654E-15   1.9038051480754146       1.2328003374806007E-15   1.9038051480754146       1.3726946880908454E-15   1.9038051480754146       1.5113044601098671E-15   1.9038051480754146       1.6500149557609842E-15   1.9038051480754146       1.7897428912539895E-15   1.9038051480754146       1.930834367602141E-15    1.9038051480754146
4.385663344411351         5.090905184663503E-13    1.8975219627682354       1.574483849344499E-13    1.8975219627682354       4.7280162939628946E-14   1.8975219627682354       1.34322141138612E-14     1.8975219627682354       3.3843305780424277E-15   1.8975219627682354       6.504563275693745E-16    1.8975219627682354       8.757784253237992E-17    1.8975219627682354       1.218657049488186E-16    1.8975219627682354       2.8817823562915434E-16   1.8975219627682354       4.62566667745305E-16     1.8975219627682354       6.177393172644735E-16    1.8975219627682354       7.566258093964104E-16    1.8975219627682354       8.82775872904996E-16     1.8975219627682354       1.0019314780543062E-15   1.8975219627682354       1.1175906139541122E-15   1.8975219627682354       1.231313332615751E-15    1.8975219627682354       1.3444983458766382E-15   1.8975219627682354       1.4582632811509125E-15   1.8975219627682354       1.5725942348310649E-15   1.8975219627682354
4.39194652971853          4.811858221380783E-13    1.8912387774610562       1.4787174281154282E-13   1.8912387774610562       4.407756676530357E-14    1.8912387774610562       1.2401939968874339E-14   1.8912387774610562       3.0643686416441218E-15   1.8912387774610562       5.411548330759179E-16    1.8912387774610562       2.2608425254305832E-17   1.8912387774610562       4.910080500121271E-17    1.8912387774610562       1.9312560818052067E-16   1.8912387774610562       3.422460591002714E-16    1.8912387774610562       4.728617640543054E-16    1.8912387774610562       5.874414153766775E-16    1.8912387774610562       6.897535468245105E-16    1.8912387774610562       7.853268676990454E-16    1.8912387774610562       8.769771944337803E-16    1.8912387774610562       9.666452483392996E-16    1.8912387774610562       1.055480842587499E-15    1.8912387774610562       1.144692672839429E-15    1.8912387774610562       1.2340256664574363E-15   1.8912387774610562
4.39822971502571          4.557232792199957E-13    1.884955592153876        1.394960843311469E-13    1.884955592153876        4.150436789466396E-14    1.884955592153876        1.1722632201560741E-14   1.884955592153876        2.9534529908183447E-15   1.884955592153876        5.659921897026715E-16    1.884955592153876        5.196987905745776E-17    1.884955592153876        5.020060549080392E-17    1.884955592153876        1.6267706166796745E-16   1.884955592153876        2.8390211650977254E-16   1.884955592153876        3.913944333731618E-16    1.884955592153876        4.856981300498016E-16    1.884955592153876        5.698607879047709E-16    1.884955592153876        6.486289628430178E-16    1.884955592153876        7.239028783384274E-16    1.884955592153876        7.978639936959459E-16    1.884955592153876        8.711111641966929E-16    1.884955592153876        9.44858606384468E-16     1.884955592153876        1.018713008070464E-15    1.884955592153876
4.4045129003328904        4.3264653137499747E-13   1.878672406846696        1.322230414414698E-13    1.878672406846696        3.947531363597735E-14    1.878672406846696        1.1333160332656031E-14   1.878672406846696        3.012706896345076E-15    1.878672406846696        7.035600811389994E-16    1.878672406846696        1.672941652627476E-16    1.878672406846696        1.2640260614656312E-16   1.878672406846696        2.0532063237555353E-16   1.878672406846696        3.017670588023551E-16    1.878672406846696        3.923372727825123E-16    1.878672406846696        4.746661338590404E-16    1.878672406846696        5.503292057972371E-16    1.878672406846696        6.228643689676704E-16    1.878672406846696        6.931404254085829E-16    1.878672406846696        7.634028301194145E-16    1.878672406846696        8.334075453650947E-16    1.878672406846696        9.043096177116123E-16    1.878672406846696        9.756560954531484E-16    1.878672406846696
4.41079608564007          4.117759674544424E-13    1.8723892215395168       1.2590087021877067E-13   1.8723892215395168       3.787870205059569E-14    1.8723892215395168       1.1155926495192861E-14   1.8723892215395168       3.1897378352938685E-15   1.8723892215395168       9.187397217963856E-16    1.8723892215395168       3.4475413453162787E-16   1.8723892215395168       2.6094361927849504E-16   1.8723892215395168       3.085291075207675E-16    1.8723892215395168       3.8572138641048234E-16   1.8723892215395168       4.667797223698628E-16    1.8723892215395168       5.459131504960076E-16    1.8723892215395168       6.227197280537296E-16    1.8723892215395168       6.992450490767604E-16    1.8723892215395168       7.753057512323909E-16    1.8723892215395168       8.530144722178001E-16    1.8723892215395168       9.310788733838523E-16    1.8723892215395168       1.0105575595412686E-15   1.8723892215395168       1.0910063738047777E-15   1.8723892215395168
4.417079270947249         3.9284000777204254E-13   1.8661060362323376       1.203454231120354E-13    1.8661060362323376       3.659068191843998E-14    1.8661060362323376       1.1107042246683956E-14   1.8661060362323376       3.42628842587527E-15     1.8661060362323376       1.1689323185143213E-15   1.8661060362323376       5.506357005709129E-16    1.8661060362323376       4.244964868381332E-16    1.8661060362323376       4.444050963666124E-16    1.8661060362323376       5.07376145013489E-16     1.8661060362323376       5.845626567554483E-16    1.8661060362323376       6.666466849346474E-16    1.8661060362323376       7.510100320638622E-16    1.8661060362323376       8.380658137150763E-16    1.8661060362323376       9.266431898598476E-16    1.8661060362323376       1.0185384236058783E-15   1.8661060362323376       1.1113630120732137E-15   1.8661060362323376       1.2060767559223993E-15   1.8661060362323376       1.3023164641023466E-15   1.8661060362323376
4.423362456254428         3.755096790751219E-13    1.8598228509251584       1.1536101136375363E-13   1.8598228509251584       3.548900199877029E-14    1.8598228509251584       1.1106451234095667E-14   1.8598228509251584       3.666613969873903E-15    1.8598228509251584       1.4118546555130124E-15   1.8598228509251584       7.493103173281203E-16    1.8598228509251584       5.838121659511701E-16    1.8598228509251584       5.793207536053262E-16    1.8598228509251584       6.309351943489645E-16    1.8598228509251584       7.065194976985197E-16    1.8598228509251584       7.934699524679297E-16    1.8598228509251584       8.869731681104207E-16    1.8598228509251584       9.858170270787876E-16    1.8598228509251584       1.0879920452304324E-15   1.8598228509251584       1.1948447954572489E-15   1.8598228509251584       1.3030314397333334E-15   1.8598228509251584       1.4134405259186593E-15   1.8598228509251584       1.5258615971309003E-15   1.8598228509251584
4.429645641561608         3.594326213915514E-13    1.8535396656179783       1.1075885513088872E-13   1.8535396656179783       3.4464430207726264E-14   1.8535396656179783       1.1086247509956537E-14   1.8535396656179783       3.864640513397307E-15    1.8535396656179783       1.6126145745062758E-15   1.8535396656179783       9.1087761078791E-16      1.8535396656179783       7.103198678036075E-16    1.8535396656179783       6.837357053298989E-16    1.8535396656179783       7.244162681741553E-16    1.8535396656179783       7.972438084846372E-16    1.8535396656179783       8.868360967797563E-16    1.8535396656179783       9.864364403513693E-16    1.8535396656179783       1.093362021648674E-15    1.8535396656179783       1.2049900993889328E-15   1.8535396656179783       1.322157229816781E-15    1.8535396656179783       1.4408673334580855E-15   1.8535396656179783       1.5619734504528627E-15   1.8535396656179783       1.685467090382723E-15    1.8535396656179783
4.435928826868788         3.44263485688545E-13     1.8472564803107983       1.063715388482155E-13    1.8472564803107983       3.3428696010728954E-14   1.8472564803107983       1.0996039937914967E-14   1.8472564803107983       3.988542229476755E-15    1.8472564803107983       1.7483755219485046E-15   1.8472564803107983       1.0163839036067975E-15   1.8472564803107983       7.861486896148373E-16    1.8472564803107983       7.391874008267585E-16    1.8472564803107983       7.677349660773428E-16    1.8472564803107983       8.343734412394566E-16    1.8472564803107983       9.216415488729653E-16    1.8472564803107983       1.021272582199762E-15    1.8472564803107983       1.1293980786235536E-15   1.8472564803107983       1.2430574532598586E-15   1.8472564803107983       1.3625879624325976E-15   1.8472564803107983       1.4837312542453419E-15   1.8472564803107983       1.6073198567234472E-15   1.8472564803107983       1.733549126774905E-15    1.8472564803107983
4.442212012175967         3.296886016821014E-13    1.840973295003619        1.0206269772722432E-13   1.840973295003619        3.231855325102984E-14    1.840973295003619        1.0804979525087795E-14   1.840973295003619        4.022212307302293E-15    1.840973295003619        1.809874410402481E-15    1.840973295003619        1.05964531757131E-15     1.840973295003619        8.063615135186921E-16    1.840973295003619        7.41003162618244E-16     1.840973295003619        7.559500889949188E-16    1.840973295003619        8.124191986009927E-16    1.840973295003619        8.91687005747618E-16     1.840973295003619        9.845225870432144E-16    1.840973295003619        1.0862469148843946E-15   1.840973295003619        1.1938410785669465E-15   1.840973295003619        1.3072015709584517E-15   1.840973295003619        1.4221897859181757E-15   1.840973295003619        1.539592657118522E-15    1.840973295003619        1.659754365105983E-15    1.840973295003619
4.4484951974831475        3.1544367760540973E-13   1.834690109696439        9.773186174340082E-14    1.834690109696439        3.109620312883917E-14    1.834690109696439        1.0500751234831249E-14   1.834690109696439        3.963892155344771E-15    1.834690109696439        1.800007649968597E-15    1.834690109696439        1.0458555738941419E-15   1.834690109696439        7.775670793812143E-16    1.834690109696439        6.968945673535746E-16    1.834690109696439        6.978231500596335E-16    1.834690109696439        7.412716199169902E-16    1.834690109696439        8.081078095802058E-16    1.834690109696439        8.88712905767303E-16     1.834690109696439        9.780031648699282E-16    1.834690109696439        1.0731329378017734E-15   1.834690109696439        1.1736342932100325E-15   1.834690109696439        1.2757830535437435E-15   1.834690109696439        1.3802584825981313E-15   1.834690109696439        1.487455772779972E-15    1.834690109696439
4.454778382790327         3.0132410076360596E-13   1.8284069243892598       9.331490113282607E-14    1.8284069243892598       2.9746774756927184E-14   1.8284069243892598       1.008631429124323E-14    1.8284069243892598       3.822793218281863E-15    1.8284069243892598       1.7303955490188993E-15   1.8284069243892598       9.880007385833107E-16    1.8284069243892598       7.140714485331243E-16    1.8284069243892598       6.227475305888616E-16    1.8284069243892598       6.111620703250019E-16    1.8284069243892598       6.410154396881759E-16    1.8284069243892598       6.935730299082903E-16    1.8284069243892598       7.593542569471258E-16    1.8284069243892598       8.332455043176792E-16    1.8284069243892598       9.127197358708628E-16    1.8284069243892598       9.970182535543133E-16    1.8284069243892598       1.082998796643766E-15    1.8284069243892598       1.1711597146324683E-15   1.8284069243892598       1.2618388168891055E-15   1.8284069243892598
4.461061568097506         2.871881683783037E-13    1.8221237390820806       8.87808822670908E-14     1.8221237390820806       2.8273837705756516E-14   1.8221237390820806       9.575423650421125E-15    1.8221237390820806       3.614816971095507E-15    1.8221237390820806       1.6171489794969344E-15   1.8221237390820806       9.024639425952374E-16    1.8221237390820806       6.331370209545791E-16    1.8221237390820806       5.373790761508777E-16    1.8221237390820806       5.169391743579911E-16    1.8221237390820806       5.352826665887118E-16    1.8221237390820806       5.747565950976387E-16    1.8221237390820806       6.264337205513544E-16    1.8221237390820806       6.854696414609846E-16    1.8221237390820806       7.497056534755493E-16    1.8221237390820806       8.181607605985011E-16    1.8221237390820806       8.88319053982412E-16     1.8221237390820806       9.60449355826411E-16     1.8221237390820806       1.0347480280017117E-15   1.8221237390820806
4.467344753404685         2.729542946032115E-13    1.8158405537749014       8.41264082046815E-14     1.8158405537749014       2.6694032250747246E-14   1.8158405537749014       8.987981947558357E-15    1.8158405537749014       3.358442316183122E-15    1.8158405537749014       1.4769828216975516E-15   1.8158405537749014       8.050813819312727E-16    1.8158405537749014       5.507556884594303E-16    1.8158405537749014       4.578400908341903E-16    1.8158405537749014       4.3396669172256524E-16   1.8158405537749014       4.451687577711158E-16    1.8158405537749014       4.753879456257929E-16    1.8158405537749014       5.165282706145332E-16    1.8158405537749014       5.642224699941565E-16    1.8158405537749014       6.16655623570436E-16     1.8158405537749014       6.726992193412894E-16    1.8158405537749014       7.304195973565044E-16    1.8158405537749014       7.898591694520586E-16    1.8158405537749014       8.510347059400098E-16    1.8158405537749014
4.473627938711866         2.5859382239647457E-13   1.8095573684677204       7.936868610392461E-14    1.8095573684677204       2.50318390088261E-14     1.8095573684677204       8.346073629491117E-15    1.8095573684677204       3.0715565271116923E-15   1.8095573684677204       1.324442050742692E-15    1.8095573684677204       7.084516002381351E-16    1.8095573684677204       4.788107970555787E-16    1.8095573684677204       3.9624956588747227E-16   1.8095573684677204       3.75266291846985E-16     1.8095573684677204       3.850392907639347E-16    1.8095573684677204       4.1143459916273057E-16   1.8095573684677204       4.473390145399134E-16    1.8095573684677204       4.889914545833608E-16    1.8095573684677204       5.348615145807576E-16    1.8095573684677204       5.837666938352899E-16    1.8095573684677204       6.342657740821077E-16    1.8095573684677204       6.862340652805836E-16    1.8095573684677204       7.395168373530533E-16    1.8095573684677204
4.479911124019045         2.441213658377173E-13    1.8032741831605412       7.453857249417864E-14    1.8032741831605412       2.3315261848508773E-14   1.8032741831605412       7.67117464473258E-15     1.8032741831605412       2.7695690088508134E-15   1.8032741831605412       1.1705006475796768E-15   1.8032741831605412       6.207312873086644E-16    1.8032741831605412       4.238760358594403E-16    1.8032741831605412       3.5846261690677274E-16   1.8032741831605412       3.465230470459491E-16    1.8032741831605412       3.6072999323608024E-16   1.8032741831605412       3.8904280595992485E-16   1.8032741831605412       4.2539199919971326E-16   1.8032741831605412       4.666986735845977E-16    1.8032741831605412       5.116608411537608E-16    1.8032741831605412       5.5915453887741E-16      1.8032741831605412       6.081282606517617E-16    1.8032741831605412       6.583861535224528E-16    1.8032741831605412       7.096391402622082E-16    1.8032741831605412
4.486194309326224         2.29584508644113E-13     1.796990997853362        6.967462874406928E-14    1.796990997853362        2.1572808417853805E-14   1.796990997853362        6.982616251720593E-15    1.796990997853362        2.4647193544361905E-15   1.796990997853362        1.0223517325557113E-15   1.796990997853362        5.456903980053679E-16    1.796990997853362        3.87412056385336E-16     1.796990997853362        3.4434485613546766E-16   1.796990997853362        3.464195930952995E-16    1.796990997853362        3.699562540584182E-16    1.796990997853362        4.0505670188829834E-16   1.796990997853362        4.46705719225748E-16     1.796990997853362        4.925513278406374E-16    1.796990997853362        5.414873635052492E-16    1.796990997853362        5.925637767879815E-16    1.796990997853362        6.450191513768003E-16    1.796990997853362        6.986867903200799E-16    1.796990997853362        7.531870394648943E-16    1.796990997853362
4.4924774946334045        2.1505421666876048E-13   1.790707812546182        6.481877673750775E-14    1.790707812546182        1.9831731161736573E-14   1.790707812546182        6.29704137686085E-15     1.790707812546182        2.1662099917750788E-15   1.790707812546182        8.839628089784622E-16    1.790707812546182        4.835692552764048E-16    1.790707812546182        3.6688170364527166E-16   1.790707812546182        3.4914826235397295E-16   1.790707812546182        3.683033665888762E-16    1.790707812546182        4.0431600859772417E-16   1.790707812546182        4.493995042141366E-16    1.790707812546182        4.995797293337479E-16    1.790707812546182        5.532522742804361E-16    1.790707812546182        6.09496721555377E-16     1.790707812546182        6.676299284032201E-16    1.790707812546182        7.270882319733806E-16    1.790707812546182        7.878104056078136E-16    1.790707812546182        8.493614387063834E-16    1.790707812546182
4.498760679940584         2.0061666486202285E-13   1.7844246272390027       6.001359331115636E-14    1.7844246272390027       1.8117176772879927E-14   1.7844246272390027       5.6284276088805396E-15   1.7844246272390027       1.8807217149225134E-15   1.7844246272390027       7.56948571089963E-16     1.7844246272390027       4.3227510566826383E-16   1.7844246272390027       3.572861106422794E-16    1.7844246272390027       3.654263942353407E-16    1.7844246272390027       4.0252647695436636E-16   1.7844246272390027       4.520937933434694E-16    1.7844246272390027       5.083658671604126E-16    1.7844246272390027       5.683795236386902E-16    1.7844246272390027       6.312687244096207E-16    1.7844246272390027       6.962974051969831E-16    1.7844246272390027       7.630991319080755E-16    1.7844246272390027       8.31224829449492E-16     1.7844246272390027       9.007582261024307E-16    1.7844246272390027       9.712330770111423E-16    1.7844246272390027
4.505043865247763         1.8636657288621793E-13   1.7781414419318236       5.53008099452816E-14     1.7781414419318236       1.6451779995695565E-14   1.7781414419318236       4.988283077069156E-15    1.7781414419318236       1.612972872906597E-15    1.7781414419318236       6.414421581480083E-16    1.7781414419318236       3.8858040980923694E-16   1.7781414419318236       3.527265159138127E-16    1.7781414419318236       3.849990791079653E-16    1.7781414419318236       4.3884264242902896E-16   1.7781414419318236       5.011040205410486E-16    1.7781414419318236       5.679092173039472E-16    1.7781414419318236       6.372523241812726E-16    1.7781414419318236       7.089583976944513E-16    1.7781414419318236       7.824696210869083E-16    1.7781414419318236       8.577368909870971E-16    1.7781414419318236       9.34357239267492E-16     1.7781414419318236       1.012565658455968E-15    1.7781414419318236       1.091883902947748E-15    1.7781414419318236
4.511327050554943         1.724017660346387E-13    1.7718582566246435       5.072036053884855E-14    1.7718582566246435       1.485533119553268E-14    1.7718582566246435       4.385784716102361E-15    1.7718582566246435       1.3661597335788114E-15   1.7718582566246435       5.368113281556823E-16    1.7718582566246435       3.49131084135815E-16     1.7718582566246435       3.477259243678646E-16    1.7718582566246435       4.006018482134718E-16    1.7718582566246435       4.68385831049048E-16     1.7718582566246435       5.409885484385514E-16    1.7718582566246435       6.162410104902761E-16    1.7718582566246435       6.930101326814238E-16    1.7718582566246435       7.717264507271751E-16    1.7718582566246435       8.519953894111869E-16    1.7718582566246435       9.34046339779724E-16     1.7718582566246435       1.017476377844944E-15    1.7718582566246435       1.1026569537650465E-15   1.7718582566246435       1.1891185794035055E-15   1.7718582566246435
4.517610235862123         1.5881857111223477E-13   1.7655750713174634       4.6309403323121125E-14   1.7655750713174634       1.3344358653210283E-14   1.7655750713174634       3.827814606372923E-15    1.7655750713174634       1.1422642007946549E-15   1.7655750713174634       4.4218461973552785E-16   1.7655750713174634       3.111776649796592E-16    1.7655750713174634       3.3815666704397994E-16   1.7655750713174634       4.069976693354573E-16    1.7655750713174634       4.849490649449793E-16    1.7655750713174634       5.646443559548033E-16    1.7655750713174634       6.453933273260536E-16    1.7655750713174634       7.26822010212294E-16     1.7655750713174634       8.098533309107108E-16    1.7655750713174634       8.94236747085197E-16     1.7655750713174634       9.804194744093914E-16    1.7655750713174634       1.0679790204158964E-15   1.7655750713174634       1.157398050136404E-15    1.7655750713174634       1.2482386045012675E-15   1.7655750713174634
4.523893421169302         1.457077445414753E-13    1.7592918860102842       4.2101051035552565E-14   1.7592918860102842       1.1931673005332873E-14   1.7592918860102842       3.3189700231272667E-15   1.7592918860102842       9.422831041496468E-16    1.7592918860102842       3.568017862733027E-16    1.7592918860102842       2.7300202039380556E-16   1.7592918860102842       3.2171432991399983E-16   1.7592918860102842       4.01475713675796E-16     1.7592918860102842       4.85491379461883E-16     1.7592918860102842       5.687294274728779E-16    1.7592918860102842       6.517236954257984E-16    1.7592918860102842       7.347272711077912E-16    1.7592918860102842       8.190318592868805E-16    1.7592918860102842       9.045143277283393E-16    1.7592918860102842       9.917728361521546E-16    1.7592918860102842       1.0803682179743304E-15   1.7592918860102842       1.1708633805166805E-15   1.7592918860102842       1.2628717077867476E-15   1.7592918860102842
4.5301766064764815        1.3315079776587041E-13   1.753008700703105        3.812290272280689E-14    1.753008700703105        1.0626030862924021E-14   1.753008700703105        2.8616462610284204E-15   1.753008700703105        7.664289295242909E-16    1.753008700703105        2.8020840753729494E-16   1.753008700703105        2.3405163631007657E-16   1.753008700703105        2.979643831509228E-16    1.753008700703105        3.837971574252759E-16    1.753008700703105        4.699801250599703E-16    1.753008700703105        5.5340687384036E-16      1.753008700703105        6.35572374729973E-16     1.753008700703105        7.172204855851859E-16    1.753008700703105        7.998924677957841E-16    1.753008700703105        8.835809082753248E-16    1.753008700703105        9.689702822132278E-16    1.753008700703105        1.0556196881674083E-15   1.753008700703105        1.1441365675276493E-15   1.753008700703105        1.2341975390094284E-15   1.753008700703105
4.536459791783661         1.2121675220117018E-13   1.7467255153959258       3.4395710640643445E-14   1.7467255153959258       9.432065332831507E-15    1.7467255153959258       2.4562451495662974E-15   1.7467255153959258       6.143171915652907E-16    1.7467255153959258       2.1231254624940089E-16   1.7467255153959258       1.948299335006414E-16    1.7467255153959258       2.68058751506888E-16     1.7467255153959258       3.5574319306377735E-16   1.7467255153959258       4.407822736961932E-16    1.7467255153959258       5.215931215705056E-16    1.7467255153959258       6.003796621921686E-16    1.7467255153959258       6.782464241096581E-16    1.7467255153959258       7.568774149955525E-16    1.7467255153959258       8.363709566004709E-16    1.7467255153959258       9.174384326721453E-16    1.7467255153959258       9.996532967324433E-16    1.7467255153959258       1.0836295924980352E-15   1.7467255153959258       1.1691112441685832E-15   1.7467255153959258
4.542742977090841         1.0995949232950172E-13   1.7404423300887457       3.0932552085737545E-14   1.7404423300887457       8.350543470702724E-15    1.7404423300887457       2.101497978926662E-15    1.7404423300887457       4.851291856077544E-16    1.7404423300887457       1.533286027283889E-16    1.7404423300887457       1.5662065149038258E-16   1.7404423300887457       2.342574303998279E-16    1.7404423300887457       3.2045347010252083E-16   1.7404423300887457       4.018372186638137E-16    1.7404423300887457       4.77976886518903E-16     1.7404423300887457       5.515561436453784E-16    1.7404423300887457       6.23920656283155E-16     1.7404423300887457       6.968049343640695E-16    1.7404423300887457       7.704001392244112E-16    1.7404423300887457       8.453929243013839E-16    1.7404423300887457       9.213828230848077E-16    1.7404423300887457       9.989570039238613E-16    1.7404423300887457       1.0779282838449E-15      1.7404423300887457
4.549026162398021         9.941598015164914E-14    1.7341591447815656       2.773873501228309E-14    1.7341591447815656       7.378909535772696E-15    1.7341591447815656       1.794849677926582E-15    1.7341591447815656       3.777345614178848E-16    1.7341591447815656       1.036450799472715E-16    1.7341591447815656       1.2113401254594932E-16   1.7341591447815656       1.9938556147054897E-16   1.7341591447815656       2.8171781927110196E-16   1.7341591447815656       3.57797494111785E-16     1.7341591447815656       4.280141561110804E-16    1.7341591447815656       4.953304160501048E-16    1.7341591447815656       5.61225291581481E-16     1.7341591447815656       6.274069122976212E-16    1.7341591447815656       6.941425196778948E-16    1.7341591447815656       7.62055376413666E-16     1.7341591447815656       8.307794385780821E-16    1.7341591447815656       9.008542699037734E-16    1.7341591447815656       9.721664939016944E-16    1.7341591447815656
4.5553093477052           8.960562106162226E-14    1.7278759594743864       2.481244868360134E-14    1.7278759594743864       6.51200773252682E-15     1.7278759594743864       1.5328437684113235E-15   1.7278759594743864       2.9076853166079563E-16   1.7278759594743864       6.365723798745038E-17    1.7278759594743864       9.014854515408682E-17    1.7278759594743864       1.6632096687983306E-16   1.7278759594743864       2.433299290714828E-16    1.7278759594743864       3.132576072142675E-16    1.7278759594743864       3.770339558512462E-16    1.7278759594743864       4.3773048545183076E-16   1.7278759594743864       4.968658112382223E-16    1.7278759594743864       5.560628946485539E-16    1.7278759594743864       6.156484531998135E-16    1.7278759594743864       6.761628178147624E-16    1.7278759594743864       7.372827971841868E-16    1.7278759594743864       7.994966241135899E-16    1.7278759594743864       8.627736399583837E-16    1.7278759594743864
4.56159253301238          8.053099059877428E-14    1.7215927741672064       2.2145984940656805E-14   1.7215927741672064       5.742863887495891E-15    1.7215927741672064       1.3114643504739847E-15   1.7215927741672064       2.2267039841864652E-16   1.7215927741672064       3.359937654298268E-17    1.7215927741672064       6.519681303615938E-17    1.7215927741672064       1.375668425802017E-16    1.7215927741672064       2.0856358965323312E-16   1.7215927741672064       2.7214157561455936E-16   1.7215927741672064       3.2954171052064185E-16   1.7215927741672064       3.8380774658251885E-16   1.7215927741672064       4.3642302156579196E-16   1.7215927741672064       4.888884782069851E-16    1.7215927741672064       5.415793312628426E-16    1.7215927741672064       5.949547256441531E-16    1.7215927741672064       6.487432585207342E-16    1.7215927741672064       7.033913207682506E-16    1.7215927741672064       7.589576768850411E-16    1.7215927741672064
4.567875718319559         7.217992707659156E-14    1.7153095888600272       1.9727264551486552E-14   1.7153095888600272       5.063428377702423E-15    1.7153095888600272       1.126414834761175E-15    1.7153095888600272       1.7169687687174134E-16   1.7153095888600272       1.340161703150687E-17    1.7153095888600272       4.732272199899855E-17    1.7153095888600272       1.1493954394758065E-16   1.7153095888600272       1.798072817985242E-16    1.7153095888600272       2.372952389530029E-16    1.7153095888600272       2.8877916098973456E-16   1.7153095888600272       3.3717456367880765E-16   1.7153095888600272       3.8387816489846125E-16   1.7153095888600272       4.302549329443604E-16    1.7153095888600272       4.767248067585689E-16    1.7153095888600272       5.236833065966914E-16    1.7153095888600272       5.709151587663233E-16    1.7153095888600272       6.188370147780502E-16    1.7153095888600272       6.675922876732549E-16    1.7153095888600272
4.5741589036267385        6.452871018841437E-14    1.709026403552848        1.7541407981948558E-14   1.709026403552848        4.465218473477194E-15    1.709026403552848        9.733317079278851E-16    1.709026403552848        1.3592654238475618E-16   1.709026403552848        2.590533835565575E-18    1.709026403552848        3.6930213124698047E-17   1.709026403552848        9.939357665013786E-17    1.709026403552848        1.58383392690479E-16     1.709026403552848        2.103132525895067E-16    1.709026403552848        2.5657031635303227E-16   1.709026403552848        2.9987734818432716E-16   1.709026403552848        3.415165463132789E-16    1.709026403552848        3.8272047116399996E-16   1.709026403552848        4.239522200534478E-16    1.709026403552848        4.655650630160581E-16    1.709026403552848        5.073916555374045E-16    1.709026403552848        5.498223648841416E-16    1.709026403552848        5.930634739357227E-16    1.709026403552848
4.580442088933918         5.754578208624789E-14    1.7027432182456688       1.5572151908297407E-14   1.7027432182456688       3.939829049804549E-15    1.7027432182456688       8.479422193343749E-16    1.7027432182456688       1.1327328579662965E-16   1.7027432182456688       2.5222260780440847E-19   1.7027432182456688       3.3741445588027864E-17   1.7027432182456688       9.100047912546132E-17    1.7027432182456688       1.4456406084887698E-16   1.7027432182456688       1.9160211126137243E-16   1.7027432182456688       2.334363818211246E-16    1.7027432182456688       2.7256195760100287E-16   1.7027432182456688       3.1013489043907133E-16   1.7027432182456688       3.4726520025754233E-16   1.7027432182456688       3.8445059486000747E-16   1.7027432182456688       4.2201460172367477E-16   1.7027432182456688       4.59812240336049E-16     1.7027432182456688       4.981976433490107E-16    1.7027432182456688       5.3740446759826505E-16   1.7027432182456688
4.586725274241099         5.119533899386289E-14    1.6964600329384878       1.3802987341529117E-14   1.6964600329384878       3.4793004747865065E-15   1.6964600329384878       7.461790782514937E-16    1.6964600329384878       1.015260923142513E-16    1.6964600329384878       5.07315792164492E-18     1.6964600329384878       3.687397978320383E-17    1.6964600329384878       8.908004694187301E-17    1.6964600329384878       1.3776434032026086E-16   1.6964600329384878       1.8063525144777382E-16   1.6964600329384878       2.1890586064669404E-16   1.6964600329384878       2.54825888728754E-16     1.6964600329384878       2.8941795408984527E-16   1.6964600329384878       3.2367350143433136E-16   1.6964600329384878       3.5810204997569137E-16   1.6964600329384878       3.9299474055584696E-16   1.6964600329384878       4.2818927816645394E-16   1.6964600329384878       4.639853502530156E-16    1.6964600329384878       5.00606529510019E-16     1.6964600329384878
4.593008459548278         4.544019216632779E-14    1.6901768476313086       1.2217957038085653E-14   1.6901768476313086       3.0763444271027417E-15   1.6901768476313086       6.642648568825839E-16    1.6901768476313086       9.84261759623989E-17     1.6901768476313086       1.5461115007474552E-17   1.6901768476313086       4.5024072827026136E-17   1.6901768476313086       9.244952997875928E-17    1.6901768476313086       1.368518686093524E-16    1.6901768476313086       1.7631088101931864E-16   1.6901768476313086       2.119038941517922E-16    1.6901768476313086       2.456209070810307E-16    1.6901768476313086       2.783374843532418E-16    1.6901768476313086       3.1091784400500434E-16   1.6901768476313086       3.438466571328922E-16    1.6901768476313086       3.773687228004092E-16    1.6901768476313086       4.1126221422471603E-16   1.6901768476313086       4.45758188560166E-16     1.6901768476313086       4.810450780410754E-16    1.6901768476313086
4.599291644855457         4.024354461556815E-14    1.6838936623241294       1.08020970255662E-14     1.6838936623241294       2.7244377819954818E-15   1.6838936623241294       5.987746569181771E-16    1.6838936623241294       1.0177885945915765E-16   1.6838936623241294       2.972578951535683E-17    1.6838936623241294       5.67130986974589E-17     1.6838936623241294       9.972291258507325E-17    1.6838936623241294       1.404815327057304E-16    1.6838936623241294       1.7730266819874243E-16   1.6838936623241294       2.1110135108052886E-16   1.6838936623241294       2.435877305143253E-16    1.6838936623241294       2.754670230616077E-16    1.6838936623241294       3.0745768393583556E-16   1.6838936623241294       3.3997844661224334E-16   1.6838936623241294       3.732143058510858E-16    1.6838936623241294       4.068539417149113E-16    1.6838936623241294       4.4106164009751767E-16   1.6838936623241294       4.759870579357598E-16    1.6838936623241294
4.605574830162636         3.5569657776847486E-14   1.6776104770169502       9.541549211847408E-15    1.6776104770169502       2.417804566202636E-15    1.6776104770169502       5.466790059973027E-16    1.6776104770169502       1.095804179337326E-16    1.6776104770169502       4.627595926487999E-17    1.6776104770169502       7.053184177107167E-17    1.6776104770169502       1.095777733891414E-16    1.6776104770169502       1.473634147689561E-16    1.6776104770169502       1.823125215044964E-16    1.6776104770169502       2.1514430862037294E-16   1.6776104770169502       2.472634120730446E-16    1.6776104770169502       2.7917793067245576E-16   1.6776104770169502       3.114430372713169E-16    1.6776104770169502       3.4438024974730847E-16   1.6776104770169502       3.781145812271125E-16    1.6776104770169502       4.122378737246736E-16    1.6776104770169502       4.468696957464078E-16    1.6776104770169502       4.821371012044384E-16    1.6776104770169502
4.611858015469816         3.138366964321442E-14    1.6713272917097701       8.4234151657632E-15      1.6713272917097701       2.1513159878297982E-15   1.6713272917097701       5.053628442235388E-16    1.6713272917097701       1.2012769305681637E-16   1.6713272917097701       6.377998065567916E-17    1.6713272917097701       8.531740835547446E-17    1.6713272917097701       1.209230749615938E-16    1.6713272917097701       1.5640680072070746E-16   1.6713272917097701       1.9018693906128942E-16   1.6713272917097701       2.227498611710853E-16    1.6713272917097701       2.5517272974865557E-16   1.6713272917097701       2.8774871543165327E-16   1.6713272917097701       3.2086617979465524E-16   1.6713272917097701       3.547394459495824E-16    1.6713272917097701       3.8945267795338983E-16   1.6713272917097701       4.2451633707393224E-16   1.6713272917097701       4.600406196992689E-16    1.6713272917097701       4.961542732002768E-16    1.6713272917097701
4.6181412007769955        2.765098494115043E-14    1.665044106402591        7.435459974283025E-15    1.665044106402591        1.9203463613790567E-15   1.665044106402591        4.726146171016789E-16    1.665044106402591        1.320784861937728E-16    1.665044106402591        8.124704885966763E-17    1.665044106402591        1.0022333097925463E-16   1.665044106402591        1.3294301753226838E-16   1.665044106402591        1.6673760461811462E-16   1.665044106402591        1.9991933104656673E-16   1.665044106402591        2.327130437047006E-16    1.665044106402591        2.658630407159151E-16    1.665044106402591        2.9945024514426887E-16   1.665044106402591        3.337141392367768E-16    1.665044106402591        3.687753777718174E-16    1.665044106402591        4.047109633612322E-16    1.665044106402591        4.4097784369762907E-16   1.665044106402591        4.777107179860047E-16    1.665044106402591        5.150568805763488E-16    1.665044106402591
4.624424386084176         2.4336664446004094E-14   1.6587609210954108       6.565796058474963E-15    1.6587609210954108       1.7206257725744899E-15   1.6587609210954108       4.465841328857028E-16    1.6587609210954108       1.4444572470925268E-16   1.6587609210954108       9.801551568591444E-17    1.6587609210954108       1.1468500989820882E-16   1.6587609210954108       1.4504130358779646E-16   1.6587609210954108       1.7763588689802228E-16   1.6587609210954108       2.10601832364436E-16     1.6587609210954108       2.4389531440366497E-16   1.6587609210954108       2.779477966484881E-16    1.6587609210954108       3.126547662447533E-16    1.6587609210954108       3.481434253574583E-16    1.6587609210954108       3.844690702037047E-16    1.6587609210954108       4.2173633308701516E-16   1.6587609210954108       4.593732555952407E-16    1.6587609210954108       4.975565954934761E-16    1.6587609210954108       5.364504885314666E-16    1.6587609210954108
4.630707571391356         2.140512862111809E-14    1.6524777357882308       5.802667635630201E-15    1.6524777357882308       1.5481267628489504E-15   1.6524777357882308       4.2571758902552726E-16   1.6524777357882308       1.5653255753690006E-16   1.6524777357882308       1.1366944301472327E-16   1.6524777357882308       1.2832135344898338E-16   1.6524777357882308       1.5674438672796432E-16   1.6524777357882308       1.8846212506168714E-16   1.6524777357882308       2.213943674328187E-16    1.6524777357882308       2.552496862018986E-16    1.6524777357882308       2.9019127894744844E-16   1.6524777357882308       3.259730282166567E-16    1.6524777357882308       3.62652870046761E-16     1.6524777357882308       4.002484586806773E-16    1.6524777357882308       4.3891281511866514E-16   1.6524777357882308       4.780535989941337E-16    1.6524777357882308       5.178838341948259E-16    1.6524777357882308       5.585634137572596E-16    1.6524777357882308
4.636990756698535         1.8820322883661158E-14   1.6461945504810516       5.134414839720371E-15    1.6461945504810516       1.3990116066690206E-15   1.6461945504810516       4.086880594384597E-16    1.6461945504810516       1.6783787380079946E-16   1.6461945504810516       1.279296261477952E-16    1.6461945504810516       1.4083192370302108E-16   1.6461945504810516       1.6762688254395212E-16   1.6461945504810516       1.98627933583651E-16     1.6461945504810516       2.3154864105194423E-16   1.6461945504810516       2.6589498554506877E-16   1.6461945504810516       3.01619777477411E-16     1.6461945504810516       3.3838122613904633E-16   1.6461945504810516       3.762017088354131E-16    1.6461945504810516       4.150742042954242E-16    1.6461945504810516       4.551980287710762E-16    1.6461945504810516       4.959494266118297E-16    1.6461945504810516       5.375529662032841E-16    1.6461945504810516       5.801335281660245E-16    1.6461945504810516
4.643273942005714         1.6546326739724755E-14   1.6399113651738724       4.5496330800275675E-15   1.6399113651738724       1.2696499237286442E-15   1.6399113651738724       3.9434360663968935E-16   1.6399113651738724       1.7797138779217192E-16   1.6399113651738724       1.405691263303497E-16    1.6399113651738724       1.5193960177120406E-16   1.6399113651738724       1.7729752156768261E-16   1.6399113651738724       2.0762893182316797E-16   1.6399113651738724       2.4047966089395717E-16   1.6399113651738724       2.7520809178578603E-16   1.6399113651738724       3.116111668682842E-16    1.6399113651738724       3.4928390862223516E-16   1.6399113651738724       3.8822625283327843E-16   1.6399113651738724       4.2839894188194633E-16   1.6399113651738724       4.700247171350888E-16    1.6399113651738724       5.124251184052623E-16    1.6399113651738724       5.558059715473138E-16    1.6399113651738724       6.002315668724384E-16    1.6399113651738724
4.649557127312893         1.454826428894342E-14    1.6336281798666932       4.0374779590276294E-15   1.6336281798666932       1.1566963421007793E-15   1.6336281798666932       3.816892187580906E-16    1.6336281798666932       1.866093673927138E-16    1.6336281798666932       1.513846964274127E-16    1.6336281798666932       1.613977562971066E-16    1.6336281798666932       1.854441399863747E-16    1.6336281798666932       2.1511574932326402E-16   1.6336281798666932       2.4784230638355334E-16   1.6336281798666932       2.8288227377497963E-16   1.6336281798666932       3.1991357264762235E-16   1.6336281798666932       3.5847845155953314E-16   1.6336281798666932       3.9854563440106365E-16   1.6336281798666932       4.4002077030224477E-16   1.6336281798666932       4.831181457918449E-16    1.6336281798666932       5.270829145733001E-16    1.6336281798666932       5.72081614984682E-16     1.6336281798666932       6.18109871857324E-16     1.6336281798666932
4.655840312620073         1.2793304891252634E-14   1.627344994559513        3.588020074020575E-15    1.627344994559513        1.0571995054681558E-15   1.627344994559513        3.6990410754185785E-16   1.627344994559513        1.9349995122333E-16      1.627344994559513        1.6022399775270872E-16   1.627344994559513        1.6904429169103746E-16   1.627344994559513        1.91901901058896E-16     1.627344994559513        2.209550748782832E-16    1.627344994559513        2.5356277044709443E-16   1.627344994559513        2.8891124089776007E-16   1.627344994559513        3.2657316586552213E-16   1.627344994559513        3.660285556327858E-16    1.627344994559513        4.0719327596331446E-16   1.627344994559513        4.498928576720869E-16    1.627344994559513        4.943076083384275E-16    1.627344994559513        5.395993123932716E-16    1.627344994559513        5.858941440237598E-16    1.627344994559513        6.331322937121335E-16    1.627344994559513
4.6621234979272534        1.1251532165504482E-14   1.621061809252333        3.1925413438718348E-15   1.621061809252333        9.687025836081919E-16    1.621061809252333        3.583787032038956E-16    1.621061809252333        1.98501534514839E-16     1.621061809252333        1.6703980590091237E-16   1.621061809252333        1.748608123951614E-16    1.621061809252333        1.966966941785587E-16    1.621061809252333        2.2523689671305435E-16   1.621061809252333        2.5779610645923217E-16   1.621061809252333        2.9349361525465495E-16   1.621061809252333        3.31793064324745E-16     1.621061809252333        3.720942804262166E-16    1.621061809252333        4.142402309600417E-16    1.621061809252333        4.579632457507538E-16    1.621061809252333        5.034019360003285E-16    1.621061809252333        5.496483165282304E-16    1.621061809252333        5.968066025039099E-16    1.621061809252333        6.447901653886818E-16    1.621061809252333
4.668406683234433         9.896501790502072E-15    1.6147786239451538       2.8436872281428084E-15   1.6147786239451538       8.892961755520397E-16    1.6147786239451538       3.4674433667379876E-16   1.6147786239451538       2.0162138102151712E-16   1.6147786239451538       1.7193021936288142E-16   1.6147786239451538       1.7899437910215086E-16   1.6147786239451538       2.0002980575419471E-16   1.6147786239451538       2.2821213542499415E-16   1.6147786239451538       2.608181219088189E-16    1.6147786239451538       2.9689087098362787E-16   1.6147786239451538       3.3577658294330283E-16   1.6147786239451538       3.767830370439436E-16    1.6147786239451538       4.19674611530624E-16     1.6147786239451538       4.640974866480281E-16    1.6147786239451538       5.101612025371335E-16    1.6147786239451538       5.56918534342806E-16     1.6147786239451538       6.044809028018807E-16    1.6147786239451538       6.527668283507518E-16    1.6147786239451538
4.674689868541612         8.70539202886773E-15     1.6084954386379746       2.5354373958480883E-15   1.6084954386379746       8.175982469939341E-16    1.6084954386379746       3.34869383105469E-16     1.6084954386379746       2.0302229688714365E-16   1.6084954386379746       1.751332293470932E-16    1.6084954386379746       1.8172062397694255E-16   1.6084954386379746       2.0220130470395603E-16   1.6084954386379746       2.301805172646572E-16    1.6084954386379746       2.628921264900665E-16    1.6084954386379746       2.992931549805189E-16    1.6084954386379746       3.3861308765710745E-16   1.6084954386379746       3.8007250420612004E-16   1.6084954386379746       4.23371083581566E-16     1.6084954386379746       4.680948908013313E-16    1.6084954386379746       5.143507243190279E-16    1.6084954386379746       5.611888791605071E-16    1.6084954386379746       6.087553845636473E-16    1.6084954386379746       6.569971149269987E-16    1.6084954386379746
4.680973053848792         7.658755017502043E-15    1.6022122533307945       2.2629133465784946E-15   1.6022122533307945       7.526588996963242E-16    1.6022122533307945       3.2280915513032117E-16   1.6022122533307945       2.029821207445406E-16    1.6022122533307945       1.769689721404621E-16    1.6022122533307945       1.8335812359596572E-16   1.6022122533307945       2.035010285940404E-16    1.6022122533307945       2.313730866918871E-16    1.6022122533307945       2.6416247423880064E-16   1.6022122533307945       3.007421915670816E-16    1.6022122533307945       3.402429118002467E-16    1.6022122533307945       3.8182170790815426E-16   1.6022122533307945       4.2514309392050023E-16   1.6022122533307945       4.697688894101465E-16    1.6022122533307945       5.158313770525559E-16    1.6022122533307945       5.6240906272963E-16      1.6022122533307945       6.096978131365024E-16    1.6022122533307945       6.576802356176711E-16    1.6022122533307945
4.687256239155971         6.73997366521175E-15     1.5959290680236153       2.022086406061044E-15    1.5959290680236153       6.938125942646669E-16    1.5959290680236153       3.107173148592684E-16    1.5959290680236153       2.01815095415734E-16     1.5959290680236153       1.777502509536645E-16    1.5959290680236153       1.8416870010617087E-16   1.5959290680236153       2.041118751066227E-16    1.5959290680236153       2.318757954948003E-16    1.5959290680236153       2.646133827437066E-16    1.5959290680236153       3.011334095541528E-16    1.5959290680236153       3.405020849435835E-16    1.5959290680236153       3.818490320379205E-16    1.5959290680236153       4.248384143789677E-16    1.5959290680236153       4.690411931588471E-16    1.5959290680236153       5.146340067377416E-16    1.5959290680236153       5.607396397100323E-16    1.5959290680236153       6.076024848477363E-16    1.5959290680236153       6.552324150566457E-16    1.5959290680236153
4.69353942446315          5.934590280832247E-15    1.5896458827164361       1.809470080357821E-15    1.5896458827164361       6.405178645692483E-16    1.5896458827164361       2.987445837797075E-16    1.5896458827164361       1.997837095140564E-16    1.5896458827164361       1.776979400580427E-16    1.5896458827164361       1.8428503081139596E-16   1.5896458827164361       2.0406377973025978E-16   1.5896458827164361       2.316210020085633E-16    1.5896458827164361       2.641018114285179E-16    1.5896458827164361       3.002853504061581E-16    1.5896458827164361       3.3921591475186377E-16   1.5896458827164361       3.8003278922324794E-16   1.5896458827164361       4.2242828191720293E-16   1.5896458827164361       4.660034034137114E-16    1.5896458827164361       5.109824664712599E-16    1.5896458827164361       5.56531943607552E-16     1.5896458827164361       6.029291811681992E-16    1.5896458827164361       6.501926462297349E-16    1.5896458827164361
4.699822609770331         5.229681225490419E-15    1.5833626974092552       1.6218731343269767E-15   1.5833626974092552       5.922279526607337E-16    1.5833626974092552       2.869576658963001E-16    1.5833626974092552       1.970351146865151E-16    1.5833626974092552       1.7689571252718176E-16   1.5833626974092552       1.836938372482448E-16    1.5833626974092552       2.0325326769161814E-16   1.5833626974092552       2.3044374025699453E-16   1.5833626974092552       2.6244260111907434E-16   1.5833626974092552       2.9803941909596083E-16   1.5833626974092552       3.362959856595909E-16    1.5833626974092552       3.763885982276359E-16    1.5833626974092552       4.1805190561677204E-16   1.5833626974092552       4.609212653673973E-16    1.5833626974092552       5.052567962018767E-16    1.5833626974092552       5.502554200037871E-16    1.5833626974092552       5.962043469938797E-16    1.5833626974092552       6.43109786208369E-16     1.5833626974092552
4.7061057950775105        4.613407900669779E-15    1.577079512102076        1.4562599675483571E-15   1.577079512102076        5.48323957917676E-16     1.577079512102076        2.7530434908961666E-16   1.577079512102076        1.9358587730163736E-16   1.577079512102076        1.7530063229188259E-16   1.577079512102076        1.8227796459128756E-16   1.577079512102076        2.0151539584312424E-16   1.577079512102076        2.281739813972281E-16    1.577079512102076        2.5950617241036716E-16   1.577079512102076        2.943464448003296E-16    1.577079512102076        3.3180091157328814E-16   1.577079512102076        3.710943500482644E-16    1.577079512102076        4.120017381586204E-16    1.577079512102076        4.541826722094352E-16    1.577079512102076        4.979115397862285E-16    1.577079512102076        5.423971936855805E-16    1.577079512102076        5.879140439314771E-16    1.577079512102076        6.344401730122967E-16    1.577079512102076
4.71238898038469          4.074797763405389E-15    1.5707963267948968       1.309725508012034E-15    1.5707963267948968       5.081198448936035E-16    1.5707963267948968       2.6363308788877816E-16   1.5707963267948968       1.8935840512983623E-16   1.5707963267948968       1.7280216137499363E-16   1.5707963267948968       1.7989640843174196E-16   1.5707963267948968       1.9871525177481358E-16   1.5707963267948968       2.247253141420033E-16    1.5707963267948968       2.552894269709041E-16    1.5707963267948968       2.893077649396727E-16    1.5707963267948968       3.2594079126726805E-16   1.5707963267948968       3.644574152425445E-16    1.5707963267948968       4.0465845913686575E-16   1.5707963267948968       4.462097508065215E-16    1.5707963267948968       4.8937645808293155E-16   1.5707963267948968       5.333631362468065E-16    1.5707963267948968       5.784155771729488E-16    1.5707963267948968       6.244772193699249E-16    1.5707963267948968
4.718672165691869         3.603729369485131E-15    1.5645131414877176       1.1795569041276448E-15   1.5645131414877176       4.70924678832134E-16     1.5645131414877176       2.517549938505666E-16    1.5645131414877176       1.8425177078698515E-16   1.5645131414877176       1.6930330726772253E-16   1.5645131414877176       1.7646826531184784E-16   1.5645131414877176       1.94822132083312E-16     1.5645131414877176       2.2014664790975395E-16   1.5645131414877176       2.499357080435995E-16    1.5645131414877176       2.8315966722983246E-16   1.5645131414877176       3.1902821959234667E-16   1.5645131414877176       3.568393395760143E-16    1.5645131414877176       3.963997456800537E-16    1.5645131414877176       4.373633810940855E-16    1.5645131414877176       4.7996778796570235E-16   1.5645131414877176       5.234047876511579E-16    1.5645131414877176       5.678860626201417E-16    1.5645131414877176       6.133243307009574E-16    1.5645131414877176
4.724955350999049         3.1910396930859205E-15   1.5582299561805375       1.0633340405449375E-15   1.5582299561805375       4.361305329268799E-16    1.5582299561805375       2.3952162506245515E-16   1.5582299561805375       1.7821765251436983E-16   1.5582299561805375       1.647913344095102E-16    1.5582299561805375       1.7202854630837398E-16   1.5582299561805375       1.899402371407059E-16    1.5582299561805375       2.1462124012190295E-16   1.5582299561805375       2.4370101856768025E-16   1.5582299561805375       2.7621111336947623E-16   1.5582299561805375       3.1139607821630553E-16   1.5582299561805375       3.4856464283851347E-16   1.5582299561805375       3.875114541643287E-16    1.5582299561805375       4.2786682919612053E-16   1.5582299561805375       4.698318769591939E-16    1.5582299561805375       5.125874986516422E-16    1.5582299561805375       5.563163895656656E-16    1.5582299561805375       6.009131423635368E-16    1.5582299561805375
4.731238536306228         2.8286542765260644E-15   1.5519467708733583       9.590189535838167E-16    1.5519467708733583       4.03289943354131E-16     1.5519467708733583       2.268885127971181E-16    1.5519467708733583       1.7131264565708895E-16   1.5519467708733583       1.5937250486616088E-16   1.5519467708733583       1.6673763755391285E-16   1.5519467708733583       1.8428846388119195E-16   1.5519467708733583       2.084177570469984E-16    1.5519467708733583       2.3688228607491133E-16   1.5519467708733583       2.687586600325256E-16    1.5519467708733583       3.0331017253564533E-16   1.5519467708733583       3.3984188290358476E-16   1.5519467708733583       3.7812605608718474E-16   1.5519467708733583       4.177677023972344E-16    1.5519467708733583       4.589336168896173E-16    1.5519467708733583       5.008052532010651E-16    1.5519467708733583       5.435495494462312E-16    1.5519467708733583       5.870603595001853E-16    1.5519467708733583
4.737521721613408         2.5096589425927973E-15   1.5456635855661782       8.649975555736498E-16    1.5456635855661782       3.721547131846454E-16    1.5456635855661782       2.139421056593403E-16    1.5456635855661782       1.637094109849296E-16    1.5456635855661782       1.53260930159849E-16     1.5456635855661782       1.6084467419228139E-16   1.5456635855661782       1.7814036097041003E-16   1.5456635855661782       2.018136228555161E-16    1.5456635855661782       2.29733923030172E-16     1.5456635855661782       2.6100695655613594E-16   1.5456635855661782       2.94903529706449E-16     1.5456635855661782       3.3071935413242118E-16   1.5456635855661782       3.68204400947089E-16     1.5456635855661782       4.069471945310348E-16    1.5456635855661782       4.470915419121866E-16    1.5456635855661782       4.878374357842001E-16    1.5456635855661782       5.293528266698818E-16    1.5456635855661782       5.715479141521572E-16    1.5456635855661782
4.743804906920587         2.228271418151803E-15    1.539380400258999        7.800584832417728E-16    1.539380400258999        3.426639502506024E-16    1.539380400258999        2.0088253452304625E-16   1.539380400258999        1.556653185739261E-16    1.539380400258999        1.4672871419937753E-16   1.539380400258999        1.5462088993292392E-16   1.539380400258999        1.7174742578296486E-16   1.539380400258999        1.9501777638800936E-16   1.539380400258999        2.2240009902407794E-16   1.539380400258999        2.5301925351107607E-16   1.539380400258999        2.861513455286712E-16    1.539380400258999        3.210875213096196E-16    1.539380400258999        3.5756547428411794E-16   1.539380400258999        3.9517401988754274E-16   1.539380400258999        4.3405036956691093E-16   1.539380400258999        4.734326689886878E-16    1.539380400258999        5.13504625910462E-16     1.539380400258999        5.542044520375082E-16    1.539380400258999
4.7500880922277675        1.979713901236255E-15    1.533097214951819        7.033153954304724E-16    1.533097214951819        3.148870534289437E-16    1.533097214951819        1.879702528338988E-16    1.533097214951819        1.4746199709124311E-16   1.533097214951819        1.400370816580734E-16    1.533097214951819        1.4828749255162133E-16   1.533097214951819        1.6527224151248086E-16   1.533097214951819        1.8811799136029849E-16   1.533097214951819        2.148836405694523E-16    1.533097214951819        2.4471254843721495E-16   1.533097214951819        2.7689379426104786E-16   1.533097214951819        3.1072771221459475E-16   1.533097214951819        3.4595635868317256E-16   1.533097214951819        3.8218881107138224E-16   1.533097214951819        4.195716322171696E-16    1.533097214951819        4.573969323970326E-16    1.533097214951819        4.958718114472846E-16    1.533097214951819        5.349650880573228E-16    1.533097214951819
4.756371277534947         1.7600189898419457E-15   1.5268140296446397       6.340947326316843E-16    1.5268140296446397       2.889411344934436E-16    1.5268140296446397       1.7545593294794699E-16   1.5268140296446397       1.3933790059313248E-16   1.5268140296446397       1.3337293284963329E-16   1.5268140296446397       1.419625515636797E-16    1.5268140296446397       1.5875312325921087E-16   1.5268140296446397       1.8106913259065758E-16   1.5268140296446397       2.0706094736871068E-16   1.5268140296446397       2.358989809066466E-16    1.5268140296446397       2.6690055437051716E-16   1.5268140296446397       2.9939383023639816E-16   1.5268140296446397       3.331432970041318E-16    1.5268140296446397       3.6779573765980686E-16   1.5268140296446397       4.035171701501739E-16    1.5268140296446397       4.3966127592002683E-16   1.5268140296446397       4.764561220415071E-16    1.5268140296446397       5.138938481844112E-16    1.5268140296446397
4.762654462842126         1.5658152405927137E-15   1.5205308443374606       5.718181227451656E-16    1.5205308443374606       2.649086538305123E-16    1.5205308443374606       1.6351711628181567E-16   1.5205308443374606       1.3143687150977904E-16   1.5205308443374606       1.2681201715301111E-16   1.5205308443374606       1.3564404981634907E-16   1.5205308443374606       1.5211130242578523E-16   1.5205308443374606       1.7372594068764865E-16   1.5205308443374606       1.9873863614041775E-16   1.5205308443374606       2.2636165624463953E-16   1.5205308443374606       2.559587618553707E-16    1.5205308443374606       2.8690396734316687E-16   1.5205308443374606       3.1899807112780166E-16   1.5205308443374606       3.519354626161329E-16    1.5205308443374606       3.859022929473374E-16    1.5205308443374606       4.203113872365899E-16    1.5205308443374606       4.553997011997745E-16    1.5205308443374606       4.91168143388014E-16     1.5205308443374606
4.768937648149306         1.3941363533499468E-15   1.5142476590302805       5.15907422213983E-16     1.5142476590302805       2.4277920301486956E-16   1.5142476590302805       1.5222172767029391E-16   1.5142476590302805       1.2378941527277407E-16   1.5142476590302805       1.2032050179229112E-16   1.5142476590302805       1.2923430451691661E-16   1.5142476590302805       1.4519830430408745E-16   1.5142476590302805       1.6591036580716564E-16   1.5142476590302805       1.8973505154298265E-16   1.5142476590302805       2.159426156744278E-16    1.5142476590302805       2.4395877432340613E-16   1.5142476590302805       2.7321550660927743E-16   1.5142476590302805       3.0355532531823315E-16   1.5142476590302805       3.3471994618983225E-16   1.5142476590302805       3.6690648060026706E-16   1.5142476590302805       3.9957601138844145E-16   1.5142476590302805       4.3295649974281037E-16   1.5142476590302805       4.670410995982717E-16    1.5142476590302805
4.775220833456486         1.2422852225588946E-15   1.5079644737231004       4.657326082510352E-16    1.5079644737231004       2.2243088811691406E-16   1.5079644737231004       1.4152934240188809E-16   1.5079644737231004       1.1633236327445653E-16   1.5079644737231004       1.1379411783119297E-16   1.5079644737231004       1.2259776939279253E-16   1.5079644737231004       1.3786859924070853E-16   1.5079644737231004       1.5749273123475945E-16   1.5079644737231004       1.7996200089534158E-16   1.5079644737231004       2.0461681682382052E-16   1.5079644737231004       2.3095291348158895E-16   1.5079644737231004       2.584630618761145E-16    1.5079644737231004       2.870269753493456E-16    1.5079644737231004       3.164239818546347E-16    1.5079644737231004       3.468461630923308E-16    1.5079644737231004       3.777880380108954E-16    1.5079644737231004       4.0945085474966413E-16   1.5079644737231004       4.418075300666499E-16    1.5079644737231004
4.781504018763665         1.1077669443468942E-15   1.5016812884159212       4.2061076366279636E-16   1.5016812884159212       2.0365442357341884E-16   1.5016812884159212       1.3132891388998404E-16   1.5016812884159212       1.0896008369112388E-16   1.5016812884159212       1.0712190277718681E-16   1.5016812884159212       1.1563354053357523E-16   1.5016812884159212       1.3005457884426489E-16   1.5016812884159212       1.4846167675939467E-16   1.5016812884159212       1.694822163538634E-16    1.5016812884159212       1.9253102051394387E-16   1.5016812884159212       2.1717213437287628E-16   1.5016812884159212       2.4295237153234816E-16   1.5016812884159212       2.6977616544847573E-16   1.5016812884159212       2.974452074298271E-16    1.5016812884159212       3.2612917264145853E-16   1.5016812884159212       3.5534298902433074E-16   1.5016812884159212       3.852494365369453E-16    1.5016812884159212       4.1579711174493187E-16   1.5016812884159212
4.7877872040708445        9.882876980478942E-16    1.495398103108742        3.798508024772723E-16    1.495398103108742        1.8621020505920274E-16   1.495398103108742        1.2150003910100582E-16   1.495398103108742        1.0159012252130057E-16   1.495398103108742        1.002535706458494E-16    1.495398103108742        1.0833923216772144E-16   1.495398103108742        1.2182044902204146E-16   1.495398103108742        1.3896205083440337E-16   1.495398103108742        1.5852692400339546E-16   1.495398103108742        1.7999939039209264E-16   1.495398103108742        2.030012306962974E-16    1.495398103108742        2.271198152473286E-16    1.495398103108742        2.5226843734156497E-16   1.495398103108742        2.7825589330014483E-16   1.495398103108742        3.05216427800447E-16     1.495398103108742        3.326787706505876E-16    1.495398103108742        3.6076483020940987E-16   1.495398103108742        3.8940423616173036E-16   1.495398103108742
4.7940703893780245        8.818018173383662E-16    1.489114917801562        3.4282627202370454E-16   1.489114917801562        1.6989879542238448E-16   1.489114917801562        1.119773188671236E-16    1.489114917801562        9.422153087157342E-17    1.489114917801562        9.324864592998725E-17    1.489114917801562        1.008463135578565E-16    1.489114917801562        1.1337949787098324E-16   1.489114917801562        1.2929175422854115E-16   1.489114917801562        1.4747259839930467E-16   1.489114917801562        1.6746349579195716E-16   1.489114917801562        1.889281650344672E-16    1.489114917801562        2.1147907973823771E-16   1.489114917801562        2.350245349218936E-16    1.489114917801562        2.5937011770540137E-16   1.489114917801562        2.846098351656312E-16    1.489114917801562        3.1028774593648934E-16   1.489114917801562        3.364916763224608E-16    1.489114917801562        3.631446154655501E-16    1.489114917801562
4.800353574685204         7.865791883444438E-16    1.4828317324943827       3.090507265007561E-16    1.4828317324943827       1.546214543041311E-16    1.4828317324943827       1.027966551802142E-16    1.4828317324943827       8.696709260514628E-17    1.4828317324943827       8.629243630808317E-17    1.4828317324943827       9.34176710203954E-17     1.4828317324943827       1.0507272353316582E-16   1.4828317324943827       1.1986345448684964E-16   1.4828317324943827       1.3679038566913246E-16   1.4828317324943827       1.554362058432962E-16    1.4828317324943827       1.75490372625463E-16     1.4828317324943827       1.965777910826354E-16    1.4828317324943827       2.1859398597299097E-16   1.4828317324943827       2.413384954397456E-16    1.4828317324943827       2.648692188447709E-16    1.4828317324943827       2.88753548277504E-16     1.4828317324943827       3.1305796214747056E-16   1.4828317324943827       3.377134672368232E-16    1.4828317324943827
4.806636759992383         7.01261285953324E-16     1.4765485471872035       2.7822956031553644E-16   1.4765485471872035       1.4041112499700496E-16   1.4765485471872035       9.410903848636704E-17    1.4765485471872035       8.005044832341494E-17    1.4765485471872035       7.967626775813544E-17    1.4765485471872035       8.64119369659442E-17     1.4765485471872035       9.732036195124408E-17    1.4765485471872035       1.1114852525811727E-16   1.4765485471872035       1.2698915113382574E-16   1.4765485471872035       1.444510224649118E-16    1.4765485471872035       1.632368135114488E-16    1.4765485471872035       1.8297691898222249E-16   1.4765485471872035       2.0355382663220543E-16   1.4765485471872035       2.247651103181543E-16    1.4765485471872035       2.466433897056357E-16    1.4765485471872035       2.6878986241180693E-16   1.4765485471872035       2.9126370971158175E-16   1.4765485471872035       3.1401619902411493E-16   1.4765485471872035
4.812919945299563         6.248782985210324E-16    1.4702653618800234       2.5026979799818667E-16   1.4702653618800234       1.2742471419418442E-16   1.4702653618800234       8.615922250819885E-17    1.4702653618800234       7.377191609166586E-17    1.4702653618800234       7.37520079692286E-17     1.4702653618800234       8.02299641636037E-17     1.4702653618800234       9.056526352983937E-17    1.4702653618800234       1.0362317143492851E-16   1.4702653618800234       1.1857012014627914E-16   1.4702653618800234       1.3502983996935798E-16   1.4702653618800234       1.527113551990063E-16    1.4702653618800234       1.7124969487855694E-16   1.4702653618800234       1.9052023872290792E-16   1.4702653618800234       2.1032671067391747E-16   1.4702653618800234       2.306901729737727E-16    1.4702653618800234       2.5125406370447996E-16   1.4702653618800234       2.7208163812351795E-16   1.4702653618800234       2.931511651345401E-16    1.4702653618800234
4.819203130606743         5.568118392349322E-16    1.4639821765728434       2.25243175280858E-16     1.4639821765728434       1.1590082588284078E-16   1.4639821765728434       7.92388558556582E-17     1.4639821765728434       6.845706562258835E-17    1.4639821765728434       6.887805540269281E-17    1.4639821765728434       7.526172012187572E-17    1.4639821765728434       8.522495347022895E-17    1.4639821765728434       9.77295074330929E-17     1.4639821765728434       1.1199954083880954E-16   1.4639821765728434       1.2766774447855362E-16   1.4639821765728434       1.4444794792443831E-16   1.4639821765728434       1.6198326393238671E-16   1.4639821765728434       1.8015114457941469E-16   1.4639821765728434       1.9876995651643706E-16   1.4639821765728434       2.1786221058946825E-16   1.4639821765728434       2.371166950835677E-16    1.4639821765728434       2.566073838677089E-16    1.4639821765728434       2.7634005426999365E-16   1.4639821765728434
4.825486315913922         4.967047758814828E-16    1.4576989912656642       2.033130064769208E-16    1.4576989912656642       1.0609796250625248E-16   1.4576989912656642       7.363079520691184E-17    1.4576989912656642       6.440514924368406E-17    1.4576989912656642       6.537247594192782E-17    1.4576989912656642       7.184581868198179E-17    1.4576989912656642       8.165920882606816E-17    1.4576989912656642       9.385170782455166E-17    1.4576989912656642       1.0769234441088971E-16   1.4576989912656642       1.2282133366989206E-16   1.4576989912656642       1.3895927792492185E-16   1.4576989912656642       1.5576247114737148E-16   1.4576989912656642       1.7311980237405708E-16   1.4576989912656642       1.9087026670229363E-16   1.4576989912656642       2.0904789720458892E-16   1.4576989912656642       2.273833395002819E-16    1.4576989912656642       2.4596323892229335E-16   1.4576989912656642       2.6481630278470696E-16   1.4576989912656642
4.8317695012211015        4.443361698425302E-16    1.451415805958485        1.846458023347259E-16    1.451415805958485        9.823201390146661E-17    1.451415805958485        6.956038696371945E-17    1.451415805958485        6.184929678101188E-17    1.451415805958485        6.3480236687388E-17      1.451415805958485        7.024281637485307E-17    1.451415805958485        8.01481749725263E-17     1.451415805958485        9.229670098234324E-17    1.451415805958485        1.0599213982525824E-16   1.451415805958485        1.2088389953877188E-16   1.451415805958485        1.3670278065446736E-16   1.451415805958485        1.5312273247725025E-16   1.451415805958485        1.7005151795158867E-16   1.451415805958485        1.87350843668086E-16     1.451415805958485        2.050727593517576E-16    1.451415805958485        2.229801345735715E-16    1.451415805958485        2.411708295951599E-16    1.451415805958485        2.5968872690737674E-16   1.451415805958485
4.838052686528282         3.994891031908896E-16    1.4451326206513049       1.693302160974659E-16    1.4451326206513049       9.242741330404117E-17    1.4451326206513049       6.716165489207366E-17    1.4451326206513049       6.093048860308705E-17    1.4451326206513049       6.335107758471223E-17    1.4451326206513049       7.061414106746139E-17    1.4451326206513049       8.086956657650217E-17    1.4451326206513049       9.326649253561213E-17    1.4451326206513049       1.0713535036199835E-16   1.4451326206513049       1.2213817817030079E-16   1.4451326206513049       1.380194117293994E-16    1.4451326206513049       1.5447321009633534E-16   1.4451326206513049       1.714307598475529E-16    1.4451326206513049       1.8877452710295658E-16   1.4451326206513049       2.0657776117772176E-16   1.4451326206513049       2.2462111123565E-16      1.4451326206513049       2.4301022459228255E-16   1.4451326206513049       2.617948994419496E-16    1.4451326206513049
4.844335871835461         3.61838722776667E-16     1.4388494353441257       1.5731878926841903E-16   1.4388494353441257       8.868681360644768E-17    1.4388494353441257       6.64566756599306E-17     1.4388494353441257       6.16790559359586E-17     1.4388494353441257       6.501905746089507E-17    1.4388494353441257       7.299684911426949E-17    1.4388494353441257       8.386625846095217E-17    1.4388494353441257       9.681636509123327E-17    1.4388494353441257       1.1119816472613318E-16   1.4388494353441257       1.2669065746165184E-16   1.4388494353441257       1.4305460685187796E-16   1.4388494353441257       1.60004489451076E-16     1.4388494353441257       1.774962601625772E-16    1.4388494353441257       1.9542755894211625E-16   1.4388494353441257       2.138930560926825E-16    1.4388494353441257       2.3267336430450426E-16   1.4388494353441257       2.518774791408435E-16    1.4388494353441257       2.7155144964917234E-16   1.4388494353441257
4.850619057142641         3.3087828526722483E-16   1.4325662500369456       1.4839679153540183E-16   1.4325662500369456       8.687549429455283E-17    1.4325662500369456       6.734111512812316E-17    1.4325662500369456       6.39961350325328E-17     1.4325662500369456       6.837773278763721E-17    1.4325662500369456       7.727133823745175E-17    1.4325662500369456       8.900574110670415E-17    1.4325662500369456       1.0280537152987755E-16   1.4325662500369456       1.1803760023145414E-16   1.4325662500369456       1.344028916244299E-16    1.4325662500369456       1.5167973118020588E-16   1.4325662500369456       1.6960023989847727E-16   1.4325662500369456       1.8814299199598675E-16   1.4325662500369456       2.0721196517296782E-16   1.4325662500369456       2.2692057912779465E-16   1.4325662500369456       2.470296248578983E-16    1.4325662500369456       2.676465962997803E-16    1.4325662500369456       2.8880460444236117E-16   1.4325662500369456
4.85690224244982          3.0588785673677985E-16   1.4262830647297664       1.4217380369153158E-16   1.4262830647297664       8.671418534337777E-17    1.4262830647297664       6.957126438639571E-17    1.4262830647297664       6.763393737022986E-17    1.4262830647297664       7.315432386203376E-17    1.4262830647297664       8.313013829626703E-17    1.4262830647297664       9.594398224850344E-17    1.4262830647297664       1.108551965852685E-16    1.4262830647297664       1.2724497794672078E-16   1.4262830647297664       1.4483882311245937E-16   1.4262830647297664       1.6343221593047965E-16   1.4262830647297664       1.8276900880718072E-16   1.4262830647297664       2.0284436571326534E-16   1.4262830647297664       2.2355695457452795E-16   1.4262830647297664       2.4503349354765607E-16   1.4262830647297664       2.6699500947220685E-16   1.4262830647297664       2.895430626820472E-16    1.4262830647297664       3.126903634116304E-16    1.4262830647297664
4.863185427757            2.8594042996424753E-16   1.4199998794225863       1.3809210298651856E-16   1.4199998794225863       8.777867731492111E-17    1.4199998794225863       7.275609416989372E-17    1.4199998794225863       7.218341226131189E-17    1.4199998794225863       7.889569760013462E-17    1.4199998794225863       9.006363810065158E-17    1.4199998794225863       1.0411110370231662E-16   1.4199998794225863       1.2033485651295324E-16   1.4199998794225863       1.3812800994664655E-16   1.4199998794225863       1.5724211144796675E-16   1.4199998794225863       1.7748580411694135E-16   1.4199998794225863       1.9860524742189535E-16   1.4199998794225863       2.2060231915339635E-16   1.4199998794225863       2.433570274901963E-16    1.4199998794225863       2.6700200342651983E-16   1.4199998794225863       2.9120116608364025E-16   1.4199998794225863       3.1604761216168193E-16   1.4199998794225863       3.415297252879973E-16    1.4199998794225863
4.869468613064179         2.699376283983389E-16    1.4137166941154071       1.3545086351921416E-16   1.4137166941154071       8.95124741595076E-17     1.4137166941154071       7.636571709428971E-17    1.4137166941154071       7.708379565996754E-17    1.4137166941154071       8.498174887447232E-17    1.4137166941154071       9.737768789294463E-17    1.4137166941154071       1.1273184841908453E-16   1.4137166941154071       1.3038153043310057E-16   1.4137166941154071       1.497290378967779E-16    1.4137166941154071       1.7054889393026984E-16   1.4137166941154071       1.9265548996478516E-16   1.4137166941154071       2.15785057759021E-16     1.4137166941154071       2.399337039447694E-16    1.4137166941154071       2.6495009500090914E-16   1.4137166941154071       2.909654194146831E-16    1.4137166941154071       3.175754130283226E-16    1.4137166941154071       3.448659279742132E-16    1.4137166941154071       3.7280242762169695E-16   1.4137166941154071
4.8757517983713585        2.5667066795806946E-16   1.407433508808228        1.3345137397374832E-16   1.407433508808228        9.126319001258681E-17    1.407433508808228        7.976873847349477E-17    1.407433508808228        8.16656299044254E-17     1.407433508808228        9.067511421425044E-17    1.407433508808228        1.0424857565438736E-16   1.407433508808228        1.208830014047545E-16    1.407433508808228        1.3995729992100838E-16   1.407433508808228        1.6087840953531242E-16   1.407433508808228        1.8343623642253548E-16   1.407433508808228        2.07440916635954E-16     1.407433508808228        2.3260602610946884E-16   1.407433508808228        2.589096034722773E-16    1.407433508808228        2.8616048617134254E-16   1.407433508808228        3.1448374100179414E-16   1.407433508808228        3.4340574725980016E-16   1.407433508808228        3.730112285090697E-16    1.407433508808228        4.032500953278996E-16    1.407433508808228
4.882034983678538         2.44906333109018E-16     1.4011503235010487       1.3126938138881E-16      1.4011503235010487       9.234957582328447E-17    1.4011503235010487       8.230292098857775E-17    1.4011503235010487       8.522766252210875E-17    1.4011503235010487       9.520350033640286E-17    1.4011503235010487       1.0980856767410464E-16   1.4011503235010487       1.2757969833086368E-16   1.4011503235010487       1.4793479449075587E-16   1.4011503235010487       1.7027949400274265E-16   1.4011503235010487       1.9440849122317746E-16   1.4011503235010487       2.2011782788877867E-16   1.4011503235010487       2.470889657785723E-16    1.4011503235010487       2.7527352326542645E-16   1.4011503235010487       3.0443979297077706E-16   1.4011503235010487       3.347067821669691E-16    1.4011503235010487       3.655422509260417E-16    1.4011503235010487       3.9704000838534627E-16   1.4011503235010487       4.2914620604088764E-16   1.4011503235010487
4.888318168985719         2.334965421133009E-16    1.3948671381938678       1.2815324151119183E-16   1.3948671381938678       9.215455436135235E-17    1.3948671381938678       8.337006514181187E-17    1.3948671381938678       8.713466074447625E-17    1.3948671381938678       9.785962414223264E-17    1.3948671381938678       1.1324741441254952E-16   1.3948671381938678       1.31879019299432E-16     1.3948671381938678       1.532054292131935E-16    1.3948671381938678       1.7662596471509528E-16   1.3948671381938678       2.0192985916808776E-16   1.3948671381938678       2.288932096001463E-16    1.3948671381938678       2.5716314354081696E-16   1.3948671381938678       2.8666365201918316E-16   1.3948671381938678       3.171314326516648E-16    1.3948671381938678       3.486842951283113E-16    1.3948671381938678       3.8075302458632703E-16   1.3948671381938678       4.134515844928368E-16    1.3948671381938678       4.467348948979102E-16    1.3948671381938678
4.894601354292898         2.2150185466618817E-16   1.3885839528866886       1.2353376963175802E-16   1.3885839528866886       9.022647507464815E-17    1.3885839528866886       8.253463901576069E-17    1.3885839528866886       8.691532212664898E-17    1.3885839528866886       9.810022328284684E-17    1.3885839528866886       1.1391586546610141E-16   1.3885839528866886       1.3299310735051707E-16   1.3885839528866886       1.5480925403282397E-16   1.3885839528866886       1.787566065243692E-16    1.3885839528866886       2.0461296044321945E-16   1.3885839528866886       2.3213584226292227E-16   1.3885839528866886       2.6094536577085385E-16   1.3885839528866886       2.909447668637624E-16    1.3885839528866886       3.218565636839952E-16    1.3885839528866886       3.538044761650591E-16    1.3885839528866886       3.862106257389569E-16    1.3885839528866886       4.19216284020504E-16     1.3885839528866886       4.527939144091222E-16    1.3885839528866886
4.900884539600077         2.0830803040229666E-16   1.3823007675795094       1.1712099567045048E-16   1.3823007675795094       8.63637528727047E-17     1.3823007675795094       7.960308581838995E-17    1.3823007675795094       8.434124881130714E-17    1.3823007675795094       9.563067705075024E-17    1.3823007675795094       1.114237166441969E-16    1.3823007675795094       1.304095442023856E-16    1.3823007675795094       1.52087379713622E-16     1.3823007675795094       1.7584890786408348E-16   1.3823007675795094       2.0146139419250965E-16   1.3823007675795094       2.2867323699899866E-16   1.3823007675795094       2.570935291665975E-16    1.3823007675795094       2.8661751445509725E-16   1.3823007675795094       3.1697502247921715E-16   1.3823007675795094       3.483007564086879E-16    1.3823007675795094       3.8003701170962587E-16   1.3823007675795094       4.1235147135775763E-16   1.3823007675795094       4.452360522438244E-16    1.3823007675795094
4.907167724907257         1.9370787819657947E-16   1.3760175822723293       1.0896152421595888E-16   1.3760175822723293       8.066149284120234E-17    1.3760175822723293       7.466796802515222E-17    1.3760175822723293       7.947695806224061E-17    1.3760175822723293       9.046999785097224E-17    1.3760175822723293       1.0572965579671231E-16   1.3760175822723293       1.240155195019568E-16    1.3760175822723293       1.448489164200224E-16    1.3760175822723293       1.6763478532967E-16      1.3760175822723293       1.9213745250387751E-16   1.3760175822723293       2.181112747519413E-16    1.3760175822723293       2.4517481139789034E-16   1.3760175822723293       2.732293732159194E-16    1.3760175822723293       3.020316461032962E-16    1.3760175822723293       3.3172650441953623E-16   1.3760175822723293       3.618000666267283E-16    1.3760175822723293       3.924362719531529E-16    1.3760175822723293       4.2364151009913797E-16   1.3760175822723293
4.913450910214436         1.7792388394608447E-16   1.36973439696515         9.94397158593839E-17     1.36973439696515         7.351051727201242E-17    1.36973439696515         6.811285488104892E-17    1.36973439696515         7.269972610149663E-17    1.36973439696515         8.299431878865324E-17    1.36973439696515         9.721620661559491E-17    1.36973439696515         1.1421005183793675E-16   1.36973439696515         1.3352385009127993E-16   1.36973439696515         1.545942143844604E-16    1.36973439696515         1.7719365739159373E-16   1.36973439696515         2.0109828516434346E-16   1.36973439696515         2.2595515840981893E-16   1.36973439696515         2.516821062550763E-16    1.36973439696515         2.7807513909064923E-16   1.36973439696515         3.052814550131044E-16    1.36973439696515         3.32846169452778E-16     1.36973439696515         3.609527771792549E-16    1.36973439696515         3.896133959447702E-16    1.36973439696515
4.919734095521616         1.6156040708571794E-16   1.363451211657971        8.922157297763221E-17    1.363451211657971        6.555216375153234E-17    1.363451211657971        6.05821128028988E-17     1.363451211657971        6.468973824836955E-17    1.363451211657971        7.39512378414236E-17     1.363451211657971        8.673009666687326E-17    1.363451211657971        1.0196964548434628E-16   1.363451211657971        1.1925073539029397E-16   1.363451211657971        1.3805922168947176E-16   1.363451211657971        1.581858398014747E-16    1.363451211657971        1.7943962794320716E-16   1.363451211657971        2.0150851770881187E-16   1.363451211657971        2.243308221835272E-16    1.363451211657971        2.4774509569273463E-16   1.363451211657971        2.718884597302722E-16    1.363451211657971        2.963713488958266E-16    1.363451211657971        3.213591145571509E-16    1.363451211657971        3.4686159762121714E-16   1.363451211657971
4.926017280828796         1.4549157099557105E-16   1.3571680263507908       7.915370549193364E-17    1.3571680263507908       5.759901279537984E-17    1.3571680263507908       5.291973319010197E-17    1.3571680263507908       5.63846557341397E-17     1.3571680263507908       6.44262380832824E-17     1.3571680263507908       7.555487823753192E-17    1.3571680263507908       8.881990924823281E-17    1.3571680263507908       1.0383902428252315E-16   1.3571680263507908       1.2015832825550771E-16   1.3571680263507908       1.3759193466183888E-16   1.3571680263507908       1.5598508830003008E-16   1.3571680263507908       1.750698757673708E-16    1.3571680263507908       1.9480287169612437E-16   1.3571680263507908       2.1506031446870196E-16   1.3571680263507908       2.3595727957808898E-16   1.3571680263507908       2.571683023523351E-16    1.3571680263507908       2.7882765672583943E-16   1.3571680263507908       3.009389814388346E-16    1.3571680263507908
4.932300466135976         1.3070445650410326E-16   1.3508848410436107       7.013508513497085E-17    1.3508848410436107       5.053031887432971E-17    1.3508848410436107       4.607545132813342E-17    1.3508848410436107       4.888516735318803E-17    1.3508848410436107       5.573646782762621E-17    1.3508848410436107       6.528160847385032E-17    1.3508848410436107       7.667248959756752E-17    1.3508848410436107       8.956265187968515E-17    1.3508848410436107       1.0355929405956709E-16   1.3508848410436107       1.1849899268471956E-16   1.3508848410436107       1.3425850382933223E-16   1.3508848410436107       1.5060907584790827E-16   1.3508848410436107       1.675198628599136E-16    1.3508848410436107       1.8489493388780126E-16   1.3508848410436107       2.0282068730859642E-16   1.3508848410436107       2.2102815339938377E-16   1.3508848410436107       2.3961578957343023E-16   1.3508848410436107       2.5858173077333266E-16   1.3508848410436107
4.938583651443155         1.1812251427577888E-16   1.3446016557364315       6.297701660413177E-17    1.3446016557364315       4.5166311499333905E-17   1.3446016557364315       4.0973105973560766E-17   1.3446016557364315       4.329982299520299E-17    1.3446016557364315       4.923707453879014E-17    1.3446016557364315       5.756374130734396E-17    1.3446016557364315       6.75185148366574E-17     1.3446016557364315       7.878458360170494E-17    1.3446016557364315       9.102073054354296E-17    1.3446016557364315       1.0408058068899738E-16   1.3446016557364315       1.1786232347199657E-16   1.3446016557364315       1.321658588208533E-16    1.3446016557364315       1.4696689094173568E-16   1.3446016557364315       1.6218538374496186E-16   1.3446016557364315       1.7788020203333484E-16   1.3446016557364315       1.938249720750447E-16    1.3446016557364315       2.1008594820192002E-16   1.3446016557364315       2.26659150710659E-16     1.3446016557364315
4.944866836750334         1.0843309261481574E-16   1.3383184704292523       5.826325518229908E-17    1.3383184704292523       4.21259945792059E-17     1.3383184704292523       3.834379135596556E-17    1.3383184704292523       4.053476215000279E-17    1.3383184704292523       4.605355717516402E-17    1.3383184704292523       5.3781540888209705E-17   1.3383184704292523       6.301842499818632E-17    1.3383184704292523       7.34679063370556E-17     1.3383184704292523       8.482327985485396E-17    1.3383184704292523       9.694820549020845E-17    1.3383184704292523       1.0975025182893994E-16   1.3383184704292523       1.2304478088816908E-16   1.3383184704292523       1.368093341408311E-16    1.3383184704292523       1.5096730517698063E-16   1.3383184704292523       1.6555817430251858E-16   1.3383184704292523       1.8037784903350236E-16   1.3383184704292523       1.9547022174027302E-16   1.3383184704292523       2.108327183760958E-16    1.3383184704292523
4.951150022057513         1.0194134700670657E-16   1.3320352851220731       5.622436293162581E-17    1.3320352851220731       4.1683507579756097E-17   1.3320352851220731       3.854606283409238E-17    1.3320352851220731       4.1063047792546486E-17   1.3320352851220731       4.679090983103282E-17    1.3320352851220731       5.468480560053154E-17    1.3320352851220731       6.407513678908108E-17    1.3320352851220731       7.467726426853947E-17    1.3320352851220731       8.619850868294596E-17    1.3320352851220731       9.850630405476334E-17    1.3320352851220731       1.115061341441738E-16    1.3320352851220731       1.250148449372376E-16    1.3320352851220731       1.3900829853894963E-16   1.3320352851220731       1.5340098811667144E-16   1.3320352851220731       1.6822532307013194E-16   1.3320352851220731       1.8327430576602852E-16   1.3320352851220731       1.985829284454189E-16    1.3320352851220731       2.1415232021968496E-16   1.3320352851220731
4.957433207364693         9.847456797298541E-17    1.325752099814893        5.664937528901509E-17    1.325752099814893        4.365503447116479E-17    1.325752099814893        4.1418636412289614E-17   1.325752099814893        4.4735729372046473E-17   1.325752099814893        5.1299534340709197E-17   1.325752099814893        6.011144297281846E-17    1.325752099814893        7.050414318402053E-17    1.325752099814893        8.219848131745193E-17    1.325752099814893        9.489585489365357E-17    1.325752099814893        1.084628217320223E-16    1.325752099814893        1.2279326101583347E-16   1.325752099814893        1.3769210383893859E-16   1.325752099814893        1.531304827384344E-16    1.325752099814893        1.690029838420344E-16    1.325752099814893        1.8534833765025894E-16   1.325752099814893        2.0193100618077694E-16   1.325752099814893        2.1879210492950235E-16   1.325752099814893        2.359378048487288E-16    1.325752099814893
4.9637163926718735        9.736407495283832E-17    1.319468914507713        5.886687624793396E-17    1.319468914507713        4.736055782664358E-17    1.319468914507713        4.622335142883676E-17    1.319468914507713        5.0706597124363405E-17   1.319468914507713        5.858345619630597E-17    1.319468914507713        6.888004082243075E-17    1.319468914507713        8.091039231058736E-17    1.319468914507713        9.439796970776513E-17    1.319468914507713        1.0902205355522075E-16   1.319468914507713        1.2464514585500467E-16   1.319468914507713        1.4114290811423886E-16   1.319468914507713        1.5829748747238157E-16   1.319468914507713        1.7607279953934375E-16   1.319468914507713        1.943363420964097E-16    1.319468914507713        2.1314531744720001E-16   1.319468914507713        2.3221608117170484E-16   1.319468914507713        2.516105484425794E-16    1.319468914507713        2.713410979909174E-16    1.319468914507713
4.969999577979053         9.752878539166631E-17    1.3131857292005338       6.182591600125872E-17    1.3131857292005338       5.1700374984557506E-17   1.3131857292005338       5.1726234374405487E-17   1.3131857292005338       5.752572413195649E-17    1.3131857292005338       6.691251863528644E-17    1.3131857292005338       7.892486395198254E-17    1.3131857292005338       9.284829255693024E-17    1.3131857292005338       1.08408721022808E-16     1.3131857292005338       1.2525368024295964E-16   1.3131857292005338       1.4323994173969248E-16   1.3131857292005338       1.6222264634219205E-16   1.3131857292005338       1.819556977991896E-16    1.3131857292005338       2.0239508471800645E-16   1.3131857292005338       2.2338082132817266E-16   1.3131857292005338       2.449976248405183E-16    1.3131857292005338       2.6690628902285023E-16   1.3131857292005338       2.89201111151681E-16     1.3131857292005338       3.119016196826981E-16    1.3131857292005338
4.976282763286233         9.766810119153827E-17    1.3069025438933537       6.428778408556363E-17    1.3069025438933537       5.5360262765865585E-17   1.3069025438933537       5.64309126269022E-17     1.3069025438933537       6.341568099336966E-17    1.3069025438933537       7.415232362191369E-17    1.3069025438933537       8.768840134695553E-17    1.3069025438933537       1.0328371810388909E-16   1.3069025438933537       1.2066850186588034E-16   1.3069025438933537       1.3945799911394906E-16   1.3069025438933537       1.5950382345356286E-16   1.3069025438933537       1.8064414240930856E-16   1.3069025438933537       2.026072048799533E-16    1.3069025438933537       2.2534333823481636E-16   1.3069025438933537       2.4867287764851946E-16   1.3069025438933537       2.7271183795644844E-16   1.3069025438933537       2.9707292544875425E-16   1.3069025438933537       3.218876571430147E-16    1.3069025438933537       3.4718231826303245E-16   1.3069025438933537
4.982565948593412         9.654137461613672E-17    1.3006193585861745       6.510494104067611E-17    1.3006193585861745       5.711759356951764E-17    1.3006193585861745       5.893083637804419E-17    1.3006193585861745       6.669020250169579E-17    1.3006193585861745       7.826524655713976E-17    1.3006193585861745       9.271915142378365E-17    1.3006193585861745       1.0930098314401195E-16   1.3006193585861745       1.277488508362828E-16    1.3006193585861745       1.4765566908318056E-16   1.3006193585861745       1.6887144700637998E-16   1.3006193585861745       1.9122704105893312E-16   1.3006193585861745       2.1443611195277118E-16   1.3006193585861745       2.384482981767747E-16    1.3006193585861745       2.6307860458759706E-16   1.3006193585861745       2.884706241633239E-16    1.3006193585861745       3.1420975926307713E-16   1.3006193585861745       3.4045984242131003E-16   1.3006193585861745       3.6725117365702997E-16   1.3006193585861745
4.988849133900591         9.327575931520682E-17    1.2943361732789953       6.352531798721149E-17    1.2943361732789953       5.61780238504322E-17     1.2943361732789953       5.829999254844167E-17    1.2943361732789953       6.622254091229369E-17    1.2943361732789953       7.78753373101943E-17     1.2943361732789953       9.235073892532817E-17    1.2943361732789953       1.0891139408580093E-16   1.2943361732789953       1.273082059084183E-16    1.2943361732789953       1.4713087756019482E-16   1.2943361732789953       1.682338104363131E-16    1.2943361732789953       1.9045406952693274E-16   1.2943361732789953       2.1350738111984004E-16   1.2943361732789953       2.3734832872228244E-16   1.2943361732789953       2.618030656943474E-16    1.2943361732789953       2.8703073473717503E-16   1.2943361732789953       3.1261824380868707E-16   1.2943361732789953       3.3874701138982967E-16   1.2943361732789953       3.654467322449185E-16    1.2943361732789953
4.99513231920777          8.761841935893963E-17    1.288052987971816        5.943442344952132E-17    1.288052987971816        5.2444704027463457E-17   1.288052987971816        5.441088101563369E-17    1.288052987971816        6.183345918790976E-17    1.288052987971816        7.274288249843119E-17    1.288052987971816        8.627806457167259E-17    1.288052987971816        1.0174307095965291E-16   1.288052987971816        1.1890658210286123E-16   1.288052987971816        1.3737849186199928E-16   1.288052987971816        1.5702378816239153E-16   1.288052987971816        1.7769863710190936E-16   1.288052987971816        1.9913771586261049E-16   1.288052987971816        2.2130427892964767E-16   1.288052987971816        2.4404906841990437E-16   1.288052987971816        2.6752877513838844E-16   1.288052987971816        2.913615376883951E-16    1.288052987971816        3.1572575178449895E-16   1.288052987971816        3.4064614093705097E-16   1.288052987971816
5.001415504514951         8.004649766918201E-17    1.2817698026646351       5.344690200037694E-17    1.2817698026646351       4.662134264813981E-17    1.2817698026646351       4.806518748258012E-17    1.2817698026646351       5.4460419236637236E-17   1.2817698026646351       6.397912740666429E-17    1.2817698026646351       7.582296380780703E-17    1.2817698026646351       8.936062684555682E-17    1.2817698026646351       1.0438145850271741E-16   1.2817698026646351       1.2053584272748406E-16   1.2817698026646351       1.3770286913860755E-16   1.2817698026646351       1.5576534229052804E-16   1.2817698026646351       1.7448856520122E-16      1.2817698026646351       1.9384494242598242E-16   1.2817698026646351       2.1371650999473222E-16   1.2817698026646351       2.3423916443340405E-16   1.2817698026646351       2.5508562726298267E-16   1.2817698026646351       2.764115670521442E-16    1.2817698026646351       2.982350376032685E-16    1.2817698026646351
5.0076986898221305        7.167557693284178E-17    1.275486617357456        4.6788910550212477E-17   1.275486617357456        4.0082624754623606E-17   1.275486617357456        4.085525570737835E-17    1.275486617357456        4.600387175681084E-17    1.275486617357456        5.3869723974739534E-17   1.275486617357456        6.37265847873081E-17     1.275486617357456        7.501831595924519E-17    1.275486617357456        8.755383779966924E-17    1.275486617357456        1.0103418342154792E-16   1.275486617357456        1.1535172493602375E-16   1.275486617357456        1.3041547559062944E-16   1.275486617357456        1.460245747441358E-16    1.275486617357456        1.6215842420916617E-16   1.275486617357456        1.7872909859568006E-16   1.275486617357456        1.9583983883121895E-16   1.275486617357456        2.132285768160492E-16    1.275486617357456        2.3101614557502227E-16   1.275486617357456        2.492157832482592E-16    1.275486617357456
5.01398187512931          6.3961773427179E-17      1.2692034320502767       4.0970244916429335E-17   1.2692034320502767       3.450892814544657E-17    1.2692034320502767       3.47457233936144E-17     1.2692034320502767       3.8831134118183466E-17   1.2692034320502767       4.527891099031935E-17    1.2692034320502767       5.343352839736065E-17    1.2692034320502767       6.280726326251568E-17    1.2692034320502767       7.322348972476709E-17    1.2692034320502767       8.443026799784944E-17    1.2692034320502767       9.632875399815409E-17    1.2692034320502767       1.0884637378865869E-16   1.2692034320502767       1.2181059135910601E-16   1.2692034320502767       1.352047315936544E-16    1.2692034320502767       1.4896252356294865E-16   1.2692034320502767       1.6315391582466758E-16   1.2692034320502767       1.7757575166026077E-16   1.2692034320502767       1.9231328941727388E-16   1.2692034320502767       2.073790431210113E-16    1.2692034320502767
5.020265060436489         5.826188181397409E-17    1.2629202467430976       3.731884447126296E-17    1.2629202467430976       3.136545097996855E-17    1.2629202467430976       3.146387637385856E-17    1.2629202467430976       3.504113251395043E-17    1.2629202467430976       4.07589470916569E-17     1.2629202467430976       4.8019944787488076E-17   1.2629202467430976       5.638218256462287E-17    1.2629202467430976       6.567645028012258E-17    1.2629202467430976       7.568167366757797E-17    1.2629202467430976       8.630200584185144E-17    1.2629202467430976       9.747122048226077E-17    1.2629202467430976       1.0903295399703585E-16   1.2629202467430976       1.2097175788493247E-16   1.2629202467430976       1.3322957783601762E-16   1.2629202467430976       1.458539774073334E-16    1.2629202467430976       1.5867726032499637E-16   1.2629202467430976       1.7175944438408036E-16   1.2629202467430976       1.8511616025554704E-16   1.2629202467430976
5.026548245743669         5.5379552059876776E-17   1.2566370614359175       3.651803078553638E-17    1.2566370614359175       3.138375136966287E-17    1.2566370614359175       3.188378095443566E-17    1.2566370614359175       3.5714189445359813E-17   1.2566370614359175       4.1638068934923886E-17   1.2566370614359175       4.909633022089429E-17    1.2566370614359175       5.766162436229769E-17    1.2566370614359175       6.716633714253756E-17    1.2566370614359175       7.739698600579487E-17    1.2566370614359175       8.82561118950473E-17     1.2566370614359175       9.967144410289574E-17    1.2566370614359175       1.1148737317259384E-16   1.2566370614359175       1.2368753951215022E-16   1.2566370614359175       1.362066799343836E-16    1.2566370614359175       1.4908827912137445E-16   1.2566370614359175       1.6216496879609336E-16   1.2566370614359175       1.754892497317084E-16    1.2566370614359175       1.8908158323231976E-16   1.2566370614359175
5.032831431050848         5.525725716041078E-17    1.2503538761287383       3.831835901072932E-17    1.2503538761287383       3.424057158520367E-17    1.2503538761287383       3.5637182772731026E-17   1.2503538761287383       4.0431175050511167E-17   1.2503538761287383       4.7432105875946587E-17   1.2503538761287383       5.609837809049266E-17    1.2503538761287383       6.598804882132585E-17    1.2503538761287383       7.69327275678064E-17     1.2503538761287383       8.87036436781501E-17     1.2503538761287383       1.0119952099871012E-16   1.2503538761287383       1.143328230643749E-16    1.2503538761287383       1.2793409138895225E-16   1.2503538761287383       1.4198414457706293E-16   1.2503538761287383       1.5639727625780088E-16   1.2503538761287383       1.7123195320469343E-16   1.2503538761287383       1.8628534902764991E-16   1.2503538761287383       2.0162199195877128E-16   1.2503538761287383       2.1726652888301685E-16   1.2503538761287383
5.039114616358028         5.695023238473059E-17    1.2440706908215582       4.156388685851671E-17    1.2440706908215582       3.8592632365710904E-17   1.2440706908215582       4.114323185813114E-17    1.2440706908215582       4.729696002682285E-17    1.2440706908215582       5.586362503401427E-17    1.2440706908215582       6.630363446981598E-17    1.2440706908215582       7.814301768124843E-17    1.2440706908215582       9.121387477227607E-17    1.2440706908215582       1.0525692587019978E-16   1.2440706908215582       1.2016720136092304E-16   1.2440706908215582       1.3583840207042448E-16   1.2440706908215582       1.520778338895078E-16    1.2440706908215582       1.6886199964757618E-16   1.2440706908215582       1.8607840724520742E-16   1.2440706908215582       2.0381372777553703E-16   1.2440706908215582       2.2180657371474502E-16   1.2440706908215582       2.4014880220508424E-16   1.2440706908215582       2.5886725756287015E-16   1.2440706908215582
5.045397801665208         5.893208047961791E-17    1.237787505514378        4.457067682272656E-17    1.237787505514378        4.2510303155352496E-17   1.237787505514378        4.611232679130909E-17    1.237787505514378        5.3538428968324783E-17   1.237787505514378        6.357502913877453E-17    1.237787505514378        7.567817286053075E-17    1.237787505514378        8.934168906161243E-17    1.237787505514378        1.0440156086573689E-16   1.237787505514378        1.2056550142323923E-16   1.237787505514378        1.3772668327184116E-16   1.237787505514378        1.5576356994382446E-16   1.237787505514378        1.7445971925073642E-16   1.237787505514378        1.937871379225617E-16    1.237787505514378        2.1361040079964363E-16   1.237787505514378        2.3404718233229206E-16   1.237787505514378        2.5477715992474685E-16   1.237787505514378        2.7592528852666213E-16   1.237787505514378        2.975184079228376E-16    1.237787505514378
5.0516809869723875        5.965321703815213E-17    1.231504320207199        4.5752192361886686E-17   1.231504320207199        4.4191242921583416E-17   1.231504320207199        4.8388140702956416E-17   1.231504320207199        5.651837915566208E-17    1.231504320207199        6.734965424128588E-17    1.231504320207199        8.03368548740404E-17     1.231504320207199        9.49581338927577E-17     1.231504320207199        1.110568432403017E-16    1.231504320207199        1.283191294846802E-16    1.231504320207199        1.4663919897698304E-16   1.231504320207199        1.6589014453704322E-16   1.231504320207199        1.8584115306372177E-16   1.231504320207199        2.064615339471015E-16    1.231504320207199        2.276065315343119E-16    1.231504320207199        2.494158244439133E-16    1.231504320207199        2.7153407121864697E-16   1.231504320207199        2.9411269295642907E-16   1.231504320207199        3.1717668753136926E-16   1.231504320207199
5.057964172279567         5.815227823453662E-17    1.2252211349000197       4.42614824856776E-17     1.2252211349000197       4.2693995556020916E-17   1.2252211349000197       4.6824377636789236E-17   1.2252211349000197       5.4804672941814795E-17   1.2252211349000197       6.541224516200627E-17    1.2252211349000197       7.811094882279403E-17    1.2252211349000197       9.238987307583123E-17    1.2252211349000197       1.0810169104777145E-16   1.2252211349000197       1.24932582068584E-16     1.2252211349000197       1.4278081941201915E-16   1.2252211349000197       1.6152697953698698E-16   1.2252211349000197       1.8094199944194098E-16   1.2252211349000197       2.0099567355678435E-16   1.2252211349000197       2.2155219657562233E-16   1.2252211349000197       2.4275502087215237E-16   1.2252211349000197       2.642533265092972E-16    1.2252211349000197       2.86207370462059E-16     1.2252211349000197       3.086391202709553E-16    1.2252211349000197
5.064247357586746         5.44668796725818E-17     1.2189379495928405       4.0378073813876586E-17   1.2189379495928405       3.8381970918280554E-17   1.2189379495928405       4.182991392824273E-17    1.2189379495928405       4.885243597192965E-17    1.2189379495928405       5.827521806486457E-17    1.2189379495928405       6.958327060169004E-17    1.2189379495928405       8.230250313757016E-17    1.2189379495928405       9.629433769451811E-17    1.2189379495928405       1.1126829823850569E-16   1.2189379495928405       1.2712844388526725E-16   1.2189379495928405       1.4377320595107574E-16   1.2189379495928405       1.6099135571713282E-16   1.2189379495928405       1.7875598517402745E-16   1.2189379495928405       1.969553251167971E-16    1.2189379495928405       2.1571564937600476E-16   1.2189379495928405       2.3472992966669624E-16   1.2189379495928405       2.5414502746806036E-16   1.2189379495928405       2.7397982123650427E-16   1.2189379495928405
5.070530542893926         4.964352912999578E-17    1.2126547642856604       3.544307543241505E-17    1.2126547642856604       3.284954416252923E-17    1.2126547642856604       3.530371907547813E-17    1.2126547642856604       4.0952406974546545E-17   1.2126547642856604       4.870088838260024E-17    1.2126547642856604       5.806395861712616E-17    1.2126547642856604       6.861811237073221E-17    1.2126547642856604       8.023010406976326E-17    1.2126547642856604       9.264748568511535E-17    1.2126547642856604       1.0577906129593872E-16   1.2126547642856604       1.195437995443767E-16    1.2126547642856604       1.3375693820408347E-16   1.2126547642856604       1.4839569442628458E-16   1.2126547642856604       1.6337735350372378E-16   1.2126547642856604       1.7879614363199247E-16   1.2126547642856604       1.9441119877226865E-16   1.2126547642856604       2.1033868374481321E-16   1.2126547642856604       2.265959376787825E-16    1.2126547642856604
5.076813728201106         4.5301266717114566E-17   1.2063715789784804       3.132224193919931E-17    1.2063715789784804       2.829934990865205E-17    1.2063715789784804       2.990737325085136E-17    1.2063715789784804       3.436451920311378E-17    1.2063715789784804       4.0664732853685395E-17   1.2063715789784804       4.8353273993753504E-17   1.2063715789784804       5.705172399623939E-17    1.2063715789784804       6.662663092341797E-17    1.2063715789784804       7.686216139722501E-17    1.2063715789784804       8.76679062593177E-17     1.2063715789784804       9.897652419110203E-17    1.2063715789784804       1.1062676345548747E-16   1.2063715789784804       1.2259860425876397E-16   1.2063715789784804       1.3483098306157761E-16   1.2063715789784804       1.4738473692923771E-16   1.2063715789784804       1.6008037745008942E-16   1.2063715789784804       1.729992875623346E-16    1.2063715789784804       1.8616003719499854E-16   1.2063715789784804
5.083096913508285         4.2903279175441295E-17   1.2000883936713012       2.9587920192469466E-17   1.2000883936713012       2.6584589717647868E-17   1.2000883936713012       2.7915348581999613E-17   1.2000883936713012       3.1913608313442786E-17   1.2000883936713012       3.7643595094835385E-17   1.2000883936713012       4.467281400882146E-17    1.2000883936713012       5.2644389744524064E-17   1.2000883936713012       6.141913326412283E-17    1.2000883936713012       7.080010645491581E-17    1.2000883936713012       8.069270949260451E-17    1.2000883936713012       9.103004005082979E-17    1.2000883936713012       1.0166128542200931E-16   1.2000883936713012       1.1256685910595048E-16   1.2000883936713012       1.2369084336891287E-16   1.2000883936713012       1.3507461349410807E-16   1.2000883936713012       1.4656902432472295E-16   1.2000883936713012       1.5823217439617198E-16   1.2000883936713012       1.7008614026398961E-16   1.2000883936713012
5.0893800988154645        4.3047762450812015E-17   1.193805208364122        3.0766604395462824E-17   1.193805208364122        2.832009586451505E-17    1.193805208364122        3.012320825844519E-17    1.193805208364122        3.463114091686566E-17    1.193805208364122        4.094043541624462E-17    1.193805208364122        4.862729855740638E-17    1.193805208364122        5.732513641219584E-17    1.193805208364122        6.688648791806064E-17    1.193805208364122        7.710738135600815E-17    1.193805208364122        8.788613024496393E-17    1.193805208364122        9.914335211730397E-17    1.193805208364122        1.1072182499787294E-16   1.193805208364122        1.2260055868831678E-16   1.193805208364122        1.347105170428743E-16    1.193805208364122        1.4709674356742333E-16   1.193805208364122        1.595957385915662E-16    1.193805208364122        1.7226392998917377E-16   1.193805208364122        1.8512652812794859E-16   1.193805208364122
5.095663284122645         4.5120978952421317E-17   1.1875220230569419       3.4017965059708973E-17   1.1875220230569419       3.249955779511808E-17    1.1875220230569419       3.535271746188108E-17    1.1875220230569419       4.1116130999396045E-17   1.1875220230569419       4.8879490808458513E-17   1.1875220230569419       5.821565554399738E-17    1.1875220230569419       6.872461820565721E-17    1.1875220230569419       8.025322117178369E-17    1.1875220230569419       9.256915829820078E-17    1.1875220230569419       1.055650159342751E-16    1.1875220230569419       1.1914302552386253E-16   1.1875220230569419       1.3312688474531423E-16   1.1875220230569419       1.474934072498045E-16    1.1875220230569419       1.6214846338503867E-16   1.1875220230569419       1.7716140684388362E-16   1.1875220230569419       1.9231588921816833E-16   1.1875220230569419       2.076875195409337E-16    1.1875220230569419       2.2330083770226186E-16   1.1875220230569419
5.101946469429824         4.7522962888426946E-17   1.1812388377497627       3.745613919305434E-17    1.1812388377497627       3.687825002994255E-17    1.1812388377497627       4.088968204719511E-17    1.1812388377497627       4.804780076627281E-17    1.1812388377497627       5.741543679907303E-17    1.1812388377497627       6.855813191694402E-17    1.1812388377497627       8.103891918361699E-17    1.1812388377497627       9.470607070197681E-17    1.1812388377497627       1.092933091229681E-16    1.1812388377497627       1.2469264230316999E-16   1.1812388377497627       1.4079199678277457E-16   1.1812388377497627       1.5739326101353205E-16   1.1812388377497627       1.744709185658779E-16    1.1812388377497627       1.9190540268883243E-16   1.1812388377497627       2.097972617278808E-16    1.1812388377497627       2.278637265664775E-16    1.1812388377497627       2.46208947722442E-16     1.1812388377497627       2.6485125125942045E-16   1.1812388377497627
5.108229654737003         4.8413703822822196E-17   1.1749556524425835       3.9030937506288115E-17   1.1749556524425835       3.9027654713509095E-17   1.1749556524425835       4.3759728956097055E-17   1.1749556524425835       5.174866330388217E-17    1.1749556524425835       6.204119172418937E-17    1.1749556524425835       7.420227029810601E-17    1.1749556524425835       8.777733958513651E-17    1.1749556524425835       1.0262434269256199E-16   1.1749556524425835       1.1845638221545806E-16   1.1749556524425835       1.3517091495454938E-16   1.1749556524425835       1.5265343113031792E-16   1.1749556524425835       1.7069226708132623E-16   1.1749556524425835       1.8925964177285167E-16   1.1749556524425835       2.0822209671922958E-16   1.1749556524425835       2.277001196554982E-16    1.1749556524425835       2.4736390503738755E-16   1.1749556524425835       2.673389889135666E-16    1.1749556524425835       2.8763348896423176E-16   1.1749556524425835
5.114512840044184         4.6645852901364354E-17   1.1686724671354025       3.7575973841147124E-17   1.1686724671354025       3.758881794514562E-17    1.1686724671354025       4.227090187577874E-17    1.1686724671354025       5.009772092289821E-17    1.1686724671354025       6.01373987208023E-17     1.1686724671354025       7.196878642726864E-17    1.1686724671354025       8.515276972862893E-17    1.1686724671354025       9.956197646229562E-17    1.1686724671354025       1.1491484793491745E-16   1.1686724671354025       1.3111782437835142E-16   1.1686724671354025       1.4806753911610843E-16   1.1686724671354025       1.6555390219043995E-16   1.1686724671354025       1.835471946311789E-16    1.1686724671354025       2.0191806200775978E-16   1.1686724671354025       2.207829126743066E-16    1.1686724671354025       2.3980870930221396E-16   1.1686724671354025       2.5912198285913257E-16   1.1686724671354025       2.7872070928519365E-16   1.1686724671354025
5.120796025351363         4.240113215479455E-17    1.1623892818282233       3.3473858628097984E-17   1.1623892818282233       3.3059802076143094E-17   1.1623892818282233       3.700189389886666E-17    1.1623892818282233       4.37733436493857E-17     1.1623892818282233       5.2509307183523016E-17   1.1623892818282233       6.281781763915677E-17    1.1623892818282233       7.430509092043465E-17    1.1623892818282233       8.685782840158173E-17    1.1623892818282233       1.0022531140325152E-16   1.1623892818282233       1.1432235105749328E-16   1.1623892818282233       1.2906513057932504E-16   1.1623892818282233       1.4425951503251938E-16   1.1623892818282233       1.598746506948128E-16    1.1623892818282233       1.758004232593967E-16    1.1623892818282233       1.9212490166430769E-16   1.1623892818282233       2.085572397371911E-16    1.1623892818282233       2.25201436447613E-16     1.1623892818282233       2.420492880341859E-16    1.1623892818282233
5.127079210658542         3.7147944533771363E-17   1.1561060965210441       2.851952933869155E-17    1.1561060965210441       2.7614191972842317E-17   1.1561060965210441       3.060283966585502E-17    1.1561060965210441       3.6030794759197604E-17   1.1561060965210441       4.3130262068710404E-17   1.1561060965210441       5.154733178249196E-17    1.1561060965210441       6.094479793794709E-17    1.1561060965210441       7.121833816726951E-17    1.1561060965210441       8.21599427563753E-17     1.1561060965210441       9.368890952548222E-17    1.1561060965210441       1.0573983494082797E-16   1.1561060965210441       1.1814044884393987E-16   1.1561060965210441       1.3085967711527762E-16   1.1561060965210441       1.4381009534890114E-16   1.1561060965210441       1.5703993033816386E-16   1.1561060965210441       1.7032181513405685E-16   1.1561060965210441       1.8372268966079554E-16   1.1561060965210441       1.9723334688742184E-16   1.1561060965210441
5.1333623959657215        3.2880946066708286E-17   1.149822911213865        2.497205396124853E-17    1.149822911213865        2.394602385591318E-17    1.149822911213865        2.638646577691202E-17    1.149822911213865        3.097258580340342E-17    1.149822911213865        3.7031740436622206E-17   1.149822911213865        4.424670526981945E-17    1.149822911213865        5.232390581524574E-17    1.149822911213865        6.116224280565764E-17    1.149822911213865        7.058835897137136E-17    1.149822911213865        8.052145339257018E-17    1.149822911213865        9.090427500167516E-17    1.149822911213865        1.0158010432591626E-16   1.149822911213865        1.125177455509229E-16    1.149822911213865        1.236412022624728E-16    1.149822911213865        1.3496650674082722E-16   1.149822911213865        1.4631339136338632E-16   1.149822911213865        1.5771430526760375E-16   1.149822911213865        1.6916220554127052E-16   1.149822911213865
5.139645581272902         3.1025539510493366E-17   1.1435397259066848       2.4275216775698175E-17   1.1435397259066848       2.3727174168077322E-17   1.1435397259066848       2.642102386915215E-17    1.1435397259066848       3.118151173600177E-17    1.1435397259066848       3.739776729041891E-17    1.1435397259066848       4.477890404738518E-17    1.1435397259066848       5.3045639310154336E-17   1.1435397259066848       6.209761254821791E-17    1.1435397259066848       7.177260207590233E-17    1.1435397259066848       8.19870887360661E-17     1.1435397259066848       9.267803236637534E-17    1.1435397259066848       1.0368873976239667E-16   1.1435397259066848       1.1498666730034404E-16   1.1435397259066848       1.2648703086929322E-16   1.1435397259066848       1.3819647468210718E-16   1.1435397259066848       1.49936207116036E-16     1.1435397259066848       1.6172312451853558E-16   1.1435397259066848       1.735518026481823E-16    1.1435397259066848
5.145928766580081         3.163631009391939E-17    1.1372565405995056       2.6194378502513575E-17   1.1372565405995056       2.658058555184992E-17    1.1372565405995056       3.0241248797643855E-17   1.1372565405995056       3.609944810274702E-17    1.1372565405995056       4.355869566519983E-17    1.1372565405995056       5.234059826010006E-17    1.1372565405995056       6.215157980655774E-17    1.1372565405995056       7.28942973174571E-17     1.1372565405995056       8.439217336882584E-17    1.1372565405995056       9.655972342068714E-17    1.1372565405995056       1.0931855148027647E-16   1.1372565405995056       1.2249625112440477E-16   1.1372565405995056       1.3605715290753765E-16   1.1372565405995056       1.4989073710691502E-16   1.1372565405995056       1.6401947415244942E-16   1.1372565405995056       1.7821835032138202E-16   1.1372565405995056       1.925137314240536E-16    1.1372565405995056       2.0689809431438178E-16   1.1372565405995056
5.152211951887261         3.3397196742962006E-17   1.1309733552923256       2.8941602333848806E-17   1.1309733552923256       3.025697397872437E-17    1.1309733552923256       3.5043385742640016E-17   1.1309733552923256       4.2241503577622544E-17   1.1309733552923256       5.123284966990478E-17    1.1309733552923256       6.174087383669539E-17    1.1309733552923256       7.344657946119468E-17    1.1309733552923256       8.626085169536279E-17    1.1309733552923256       9.998051552610034E-17    1.1309733552923256       1.145217512204614E-16    1.1309733552923256       1.2979178202762894E-16   1.1309733552923256       1.455965660464179E-16    1.1309733552923256       1.6189665025211806E-16   1.1309733552923256       1.7855346598797054E-16   1.1309733552923256       1.9561813792560113E-16   1.1309733552923256       2.1279970072517159E-16   1.1309733552923256       2.3015016095331555E-16   1.1309733552923256       2.476551869603954E-16    1.1309733552923256
5.15849513719444          3.4465576754015716E-17   1.1246901699851464       3.02847710377303E-17     1.1246901699851464       3.200589408548729E-17    1.1246901699851464       3.7376926211618936E-17   1.1246901699851464       4.528570542717168E-17    1.1246901699851464       5.508446751690807E-17    1.1246901699851464       6.649532667738095E-17    1.1246901699851464       7.918618331808912E-17    1.1246901699851464       9.308032121225175E-17    1.1246901699851464       1.0795663213791846E-16   1.1246901699851464       1.2373729372571924E-16   1.1246901699851464       1.4032669879687476E-16   1.1246901699851464       1.5751758552733358E-16   1.1246901699851464       1.7526832987538726E-16   1.1246901699851464       1.9342729147863375E-16   1.1246901699851464       2.1206669400660476E-16   1.1246901699851464       2.308515066844613E-16    1.1246901699851464       2.498561382798948E-16    1.1246901699851464       2.690564813796276E-16    1.1246901699851464
5.16477832250162          3.365696391741841E-17    1.1184069846779663       2.898811654530318E-17    1.1184069846779663       3.0345587268406556E-17   1.1184069846779663       3.536125431344566E-17    1.1184069846779663       4.2846057429056423E-17   1.1184069846779663       5.214476008861893E-17    1.1184069846779663       6.298202877250748E-17    1.1184069846779663       7.503941978897853E-17    1.1184069846779663       8.825224349791073E-17    1.1184069846779663       1.0240558782039941E-16   1.1184069846779663       1.1742998083237015E-16   1.1184069846779663       1.3324220383931137E-16   1.1184069846779663       1.496399696313763E-16    1.1184069846779663       1.665829494462475E-16    1.1184069846779663       1.8393007442121113E-16   1.1184069846779663       2.017514786320381E-16    1.1184069846779663       2.197188802348734E-16    1.1184069846779663       2.3790808465203435E-16   1.1184069846779663       2.562861483299381E-16    1.1184069846779663
5.171061507808799         3.1203472460188246E-17   1.112123799370787        2.5646258046449767E-17   1.112123799370787        2.608274785927759E-17    1.112123799370787        2.9990350912732756E-17   1.112123799370787        3.613270704456823E-17    1.112123799370787        4.3880034275789306E-17   1.112123799370787        5.2966067568985085E-17   1.112123799370787        6.31085904646269E-17     1.112123799370787        7.424958138630903E-17    1.112123799370787        8.620409179991612E-17    1.112123799370787        9.890998664289446E-17    1.112123799370787        1.1230556938790675E-16   1.112123799370787        1.2621041311867366E-16   1.112123799370787        1.4058919980387735E-16   1.112123799370787        1.553290955849874E-16    1.112123799370787        1.70475176930775E-16     1.112123799370787        1.8575357926708312E-16   1.112123799370787        2.0121694463119754E-16   1.112123799370787        2.168286878495718E-16    1.112123799370787
5.177344693115979         2.855453931312441E-17    1.105840614063608        2.2301379950118295E-17   1.105840614063608        2.1825525544001047E-17   1.105840614063608        2.4552602208784086E-17   1.105840614063608        2.9258353467212915E-17   1.105840614063608        3.535858232210821E-17    1.105840614063608        4.2600110515105836E-17   1.105840614063608        5.073953393691585E-17    1.105840614063608        5.971857298263629E-17    1.105840614063608        6.938966151743981E-17    1.105840614063608        7.9694800722079E-17      1.105840614063608        9.059101404872771E-17    1.105840614063608        1.0192509189823432E-16   1.105840614063608        1.1366922229499036E-16   1.105840614063608        1.2573968570821122E-16   1.105840614063608        1.381508341538954E-16    1.105840614063608        1.506967655507804E-16    1.105840614063608        1.6339660412083333E-16   1.105840614063608        1.762171843066947E-16    1.105840614063608
5.183627878423159         2.731665100017365E-17    1.0995574287564278       2.1027915596163737E-17   1.0995574287564278       2.0210041683242013E-17   1.0995574287564278       2.241113742267433E-17    1.0995574287564278       2.6470086093220827E-17   1.0995574287564278       3.184246620106046E-17    1.0995574287564278       3.828755523724688E-17    1.0995574287564278       4.55817046991921E-17     1.0995574287564278       5.366310723326112E-17    1.0995574287564278       6.240769444420769E-17    1.0995574287564278       7.175934516709983E-17    1.0995574287564278       8.168159753287777E-17    1.0995574287564278       9.203999634406858E-17    1.0995574287564278       1.0281507653331169E-16   1.0995574287564278       1.1393691851629036E-16   1.0995574287564278       1.2540663917043406E-16   1.0995574287564278       1.3705697954514867E-16   1.0995574287564278       1.488857784148928E-16    1.0995574287564278       1.6086781385242751E-16   1.0995574287564278
5.189911063730339         2.804801135682859E-17    1.0932742434492477       2.2425775949913498E-17   1.0932742434492477       2.200928004310542E-17    1.0932742434492477       2.4602792753058614E-17   1.0932742434492477       2.9123574472623943E-17   1.0932742434492477       3.504215275264402E-17    1.0932742434492477       4.2126897781336115E-17   1.0932742434492477       5.0147306594919844E-17   1.0932742434492477       5.904143792911756E-17    1.0932742434492477       6.868356059403274E-17    1.0932742434492477       7.902065876468286E-17    1.0932742434492477       9.001051129724256E-17    1.0932742434492477       1.015222871932813E-16    1.0932742434492477       1.1354446999300525E-16   1.0932742434492477       1.260011595019361E-16    1.0932742434492477       1.389098119292445E-16    1.0932742434492477       1.5209038617080983E-16   1.0932742434492477       1.6554625752913454E-16   1.0932742434492477       1.7925869199710348E-16   1.0932742434492477
5.196194249037518         2.978326464492347E-17    1.0869910581420685       2.5121039417311063E-17   1.0869910581420685       2.550591116009244E-17    1.0869910581420685       2.9012398760829564E-17   1.0869910581420685       3.4615708916923884E-17   1.0869910581420685       4.177895614934165E-17    1.0869910581420685       5.027724470477399E-17    1.0869910581420685       5.985873935236024E-17    1.0869910581420685       7.046923573003803E-17    1.0869910581420685       8.196306040621905E-17    1.0869910581420685       9.429450065754192E-17    1.0869910581420685       1.0741249256653623E-16   1.0869910581420685       1.2117942110513418E-16   1.0869910581420685       1.3559069274225778E-16   1.0869910581420685       1.5055492575769062E-16   1.0869910581420685       1.6612648349551127E-16   1.0869910581420685       1.8207622199899284E-16   1.0869910581420685       1.984353568187799E-16    1.0869910581420685       2.1518512318475374E-16   1.0869910581420685
5.202477434344697         3.0688807120223783E-17   1.0807078728348893       2.6724918398876965E-17   1.0807078728348893       2.7704538189484848E-17   1.0807078728348893       3.187761809748757E-17    1.0807078728348893       3.824653348612699E-17    1.0807078728348893       4.626643624691069E-17    1.0807078728348893       5.571998377175418E-17    1.0807078728348893       6.634210775550028E-17    1.0807078728348893       7.80923596144579E-17     1.0807078728348893       9.080677246206829E-17    1.0807078728348893       1.0445056255167968E-16   1.0807078728348893       1.18972036560733E-16     1.0807078728348893       1.3422853914874839E-16   1.0807078728348893       1.5022128217355306E-16   1.0807078728348893       1.6685144239604226E-16   1.0807078728348893       1.84206531505115E-16     1.0807078728348893       2.0201461881574883E-16   1.0807078728348893       2.203367096752529E-16    1.0807078728348893       2.3914810621807766E-16   1.0807078728348893
5.208760619651877         2.9422657615137153E-17   1.0744246875277093       2.5625911339176186E-17   1.0744246875277093       2.659589050095366E-17    1.0744246875277093       3.064775618961652E-17    1.0744246875277093       3.680072225294489E-17    1.0744246875277093       4.4525235263827086E-17   1.0744246875277093       5.361464040254971E-17    1.0744246875277093       6.381432539452622E-17    1.0744246875277093       7.509625438784991E-17    1.0744246875277093       8.729770853742417E-17    1.0744246875277093       1.0039423588285105E-16   1.0744246875277093       1.1434620237054392E-16   1.0744246875277093       1.290179452344706E-16    1.0744246875277093       1.4441579103760298E-16   1.0744246875277093       1.6045329577863648E-16   1.0744246875277093       1.772261943484039E-16    1.0744246875277093       1.9446527064944428E-16   1.0744246875277093       2.1224289125718889E-16   1.0744246875277093       2.3052952241381207E-16   1.0744246875277093
5.215043804959056         2.619279483021812E-17    1.06814150222053         2.2273520778617772E-17   1.06814150222053         2.2768733205480654E-17   1.06814150222053         2.6037826995009838E-17   1.06814150222053         3.113979136662258E-17    1.06814150222053         3.7590176726375885E-17   1.06814150222053         4.519583328283058E-17    1.06814150222053         5.373261424240976E-17    1.06814150222053         6.317638987859132E-17    1.06814150222053         7.338709613276489E-17    1.06814150222053         8.434534143362035E-17    1.06814150222053         9.603005099591144E-17    1.06814150222053         1.0832508694455697E-16   1.06814150222053         1.2124190817996891E-16   1.06814150222053         1.3472303776500643E-16   1.06814150222053         1.488465945802669E-16    1.06814150222053         1.6339687082525766E-16   1.06814150222053         1.7843507883057689E-16   1.06814150222053         1.9393642088152968E-16   1.06814150222053
5.221326990266236         2.2667662667385445E-17   1.0618583169133509       1.889253048339061E-17    1.0618583169133509       1.9021535980764407E-17   1.0618583169133509       2.1554544801985135E-17   1.0618583169133509       2.5630597895314267E-17   1.0618583169133509       3.082311464609734E-17    1.0618583169133509       3.695264820309793E-17    1.0618583169133509       4.3825141464614714E-17   1.0618583169133509       5.1410797175272445E-17   1.0618583169133509       5.959742974007592E-17    1.0618583169133509       6.836407931921485E-17    1.0618583169133509       7.770230987661914E-17    1.0618583169133509       8.75180833704611E-17     1.0618583169133509       9.782827719950504E-17    1.0618583169133509       1.0860457007835545E-16   1.0618583169133509       1.199023534638852E-16    1.0618583169133509       1.3157598172304808E-16   1.0618583169133509       1.436689433558746E-16    1.0618583169133509       1.5617381214084705E-16   1.0618583169133509
5.227610175573417         2.0753431420694582E-17   1.05557513160617         1.7759177081705927E-17   1.05557513160617         1.8152865481273452E-17   1.05557513160617         2.0705359196180426E-17   1.05557513160617         2.4658777752186325E-17   1.05557513160617         2.9627899541856324E-17   1.05557513160617         3.54434624537272E-17     1.05557513160617         4.191968412919075E-17    1.05557513160617         4.901727186041526E-17    1.05557513160617         5.663511603392985E-17    1.05557513160617         6.474694670347531E-17    1.05557513160617         7.334200790336475E-17    1.05557513160617         8.23379079891956E-17     1.05557513160617         9.175639357831634E-17    1.05557513160617         1.015813634643713E-16    1.05557513160617         1.1186612119360114E-16   1.05557513160617         1.225039950103642E-16    1.05557513160617         1.3353761738048277E-16   1.05557513160617         1.4498431799751212E-16   1.05557513160617
5.233893360880596         2.1178775208117064E-17   1.0492919462989907       1.9386659548316503E-17   1.0492919462989907       2.0665237611915822E-17   1.0492919462989907       2.4085205726232425E-17   1.0492919462989907       2.896934234195455E-17    1.0492919462989907       3.493622980817242E-17    1.0492919462989907       4.181945562414285E-17    1.0492919462989907       4.941381529881085E-17    1.0492919462989907       5.767389594864929E-17    1.0492919462989907       6.648253259932117E-17    1.0492919462989907       7.580874578679246E-17    1.0492919462989907       8.562622121980721E-17    1.0492919462989907       9.584770875596726E-17    1.0492919462989907       1.0649760238935816E-16   1.0492919462989907       1.1755100474331824E-16   1.0492919462989907       1.2908865335336573E-16   1.0492919462989907       1.4098948084298216E-16   1.0492919462989907       1.5332340305816802E-16   1.0492919462989907       1.661300950439477E-16    1.0492919462989907
5.240176546187775         2.3035276934191208E-17   1.0430087609918115       2.214775104266098E-17    1.0430087609918115       2.4337812477062705E-17   1.0430087609918115       2.882997557763258E-17    1.0430087609918115       3.496109879020598E-17    1.0430087609918115       4.231762503721293E-17    1.0430087609918115       5.072596198849816E-17    1.0430087609918115       5.99478641913245E-17     1.0430087609918115       6.993717971801251E-17    1.0430087609918115       8.054378407006997E-17    1.0430087609918115       9.173433734514432E-17    1.0430087609918115       1.0346503502456015E-16   1.0430087609918115       1.1563281974314817E-16   1.0430087609918115       1.282611179829951E-16    1.0430087609918115       1.413075472461756E-16    1.0430087609918115       1.5489282677711488E-16   1.0430087609918115       1.6885016652499072E-16   1.0430087609918115       1.8329291909449976E-16   1.0430087609918115       1.9827355149328154E-16   1.0430087609918115
5.246459731494954         2.4654510546503162E-17   1.0367255756846323       2.3712639953884714E-17   1.0367255756846323       2.6133744855636512E-17   1.0367255756846323       3.1044564412213255E-17   1.0367255756846323       3.7719748429053576E-17   1.0367255756846323       4.570000374539114E-17    1.0367255756846323       5.4794978909264345E-17   1.0367255756846323       6.474228241701967E-17    1.0367255756846323       7.549540665033235E-17    1.0367255756846323       8.687721629539558E-17    1.0367255756846323       9.885174863349361E-17    1.0367255756846323       1.1136711428048162E-16   1.0367255756846323       1.2430554199456874E-16   1.0367255756846323       1.3768550727194105E-16   1.0367255756846323       1.5145605628485224E-16   1.0367255756846323       1.6576010023006281E-16   1.0367255756846323       1.804009918168415E-16    1.0367255756846323       1.9552401973079967E-16   1.0367255756846323       2.1118486854876355E-16   1.0367255756846323
5.252742916802134         2.5053097288922252E-17   1.0304423903774522       2.3086273722942655E-17   1.0304423903774522       2.485246102740369E-17    1.0304423903774522       2.919735393847132E-17    1.0304423903774522       3.529373822042876E-17    1.0304423903774522       4.264969722982861E-17    1.0304423903774522       5.105364953374413E-17    1.0304423903774522       6.024066009727542E-17    1.0304423903774522       7.015707664326704E-17    1.0304423903774522       8.062102175640059E-17    1.0304423903774522       9.158880146529601E-17    1.0304423903774522       1.0301088074915588E-16   1.0304423903774522       1.1476342631586157E-16   1.0304423903774522       1.268561677336702E-16    1.0304423903774522       1.392445942686766E-16    1.0304423903774522       1.5205710038138748E-16   1.0304423903774522       1.651126857158663E-16    1.0304423903774522       1.7855547479466642E-16   1.0304423903774522       1.9244019609800974E-16   1.0304423903774522
5.259026102109313         2.465757131304976E-17    1.024159205070273        2.141739965406632E-17    1.024159205070273        2.2153374461689012E-17   1.024159205070273        2.5452737416651603E-17   1.024159205070273        3.040832165465406E-17    1.024159205070273        3.6521584456452376E-17   1.024159205070273        4.35636079091184E-17     1.024159205070273        5.1281762275373535E-17   1.024159205070273        5.960631350028423E-17    1.024159205070273        6.836852195889263E-17    1.024159205070273        7.750921181023407E-17    1.024159205070273        8.698079994343737E-17    1.024159205070273        9.66581221913347E-17     1.024159205070273        1.0653825612943258E-16   1.024159205070273        1.165858753234964E-16    1.024159205070273        1.268870491077878E-16    1.024159205070273        1.3730568885471524E-16   1.024159205070273        1.4795451743718236E-16   1.024159205070273        1.5888809691951126E-16   1.024159205070273
5.2653092874164935        2.4661492540005222E-17   1.017876019763093        2.079895236443556E-17    1.017876019763093        2.0942121064391218E-17   1.017876019763093        2.3623181687557077E-17   1.017876019763093        2.792183005696237E-17    1.017876019763093        3.335200250570996E-17    1.017876019763093        3.967840806344446E-17    1.017876019763093        4.665701413934932E-17    1.017876019763093        5.4199044393353974E-17   1.017876019763093        6.21459421572206E-17     1.017876019763093        7.041806814632625E-17    1.017876019763093        7.895662021174513E-17    1.017876019763093        8.762850338660511E-17    1.017876019763093        9.641411809158752E-17    1.017876019763093        1.0527034596499948E-16   1.017876019763093        1.1424274795282221E-16   1.017876019763093        1.2322103972094296E-16   1.017876019763093        1.3228186524011187E-16   1.017876019763093        1.4148017443851933E-16   1.017876019763093
5.271592472723673         2.5642864718124518E-17   1.0115928344559137       2.2144073952510148E-17   1.0115928344559137       2.2542058244111527E-17   1.0115928344559137       2.5523481104846973E-17   1.0115928344559137       3.02201265414475E-17     1.0115928344559137       3.616155079111309E-17    1.0115928344559137       4.311858880704497E-17    1.0115928344559137       5.084041867950328E-17    1.0115928344559137       5.922642917804678E-17    1.0115928344559137       6.810820780738723E-17    1.0115928344559137       7.738796129820985E-17    1.0115928344559137       8.698111995898912E-17    1.0115928344559137       9.673332556521374E-17    1.0115928344559137       1.066056463697666E-16    1.0115928344559137       1.1652279695943623E-16   1.0115928344559137       1.2651614369181193E-16   1.0115928344559137       1.3644702991762857E-16   1.0115928344559137       1.4637715766315127E-16   1.0115928344559137       1.5635727105346974E-16   1.0115928344559137
5.277875658030853         2.679483588563468E-17    1.0053096491487337       2.4167013150923783E-17   1.0053096491487337       2.5321625970402157E-17   1.0053096491487337       2.9147827179799294E-17   1.0053096491487337       3.48544777720517E-17     1.0053096491487337       4.198257645613106E-17    1.0053096491487337       5.03177533107813E-17     1.0053096491487337       5.959480630876678E-17    1.0053096491487337       6.971507500133661E-17    1.0053096491487337       8.048478572159724E-17    1.0053096491487337       9.179735148970076E-17    1.0053096491487337       1.035416768276359E-16    1.0053096491487337       1.1553518236397524E-16   1.0053096491487337       1.2772065055102867E-16   1.0053096491487337       1.3998074906608643E-16   1.0053096491487337       1.523563920544889E-16    1.0053096491487337       1.6463972531641006E-16   1.0053096491487337       1.769007783111722E-16    1.0053096491487337       1.8917639753944855E-16   1.0053096491487337
5.284158843338032         2.6558543955651358E-17   0.9990264638415545       2.4516323663640563E-17   0.9990264638415545       2.6177638316197466E-17   0.9990264638415545       3.051877780467888E-17    0.9990264638415545       3.681207437482619E-17    0.9990264638415545       4.4615317166202904E-17   0.9990264638415545       5.373302071847155E-17    0.9990264638415545       6.389905125856217E-17    0.9990264638415545       7.502853895815803E-17    0.9990264638415545       8.691065167274866E-17    0.9990264638415545       9.944126701324732E-17    0.9990264638415545       1.1250009097522603E-16   0.9990264638415545       1.2588499791592311E-16   0.9990264638415545       1.3952621569493076E-16   0.9990264638415545       1.532796027704045E-16    0.9990264638415545       1.6719296944572004E-16   0.9990264638415545       1.8100000937084512E-16   0.9990264638415545       1.9477856457056855E-16   0.9990264638415545       2.0854217954995834E-16   0.9990264638415545
5.290442028645211         2.408544101196965E-17    0.9927432785343753       2.2027367523840098E-17   0.9927432785343753       2.3529458389632567E-17   0.9927432785343753       2.754021104394745E-17    0.9927432785343753       3.338098567044421E-17    0.9927432785343753       4.064803747412029E-17    0.9927432785343753       4.9167853879219266E-17   0.9927432785343753       5.870080935159474E-17    0.9927432785343753       6.917958489998449E-17    0.9927432785343753       8.040582998270367E-17    0.9927432785343753       9.228533877143761E-17    0.9927432785343753       1.0471218161940783E-16   0.9927432785343753       1.1748517172258595E-16   0.9927432785343753       1.3053078190014039E-16   0.9927432785343753       1.4370664706525142E-16   0.9927432785343753       1.5704173862221259E-16   0.9927432785343753       1.7026386326724242E-16   0.9927432785343753       1.8343217162216787E-16   0.9927432785343753       1.965339851297357E-16    0.9927432785343753
5.296725213952391         2.012188514472444E-17    0.9864600932271953       1.790171364406797E-17    0.9864600932271953       1.8905652164096795E-17   0.9864600932271953       2.209716499139057E-17    0.9864600932271953       2.6864551800334094E-17   0.9864600932271953       3.2867616035575116E-17   0.9864600932271953       3.99597512007205E-17     0.9864600932271953       4.794725465373171E-17    0.9864600932271953       5.677758771053488E-17    0.9864600932271953       6.629232800662258E-17    0.9864600932271953       7.640978785126361E-17    0.9864600932271953       8.705087700178226E-17    0.9864600932271953       9.803411365774619E-17    0.9864600932271953       1.092911216114623E-16    0.9864600932271953       1.2069989231819797E-16   0.9864600932271953       1.3225042450287657E-16   0.9864600932271953       1.4370949005547868E-16   0.9864600932271953       1.55090573920918E-16     0.9864600932271953       1.6635959490746817E-16   0.9864600932271953
5.303008399259571         1.646043175706321E-17    0.9801769079200151       1.4627294781358587E-17   0.9801769079200151       1.5503725238681913E-17   0.9801769079200151       1.8244159552651594E-17   0.9801769079200151       2.234338392111639E-17    0.9801769079200151       2.753023494053634E-17    0.9801769079200151       3.368927785317711E-17    0.9801769079200151       4.066785808967541E-17    0.9801769079200151       4.8426031563173525E-17   0.9801769079200151       5.684858221044521E-17    0.9801769079200151       6.586825690793146E-17    0.9801769079200151       7.542819962053895E-17    0.9801769079200151       8.537317406685076E-17    0.9801769079200151       9.564702458467358E-17    0.9801769079200151       1.0614468447674445E-16   0.9801769079200151       1.168283783777627E-16    0.9801769079200151       1.2750037558376388E-16   0.9801769079200151       1.3812984120184265E-16   0.9801769079200151       1.4866879369671228E-16   0.9801769079200151
5.3092915845667505        1.4513115499218983E-17   0.9738937226128359       1.3714673341326328E-17   0.9738937226128359       1.514059201600963E-17    0.9738937226128359       1.8250478914301248E-17   0.9738937226128359       2.2656707352062418E-17   0.9738937226128359       2.8131168650006586E-17   0.9738937226128359       3.4586369960498405E-17   0.9738937226128359       4.1886629431842424E-17   0.9738937226128359       5.000749502588336E-17    0.9738937226128359       5.885660644805444E-17    0.9738937226128359       6.838621996700803E-17    0.9738937226128359       7.855081064166193E-17    0.9738937226128359       8.921730850587419E-17    0.9738937226128359       1.0034693286866307E-16   0.9738937226128359       1.1183732988917914E-16   0.9738937226128359       1.2366065038254489E-16   0.9738937226128359       1.3561275740792556E-16   0.9738937226128359       1.4765056285370454E-16   0.9738937226128359       1.5971627221232468E-16   0.9738937226128359
5.31557476987393          1.4395916162058645E-17   0.9676105373056567       1.4540578015773138E-17   0.9676105373056567       1.6711684041228588E-17   0.9676105373056567       2.056285662597187E-17    0.9676105373056567       2.5767705812467855E-17   0.9676105373056567       3.209547361198741E-17    0.9676105373056567       3.9471222883783E-17      0.9676105373056567       4.7753454011716284E-17   0.9676105373056567       5.693700070879764E-17    0.9676105373056567       6.692999759598311E-17    0.9676105373056567       7.771001829602694E-17    0.9676105373056567       8.924082998007581E-17    0.9676105373056567       1.0140695240969521E-16   0.9676105373056567       1.1419074443271228E-16   0.9676105373056567       1.2748964064170826E-16   0.9676105373056567       1.413175861527378E-16    0.9676105373056567       1.5543471151757773E-16   0.9676105373056567       1.69821090149498E-16     0.9676105373056567       1.8440992863342306E-16   0.9676105373056567
5.32185795518111          1.5308551751617922E-17   0.9613273519984766       1.5419760596565043E-17   0.9613273519984766       1.773541006157491E-17    0.9613273519984766       2.1822071323306243E-17   0.9613273519984766       2.7310974368667805E-17   0.9613273519984766       3.392954443302047E-17    0.9613273519984766       4.1591458365222133E-17   0.9613273519984766       5.014235664610547E-17    0.9613273519984766       5.95917277360818E-17     0.9613273519984766       6.9843277993799E-17      0.9613273519984766       8.089892269888726E-17    0.9613273519984766       9.274081069235312E-17    0.9613273519984766       1.0527283731315679E-16   0.9613273519984766       1.185005893599724E-16    0.9613273519984766       1.3233858993280974E-16   0.9613273519984766       1.4684203635740616E-16   0.9613273519984766       1.6175735628124951E-16   0.9613273519984766       1.770978655055522E-16    0.9613273519984766       1.9279266802780944E-16   0.9613273519984766
5.328141140488289         1.6610397472202187E-17   0.9550441666912975       1.56351212806754E-17     0.9550441666912975       1.7252577260508348E-17   0.9550441666912975       2.072911907409951E-17    0.9550441666912975       2.5574071472360413E-17   0.9550441666912975       3.1459112437696206E-17   0.9550441666912975       3.826536985885547E-17    0.9550441666912975       4.5829141765873806E-17   0.9550441666912975       5.415799084716628E-17    0.9550441666912975       6.316074985105473E-17    0.9550441666912975       7.285174850395684E-17    0.9550441666912975       8.323826000261707E-17    0.9550441666912975       9.424821700001024E-17    0.9550441666912975       1.0590989807476807E-16   0.9550441666912975       1.1817774313958534E-16   0.9550441666912975       1.3112330767628327E-16   0.9550441666912975       1.4453663168157295E-16   0.9550441666912975       1.5844973993622852E-16   0.9550441666912975       1.7280307346548773E-16   0.9550441666912975
5.334424325795468         1.8336260870425648E-17   0.9487609813841184       1.6127915929187272E-17   0.9487609813841184       1.683358275101123E-17    0.9487609813841184       1.9454988232289E-17      0.9487609813841184       2.3382424381174675E-17   0.9487609813841184       2.8240746856636297E-17   0.9487609813841184       3.387129488976419E-17    0.9487609813841184       4.0099282033823813E-17   0.9487609813841184       4.691059411587203E-17    0.9487609813841184       5.422274068456083E-17    0.9487609813841184       6.204516447758411E-17    0.9487609813841184       7.040095104416046E-17    0.9487609813841184       7.924046411982124E-17    0.9487609813841184       8.8610987896657E-17      0.9487609813841184       9.851208691007997E-17    0.9487609813841184       1.0901634040729075E-16   0.9487609813841184       1.1999423499320345E-16   0.9487609813841184       1.3148580902652598E-16   0.9487609813841184       1.434650188651666E-16    0.9487609813841184
5.340707511102648         2.065953341613389E-17    0.9424777960769383       1.8088000936627296E-17   0.9424777960769383       1.8534528306791576E-17   0.9424777960769383       2.09537681401025E-17     0.9424777960769383       2.4689654797093864E-17   0.9424777960769383       2.933584470160647E-17    0.9424777960769383       3.4702496174061096E-17   0.9424777960769383       4.0591044119014446E-17   0.9424777960769383       4.695690357305188E-17    0.9424777960769383       5.37104786324628E-17     0.9424777960769383       6.084462278100055E-17    0.9424777960769383       6.837558514653585E-17    0.9424777960769383       7.626393408021392E-17    0.9424777960769383       8.456934243271558E-17    0.9424777960769383       9.331731624505369E-17    0.9424777960769383       1.0259612242645376E-16   0.9424777960769383       1.1233687178563142E-16   0.9424777960769383       1.2260284888458166E-16   0.9424777960769383       1.3341704948404609E-16   0.9424777960769383
5.346990696409828         2.308196244927903E-17    0.9361946107697581       2.1124738109908726E-17   0.9361946107697581       2.2148389603545226E-17   0.9361946107697581       2.5220156270575396E-17   0.9361946107697581       2.970909359987359E-17    0.9361946107697581       3.5188822993366245E-17   0.9361946107697581       4.145399356144359E-17    0.9361946107697581       4.827095867379223E-17    0.9361946107697581       5.557173314104354E-17    0.9361946107697581       6.323498408935361E-17    0.9361946107697581       7.123569477268867E-17    0.9361946107697581       7.956467069583113E-17    0.9361946107697581       8.817482502869147E-17    0.9361946107697581       9.712899205018133E-17    0.9361946107697581       1.0645167233404215E-16   0.9361946107697581       1.1627251961330406E-16   0.9361946107697581       1.2652943426009184E-16   0.9361946107697581       1.3733730431304745E-16   0.9361946107697581       1.487660777524086E-16    0.9361946107697581
5.353273881717008         2.4426821608085307E-17   0.9299114254625789       2.3234986441368062E-17   0.9299114254625789       2.500852545985756E-17    0.9299114254625789       2.8884952231368206E-17   0.9299114254625789       3.427438405379197E-17    0.9299114254625789       4.0741023937448085E-17   0.9299114254625789       4.8075953542638313E-17   0.9299114254625789       5.601659722554138E-17    0.9299114254625789       6.448457342493548E-17    0.9299114254625789       7.33169497615725E-17     0.9299114254625789       8.24734735885353E-17     0.9299114254625789       9.191796172095633E-17    0.9299114254625789       1.0158102083568481E-16   0.9299114254625789       1.1151704445058168E-16   0.9299114254625789       1.2173571719821378E-16   0.9299114254625789       1.3240623282566464E-16   0.9299114254625789       1.4344069122802696E-16   0.9299114254625789       1.550110612822734E-16    0.9299114254625789       1.672169847893012E-16    0.9299114254625789
5.359557067024187         2.3723561492138596E-17   0.9236282401553997       2.2708946643719272E-17   0.9236282401553997       2.469301880691229E-17    0.9236282401553997       2.875198767516146E-17    0.9236282401553997       3.431683530776978E-17    0.9236282401553997       4.0963151167919686E-17   0.9236282401553997       4.848476122992327E-17    0.9236282401553997       5.661421781317361E-17    0.9236282401553997       6.526834674889648E-17    0.9236282401553997       7.42580146995859E-17     0.9236282401553997       8.352509134305326E-17    0.9236282401553997       9.301626137916971E-17    0.9236282401553997       1.0263275920417381E-16   0.9236282401553997       1.124076977934944E-16    0.9236282401553997       1.223369206930373E-16    0.9236282401553997       1.3258725690936986E-16   0.9236282401553997       1.4305785930035282E-16   0.9236282401553997       1.5394250206085372E-16   0.9236282401553997       1.653509041985688E-16    0.9236282401553997
5.365840252331367         2.102351562998096E-17    0.9173450548482197       1.9819960351429606E-17   0.9173450548482197       2.1539987254630982E-17   0.9173450548482197       2.5204533890009396E-17   0.9173450548482197       3.0273418858486966E-17   0.9173450548482197       3.6365582352061346E-17   0.9173450548482197       4.3286054916810105E-17   0.9173450548482197       5.078804531336435E-17    0.9173450548482197       5.878112093082704E-17    0.9173450548482197       6.707626679763556E-17    0.9173450548482197       7.559051376023618E-17    0.9173450548482197       8.42581900606177E-17     0.9173450548482197       9.29497252832235E-17     0.9173450548482197       1.0166581780994484E-16   0.9173450548482197       1.1038670071613543E-16   0.9173450548482197       1.1922670172418069E-16   0.9173450548482197       1.2809631350924086E-16   0.9173450548482197       1.3715887860738716E-16   0.9173450548482197       1.4652111382628836E-16   0.9173450548482197
5.372123437638546         1.7328580699398282E-17   0.9110618695410405       1.6399332679654343E-17   0.9110618695410405       1.806833320930205E-17    0.9110618695410405       2.1496061246041276E-17   0.9110618695410405       2.6230201796882593E-17   0.9110618695410405       3.196066090436517E-17    0.9110618695410405       3.851978734237272E-17    0.9110618695410405       4.569286902396488E-17    0.9110618695410405       5.3384296293575414E-17   0.9110618695410405       6.141978246551963E-17    0.9110618695410405       6.969181975764624E-17    0.9110618695410405       7.811600906068915E-17    0.9110618695410405       8.653318805942176E-17    0.9110618695410405       9.490620713222643E-17    0.9110618695410405       1.0318286085649209E-16   0.9110618695410405       1.1140917130703232E-16   0.9110618695410405       1.1949400647189517E-16   0.9110618695410405       1.2754239392514352E-16   0.9110618695410405       1.3564777529664718E-16   0.9110618695410405
5.378406622945726         1.3872014742472167E-17   0.9047786842338603       1.393234602754287E-17    0.9047786842338603       1.611693862157079E-17    0.9047786842338603       1.9898385182577236E-17   0.9047786842338603       2.4963268895468388E-17   0.9047786842338603       3.107497992036374E-17    0.9047786842338603       3.810891113927716E-17    0.9047786842338603       4.587996585032037E-17    0.9047786842338603       5.4302768980033365E-17   0.9047786842338603       6.32151521721064E-17     0.9047786842338603       7.250070121912899E-17    0.9047786842338603       8.205171231504753E-17    0.9047786842338603       9.168419874239107E-17    0.9047786842338603       1.0132638426422656E-16   0.9047786842338603       1.1087374782701178E-16   0.9047786842338603       1.2032803641865904E-16   0.9047786842338603       1.295463809210862E-16    0.9047786842338603       1.3858514746608077E-16   0.9047786842338603       1.4750855519218266E-16   0.9047786842338603
5.384689808252905         1.1573870871749498E-17   0.8984954989266811       1.2500166147074989E-17   0.8984954989266811       1.523928602516883E-17    0.8984954989266811       1.9496825025348364E-17   0.8984954989266811       2.5064357693422243E-17   0.8984954989266811       3.1749661424587686E-17   0.8984954989266811       3.94703954933224E-17     0.8984954989266811       4.8065971668791546E-17   0.8984954989266811       5.748117739924298E-17    0.8984954989266811       6.756197398415675E-17    0.8984954989266811       7.820693398616991E-17    0.8984954989266811       8.929842966686704E-17    0.8984954989266811       1.006394840288864E-16    0.8984954989266811       1.1213593127935541E-16   0.8984954989266811       1.2363297889706084E-16   0.8984954989266811       1.3511644225160334E-16   0.8984954989266811       1.4635790040097098E-16   0.8984954989266811       1.573847173707272E-16    0.8984954989266811       1.682118575082381E-16    0.8984954989266811
5.390972993560085         1.0970882690473136E-17   0.892212313619501        1.1626119571797251E-17   0.892212313619501        1.4160464469484488E-17   0.892212313619501        1.8226713379849767E-17   0.892212313619501        2.3608026344759942E-17   0.892212313619501        3.0112426005679854E-17   0.892212313619501        3.7677689956085253E-17   0.892212313619501        4.616622614367672E-17    0.892212313619501        5.55596878334136E-17     0.892212313619501        6.572234830383581E-17    0.892212313619501        7.658435342380888E-17    0.892212313619501        8.804734253897083E-17    0.892212313619501        9.99211740897025E-17     0.892212313619501        1.1210837715191849E-16   0.892212313619501        1.244357988051475E-16    0.892212313619501        1.368756372254543E-16    0.892212313619501        1.4913963816380805E-16   0.892212313619501        1.6122474825078357E-16   0.892212313619501        1.7308638611135844E-16   0.892212313619501
5.397256178867265         1.221203438813292E-17    0.8859291283123218       1.155563379168664E-17    0.8859291283123218       1.3096104010927981E-17   0.8859291283123218       1.6230309098515285E-17   0.8859291283123218       2.0637741304066115E-17   0.8859291283123218       2.6094739598329187E-17   0.8859291283123218       3.2531890901416677E-17   0.8859291283123218       3.983177369376279E-17    0.8859291283123218       4.8001438427360805E-17   0.8859291283123218       5.694227959303686E-17    0.8859291283123218       6.661881963508223E-17    0.8859291283123218       7.697645621929049E-17    0.8859291283123218       8.785525866172703E-17    0.8859291283123218       9.917655154278363E-17    0.8859291283123218       1.1078979493677801E-16   0.8859291283123218       1.2264346832736348E-16   0.8859291283123218       1.3445352029628127E-16   0.8859291283123218       1.4617072585654767E-16   0.8859291283123218       1.5770159240061643E-16   0.8859291283123218
5.403539364174444         1.4872410005404935E-17   0.8796459430051426       1.3067812535704102E-17   0.8796459430051426       1.3687818208987902E-17   0.8796459430051426       1.5944618794425232E-17   0.8796459430051426       1.9419729153445228E-17   0.8796459430051426       2.385196045213615E-17    0.8796459430051426       2.9153667874681026E-17   0.8796459430051426       3.521695359193209E-17    0.8796459430051426       4.205878883747732E-17    0.8796459430051426       4.962416490021796E-17    0.8796459430051426       5.790918650558027E-17    0.8796459430051426       6.690646409649437E-17    0.8796459430051426       7.650529434951645E-17    0.8796459430051426       8.666593488558008E-17    0.8796459430051426       9.728344819348161E-17    0.8796459430051426       1.0829788814725848E-16   0.8796459430051426       1.1947100231028456E-16   0.8796459430051426       1.3071376907257328E-16   0.8796459430051426       1.4191022283826268E-16   0.8796459430051426
5.409822549481623         1.7965925196173615E-17   0.8733627576979635       1.6109585096518348E-17   0.8733627576979635       1.6641461328523328E-17   0.8733627576979635       1.8795112840806027E-17   0.8733627576979635       2.212991799982116E-17    0.8733627576979635       2.6356259483114358E-17   0.8733627576979635       3.1374814180496034E-17   0.8733627576979635       3.707071887968062E-17    0.8733627576979635       4.3465581340851546E-17   0.8733627576979635       5.053073791065285E-17    0.8733627576979635       5.829378860449568E-17    0.8733627576979635       6.678181603869747E-17    0.8733627576979635       7.594039841656187E-17    0.8733627576979635       8.578124314185963E-17    0.8733627576979635       9.624601050379803E-17    0.8733627576979635       1.0731448959115566E-16   0.8733627576979635       1.1878751435730605E-16   0.8733627576979635       1.3058155034642446E-16   0.8733627576979635       1.4258478531275364E-16   0.8733627576979635
5.416105734788804         2.044218067672822E-17    0.8670795723907825       1.9266994685619213E-17   0.8670795723907825       2.035311212332091E-17    0.8670795723907825       2.3012132155473386E-17   0.8670795723907825       2.682319442584809E-17    0.8670795723907825       3.147172641516264E-17    0.8670795723907825       3.685058686286589E-17    0.8670795723907825       4.282347516375796E-17    0.8670795723907825       4.9416192824106515E-17   0.8670795723907825       5.659691616468862E-17    0.8670795723907825       6.442113343782506E-17    0.8670795723907825       7.293735507394048E-17    0.8670795723907825       8.213834344757906E-17    0.8670795723907825       9.208736349654141E-17    0.8670795723907825       1.0276947511694727E-16   0.8670795723907825       1.1424547639559878E-16   0.8670795723907825       1.2633740873580033E-16   0.8670795723907825       1.3902157649240517E-16   0.8670795723907825       1.5220939178411543E-16   0.8670795723907825
5.422388920095983         2.1673503710313514E-17   0.8607963870836033       2.0914660744024513E-17   0.8607963870836033       2.2454586418212056E-17   0.8607963870836033       2.554169796838679E-17    0.8607963870836033       2.974254360767385E-17    0.8607963870836033       3.471279390018232E-17    0.8607963870836033       4.032492758127439E-17    0.8607963870836033       4.641346962594711E-17    0.8607963870836033       5.299604784687583E-17    0.8607963870836033       6.001616299797537E-17    0.8607963870836033       6.753691142441014E-17    0.8607963870836033       7.561888937794225E-17    0.8607963870836033       8.427836680615434E-17    0.8607963870836033       9.361633593730619E-17    0.8607963870836033       1.0366417323197956E-16   0.8607963870836033       1.1455787135057306E-16   0.8607963870836033       1.2615610757173238E-16   0.8607963870836033       1.3851520728325525E-16   0.8607963870836033       1.5158755851947868E-16   0.8607963870836033
5.428672105403162         2.134986493444742E-17    0.8545132017764241       2.0543949843266022E-17   0.8545132017764241       2.219455203794261E-17    0.8545132017764241       2.5400558751221093E-17   0.8545132017764241       2.9686442178775816E-17   0.8545132017764241       3.46852468207362E-17     0.8545132017764241       4.0234767857668537E-17   0.8545132017764241       4.6139165336185554E-17   0.8545132017764241       5.2382225510353624E-17   0.8545132017764241       5.887579415121638E-17    0.8545132017764241       6.56553145979869E-17     0.8545132017764241       7.277638800579871E-17    0.8545132017764241       8.024834584526107E-17    0.8545132017764241       8.818513044351805E-17    0.8545132017764241       9.66596397940569E-17     0.8545132017764241       1.0583999895986106E-16   0.8545132017764241       1.1565700185880763E-16   0.8545132017764241       1.2622795451367478E-16   0.8545132017764241       1.3756756850643807E-16   0.8545132017764241
5.4349552907103424        1.9199438240341863E-17   0.8482300164692441       1.867429459143294E-17    0.8482300164692441       2.057476796122919E-17    0.8482300164692441       2.4013990785658978E-17   0.8482300164692441       2.8530418744512995E-17   0.8482300164692441       3.376791691326749E-17    0.8482300164692441       3.953914148214375E-17    0.8482300164692441       4.5623354425190815E-17   0.8482300164692441       5.195333477318436E-17    0.8482300164692441       5.840729983178896E-17    0.8482300164692441       6.496443624866658E-17    0.8482300164692441       7.164506707508029E-17    0.8482300164692441       7.842445509814569E-17    0.8482300164692441       8.540006195576208E-17    0.8482300164692441       9.265607790305736E-17    0.8482300164692441       1.0035766654531095E-16   0.8482300164692441       1.0850744255951112E-16   0.8482300164692441       1.1725945344950179E-16   0.8482300164692441       1.2670402760602464E-16   0.8482300164692441
5.441238476017522         1.5408648379067523E-17   0.8419468311620648       1.5923132702034647E-17   0.8419468311620648       1.851783799462514E-17    0.8419468311620648       2.2570053689145306E-17   0.8419468311620648       2.773162819452959E-17    0.8419468311620648       3.36978711735211E-17     0.8419468311620648       4.028926177591275E-17    0.8419468311620648       4.7273547503897076E-17   0.8419468311620648       5.454342195178614E-17    0.8419468311620648       6.193948999891959E-17    0.8419468311620648       6.938210914364376E-17    0.8419468311620648       7.682905683044747E-17    0.8419468311620648       8.420360241015339E-17    0.8419468311620648       9.155974080671914E-17    0.8419468311620648       9.894534419500181E-17    0.8419468311620648       1.0651488062236899E-16   0.8419468311620648       1.1428504116115157E-16   0.8419468311620648       1.2243897138781017E-16   0.8419468311620648       1.3112857264106089E-16   0.8419468311620648
5.447521661324701         1.1375896905945638E-17   0.8356636458548856       1.2832274577528552E-17   0.8356636458548856       1.6017181116977432E-17   0.8356636458548856       2.0582628424708964E-17   0.8356636458548856       2.6312007635148077E-17   0.8356636458548856       3.2962834322708683E-17   0.8356636458548856       4.03893908907901E-17     0.8356636458548856       4.836659200411573E-17    0.8356636458548856       5.67779984067286E-17     0.8356636458548856       6.542896838610085E-17    0.8356636458548856       7.420032908140304E-17    0.8356636458548856       8.298608459736496E-17    0.8356636458548856       9.164919915736654E-17    0.8356636458548856       1.0018207193278908E-16   0.8356636458548856       1.0856153663337618E-16   0.8356636458548856       1.1692228303379668E-16   0.8356636458548856       1.2522545696678135E-16   0.8356636458548856       1.3367077313134557E-16   0.8356636458548856       1.4242786960994937E-16   0.8356636458548856
5.453804846631881         9.266371424551648E-18    0.8293804605477055       1.0402029540233811E-17   0.8293804605477055       1.3290997216820909E-17   0.8293804605477055       1.7598219437718974E-17   0.8293804605477055       2.3141600631828873E-17   0.8293804605477055       2.971361572394281E-17    0.8293804605477055       3.720056375355385E-17    0.8293804605477055       4.5401939643842796E-17   0.8293804605477055       5.421825015493213E-17    0.8293804605477055       6.344122362690826E-17    0.8293804605477055       7.293490458748607E-17    0.8293804605477055       8.255683362215004E-17    0.8293804605477055       9.21124589361878E-17     0.8293804605477055       1.0152883929488979E-16   0.8293804605477055       1.1070864269133704E-16   0.8293804605477055       1.1972936749230095E-16   0.8293804605477055       1.284707585319864E-16    0.8293804605477055       1.3710282637109632E-16   0.8293804605477055       1.4576092774339865E-16   0.8293804605477055
5.460088031939061         1.0137627161608105E-17   0.8230972752405256       9.839300482521693E-18    0.8230972752405256       1.1621563504902411E-17   0.8230972752405256       1.495507687380237E-17    0.8230972752405256       1.9596461703103997E-17   0.8230972752405256       2.5343415829279698E-17   0.8230972752405256       3.210202431872231E-17    0.8230972752405256       3.970905904465093E-17    0.8230972752405256       4.8093891108909594E-17   0.8230972752405256       5.707282964385931E-17    0.8230972752405256       6.651309624319541E-17    0.8230972752405256       7.627145244968905E-17    0.8230972752405256       8.611635544503965E-17    0.8230972752405256       9.592390675274265E-17    0.8230972752405256       1.0554063928865344E-16   0.8230972752405256       1.149464426829216E-16    0.8230972752405256       1.2395560599403921E-16   0.8230972752405256       1.3264548135485955E-16   0.8230972752405256       1.4108127231484772E-16   0.8230972752405256
5.46637121724624          1.2838302319970606E-17   0.8168140899333463       1.137806498656988E-17    0.8168140899333463       1.2161833402243558E-17   0.8168140899333463       1.4551396047298522E-17   0.8168140899333463       1.8257959564771412E-17   0.8168140899333463       2.308494818915254E-17    0.8168140899333463       2.896330918346864E-17    0.8168140899333463       3.577583210070011E-17    0.8168140899333463       4.349146821552932E-17    0.8168140899333463       5.1985210485010834E-17   0.8168140899333463       6.115437080631882E-17    0.8168140899333463       7.08820680494912E-17     0.8168140899333463       8.094092838772525E-17    0.8168140899333463       9.118792643572507E-17    0.8168140899333463       1.0143509387916548E-16   0.8168140899333463       1.1157287130249964E-16   0.8168140899333463       1.2136434238651484E-16   0.8168140899333463       1.3076830286292738E-16   0.8168140899333463       1.3976553484598888E-16   0.8168140899333463
5.472654402553419         1.5433798263471114E-17   0.8105309046261671       1.3947649032384044E-17   0.8105309046261671       1.4483984449697055E-17   0.8105309046261671       1.648684866399577E-17    0.8105309046261671       1.9696203067243014E-17   0.8105309046261671       2.3933831719882556E-17   0.8105309046261671       2.9169510640508546E-17   0.8105309046261671       3.533253910445853E-17    0.8105309046261671       4.244695425349581E-17    0.8105309046261671       5.0456563591133805E-17   0.8105309046261671       5.932283454891188E-17    0.8105309046261671       6.89762980785061E-17     0.8105309046261671       7.924208240307185E-17    0.8105309046261671       8.999996502736942E-17    0.8105309046261671       1.0105467725117871E-16   0.8105309046261671       1.1227128901990059E-16   0.8105309046261671       1.2336149061258057E-16   0.8105309046261671       1.3420196267623494E-16   0.8105309046261671       1.4468971145235923E-16   0.8105309046261671
5.478937587860599         1.7355226105001088E-17   0.8042477193189879       1.6385964574915832E-17   0.8042477193189879       1.7171530571278263E-17   0.8042477193189879       1.920873529885131E-17    0.8042477193189879       2.226192371593666E-17    0.8042477193189879       2.6152195036299434E-17   0.8042477193189879       3.087402632638303E-17    0.8042477193189879       3.638435257102848E-17    0.8042477193189879       4.2762879821944334E-17   0.8042477193189879       5.000651186904528E-17    0.8042477193189879       5.815851137343E-17       0.8042477193189879       6.721721373174626E-17    0.8042477193189879       7.709075907882922E-17    0.8042477193189879       8.772094444759771E-17    0.8042477193189879       9.894905142612042E-17    0.8042477193189879       1.1068413564628168E-16   0.8042477193189879       1.2260860378998764E-16   0.8042477193189879       1.3458177351423823E-16   0.8042477193189879       1.4643470416239056E-16   0.8042477193189879
5.485220773167779         1.9081625524192633E-17   0.7979645340118078       1.8314134200886294E-17   0.7979645340118078       1.937490251858713E-17    0.7979645340118078       2.1603372477278962E-17   0.7979645340118078       2.4697825518659537E-17   0.7979645340118078       2.8429677121588776E-17   0.7979645340118078       3.2768466524208216E-17   0.7979645340118078       3.765937186151221E-17    0.7979645340118078       4.32035492254506E-17     0.7979645340118078       4.9421882153893333E-17   0.7979645340118078       5.641802841587116E-17    0.7979645340118078       6.426512111588002E-17    0.7979645340118078       7.295295613226814E-17    0.7979645340118078       8.250825588877645E-17    0.7979645340118078       9.285829545438475E-17    0.7979645340118078       1.0398685463593121E-16   0.7979645340118078       1.1561404806574164E-16   0.7979645340118078       1.2762914991508388E-16   0.7979645340118078       1.3984260324691803E-16   0.7979645340118078
5.491503958474959         1.9923735497296733E-17   0.7916813487046277       1.9316035414533338E-17   0.7916813487046277       2.078030234723515E-17    0.7916813487046277       2.346710578541071E-17    0.7916813487046277       2.697538140166778E-17    0.7916813487046277       3.100520140240633E-17    0.7916813487046277       3.5459915313901656E-17   0.7916813487046277       4.0234168601089855E-17   0.7916813487046277       4.539623515947028E-17    0.7916813487046277       5.095895852733595E-17    0.7916813487046277       5.703565854282123E-17    0.7916813487046277       6.374814627371733E-17    0.7916813487046277       7.11429315718082E-17     0.7916813487046277       7.932890533493962E-17    0.7916813487046277       8.834047005472732E-17    0.7916813487046277       9.823971992634346E-17    0.7916813487046277       1.0885585442472019E-16   0.7916813487046277       1.2013618252755865E-16   0.7916813487046277       1.319370832273722E-16    0.7916813487046277
5.497787143782138         1.7983555074296438E-17   0.7853981633974485       1.826458113126702E-17    0.7853981633974485       2.055839584128327E-17    0.7853981633974485       2.408910785584479E-17    0.7853981633974485       2.845416881363437E-17    0.7853981633974485       3.3321692339772485E-17   0.7853981633974485       3.85356264298123E-17     0.7853981633974485       4.392703929619351E-17    0.7853981633974485       4.9495097759147246E-17   0.7853981633974485       5.521168219192329E-17    0.7853981633974485       6.11521054067136E-17     0.7853981633974485       6.743127014901373E-17    0.7853981633974485       7.411750355239551E-17    0.7853981633974485       8.137126516693628E-17    0.7853981633974485       8.930689173563089E-17    0.7853981633974485       9.807026577615694E-17    0.7853981633974485       1.0761496794305901E-16   0.7853981633974485       1.1797893512880052E-16   0.7853981633974485       1.2912041619472263E-16   0.7853981633974485
5.504070329089318         1.3251952322377587E-17   0.7791149780902684       1.4783976277700427E-17   0.7791149780902684       1.7972048324403733E-17   0.7791149780902684       2.23255143630912E-17     0.7791149780902684       2.7546482441985265E-17   0.7791149780902684       3.332698389505863E-17    0.7791149780902684       3.948792985087659E-17    0.7791149780902684       4.580996876598001E-17    0.7791149780902684       5.2222145482550607E-17   0.7791149780902684       5.862511482335153E-17    0.7791149780902684       6.502855957793417E-17    0.7791149780902684       7.148581391994262E-17    0.7791149780902684       7.804235795262596E-17    0.7791149780902684       8.485805386630123E-17    0.7791149780902684       9.206838622515543E-17    0.7791149780902684       9.989687694942862E-17    0.7791149780902684       1.0837465040772329E-16   0.7791149780902684       1.1765730417869577E-16   0.7791149780902684       1.278199105338724E-16    0.7791149780902684
5.510353514396497         9.06150181571405E-18     0.7728317927830892       1.0837419574526535E-17   0.7728317927830892       1.4160307001629662E-17   0.7728317927830892       1.8690815226915312E-17   0.7728317927830892       2.4210786452444474E-17   0.7728317927830892       3.044815465801803E-17    0.7728317927830892       3.72227666548332E-17     0.7728317927830892       4.428563040107441E-17    0.7728317927830892       5.151330848849842E-17    0.7728317927830892       5.872260602711912E-17    0.7728317927830892       6.584264705023023E-17    0.7728317927830892       7.283770698992436E-17    0.7728317927830892       7.967561162762781E-17    0.7728317927830892       8.645705517835529E-17    0.7728317927830892       9.327934626552124E-17    0.7728317927830892       1.0038850727685856E-16   0.7728317927830892       1.0783113206575352E-16   0.7728317927830892       1.1585773615567507E-16   0.7728317927830892       1.246337312841371E-16    0.7728317927830892
5.516636699703676         8.578401325600353E-18    0.76654860747591         9.149730833298236E-18    0.76654860747591         1.1636397719095545E-17   0.76654860747591         1.5590867229188974E-17   0.76654860747591         2.0781335271154622E-17   0.76654860747591         2.6954906619561542E-17   0.76654860747591         3.393832947037328E-17    0.76654860747591         4.147718437187199E-17    0.76654860747591         4.941779723024681E-17    0.76654860747591         5.751597118967237E-17    0.76654860747591         6.561788118468725E-17    0.76654860747591         7.360013329849085E-17    0.76654860747591         8.131275681653736E-17    0.76654860747591         8.875387981360673E-17    0.76654860747591         9.593727036091481E-17    0.76654860747591         1.0303852850720646E-16   0.76654860747591         1.1007412170888658E-16   0.76654860747591         1.1730581821957039E-16   0.76654860747591         1.249414466948541E-16    0.76654860747591
5.522919885010856         1.0896341881424578E-17   0.7602654221687308       1.0047459925878456E-17   0.7602654221687308       1.143026176705545E-17    0.7602654221687308       1.4498625631298973E-17   0.7602654221687308       1.900912252448362E-17    0.7602654221687308       2.4743953184468867E-17   0.7602654221687308       3.156727416404553E-17    0.7602654221687308       3.926047433845968E-17    0.7602654221687308       4.767750294865077E-17    0.7602654221687308       5.657083271912171E-17    0.7602654221687308       6.573519779257658E-17    0.7602654221687308       7.498313304753613E-17    0.7602654221687308       8.405929128576794E-17    0.7602654221687308       9.285104288579403E-17    0.7602654221687308       1.0126058451607015E-16   0.7602654221687308       1.093297640230856E-16    0.7602654221687308       1.1700429167804854E-16   0.7602654221687308       1.244653630831835E-16    0.7602654221687308       1.3190535014260752E-16   0.7602654221687308
5.529203070318037         1.2885391053830949E-17   0.7539822368615499       1.1617587613853698E-17   0.7539822368615499       1.2331596622969448E-17   0.7539822368615499       1.4595203800418643E-17   0.7539822368615499       1.8241974701202154E-17   0.7539822368615499       2.31318885815733E-17     0.7539822368615499       2.921463430809767E-17    0.7539822368615499       3.635753570280188E-17    0.7539822368615499       4.448011145402158E-17    0.7539822368615499       5.339681251254078E-17    0.7539822368615499       6.292359234685109E-17    0.7539822368615499       7.285768887967231E-17    0.7539822368615499       8.290744040701954E-17    0.7539822368615499       9.288406496298406E-17    0.7539822368615499       1.0258184608864088E-16   0.7539822368615499       1.1191910250392334E-16   0.7539822368615499       1.2072784624540152E-16   0.7539822368615499       1.2906592603552372E-16   0.7539822368615499       1.3704484446721108E-16   0.7539822368615499
5.535486255625216         1.4056102332347995E-17   0.7476990515543707       1.307431259539904E-17    0.7476990515543707       1.3586866689019402E-17   0.7476990515543707       1.5274300776432484E-17   0.7476990515543707       1.8045910419977983E-17   0.7476990515543707       2.1828160393884136E-17   0.7476990515543707       2.666138616599637E-17    0.7476990515543707       3.2514339059394623E-17   0.7476990515543707       3.941591187365932E-17    0.7476990515543707       4.728137624681223E-17    0.7476990515543707       5.60237729937086E-17     0.7476990515543707       6.5495726772556E-17      0.7476990515543707       7.5451413403345E-17      0.7476990515543707       8.569252045215777E-17    0.7476990515543707       9.595685686261788E-17    0.7476990515543707       1.0609476944641853E-16   0.7476990515543707       1.158124919161352E-16    0.7476990515543707       1.2505026391433798E-16   0.7476990515543707       1.3378505947161594E-16   0.7476990515543707
5.541769440932395         1.630566747928102E-17    0.7414158662471915       1.5485406997960435E-17   0.7414158662471915       1.6099579149353343E-17   0.7414158662471915       1.7671813952276915E-17   0.7414158662471915       2.0050406110526056E-17   0.7414158662471915       2.3138816219246608E-17   0.7414158662471915       2.7002082007770728E-17   0.7414158662471915       3.1664433181142524E-17   0.7414158662471915       3.725140757424754E-17    0.7414158662471915       4.377747123310301E-17    0.7414158662471915       5.1280555745877005E-17   0.7414158662471915       5.972964937891131E-17    0.7414158662471915       6.89764805616387E-17     0.7414158662471915       7.888700641571212E-17    0.7414158662471915       8.922792583553698E-17    0.7414158662471915       9.983635323067749E-17    0.7414158662471915       1.1034545703861855E-16   0.7414158662471915       1.2060143136682344E-16   0.7414158662471915       1.3044175112439738E-16   0.7414158662471915
5.548052626239574         1.8866123049506927E-17   0.7351326809400123       1.8320631711712558E-17   0.7351326809400123       1.9500936451183527E-17   0.7351326809400123       2.167076332063689E-17    0.7351326809400123       2.453030418496767E-17    0.7351326809400123       2.7884526726159636E-17   0.7351326809400123       3.174370140139036E-17    0.7351326809400123       3.611410550210012E-17    0.7351326809400123       4.1153084279532787E-17   0.7351326809400123       4.694041040102181E-17    0.7351326809400123       5.3609025769263604E-17   0.7351326809400123       6.12542745775187E-17     0.7351326809400123       6.984352472369194E-17    0.7351326809400123       7.935995084320996E-17    0.7351326809400123       8.96745484636249E-17     0.7351326809400123       1.0066512652043475E-16   0.7351326809400123       1.1198920324313248E-16   0.7351326809400123       1.234427658203131E-16    0.7351326809400123       1.3478334759757574E-16   0.7351326809400123
5.554335811546754         1.7841808128891607E-17   0.7288494956328322       1.8366353415866944E-17   0.7288494956328322       2.0608856156950032E-17   0.7288494956328322       2.3840619714539322E-17   0.7288494956328322       2.7701016904960423E-17   0.7288494956328322       3.191407003477522E-17    0.7288494956328322       3.6408150913318396E-17   0.7288494956328322       4.112350550873639E-17    0.7288494956328322       4.6177829996452235E-17   0.7288494956328322       5.1659978346063214E-17   0.7288494956328322       5.773950746060837E-17    0.7288494956328322       6.458826743876776E-17    0.7288494956328322       7.22832751092858E-17     0.7288494956328322       8.093563649792144E-17    0.7288494956328322       9.055070695144906E-17    0.7288494956328322       1.0111495997537309E-16   0.7288494956328322       1.1239358823121135E-16   0.7288494956328322       1.2421862756485938E-16   0.7288494956328322       1.3636259475659217E-16   0.7288494956328322
5.5606189968539335        1.255661027660793E-17    0.722566310325653        1.4359943127997926E-17   0.722566310325653        1.75378337328498E-17     0.722566310325653        2.1607735129796452E-17   0.722566310325653        2.6267180197724287E-17   0.722566310325653        3.121739401659211E-17    0.722566310325653        3.6317084387160203E-17   0.722566310325653        4.1422789027046674E-17   0.722566310325653        4.6564448120117536E-17   0.722566310325653        5.176750677653823E-17    0.722566310325653        5.717102257815424E-17    0.722566310325653        6.29432716507786E-17     0.722566310325653        6.92239118994698E-17     0.722566310325653        7.621239911341647E-17    0.722566310325653        8.402946829804373E-17    0.722566310325653        9.281715722871047E-17    0.722566310325653        1.0248084097443883E-16   0.722566310325653        1.129903854192698E-16    0.722566310325653        1.2421778595486071E-16   0.722566310325653
5.5669021821611135        8.116288672294085E-18    0.7162831250184729       9.977670165190606E-18    0.7162831250184729       1.3244385280507136E-17   0.7162831250184729       1.754249429355408E-17    0.7162831250184729       2.260980461485381E-17    0.7162831250184729       2.813725300202021E-17    0.7162831250184729       3.3920887990988474E-17   0.7162831250184729       3.9723683059064495E-17   0.7162831250184729       4.5461959872249235E-17   0.7162831250184729       5.103267611814979E-17    0.7162831250184729       5.64720845830266E-17     0.7162831250184729       6.186871658893523E-17    0.7162831250184729       6.732562996850272E-17    0.7162831250184729       7.305144922451779E-17    0.7162831250184729       7.922549965497907E-17    0.7162831250184729       8.61132464158273E-17     0.7162831250184729       9.374624658882016E-17    0.7162831250184729       1.0227498729126534E-16   0.7162831250184729       1.1172009155791978E-16   0.7162831250184729
5.573185367468294         8.480059419883002E-18    0.7099999397112928       9.042052146780253E-18    0.7099999397112928       1.1588215549546268E-17   0.7099999397112928       1.5634586648271513E-17   0.7099999397112928       2.0896661418434815E-17   0.7099999397112928       2.7054414586540944E-17   0.7099999397112928       3.386141513569608E-17    0.7099999397112928       4.1003318926977204E-17   0.7099999397112928       4.828820323504273E-17    0.7099999397112928       5.547297476340258E-17    0.7099999397112928       6.244200773787728E-17    0.7099999397112928       6.915239266722151E-17    0.7099999397112928       7.55696507503211E-17     0.7099999397112928       8.18230351178997E-17     0.7099999397112928       8.806680808843529E-17    0.7099999397112928       9.458484375463255E-17    0.7099999397112928       1.0148581023992994E-16   0.7099999397112928       1.0904872983628315E-16   0.7099999397112928       1.1744733380663925E-16   0.7099999397112928
5.579468552775473         1.0916116776179961E-17   0.7037167544041137       1.0243449970151436E-17   0.7037167544041137       1.1848867420810672E-17   0.7037167544041137       1.5249567195032095E-17   0.7037167544041137       2.0205625257104648E-17   0.7037167544041137       2.6454155027652445E-17   0.7037167544041137       3.378467263249964E-17    0.7037167544041137       4.188634369391629E-17    0.7037167544041137       5.052266999949123E-17    0.7037167544041137       5.937793433354538E-17    0.7037167544041137       6.82096871511515E-17     0.7037167544041137       7.683736303565121E-17    0.7037167544041137       8.506448469542047E-17    0.7037167544041137       9.288170394028429E-17    0.7037167544041137       1.00331748685663E-16     0.7037167544041137       1.0761218536343898E-16   0.7037167544041137       1.148251034362305E-16    0.7037167544041137       1.222741993286809E-16    0.7037167544041137       1.3023224959943575E-16   0.7037167544041137
5.585751738082652         1.153415973145717E-17    0.6974335690969344       1.0574009399952049E-17   0.6974335690969344       1.1394516028443716E-17   0.6974335690969344       1.3732704426837526E-17   0.6974335690969344       1.7504341141648018E-17   0.6974335690969344       2.2590482161335105E-17   0.6974335690969344       2.8912677328770785E-17   0.6974335690969344       3.6275423908514517E-17   0.6974335690969344       4.450858045834436E-17    0.6974335690969344       5.33344548440176E-17     0.6974335690969344       6.24881864241729E-17     0.6974335690969344       7.17100095490947E-17     0.6974335690969344       8.070424064463669E-17    0.6974335690969344       8.93201039739567E-17     0.6974335690969344       9.744192924187577E-17    0.6974335690969344       1.0512732002323403E-16   0.6974335690969344       1.123692276630644E-16    0.6974335690969344       1.193983236789202E-16    0.6974335690969344       1.264747673102538E-16    0.6974335690969344
5.592034923389831         1.2171567960133468E-17   0.6911503837897552       1.1309309603150219E-17   0.6911503837897552       1.1654544490927369E-17   0.6911503837897552       1.3022247999996525E-17   0.6911503837897552       1.5418750974951818E-17   0.6911503837897552       1.883956641558981E-17    0.6911503837897552       2.3350385939985495E-17   0.6911503837897552       2.8916133597535555E-17   0.6911503837897552       3.551983889136176E-17    0.6911503837897552       4.300764922774807E-17    0.6911503837897552       5.120866169875089E-17    0.6911503837897552       5.989099239780602E-17    0.6911503837897552       6.874734560972241E-17    0.6911503837897552       7.754115648151197E-17    0.6911503837897552       8.602126771414539E-17    0.6911503837897552       9.409473983233834E-17    0.6911503837897552       1.0157392500055712E-16   0.6911503837897552       1.085415775738083E-16    0.6911503837897552       1.151242273221542E-16    0.6911503837897552
5.598318108697011         1.5757036200185917E-17   0.6848671984825753       1.497277015811392E-17    0.6848671984825753       1.547737602299873E-17    0.6848671984825753       1.6826076803898963E-17   0.6848671984825753       1.892165988499841E-17    0.6848671984825753       2.1737123030754443E-17   0.6848671984825753       2.5394350392047838E-17   0.6848671984825753       2.99615483350014E-17     0.6848671984825753       3.557568676862441E-17    0.6848671984825753       4.223273231163961E-17    0.6848671984825753       4.991445328190454E-17    0.6848671984825753       5.851442245014264E-17    0.6848671984825753       6.778534264035657E-17    0.6848671984825753       7.749804682533853E-17    0.6848671984825753       8.734878448014053E-17    0.6848671984825753       9.712160681227574E-17    0.6848671984825753       1.0646049308563623E-16   0.6848671984825753       1.15259985502176E-16     0.6848671984825753       1.2345410701424262E-16   0.6848671984825753
5.604601294004191         1.8592939735112148E-17   0.6785840131753951       1.8493432823113708E-17   0.6785840131753951       1.9939465652825717E-17   0.6785840131753951       2.2249005775456296E-17   0.6785840131753951       2.5164604720279363E-17   0.6785840131753951       2.855150588335518E-17    0.6785840131753951       3.2491820263415716E-17   0.6785840131753951       3.7065700646603007E-17   0.6785840131753951       4.2490014445939037E-17   0.6785840131753951       4.8883123158796025E-17   0.6785840131753951       5.63717128886628E-17     0.6785840131753951       6.500979707650316E-17    0.6785840131753951       7.467688936596654E-17    0.6785840131753951       8.524741677761585E-17    0.6785840131753951       9.647116666255378E-17    0.6785840131753951       1.0810011181770118E-16   0.6785840131753951       1.1971026425329905E-16   0.6785840131753951       1.3104575637359237E-16   0.6785840131753951       1.4188150506512791E-16   0.6785840131753951
5.610884479311371         1.5316492515720502E-17   0.6723008278682159       1.6609077163080185E-17   0.6723008278682159       1.9202238906789864E-17   0.6723008278682159       2.2515038074658854E-17   0.6723008278682159       2.624786579769743E-17    0.6723008278682159       3.018170368592738E-17    0.6723008278682159       3.431142967877733E-17    0.6723008278682159       3.8659545639272205E-17   0.6723008278682159       4.342334206879467E-17    0.6723008278682159       4.876692761828447E-17    0.6723008278682159       5.4906438882024367E-17   0.6723008278682159       6.202035396005773E-17    0.6723008278682159       7.015867493280802E-17    0.6723008278682159       7.935877384471399E-17    0.6723008278682159       8.95148769460627E-17     0.6723008278682159       1.0048675738637101E-16   0.6723008278682159       1.1191766019419123E-16   0.6723008278682159       1.235342498971086E-16    0.6723008278682159       1.350496615157607E-16    0.6723008278682159
5.61716766461855          9.057193927186352E-18    0.6660176425610367       1.1131444109192832E-17   0.6660176425610367       1.4279606842728952E-17   0.6660176425610367       1.810042643338421E-17    0.6660176425610367       2.2309856976179753E-17   0.6660176425610367       2.662513431717393E-17    0.6660176425610367       3.092156120145494E-17    0.6660176425610367       3.509811321195476E-17    0.6660176425610367       3.923646523876126E-17    0.6660176425610367       4.3425461943739744E-17   0.6660176425610367       4.7869382751526225E-17   0.6660176425610367       5.278564968632873E-17    0.6660176425610367       5.834807146409489E-17    0.6660176425610367       6.474738030849226E-17    0.6660176425610367       7.206109287370662E-17    0.6660176425610367       8.035667349662465E-17    0.6660176425610367       8.944564979664101E-17    0.6660176425610367       9.919362502260681E-17    0.6660176425610367       1.0936954135688471E-16   0.6660176425610367
5.62345084992573          7.43405202841703E-18     0.6597344572538566       8.771301735092377E-18    0.6597344572538566       1.1733677520972174E-17   0.6597344572538566       1.5863256471861256E-17   0.6597344572538566       2.0831797199833502E-17   0.6597344572538566       2.62735071319774E-17     0.6597344572538566       3.1926560324704225E-17   0.6597344572538566       3.751534892231147E-17    0.6597344572538566       4.29400616195011E-17     0.6597344572538566       4.810632169482433E-17    0.6597344572538566       5.3083371173392104E-17   0.6597344572538566       5.80195336869074E-17     0.6597344572538566       6.30726714327722E-17     0.6597344572538566       6.850442218266761E-17    0.6597344572538566       7.453282421411226E-17    0.6597344572538566       8.141772991328979E-17    0.6597344572538566       8.916723288505204E-17    0.6597344572538566       9.786267497463593E-17    0.6597344572538566       1.0743173002033457E-16   0.6597344572538566
5.629734035232909         1.0128459131931962E-17   0.6534512719466774       1.0148030047304099E-17   0.6534512719466774       1.248662702263226E-17    0.6534512719466774       1.6624079429441246E-17   0.6534512719466774       2.2229269221289595E-17   0.6534512719466774       2.891725998301738E-17    0.6534512719466774       3.636159968989158E-17    0.6534512719466774       4.416307188965346E-17    0.6534512719466774       5.20592512705751E-17     0.6534512719466774       5.97671991188402E-17     0.6534512719466774       6.715695064259442E-17    0.6534512719466774       7.421876413845925E-17    0.6534512719466774       8.096943936994628E-17    0.6534512719466774       8.762031746877808E-17    0.6534512719466774       9.441232914189449E-17    0.6534512719466774       1.0168778970982347E-16   0.6534512719466774       1.0960204138391292E-16   0.6534512719466774       1.184188431117739E-16    0.6534512719466774       1.282690330993031E-16    0.6534512719466774
5.636017220540088         1.0800368580015968E-17   0.6471680866394982       1.0162743932088115E-17   0.6471680866394982       1.1574848101857727E-17   0.6471680866394982       1.4745402214784546E-17   0.6471680866394982       1.951597032847949E-17    0.6471680866394982       2.564678303974592E-17    0.6471680866394982       3.290776362728156E-17    0.6471680866394982       4.0944836546292764E-17   0.6471680866394982       4.945969381585167E-17    0.6471680866394982       5.809350029041434E-17    0.6471680866394982       6.657318942387562E-17    0.6471680866394982       7.471499687572491E-17    0.6471680866394982       8.236839134831464E-17    0.6471680866394982       8.959026805138623E-17    0.6471680866394982       9.650714505219562E-17    0.6471680866394982       1.0340921096498011E-16   0.6471680866394982       1.1048105046958769E-16   0.6471680866394982       1.1806677821774534E-16   0.6471680866394982       1.2644586071901826E-16   0.6471680866394982
5.642300405847269         9.887284539695139E-18    0.6408849013323172       9.119744710827584E-18    0.6408849013323172       9.579155488472386E-18    0.6408849013323172       1.1200645366458061E-17   0.6408849013323172       1.4025584514288717E-17   0.6408849013323172       1.8026661747110835E-17   0.6408849013323172       2.3177961535793455E-17   0.6408849013323172       2.9317003527858407E-17   0.6408849013323172       3.626966682320114E-17    0.6408849013323172       4.374382584477082E-17    0.6408849013323172       5.145657283523794E-17    0.6408849013323172       5.912632955630261E-17    0.6408849013323172       6.647394107022426E-17    0.6408849013323172       7.336315848325567E-17    0.6408849013323172       7.971772689027778E-17    0.6408849013323172       8.565967826840581E-17    0.6408849013323172       9.124863891476922E-17    0.6408849013323172       9.677823164782655E-17    0.6408849013323172       1.0254076397585548E-16   0.6408849013323172
5.648583591154448         1.3111831840726043E-17   0.6346017160251382       1.229381167518107E-17    0.6346017160251382       1.2532796833022153E-17   0.6346017160251382       1.3589473438185986E-17   0.6346017160251382       1.5492774642370383E-17   0.6346017160251382       1.829799046562643E-17    0.6346017160251382       2.214090109875672E-17    0.6346017160251382       2.7053380444146102E-17   0.6346017160251382       3.3067684420418874E-17   0.6346017160251382       4.00470825247464E-17     0.6346017160251382       4.781582016769474E-17    0.6346017160251382       5.611893809561491E-17    0.6346017160251382       6.460652521818107E-17    0.6346017160251382       7.299831550704589E-17    0.6346017160251382       8.101789927286859E-17    0.6346017160251382       8.855651729364498E-17    0.6346017160251382       9.543875237686519E-17    0.6346017160251382       1.0178075850308539E-16   0.6346017160251382       1.077512538498996E-16    0.6346017160251382
5.654866776461628         1.79679043353616E-17     0.6283185307179588       1.768879208537679E-17    0.6283185307179588       1.877880544634806E-17    0.6283185307179588       2.067979890477695E-17    0.6283185307179588       2.325586360228453E-17    0.6283185307179588       2.649401741669015E-17    0.6283185307179588       3.0573050266634464E-17   0.6283185307179588       3.562756075525383E-17    0.6283185307179588       4.186486447762038E-17    0.6283185307179588       4.9328471626819444E-17   0.6283185307179588       5.801048683348147E-17    0.6283185307179588       6.778903918239874E-17    0.6283185307179588       7.835005508377022E-17    0.6283185307179588       8.939415328557454E-17    0.6283185307179588       1.0054500091357569E-16   0.6283185307179588       1.1151028195618647E-16   0.6283185307179588       1.2189970713344333E-16   0.6283185307179588       1.315955592813746E-16    0.6283185307179588       1.4057606042655073E-16   0.6283185307179588
5.661149961768807         1.6033755941560834E-17   0.6220353454107796       1.7098733861584455E-17   0.6220353454107796       1.9335642182314625E-17   0.6220353454107796       2.2185106074533126E-17   0.6220353454107796       2.541665180744259E-17    0.6220353454107796       2.8920962260281394E-17   0.6220353454107796       3.282049057094488E-17    0.6220353454107796       3.725466226349793E-17    0.6220353454107796       4.249928987679638E-17    0.6220353454107796       4.873769984259287E-17    0.6220353454107796       5.613299238102655E-17    0.6220353454107796       6.474416177214046E-17    0.6220353454107796       7.443728887196988E-17    0.6220353454107796       8.504265807733249E-17    0.6220353454107796       9.624837736215163E-17    0.6220353454107796       1.0774572600818554E-16   0.6220353454107796       1.1907625676816606E-16   0.6220353454107796       1.2996202301464378E-16   0.6220353454107796       1.4020571037736702E-16   0.6220353454107796
5.667433147075987         9.036771484526907E-18    0.6157521601035997       1.1027508335061564E-17   0.6157521601035997       1.3863166897980894E-17   0.6157521601035997       1.7139101511640626E-17   0.6157521601035997       2.0590986073554955E-17   0.6157521601035997       2.4002583755445062E-17   0.6157521601035997       2.734923923363185E-17    0.6157521601035997       3.0657025785587627E-17   0.6157521601035997       3.412811327931313E-17    0.6157521601035997       3.79555556999973E-17     0.6157521601035997       4.2395358222785904E-17   0.6157521601035997       4.765739627647671E-17    0.6157521601035997       5.3841422451987164E-17   0.6157521601035997       6.100192880091952E-17    0.6157521601035997       6.903877295542655E-17    0.6157521601035997       7.781604397555638E-17    0.6157521601035997       8.697669224873956E-17    0.6157521601035997       9.6249469668708E-17      0.6157521601035997       1.0534420106989682E-16   0.6157521601035997
5.673716332383166         7.027496621190203E-18    0.6094689747964204       8.521674050029257E-18    0.6094689747964204       1.1468561379765081E-17   0.6094689747964204       1.53924745632277E-17     0.6094689747964204       1.9930069815497598E-17   0.6094689747964204       2.4702554559607456E-17   0.6094689747964204       2.946836807923291E-17    0.6094689747964204       3.401704852678782E-17    0.6094689747964204       3.834715284637741E-17    0.6094689747964204       4.249051033879391E-17    0.6094689747964204       4.6641567215271225E-17   0.6094689747964204       5.10508999878742E-17     0.6094689747964204       5.593901251056498E-17    0.6094689747964204       6.15653376866673E-17     0.6094689747964204       6.808049256755508E-17    0.6094689747964204       7.560662466439724E-17    0.6094689747964204       8.398803156900624E-17    0.6094689747964204       9.310834390321571E-17    0.6094689747964204       1.0271667406640881E-16   0.6094689747964204
5.679999517690346         1.0319818296302633E-17   0.6031857894892403       1.0666727689415831E-17   0.6031857894892403       1.3375885790367429E-17   0.6031857894892403       1.789168937795062E-17    0.6031857894892403       2.3808028896897437E-17   0.6031857894892403       3.0651874875126207E-17   0.6031857894892403       3.802993188022221E-17    0.6031857894892403       4.551166120615958E-17    0.6031857894892403       5.286354923859991E-17    0.6031857894892403       5.988339569747825E-17    0.6031857894892403       6.657296325503362E-17    0.6031857894892403       7.307773566751943E-17    0.6031857894892403       7.956799335947444E-17    0.6031857894892403       8.637754510480424E-17    0.6031857894892403       9.38102085714258E-17     0.6031857894892403       1.0219166934593939E-16   0.6031857894892403       1.1158212555930928E-16   0.6031857894892403       1.2207643124465412E-16   0.6031857894892403       1.3359166692643056E-16   0.6031857894892403
5.686282702997525         1.0457338904115595E-17   0.5969026041820611       1.0120430247971202E-17   0.5969026041820611       1.1894874507965424E-17   0.5969026041820611       1.5495756821573513E-17   0.5969026041820611       2.071298786397104E-17    0.5969026041820611       2.721738789460082E-17    0.5969026041820611       3.467910983025831E-17    0.5969026041820611       4.265738309197635E-17    0.5969026041820611       5.0811017512507724E-17   0.5969026041820611       5.879188966818647E-17    0.5969026041820611       6.64038927127245E-17     0.5969026041820611       7.359263764107845E-17    0.5969026041820611       8.037569991766107E-17    0.5969026041820611       8.698396734046264E-17    0.5969026041820611       9.369519526685803E-17    0.5969026041820611       1.0089221141293236E-16   0.5969026041820611       1.0877928331120152E-16   0.5969026041820611       1.176287825151918E-16    0.5969026041820611       1.275711460499111E-16    0.5969026041820611
5.6925658883047054        8.457050133773702E-18    0.5906194188748811       7.811253372847675E-18    0.5906194188748811       8.313534500478187E-18    0.5906194188748811       9.96607422026117E-18     0.5906194188748811       1.2822586489774234E-17   0.5906194188748811       1.6830523063303178E-17   0.5906194188748811       2.1898496833765225E-17   0.5906194188748811       2.778745227677115E-17    0.5906194188748811       3.4244351767429715E-17   0.5906194188748811       4.092722078440933E-17    0.5906194188748811       4.7543862022841346E-17   0.5906194188748811       5.385325309571314E-17    0.5906194188748811       5.967549734722796E-17    0.5906194188748811       6.50044557745125E-17     0.5906194188748811       6.992020566313193E-17    0.5906194188748811       7.46857930399003E-17     0.5906194188748811       7.948347215611849E-17    0.5906194188748811       8.465702738288973E-17    0.5906194188748811       9.048267376193437E-17    0.5906194188748811
5.698849073611885         1.233332349706689E-17    0.5843362335677018       1.1556586899137111E-17   0.5843362335677018       1.1756119225215408E-17   0.5843362335677018       1.2764837302170668E-17   0.5843362335677018       1.4667422313439553E-17   0.5843362335677018       1.7556192492325052E-17   0.5843362335677018       2.156610457014867E-17    0.5843362335677018       2.6695365368527213E-17   0.5843362335677018       3.290619897548891E-17    0.5843362335677018       3.997561716025048E-17    0.5843362335677018       4.763935819668425E-17    0.5843362335677018       5.557600045514152E-17    0.5843362335677018       6.34094035105368E-17     0.5843362335677018       7.088083833902434E-17    0.5843362335677018       7.779301402968301E-17    0.5843362335677018       8.415527050273426E-17    0.5843362335677018       8.994425514297568E-17    0.5843362335677018       9.542071476911393E-17    0.5843362335677018       1.0087535530537001E-16   0.5843362335677018
5.705132258919064         1.8026122236317864E-17   0.5780530482605226       1.788929593236002E-17    0.5780530482605226       1.9049653795016912E-17   0.5780530482605226       2.1017056148619668E-17   0.5780530482605226       2.3730524168419947E-17   0.5780530482605226       2.7251418911751984E-17   0.5780530482605226       3.18165526896851E-17     0.5780530482605226       3.7579925107145504E-17   0.5780530482605226       4.472084006133466E-17    0.5780530482605226       5.3204518652643367E-17   0.5780530482605226       6.290536574245023E-17    0.5780530482605226       7.356902338045908E-17    0.5780530482605226       8.475438909994723E-17    0.5780530482605226       9.607697191387747E-17    0.5780530482605226       1.071332710663114E-16    0.5780530482605226       1.1767894592998954E-16   0.5780530482605226       1.2743307267933175E-16   0.5780530482605226       1.3644651931469936E-16   0.5780530482605226       1.448937507157275E-16    0.5780530482605226
5.711415444226244         1.4920705000170058E-17   0.5717698629533425       1.611553478829519E-17    0.5717698629533425       1.826962038839466E-17    0.5717698629533425       2.090238069718369E-17    0.5717698629533425       2.3857579897128956E-17   0.5717698629533425       2.7111770798451402E-17   0.5717698629533425       3.086935132025666E-17    0.5717698629533425       3.533472908831038E-17    0.5717698629533425       4.0805298332312227E-17   0.5717698629533425       4.7440368010224056E-17   0.5717698629533425       5.532482275961046E-17    0.5717698629533425       6.440039405389396E-17    0.5717698629533425       7.439924017328877E-17    0.5717698629533425       8.502268759421033E-17    0.5717698629533425       9.586440837162888E-17    0.5717698629533425       1.065845586212798E-16    0.5717698629533425       1.1676197961551944E-16   0.5717698629533425       1.2622897249225984E-16   0.5717698629533425       1.349541816159942E-16    0.5717698629533425
5.717698629533424         7.446224470737977E-18    0.5654866776461625       9.329517592714822E-18    0.5654866776461625       1.190010231690981E-17    0.5654866776461625       1.4773223119643952E-17   0.5654866776461625       1.7702462844324094E-17   0.5654866776461625       2.0509391296180587E-17   0.5654866776461625       2.321421662933492E-17    0.5654866776461625       2.5902492479220375E-17   0.5654866776461625       2.882214223299167E-17    0.5654866776461625       3.2199173127232944E-17   0.5654866776461625       3.6287438807981824E-17   0.5654866776461625       4.126166751780948E-17    0.5654866776461625       4.715633449313472E-17    0.5654866776461625       5.393229882926122E-17    0.5654866776461625       6.139293350675561E-17    0.5654866776461625       6.931703054997193E-17    0.5654866776461625       7.730578385123834E-17    0.5654866776461625       8.508620856530157E-17    0.5654866776461625       9.241786235819543E-17    0.5654866776461625
5.723981814840603         7.505481687273532E-18    0.5592034923389833       8.818573918099662E-18    0.5592034923389833       1.1746089418588554E-17   0.5592034923389833       1.574695843062518E-17    0.5592034923389833       2.0398006434230888E-17   0.5592034923389833       2.527034722746806E-17    0.5592034923389833       3.0094453753346223E-17   0.5592034923389833       3.465973779398424E-17    0.5592034923389833       3.899780750686353E-17    0.5592034923389833       4.3195063069334634E-17   0.5592034923389833       4.750595980773199E-17    0.5592034923389833       5.223653368255222E-17    0.5592034923389833       5.762607570938821E-17    0.5592034923389833       6.392171494637887E-17    0.5592034923389833       7.122014335693791E-17    0.5592034923389833       7.954927110568937E-17    0.5592034923389833       8.864534924379357E-17    0.5592034923389833       9.828251846632931E-17    0.5592034923389833       1.0812708519490808E-16   0.5592034923389833
5.730265000147782         1.1380616791305945E-17   0.5529203070318041       1.1778216479601915E-17   0.5529203070318041       1.4686097251741897E-17   0.5529203070318041       1.9535508534888528E-17   0.5529203070318041       2.5868313786435116E-17   0.5529203070318041       3.3138923759601106E-17   0.5529203070318041       4.089367264441712E-17    0.5529203070318041       4.866373652200767E-17    0.5529203070318041       5.622453289293415E-17    0.5529203070318041       6.342602415823467E-17    0.5529203070318041       7.035509520564703E-17    0.5529203070318041       7.725947858226574E-17    0.5529203070318041       8.439577551931719E-17    0.5529203070318041       9.215757234892953E-17    0.5529203070318041       1.0085145341689652E-16   0.5529203070318041       1.1074343712099359E-16   0.5529203070318041       1.2177841540491586E-16   0.5529203070318041       1.3389657596553557E-16   0.5529203070318041       1.4685554003420848E-16   0.5529203070318041
5.7365481854549625        9.33365740878737E-18     0.546637121724624        9.142389783386635E-18    0.546637121724624        1.0826627811922895E-17   0.546637121724624        1.4199896931432236E-17   0.546637121724624        1.9076976483616854E-17   0.546637121724624        2.51217131796538E-17     0.546637121724624        3.197783966981947E-17    0.546637121724624        3.9189193050301805E-17   0.546637121724624        4.641322285944722E-17    0.546637121724624        5.333963451037109E-17    0.546637121724624        5.983996263166393E-17    0.546637121724624        6.594634897785967E-17    0.546637121724624        7.178145480726713E-17    0.546637121724624        7.765611899008306E-17    0.546637121724624        8.389395123440134E-17    0.546637121724624        9.087037630837652E-17    0.546637121724624        9.87378239156831E-17     0.546637121724624        1.0765511995163836E-16   0.546637121724624        1.17608015726165E-16     0.546637121724624
5.742831370762142         7.61075415390502E-18     0.5403539364174448       6.978311153989425E-18    0.5403539364174448       7.257110185832897E-18    0.5403539364174448       8.498709515541293E-18    0.5403539364174448       1.080064987031234E-17    0.5403539364174448       1.415075036698054E-17    0.5403539364174448       1.847710705957215E-17    0.5403539364174448       2.3552859416023638E-17   0.5403539364174448       2.9121556740239566E-17   0.5403539364174448       3.4839559725765666E-17   0.5403539364174448       4.042178052294565E-17    0.5403539364174448       4.564624900824166E-17    0.5403539364174448       5.037304862800251E-17    0.5403539364174448       5.463902629997525E-17    0.5403539364174448       5.857421978022891E-17    0.5403539364174448       6.247469745487456E-17    0.5403539364174448       6.65473816941359E-17     0.5403539364174448       7.112178044705714E-17    0.5403539364174448       7.642512667892582E-17    0.5403539364174448
5.749114556069321         1.4167893188594615E-17   0.5340707511102656       1.3540242584306753E-17   0.5340707511102656       1.3974001026525526E-17   0.5340707511102656       1.5252297918385324E-17   0.5340707511102656       1.747433881973538E-17    0.5340707511102656       2.0768305584242105E-17   0.5340707511102656       2.5311782196120898E-17   0.5340707511102656       3.111740728812421E-17    0.5340707511102656       3.8141681575341245E-17   0.5340707511102656       4.611750078978373E-17    0.5340707511102656       5.472097091097764E-17    0.5340707511102656       6.357262980046944E-17    0.5340707511102656       7.223836493061562E-17    0.5340707511102656       8.044474847639459E-17    0.5340707511102656       8.801498521869353E-17    0.5340707511102656       9.501068845182975E-17    0.5340707511102656       1.0147923229932582E-16   0.5340707511102656       1.07764179608643E-16     0.5340707511102656       1.142270218978123E-16    0.5340707511102656
5.755397741376501         1.8268543696698295E-17   0.5277875658030855       1.8601844248217015E-17   0.5277875658030855       2.0163150005779917E-17   0.5277875658030855       2.249364168152298E-17    0.5277875658030855       2.556933067209405E-17    0.5277875658030855       2.9498557234511284E-17   0.5277875658030855       3.457034721691766E-17    0.5277875658030855       4.096650228961307E-17    0.5277875658030855       4.8865212129080183E-17   0.5277875658030855       5.819319133938666E-17    0.5277875658030855       6.875379016957956E-17    0.5277875658030855       8.020864159264769E-17    0.5277875658030855       9.203768863098195E-17    0.5277875658030855       1.0381312488591974E-16   0.5277875658030855       1.151304251064332E-16    0.5277875658030855       1.2579946192225362E-16   0.5277875658030855       1.3563413782219472E-16   0.5277875658030855       1.4480982965030396E-16   0.5277875658030855       1.5363448959160614E-16   0.5277875658030855
5.761680926683681         1.1237331499640674E-17   0.5215043804959054       1.2724074407278714E-17   0.5215043804959054       1.482665385677893E-17    0.5215043804959054       1.717280252491768E-17    0.5215043804959054       1.9649796649110298E-17   0.5215043804959054       2.2272923570873154E-17   0.5215043804959054       2.5269054540212723E-17   0.5215043804959054       2.887104996429496E-17    0.5215043804959054       3.3378116613789807E-17   0.5215043804959054       3.894811767652646E-17    0.5215043804959054       4.5642628482991435E-17   0.5215043804959054       5.336609035599653E-17    0.5215043804959054       6.183252565271417E-17    0.5215043804959054       7.07193325303747E-17     0.5215043804959054       7.96258026443793E-17     0.5215043804959054       8.824849216534117E-17    0.5215043804959054       9.624718027051844E-17    0.5215043804959054       1.0354486503930286E-16   0.5215043804959054       1.1020799484968741E-16   0.5215043804959054
5.76796411199086          5.803809798078054E-18    0.5152211951887262       7.45341803138611E-18     0.5152211951887262       9.92480632058882E-18     0.5152211951887262       1.279390129415287E-17    0.5152211951887262       1.5756701301141136E-17   0.5152211951887262       1.857328566313164E-17    0.5152211951887262       2.1200600053204913E-17   0.5152211951887262       2.3684835298653607E-17   0.5152211951887262       2.6256800936299865E-17   0.5152211951887262       2.914864549412975E-17    0.5152211951887262       3.2637735744608193E-17   0.5152211951887262       3.6932282451467556E-17   0.5152211951887262       4.209652484637932E-17    0.5152211951887262       4.810891881769883E-17    0.5152211951887262       5.4786058944977363E-17   0.5152211951887262       6.190592595019711E-17    0.5152211951887262       6.90708753143884E-17     0.5152211951887262       7.601052802073638E-17    0.5152211951887262       8.248865725984786E-17    0.5152211951887262
5.774247297298039         1.0119818114074473E-17   0.508938009881547        1.1127760486552672E-17   0.508938009881547        1.432667031451429E-17    0.508938009881547        1.906362079437291E-17    0.508938009881547        2.4808694460435824E-17   0.508938009881547        3.10069881749982E-17     0.508938009881547        3.727780743842216E-17    0.508938009881547        4.3314001454205504E-17   0.508938009881547        4.9109620767345493E-17   0.508938009881547        5.47480519663472E-17     0.508938009881547        6.052164629773193E-17    0.508938009881547        6.680244198240326E-17    0.508938009881547        7.387040912301695E-17    0.508938009881547        8.201273438747972E-17    0.508938009881547        9.132865604029224E-17    0.508938009881547        1.0180877744451248E-16   0.508938009881547        1.1310874542943698E-16   0.508938009881547        1.2492132942322851E-16   0.508938009881547        1.3684253822711946E-16   0.508938009881547
5.7805304826052195        1.161820256559158E-17    0.5026548245743669       1.1961914532952574E-17   0.5026548245743669       1.476167629400324E-17    0.5026548245743669       1.9551907908248926E-17   0.5026548245743669       2.5901351219729508E-17   0.5026548245743669       3.325067339140727E-17    0.5026548245743669       4.111084818935825E-17    0.5026548245743669       4.8981164549561566E-17   0.5026548245743669       5.66184096557244E-17     0.5026548245743669       6.388728390778813E-17    0.5026548245743669       7.090751301262866E-17    0.5026548245743669       7.79706286918894E-17     0.5026548245743669       8.537871067414436E-17    0.5026548245743669       9.35464072304201E-17     0.5026548245743669       1.0276773874314665E-16   0.5026548245743669       1.1325830166088543E-16   0.5026548245743669       1.2488779341240037E-16   0.5026548245743669       1.3749754593778792E-16   0.5026548245743669       1.5076291273529512E-16   0.5026548245743669
5.786813667912399         6.753308349478843E-18    0.4963716392671878       6.4729582985421884E-18   0.4963716392671878       7.439350663976055E-18    0.4963716392671878       9.652222197431371E-18    0.4963716392671878       1.30594509016346E-17     0.4963716392671878       1.744616908526751E-17    0.4963716392671878       2.2535080940746156E-17   0.4963716392671878       2.7941775705616455E-17   0.4963716392671878       3.334871822872568E-17    0.4963716392671878       3.846593726425684E-17    0.4963716392671878       4.316653031804842E-17    0.4963716392671878       4.746700621934785E-17    0.4963716392671878       5.149185638926329E-17    0.4963716392671878       5.552195339650924E-17    0.4963716392671878       5.985223798712606E-17    0.4963716392671878       6.481860270963561E-17    0.4963716392671878       7.055368032267328E-17    0.4963716392671878       7.717710543246307E-17    0.4963716392671878       8.464157573526977E-17    0.4963716392671878
5.793096853219579         9.647499549767023E-18    0.4900884539600077       8.978526797629755E-18    0.4900884539600077       9.141127195114977E-18    0.4900884539600077       1.0130506970381445E-17   0.4900884539600077       1.2097541435252535E-17   0.4900884539600077       1.5127533922723375E-17   0.4900884539600077       1.9259615708731424E-17   0.4900884539600077       2.434815938291783E-17    0.4900884539600077       3.018190103452463E-17    0.4900884539600077       3.6399039378657693E-17   0.4900884539600077       4.266173162978858E-17    0.4900884539600077       4.867109970567765E-17    0.4900884539600077       5.418930875744597E-17    0.4900884539600077       5.918014950343582E-17    0.4900884539600077       6.372574071852426E-17    0.4900884539600077       6.810616495324122E-17    0.4900884539600077       7.253487316705608E-17    0.4900884539600077       7.73823861634964E-17     0.4900884539600077       8.291920472766555E-17    0.4900884539600077
5.799380038526758         1.8110015433085398E-17   0.4838052686528285       1.7976944931734026E-17   0.4838052686528285       1.9142830966133235E-17   0.4838052686528285       2.1266969894140846E-17   0.4838052686528285       2.4436443019823905E-17   0.4838052686528285       2.88127892021606E-17     0.4838052686528285       3.4655511595290174E-17   0.4838052686528285       4.202846246649443E-17    0.4838052686528285       5.0928212884182217E-17   0.4838052686528285       6.106431376076738E-17    0.4838052686528285       7.205211454496516E-17    0.4838052686528285       8.34312142816195E-17     0.4838052686528285       9.465538285263968E-17    0.4838052686528285       1.0539011166573016E-16   0.4838052686528285       1.1542239569531376E-16   0.4838052686528285       1.248270608736268E-16    0.4838052686528285       1.336816515611007E-16    0.4838052686528285       1.4240364450879455E-16   0.4838052686528285       1.5143584855286867E-16   0.4838052686528285
5.805663223833938         1.498361196046444E-17    0.4775220833456484       1.5993235896967228E-17   0.4775220833456484       1.7853146908923044E-17   0.4775220833456484       2.0196770987112488E-17   0.4775220833456484       2.3023960361818195E-17   0.4775220833456484       2.6468197554814184E-17   0.4775220833456484       3.0846250074661767E-17   0.4775220833456484       3.638271915203262E-17    0.4775220833456484       4.3282961212832314E-17   0.4775220833456484       5.1508880119204903E-17   0.4775220833456484       6.087749556733828E-17    0.4775220833456484       7.10519567412859E-17     0.4775220833456484       8.153252202129045E-17    0.4775220833456484       9.190350866704395E-17    0.4775220833456484       1.0178563485880882E-16   0.4775220833456484       1.110248211235565E-16    0.4775220833456484       1.1950021011631994E-16   0.4775220833456484       1.2742807173482458E-16   0.4775220833456484       1.351493100893754E-16    0.4775220833456484
5.811946409141117         5.989351294067262E-18    0.4712388980384692       7.543722174893827E-18    0.4712388980384692       9.518500476975425E-18    0.4712388980384692       1.1584363314236247E-17   0.4712388980384692       1.357413864363031E-17    0.4712388980384692       1.5427488148319438E-17   0.4712388980384692       1.7280291293613005E-17   0.4712388980384692       1.9325051724908303E-17   0.4712388980384692       2.1848543225670198E-17   0.4712388980384692       2.5058176472903735E-17   0.4712388980384692       2.909982189242635E-17    0.4712388980384692       3.398161203798881E-17    0.4712388980384692       3.9547834781800326E-17   0.4712388980384692       4.5568293479576336E-17   0.4712388980384692       5.172004226261939E-17    0.4712388980384692       5.773427860446072E-17    0.4712388980384692       6.329629925952296E-17    0.4712388980384692       6.830165232991411E-17    0.4712388980384692       7.275614063587949E-17    0.4712388980384692
5.8182295944482965        8.31101817782216E-18     0.46495571273129         9.596708016327285E-18    0.46495571273129         1.2565673820971379E-17   0.46495571273129         1.6600719171628778E-17   0.46495571273129         2.1211427742111635E-17   0.46495571273129         2.593839242355774E-17    0.46495571273129         3.0540411396615407E-17   0.46495571273129         3.489424987277921E-17    0.46495571273129         3.915957342908662E-17    0.46495571273129         4.3556994171272935E-17   0.46495571273129         4.8435151573731686E-17   0.46495571273129         5.4127719911299884E-17   0.46495571273129         6.080580318943078E-17    0.46495571273129         6.856107379055189E-17    0.46495571273129         7.727699545390081E-17    0.46495571273129         8.674218946502945E-17    0.46495571273129         9.649101230843052E-17    0.46495571273129         1.0617279457447584E-16   0.46495571273129         1.1544899261294947E-16   0.46495571273129
5.824512779755476         1.3139475683564553E-17   0.4586725274241108       1.3921189701170794E-17   0.4586725274241108       1.7392509028521834E-17   0.4586725274241108       2.2898926923885494E-17   0.4586725274241108       2.986073362158033E-17    0.4586725274241108       3.7614618314526405E-17   0.4586725274241108       4.566018250409769E-17    0.4586725274241108       5.356329871966961E-17    0.4586725274241108       6.123868791053232E-17    0.4586725274241108       6.873210254530188E-17    0.4586725274241108       7.634596547831635E-17    0.4586725274241108       8.450097323726036E-17    0.4586725274241108       9.352228282051008E-17    0.4586725274241108       1.0375116599503304E-16   0.4586725274241108       1.1530859487664797E-16   0.4586725274241108       1.281746109778128E-16    0.4586725274241108       1.419482964193674E-16    0.4586725274241108       1.562554424358864E-16    0.4586725274241108       1.7064032259109466E-16   0.4586725274241108
5.830795965062657         7.834650488058659E-18    0.4523893421169298       7.928222203603361E-18    0.4523893421169298       9.654522570321443E-18    0.4523893421169298       1.2861673954279232E-17   0.4523893421169298       1.7325491537242477E-17   0.4523893421169298       2.26559560466953E-17     0.4523893421169298       2.8454436520624627E-17   0.4523893421169298       3.428432495647087E-17    0.4523893421169298       3.9884241551460946E-17   0.4523893421169298       4.5097040409831944E-17   0.4523893421169298       4.998655025533196E-17    0.4523893421169298       5.477355367505592E-17    0.4523893421169298       5.973276417334194E-17    0.4523893421169298       6.522711958495274E-17    0.4523893421169298       7.15270123378425E-17     0.4523893421169298       7.883573149023211E-17    0.4523893421169298       8.706947151412786E-17    0.4523893421169298       9.609234044213593E-17    0.4523893421169298       1.0562831317097762E-16   0.4523893421169298
5.837079150369836         6.788472786350951E-18    0.44610615680975063      6.240161282867118E-18    0.44610615680975063      6.426664718534451E-18    0.44610615680975063      7.427516131060189E-18    0.44610615680975063      9.364669089994334E-18    0.44610615680975063      1.2240919000142275E-17   0.44610615680975063      1.597306896590495E-17    0.44610615680975063      2.0316237635947736E-17   0.44610615680975063      2.4994435440079993E-17   0.44610615680975063      2.9665478058311416E-17   0.44610615680975063      3.407975047965246E-17    0.44610615680975063      3.80886782869769E-17     0.44610615680975063      4.165128130425639E-17    0.44610615680975063      4.491032870252983E-17    0.44610615680975063      4.808523947011376E-17    0.44610615680975063      5.150747340624127E-17    0.44610615680975063      5.537504274309949E-17    0.44610615680975063      5.99254099625831E-17     0.44610615680975063      6.52434753363183E-17     0.44610615680975063
5.843362335677015         1.681230872829249E-17    0.43982297150257144      1.6523770233698334E-17   0.43982297150257144      1.7511829981606087E-17   0.43982297150257144      1.954798716849755E-17    0.43982297150257144      2.2779584010041722E-17   0.43982297150257144      2.7369511146836376E-17   0.43982297150257144      3.350729887301932E-17    0.43982297150257144      4.113833046588151E-17    0.43982297150257144      5.011629121696328E-17    0.43982297150257144      6.002346996725826E-17    0.43982297150257144      7.040265557379814E-17    0.43982297150257144      8.079828204104075E-17    0.43982297150257144      9.075501608253967E-17    0.43982297150257144      1.00100851228531E-16     0.43982297150257144      1.0882244250957292E-16   0.43982297150257144      1.1719585357009238E-16   0.43982297150257144      1.2544663013161855E-16   0.43982297150257144      1.340620730156979E-16    0.43982297150257144      1.4344597188798995E-16   0.43982297150257144
5.849645520984195         1.7398822866364602E-17   0.4335397861953914       1.8128967224981348E-17   0.4335397861953914       1.995415473903888E-17    0.4335397861953914       2.2531621877868604E-17   0.4335397861953914       2.5938715850511145E-17   0.4335397861953914       3.036217117064291E-17    0.4335397861953914       3.6125967004834167E-17   0.4335397861953914       4.3374651784004873E-17   0.4335397861953914       5.217933776384174E-17    0.4335397861953914       6.231176295370817E-17    0.4335397861953914       7.34070351871646E-17     0.4335397861953914       8.49973782156593E-17     0.4335397861953914       9.651323382029479E-17    0.4335397861953914       1.0759085691763874E-16   0.4335397861953914       1.1798723563921774E-16   0.4335397861953914       1.277624166817639E-16    0.4335397861953914       1.3699902897763707E-16   0.4335397861953914       1.4611936993872918E-16   0.4335397861953914       1.5558278874246603E-16   0.4335397861953914
5.855928706291374         6.701603467928912E-18    0.4272566008882122       8.047103978458306E-18    0.4272566008882122       9.685546376615826E-18    0.4272566008882122       1.1353451380432331E-17   0.4272566008882122       1.2988099705633037E-17   0.4272566008882122       1.4646905418437555E-17   0.4272566008882122       1.6558391419379214E-17   0.4272566008882122       1.8954500518048863E-17   0.4272566008882122       2.2085931084611473E-17   0.4272566008882122       2.6060250337748488E-17   0.4272566008882122       3.0869290326185456E-17   0.4272566008882122       3.635648652719791E-17    0.4272566008882122       4.222557199611873E-17    0.4272566008882122       4.8168412712999635E-17   0.4272566008882122       5.386545870585943E-17    0.4272566008882122       5.913567261926766E-17    0.4272566008882122       6.382361003350076E-17    0.4272566008882122       6.801947555757585E-17    0.4272566008882122       7.191721144331676E-17    0.4272566008882122
5.8622118915985535        7.130485308344703E-18    0.420973415581033        8.451756462975832E-18    0.420973415581033        1.1103638538471685E-17   0.420973415581033        1.4521817412459457E-17   0.420973415581033        1.8274185908700223E-17   0.420973415581033        2.1996013125929207E-17   0.420973415581033        2.5555561656628942E-17   0.420973415581033        2.8950008589085E-17      0.420973415581033        3.2420984336634305E-17   0.420973415581033        3.623279162969533E-17    0.420973415581033        4.0707976282792344E-17   0.420973415581033        4.608985011047089E-17    0.420973415581033        5.242798841602537E-17    0.420973415581033        5.966258764437644E-17    0.420973415581033        6.754970334652873E-17    0.420973415581033        7.579514111421584E-17    0.420973415581033        8.394027623146993E-17    0.420973415581033        9.170524861568518E-17    0.420973415581033        9.888712728703179E-17    0.420973415581033
5.868495076905734         1.4243608397100537E-17   0.4146902302738529       1.5314424950412645E-17   0.4146902302738529       1.9159103066627046E-17   0.4146902302738529       2.5016817756720672E-17   0.4146902302738529       3.223293320903182E-17    0.4146902302738529       4.0109044342174634E-17   0.4146902302738529       4.818002858810904E-17    0.4146902302738529       5.609780155967832E-17    0.4146902302738529       6.391070983360035E-17    0.4146902302738529       7.178892378326532E-17    0.4146902302738529       8.01304412247188E-17     0.4146902302738529       8.938208011274263E-17    0.4146902302738529       9.980748544789544E-17    0.4146902302738529       1.1161618380383157E-16   0.4146902302738529       1.2474663927960632E-16   0.4146902302738529       1.3898963912985372E-16   0.4146902302738529       1.5377916539668347E-16   0.4146902302738529       1.686631068599293E-16    0.4146902302738529       1.8319726059222815E-16   0.4146902302738529
5.874778262212914         9.049653075186105E-18    0.40840704496667285      9.442470828447078E-18    0.40840704496667285      1.1707058916599895E-17   0.40840704496667285      1.5564327946033645E-17   0.40840704496667285      2.0669960602162535E-17   0.40840704496667285      2.6531500879810723E-17   0.40840704496667285      3.270930822761915E-17    0.40840704496667285      3.878451066816178E-17    0.40840704496667285      4.4591170750755534E-17   0.40840704496667285      5.0100587654783115E-17   0.40840704496667285      5.551853118796704E-17    0.40840704496667285      6.117629417607064E-17    0.40840704496667285      6.738568680264189E-17    0.40840704496667285      7.447480901959001E-17    0.40840704496667285      8.259910421236237E-17    0.40840704496667285      9.178926584956234E-17    0.40840704496667285      1.0176570976931727E-16   0.40840704496667285      1.1222618486600606E-16   0.40840704496667285      1.2279433793164004E-16   0.40840704496667285
5.881061447520093         5.3484268229670834E-18   0.4021238596594936       4.928745987441278E-18    0.4021238596594936       5.196353036559202E-18    0.4021238596594936       6.244250766598525E-18    0.4021238596594936       8.152433924525473E-18    0.4021238596594936       1.0863497404934628E-17   0.4021238596594936       1.4229302098147237E-17   0.4021238596594936       1.7971669257041867E-17   0.4021238596594936       2.1817363236901013E-17   0.4021238596594936       2.54830004151447E-17     0.4021238596594936       2.8814362489420775E-17   0.4021238596594936       3.1778202632881585E-17   0.4021238596594936       3.4450839191009953E-17   0.4021238596594936       3.7051921935719904E-17   0.4021238596594936       3.98289628039249E-17     0.4021238596594936       4.306894892466398E-17    0.4021238596594936       4.6889361007235415E-17   0.4021238596594936       5.138700147760324E-17    0.4021238596594936       5.650663600577886E-17    0.4021238596594936
5.887344632827272         1.626216935716713E-17    0.3958406743523144       1.5995821796284286E-17   0.3958406743523144       1.7028716221652847E-17   0.3958406743523144       1.9187789633545166E-17   0.3958406743523144       2.2641084845641687E-17   0.3958406743523144       2.7532303984043933E-17   0.3958406743523144       3.3991190334772046E-17   0.3958406743523144       4.187791478222382E-17    0.3958406743523144       5.095859778391096E-17    0.3958406743523144       6.075186151626019E-17    0.3958406743523144       7.078678118050134E-17    0.3958406743523144       8.065176542973833E-17    0.3958406743523144       8.998989811428454E-17    0.3958406743523144       9.876228792486395E-17    0.3958406743523144       1.0709333309563562E-16   0.3958406743523144       1.153673379738231E-16    0.3958406743523144       1.2385806101829342E-16   0.3958406743523144       1.3302747455238026E-16   0.3958406743523144       1.4318413247627154E-16   0.3958406743523144
5.893627818134451         1.8813169537343082E-17   0.3895574890451352       1.9471164183466907E-17   0.3895574890451352       2.1412851179597373E-17   0.3895574890451352       2.4321738527760073E-17   0.3895574890451352       2.831888817175317E-17    0.3895574890451352       3.3602351115255515E-17   0.3895574890451352       4.046743971280212E-17    0.3895574890451352       4.896945955616036E-17    0.3895574890451352       5.906324396681909E-17    0.3895574890451352       7.038535089721305E-17    0.3895574890451352       8.246958265560749E-17    0.3895574890451352       9.480571389183226E-17    0.3895574890451352       1.0684322952484129E-16   0.3895574890451352       1.1832250868624235E-16   0.3895574890451352       1.2915132895689948E-16   0.3895574890451352       1.395633080267997E-16    0.3895574890451352       1.4976657511263668E-16   0.3895574890451352       1.6026749698309445E-16   0.3895574890451352       1.7152350938996142E-16   0.3895574890451352
5.899911003441631         6.776353113793319E-18    0.3832743037379552       7.937487431686975E-18    0.3832743037379552       9.349226275224189E-18    0.3832743037379552       1.079945840096577E-17    0.3832743037379552       1.2288033511802624E-17   0.3832743037379552       1.3928183328700565E-17   0.3832743037379552       1.5972758908846517E-17   0.3832743037379552       1.86380549053651E-17     0.3832743037379552       2.2112328069061044E-17   0.3832743037379552       2.641293561011419E-17    0.3832743037379552       3.143007717907386E-17    0.3832743037379552       3.692593817161323E-17    0.3832743037379552       4.2562575961873676E-17   0.3832743037379552       4.804628738983048E-17    0.3832743037379552       5.3129047231869813E-17   0.3832743037379552       5.774163825034237E-17    0.3832743037379552       6.186027029476421E-17    0.3832743037379552       6.569140501326251E-17    0.3832743037379552       6.950800810054813E-17    0.3832743037379552
5.906194188748811         6.913524170517271E-18    0.3769911184307751       8.175900134172344E-18    0.3769911184307751       1.0666069334212945E-17   0.3769911184307751       1.3838172611361133E-17   0.3769911184307751       1.7285594895149003E-17   0.3769911184307751       2.068478187637348E-17    0.3769911184307751       2.3952552574895902E-17   0.3769911184307751       2.713481829506063E-17    0.3769911184307751       3.050143819929831E-17    0.3769911184307751       3.431931426429202E-17    0.3769911184307751       3.887520603133841E-17    0.3769911184307751       4.4348766581859684E-17   0.3769911184307751       5.07088742623167E-17     0.3769911184307751       5.781674713936673E-17    0.3769911184307751       6.537317128436748E-17    0.3769911184307751       7.306856682710676E-17    0.3769911184307751       8.048052948648274E-17    0.3769911184307751       8.740564221604445E-17    0.3769911184307751       9.374621849488402E-17    0.3769911184307751
5.912477374055991         1.572538745310161E-17    0.37070793312359585      1.6991019311957193E-17   0.37070793312359585      2.1151951826903747E-17   0.37070793312359585      2.7376350342210062E-17   0.37070793312359585      3.4964621445520857E-17   0.37070793312359585      4.319746528864497E-17    0.37070793312359585      5.164172029064588E-17    0.37070793312359585      6.000699348954071E-17    0.37070793312359585      6.843012698245968E-17    0.37070793312359585      7.714903470984679E-17    0.37070793312359585      8.659695757033627E-17    0.37070793312359585      9.720446039147068E-17    0.37070793312359585      1.0914813687097427E-16   0.37070793312359585      1.2251922271327033E-16   0.37070793312359585      1.3711333419240388E-16   0.37070793312359585      1.5260605096970202E-16   0.37070793312359585      1.6834490567258919E-16   0.37070793312359585      1.8388214030195052E-16   0.37070793312359585      1.9884610493629416E-16   0.37070793312359585
5.918760559363171         9.532524100345215E-18    0.36442474781641576      1.01052127839757E-17     0.36442474781641576      1.2586129936800432E-17   0.36442474781641576      1.6639287756484028E-17   0.36442474781641576      2.1871881138971657E-17   0.36442474781641576      2.776263289866281E-17    0.36442474781641576      3.388520809229593E-17    0.36442474781641576      3.9869447955857315E-17   0.36442474781641576      4.56336551239666E-17     0.36442474781641576      5.1236952151896195E-17   0.36442474781641576      5.695449924478755E-17    0.36442474781641576      6.314770175602928E-17    0.36442474781641576      7.009769901612978E-17    0.36442474781641576      7.805301724181187E-17    0.36442474781641576      8.704883564488794E-17    0.36442474781641576      9.698741837966043E-17    0.36442474781641576      1.0747741479973498E-16   0.36442474781641576      1.18158816701373E-16     0.36442474781641576      1.286605283270814E-16    0.36442474781641576
5.92504374467035          4.746437007651671E-18    0.3581415625092366       4.400242856518444E-18    0.3581415625092366       4.675572376783375E-18    0.3581415625092366       5.660669993434831E-18    0.3581415625092366       7.422040554590419E-18    0.3581415625092366       9.891772082557736E-18    0.3581415625092366       1.2914877198825956E-17   0.3581415625092366       1.6222570517044368E-17   0.3581415625092366       1.9563977240939933E-17   0.3581415625092366       2.2697292616750568E-17   0.3581415625092366       2.5515269199443712E-17   0.3581415625092366       2.803055409911057E-17    0.3581415625092366       3.035552034441514E-17    0.3581415625092366       3.2717616964533336E-17   0.3581415625092366       3.534726239216214E-17    0.3581415625092366       3.848058964924748E-17    0.3581415625092366       4.217836708809714E-17    0.3581415625092366       4.646539521510756E-17    0.3581415625092366       5.1228425958142237E-17   0.3581415625092366
5.931326929977529         1.7388483066596473E-17   0.35185837720205737      1.7270663877153496E-17   0.35185837720205737      1.860834238353969E-17    0.35185837720205737      2.12173880649113E-17     0.35185837720205737      2.5263454907323056E-17   0.35185837720205737      3.0868005680915445E-17   0.35185837720205737      3.8126188500706166E-17   0.35185837720205737      4.6839915455598915E-17   0.35185837720205737      5.672375741017146E-17    0.35185837720205737      6.725229466091257E-17    0.35185837720205737      7.794619937463033E-17    0.35185837720205737      8.84223765140108E-17     0.35185837720205737      9.838054814218002E-17    0.35185837720205737      1.0786560764169869E-16   0.35185837720205737      1.1708200581002063E-16   0.35185837720205737      1.2647029783844293E-16   0.35185837720205737      1.363046283089104E-16    0.35185837720205737      1.4700760508138602E-16   0.35185837720205737      1.5880367854028351E-16   0.35185837720205737
5.937610115284708         1.949825495209619E-17    0.3455751918948782       2.023055354395945E-17    0.3455751918948782       2.2370486605947416E-17   0.3455751918948782       2.5620431250751168E-17   0.3455751918948782       3.0118066615769195E-17   0.3455751918948782       3.605046256118343E-17    0.3455751918948782       4.367568374814692E-17    0.3455751918948782       5.2978085815524724E-17   0.3455751918948782       6.383410361343726E-17    0.3455751918948782       7.580585718942854E-17    0.3455751918948782       8.838950790707356E-17    0.3455751918948782       1.010831495736601E-16    0.3455751918948782       1.1339222144211637E-16   0.3455751918948782       1.251581767351426E-16    0.3455751918948782       1.3640524408914484E-16   0.3455751918948782       1.4747179620533864E-16   0.3455751918948782       1.586178538293616E-16    0.3455751918948782       1.703494101028412E-16    0.3455751918948782       1.8305969537056232E-16   0.3455751918948782
5.943893300591889         5.731609030590661E-18    0.3392920065876972       6.739636976109529E-18    0.3392920065876972       7.94270807776729E-18     0.3392920065876972       9.16839929349388E-18     0.3392920065876972       1.0435486561421293E-17   0.3392920065876972       1.1863322534710447E-17   0.3392920065876972       1.3684949814532837E-17   0.3392920065876972       1.6087512769681817E-17   0.3392920065876972       1.9214135628067828E-17   0.3392920065876972       2.3045240333244068E-17   0.3392920065876972       2.74459948559436E-17     0.3392920065876972       3.217644959439518E-17    0.3392920065876972       3.692933196812144E-17    0.3392920065876972       4.1461681351382665E-17   0.3392920065876972       4.5596266508943744E-17   0.3392920065876972       4.933033654893323E-17    0.3392920065876972       5.270351784809933E-17    0.3392920065876972       5.594541653952591E-17    0.3392920065876972       5.931827643030862E-17    0.3392920065876972
5.9501764858990684        8.103403375150741E-18    0.333008821280518        9.327883506270063E-18    0.333008821280518        1.1966548034667528E-17   0.333008821280518        1.543001755896367E-17    0.333008821280518        1.9278643646736215E-17   0.333008821280518        2.3159025684569173E-17   0.333008821280518        2.697655101237558E-17    0.333008821280518        3.077107899740034E-17    0.333008821280518        3.482227247457383E-17    0.333008821280518        3.939682552152872E-17    0.333008821280518        4.477620687688902E-17    0.333008821280518        5.112314186431123E-17    0.333008821280518        5.836603210353165E-17    0.333008821280518        6.633379392776955E-17    0.333008821280518        7.469508103207648E-17    0.333008821280518        8.313118135777679E-17    0.333008821280518        9.121937109711525E-17    0.333008821280518        9.879392865531038E-17    0.333008821280518        1.0580786951920291E-16   0.333008821280518
5.956459671206248         1.7889161934325082E-17   0.32672563597333887      1.9324534492685514E-17   0.32672563597333887      2.3867392490991595E-17   0.32672563597333887      3.0629139855307896E-17   0.32672563597333887      3.8872895414818076E-17   0.32672563597333887      4.7852235476012576E-17   0.32672563597333887      5.714712001776536E-17    0.32672563597333887      6.649014124755882E-17    0.32672563597333887      7.606721641343002E-17    0.32672563597333887      8.614251953921321E-17    0.32672563597333887      9.715537683483869E-17    0.32672563597333887      1.095058455307416E-16    0.32672563597333887      1.232878076379908E-16    0.32672563597333887      1.3850461724472467E-16   0.32672563597333887      1.5485138373561245E-16   0.32672563597333887      1.719421513804815E-16    0.32672563597333887      1.8907945051007032E-16   0.32672563597333887      2.05854778117074E-16     0.32672563597333887      2.219795578520769E-16    0.32672563597333887
5.962742856513427         8.717527652588463E-18    0.3204424506661596       9.31855753097343E-18     0.3204424506661596       1.1624765369376754E-17   0.3204424506661596       1.5329294140056597E-17   0.3204424506661596       2.0064475306146192E-17   0.3204424506661596       2.5350981245636453E-17   0.3204424506661596       3.0812108888200435E-17   0.3204424506661596       3.613998294261011E-17    0.3204424506661596       4.130313416728026E-17    0.3204424506661596       4.6398675199667466E-17   0.3204424506661596       5.17070741632704E-17     0.3204424506661596       5.756066318606817E-17    0.3204424506661596       6.418806408108302E-17    0.3204424506661596       7.176001011658848E-17    0.3204424506661596       8.023485182041319E-17    0.3204424506661596       8.945543623071888E-17    0.3204424506661596       9.90158907720971E-17     0.3204424506661596       1.0857950165876977E-16   0.3204424506661596       1.1783743609231144E-16   0.3204424506661596
5.969026041820607         5.160334740822382E-18    0.3141592653589796       4.840858376580107E-18    0.3141592653589796       5.1054464478107916E-18   0.3141592653589796       6.029220537989646E-18    0.3141592653589796       7.698346573476538E-18    0.3141592653589796       1.0077831343837992E-17   0.3141592653589796       1.304571643945434E-17    0.3141592653589796       1.635484020926952E-17    0.3141592653589796       1.976260998462585E-17    0.3141592653589796       2.301966541904861E-17    0.3141592653589796       2.6002061983849384E-17   0.3141592653589796       2.8703606813481546E-17   0.3141592653589796       3.1215724123534635E-17   0.3141592653589796       3.374975159757298E-17    0.3141592653589796       3.652694815214941E-17    0.3141592653589796       3.9775397169685184E-17   0.3141592653589796       4.3553104297323624E-17   0.3141592653589796       4.7885693453350464E-17   0.3141592653589796       5.266316125788213E-17    0.3141592653589796
5.975309227127786         2.0583634609183833E-17   0.30787608005180034      2.0751234359407687E-17   0.30787608005180034      2.2725299281521635E-17   0.30787608005180034      2.6248183302965222E-17   0.30787608005180034      3.146379531620244E-17    0.30787608005180034      3.846401738133382E-17    0.30787608005180034      4.7326430291511855E-17   0.30787608005180034      5.78011776901183E-17     0.30787608005180034      6.956714037924114E-17    0.30787608005180034      8.204693900633747E-17    0.30787608005180034      9.473631363490933E-17    0.30787608005180034      1.0725716164121908E-16   0.30787608005180034      1.1931812322573803E-16   0.30787608005180034      1.3101506034350449E-16   0.30787608005180034      1.425986204218066E-16    0.30787608005180034      1.5455019827947196E-16   0.30787608005180034      1.6712325480626905E-16   0.30787608005180034      1.8071312092069777E-16   0.30787608005180034      1.9548736137833424E-16   0.30787608005180034
5.981592412434966         1.891268422698168E-17    0.30159289474462025      1.977053331884362E-17    0.30159289474462025      2.2034303610632436E-17   0.30159289474462025      2.5432118121154598E-17   0.30159289474462025      3.010005384283797E-17    0.30159289474462025      3.620424136688228E-17    0.30159289474462025      4.3966541282213514E-17   0.30159289474462025      5.332951241806723E-17    0.30159289474462025      6.413438601174395E-17    0.30159289474462025      7.592960798970092E-17    0.30159289474462025      8.822553162433624E-17    0.30159289474462025      1.0056656089645685E-16   0.30159289474462025      1.125289465535579E-16    0.30159289474462025      1.2403259123807784E-16   0.30159289474462025      1.351713827130279E-16    0.30159289474462025      1.4631998495038534E-16   0.30159289474462025      1.5773708371038879E-16   0.30159289474462025      1.6987297051618447E-16   0.30159289474462025      1.8303646276296075E-16   0.30159289474462025
5.987875597742146         3.876340388766766E-18    0.2953097094374402       4.735104985571689E-18    0.2953097094374402       5.737022856731361E-18    0.2953097094374402       6.723363560374563E-18    0.2953097094374402       7.683896939121363E-18    0.2953097094374402       8.698181757239048E-18    0.2953097094374402       9.949431449679601E-18    0.2953097094374402       1.1600116929531981E-17   0.2953097094374402       1.3785416427821173E-17   0.2953097094374402       1.651261823010934E-17    0.2953097094374402       1.9693759512760487E-17   0.2953097094374402       2.314913260511817E-17    0.2953097094374402       2.663844418587125E-17    0.2953097094374402       2.996487058652823E-17    0.2953097094374402       3.298272332191459E-17    0.2953097094374402       3.5685500264525976E-17   0.2953097094374402       3.8102977980617247E-17   0.2953097094374402       4.0416223423480914E-17   0.2953097094374402       4.2832422864991266E-17   0.2953097094374402
5.9941587830493255        1.167652584803781E-17    0.28902652413026103      1.2989578674265219E-17   0.28902652413026103      1.6263502158654268E-17   0.28902652413026103      2.0780205137684207E-17   0.28902652413026103      2.6003047222825142E-17   0.28902652413026103      3.1475303089287136E-17   0.28902652413026103      3.7043966823439744E-17   0.28902652413026103      4.269964046965078E-17    0.28902652413026103      4.873140824216561E-17    0.28902652413026103      5.5409958135323686E-17   0.28902652413026103      6.304028194078648E-17    0.28902652413026103      7.180049356493474E-17    0.28902652413026103      8.158971958823699E-17    0.28902652413026103      9.221726180250627E-17    0.28902652413026103      1.0330872854884845E-16   0.28902652413026103      1.145179382740454E-16    0.28902652413026103      1.2536428227239363E-16   0.28902652413026103      1.356862246501239E-16    0.28902652413026103      1.4545692493784546E-16   0.28902652413026103
6.000441968356505         2.0083187410792315E-17   0.28274333882308184      2.1672912643298388E-17   0.28274333882308184      2.656470361072622E-17    0.28274333882308184      3.384452894415278E-17    0.28274333882308184      4.27631573743382E-17     0.28274333882308184      5.255855631579296E-17    0.28274333882308184      6.28192321224838E-17     0.28274333882308184      7.328124060155138E-17    0.28274333882308184      8.414786127155104E-17    0.28274333882308184      9.567750133060561E-17    0.28274333882308184      1.0829132339183355E-16   0.28274333882308184      1.2234608487348066E-16   0.28274333882308184      1.3786555190945448E-16   0.28274333882308184      1.54791086185838E-16     0.28274333882308184      1.7275944195697929E-16   0.28274333882308184      1.9136650388852958E-16   0.28274333882308184      2.099065563321324E-16    0.28274333882308184      2.280278857316366E-16    0.28274333882308184      2.4552368839877937E-16   0.28274333882308184
6.006725153663684         6.2597898036416514E-18   0.2764601535159026       6.70385675425771E-18     0.2764601535159026       8.382902099881991E-18    0.2764601535159026       1.1102695029236579E-17   0.2764601535159026       1.4597042835832196E-17   0.2764601535159026       1.8500451919526472E-17   0.2764601535159026       2.251835014966594E-17    0.2764601535159026       2.6412934862440388E-17   0.2764601535159026       3.016213354503873E-17    0.2764601535159026       3.385082195280256E-17    0.2764601535159026       3.770715276648297E-17    0.2764601535159026       4.199198176235651E-17    0.2764601535159026       4.688521933446413E-17    0.2764601535159026       5.2505512799941257E-17   0.2764601535159026       5.880021038210201E-17    0.2764601535159026       6.562790852692336E-17    0.2764601535159026       7.265980523970916E-17    0.2764601535159026       7.963414235643846E-17    0.2764601535159026       8.632259117654813E-17    0.2764601535159026
6.013008338970864         7.94126919917726E-18     0.2701769682087225       7.707732678359896E-18    0.2701769682087225       8.245631843424036E-18    0.2701769682087225       9.568833586155206E-18    0.2701769682087225       1.1789087878998325E-17   0.2701769682087225       1.4911368413084242E-17   0.2701769682087225       1.88605077689817E-17     0.2701769682087225       2.3389741969546452E-17   0.2701769682087225       2.823628278182073E-17    0.2701769682087225       3.3082896558638275E-17   0.2701769682087225       3.773051645889807E-17    0.2701769682087225       4.210996304875038E-17    0.2701769682087225       4.6250710658972715E-17   0.2701769682087225       5.0355532964483486E-17   0.2701769682087225       5.466075429295022E-17    0.2701769682087225       5.944278887713063E-17    0.2701769682087225       6.47864070229596E-17     0.2701769682087225       7.076854303268168E-17    0.2701769682087225       7.730404765477597E-17    0.2701769682087225
6.019291524278044         2.5435299147237542E-17   0.2638937829015425       2.6045377471795806E-17   0.2638937829015425       2.899657461470181E-17    0.2638937829015425       3.390956366883131E-17    0.2638937829015425       4.088152317028015E-17    0.2638937829015425       4.9952348392746034E-17   0.2638937829015425       6.118309638725604E-17    0.2638937829015425       7.426832021420649E-17    0.2638937829015425       8.886170804583228E-17    0.2638937829015425       1.0433397701192867E-16   0.2638937829015425       1.2015089129481268E-16   0.2638937829015425       1.3593261855672912E-16   0.2638937829015425       1.513671621552603E-16    0.2638937829015425       1.6658527276462948E-16   0.2638937829015425       1.818552341506892E-16    0.2638937829015425       1.97689087228902E-16     0.2638937829015425       2.1429328763931848E-16   0.2638937829015425       2.320429154331931E-16    0.2638937829015425       2.5105871548152066E-16   0.2638937829015425
6.025574709585223         1.5786849636131455E-17   0.2576105975943633       1.6687775301949746E-17   0.2576105975943633       1.8747382704339398E-17   0.2576105975943633       2.175243758087445E-17    0.2576105975943633       2.5826375661222183E-17   0.2576105975943633       3.111173599328784E-17    0.2576105975943633       3.779565085133698E-17    0.2576105975943633       4.582094276144489E-17    0.2576105975943633       5.5040786730193386E-17   0.2576105975943633       6.506524691676656E-17    0.2576105975943633       7.547682909888797E-17    0.2576105975943633       8.590352119185319E-17    0.2576105975943633       9.60113707220152E-17     0.2576105975943633       1.0576822641530783E-16   0.2576105975943633       1.1528480969925146E-16   0.2576105975943633       1.249007550408297E-16    0.2576105975943633       1.3483667807401897E-16   0.2576105975943633       1.4544995940845533E-16   0.2576105975943633       1.56959982095936E-16     0.2576105975943633
6.031857894892402         2.9268369475071016E-18   0.251327412287184        3.679730284067935E-18    0.251327412287184        4.715405029829757E-18    0.251327412287184        5.818686732737363E-18    0.251327412287184        6.8853929362520685E-18   0.251327412287184        7.896303615984425E-18    0.251327412287184        8.955261394158076E-18    0.251327412287184        1.0198123550049551E-17   0.251327412287184        1.178912521864647E-17    0.251327412287184        1.3809512151767753E-17   0.251327412287184        1.6272389233453392E-17   0.251327412287184        1.9092704081160282E-17   0.251327412287184        2.20968095175263E-17     0.251327412287184        2.510631653182787E-17    0.251327412287184        2.7950010350852015E-17   0.251327412287184        3.0551502824272164E-17   0.251327412287184        3.286029113352608E-17    0.251327412287184        3.497423683745504E-17    0.251327412287184        3.703833160631049E-17    0.251327412287184
6.0381410801995825        1.8604814384092564E-17   0.24504422698000397      2.0229860564783383E-17   0.24504422698000397      2.476918862123703E-17    0.24504422698000397      3.1290628528202065E-17   0.24504422698000397      3.9108259301034535E-17   0.24504422698000397      4.760512622597782E-17    0.24504422698000397      5.653918067182039E-17    0.24504422698000397      6.581211523322374E-17    0.24504422698000397      7.571891976540767E-17    0.24504422698000397      8.651705228015359E-17    0.24504422698000397      9.853981011483367E-17    0.24504422698000397      1.1198085377992834E-16   0.24504422698000397      1.266912381404849E-16    0.24504422698000397      1.4245801105224738E-16   0.24504422698000397      1.5884710310338954E-16   0.24504422698000397      1.754774581195483E-16    0.24504422698000397      1.9176639751896598E-16   0.24504422698000397      2.075519828944146E-16    0.24504422698000397      2.228251528224332E-16    0.24504422698000397
6.044424265506762         2.0337890212741758E-17   0.23876104167282475      2.1960028009591728E-17   0.23876104167282475      2.6781395321128677E-17   0.23876104167282475      3.3957550777427844E-17   0.23876104167282475      4.2794491317763577E-17   0.23876104167282475      5.25786935930613E-17     0.23876104167282475      6.292935289372219E-17    0.23876104167282475      7.359356743985161E-17    0.23876104167282475      8.475998344158168E-17    0.23876104167282475      9.665111238092246E-17    0.23876104167282475      1.0963892314020567E-16   0.23876104167282475      1.2401692856445297E-16   0.23876104167282475      1.3976149874385507E-16   0.23876104167282475      1.5678272863784644E-16   0.23876104167282475      1.7471563813281774E-16   0.23876104167282475      1.9318633772264922E-16   0.23876104167282475      2.1154563442767456E-16   0.23876104167282475      2.295146190354217E-16    0.23876104167282475      2.4696205263292996E-16   0.23876104167282475
6.050707450813941         3.0530315404289283E-18   0.23247785636564555      3.1834315508189056E-18   0.23247785636564555      3.936065138404615E-18    0.23247785636564555      5.273000913401627E-18    0.23247785636564555      7.084214737707912E-18    0.23247785636564555      9.172856809494106E-18    0.23247785636564555      1.1349009174379945E-17   0.23247785636564555      1.3439251335535535E-17   0.23247785636564555      1.5388386745326332E-17   0.23247785636564555      1.7215693518515754E-17   0.23247785636564555      1.9045114025993373E-17   0.23247785636564555      2.1038929872363064E-17   0.23247785636564555      2.3337048351061413E-17   0.23247785636564555      2.6045820520358997E-17   0.23247785636564555      2.9169701192501876E-17   0.23247785636564555      3.2652046432831056E-17   0.23247785636564555      3.6308295961974894E-17   0.23247785636564555      3.997780498694124E-17    0.23247785636564555      4.350316171086065E-17    0.23247785636564555
6.056990636121122         1.5333060870676956E-17   0.2261946710584646       1.545007770343255E-17    0.2261946710584646       1.7061840163630255E-17   0.2261946710584646       2.000220052356923E-17    0.2261946710584646       2.4361050146095738E-17   0.2261946710584646       3.013015190648112E-17    0.2261946710584646       3.726169427819382E-17    0.2261946710584646       4.5455318342952594E-17   0.2261946710584646       5.440309247232634E-17    0.2261946710584646       6.366318709314049E-17    0.2261946710584646       7.292398488946732E-17    0.2261946710584646       8.203504977598408E-17    0.2261946710584646       9.092556697190964E-17    0.2261946710584646       9.980469846676951E-17    0.2261946710584646       1.0893379812597886E-16   0.2261946710584646       1.1867337798680197E-16   0.2261946710584646       1.2911149005907623E-16   0.2261946710584646       1.4039198589251741E-16   0.2261946710584646       1.5245316053279864E-16   0.2261946710584646
6.063273821428301         2.972505998151745E-17    0.21991148575128538      3.084712296976353E-17    0.21991148575128538      3.4813920774816114E-17   0.21991148575128538      4.1126462414963264E-17   0.21991148575128538      4.981565017478773E-17    0.21991148575128538      6.085040764504723E-17    0.21991148575128538      7.426837620952393E-17    0.21991148575128538      8.9722053955702E-17      0.21991148575128538      1.0686577074618446E-16   0.21991148575128538      1.2505439832164037E-16   0.21991148575128538      1.4375467388615265E-16   0.21991148575128538      1.6260308651260354E-16   0.21991148575128538      1.812707910575956E-16    0.21991148575128538      1.9990346670329865E-16   0.21991148575128538      2.187554202063167E-16    0.21991148575128538      2.383314171951829E-16    0.21991148575128538      2.58765775713381E-16     0.21991148575128538      2.803945345642883E-16    0.21991148575128538      3.0330007538914395E-16   0.21991148575128538
6.06955700673548          9.439406577371592E-18    0.21362830044410622      1.0175649089647565E-17   0.21362830044410622      1.15271986740042E-17     0.21362830044410622      1.3377002501367118E-17   0.21362830044410622      1.5823408069000114E-17   0.21362830044410622      1.898581411356324E-17    0.21362830044410622      2.3015348718551103E-17   0.21362830044410622      2.7904086468708967E-17   0.21362830044410622      3.356930493627844E-17    0.21362830044410622      3.976275361410792E-17    0.21362830044410622      4.620442378561049E-17    0.21362830044410622      5.263913921185957E-17    0.21362830044410622      5.884456223697918E-17    0.21362830044410622      6.47953397774882E-17     0.21362830044410622      7.056744414008293E-17    0.21362830044410622      7.639151408316445E-17    0.21362830044410622      8.242848793463252E-17    0.21362830044410622      8.89166172416744E-17     0.21362830044410622      9.600130958867474E-17    0.21362830044410622
6.0758401920426595        6.640168670995939E-18    0.20734511513692702      7.528095654014557E-18    0.20734511513692702      9.434769625439147E-18    0.20734511513692702      1.1935344267460614E-17   0.20734511513692702      1.474071732841183E-17    0.20734511513692702      1.764278554097828E-17    0.20734511513692702      2.0630478072612886E-17   0.20734511513692702      2.3773925314012833E-17   0.20734511513692702      2.7285519323280465E-17   0.20734511513692702      3.1317074749755417E-17   0.20734511513692702      3.5996213682609354E-17   0.20734511513692702      4.1332361603389666E-17   0.20734511513692702      4.7169284722309237E-17   0.20734511513692702      5.3313584374181334E-17   0.20734511513692702      5.951122257490723E-17    0.20734511513692702      6.558551304516348E-17    0.20734511513692702      7.133012544363052E-17    0.20734511513692702      7.676726714391248E-17    0.20734511513692702      8.199806162311784E-17    0.20734511513692702
6.0821233773498395        2.8100025910073277E-17   0.20106192982974694      3.0251599814717293E-17   0.20106192982974694      3.650400586234863E-17    0.20106192982974694      4.5680085851367415E-17   0.20106192982974694      5.694592078145292E-17    0.20106192982974694      6.951231122440582E-17    0.20106192982974694      8.305021623277833E-17    0.20106192982974694      9.734317005148236E-17    0.20106192982974694      1.1267202741522338E-16   0.20106192982974694      1.2924170870923272E-16   0.20106192982974694      1.4737772732217456E-16   0.20106192982974694      1.6726759925430896E-16   0.20106192982974694      1.8868484761636411E-16   0.20106192982974694      2.1139971684259088E-16   0.20106192982974694      2.349244468493166E-16    0.20106192982974694      2.588746894614435E-16    0.20106192982974694      2.8256099340683675E-16   0.20106192982974694      3.0584387127467503E-16   0.20106192982974694      3.28734522551653E-16     0.20106192982974694
6.088406562657019         1.6011374655228165E-17   0.19477874452256774      1.733921122335809E-17    0.19477874452256774      2.1133242477779707E-17   0.19477874452256774      2.677867441512975E-17    0.19477874452256774      3.375536998106355E-17    0.19477874452256774      4.151136742375434E-17    0.19477874452256774      4.9749329893020026E-17   0.19477874452256774      5.826376768332565E-17    0.19477874452256774      6.719393354878462E-17    0.19477874452256774      7.670660147228028E-17    0.19477874452256774      8.708110397108475E-17    0.19477874452256774      9.853475201696723E-17    0.19477874452256774      1.1103732138825314E-16   0.19477874452256774      1.2450931477502732E-16   0.19477874452256774      1.3865975956817452E-16   0.19477874452256774      1.532038363852595E-16    0.19477874452256774      1.6764509376752082E-16   0.19477874452256774      1.8178784552886434E-16   0.19477874452256774      1.955531425504346E-16    0.19477874452256774
6.094689747964199         2.9468531185040964E-18   0.18849555921538763      2.846786414818211E-18    0.18849555921538763      3.1128564867166904E-18   0.18849555921538763      3.7789537532268674E-18   0.18849555921538763      4.872920361385352E-18    0.18849555921538763      6.343988458799788E-18    0.18849555921538763      8.096674498755152E-18    0.18849555921538763      9.976244638230414E-18    0.18849555921538763      1.1856572987747993E-17   0.18849555921538763      1.3630019520179664E-17   0.18849555921538763      1.527411477457834E-17    0.18849555921538763      1.683932057501474E-17    0.18849555921538763      1.841273314156674E-17    0.18849555921538763      2.0124807362095753E-17   0.18849555921538763      2.2075722966282877E-17   0.18849555921538763      2.4342961114404324E-17   0.18849555921538763      2.6885072706114407E-17   0.18849555921538763      2.964840046697267E-17    0.18849555921538763      3.2520476869143E-17      0.18849555921538763
6.100972933271379         2.864821485757684E-17    0.18221237390820758      2.957496277161846E-17    0.18221237390820758      3.346033094846727E-17    0.18221237390820758      3.9794348487284995E-17   0.18221237390820758      4.8545146536800255E-17   0.18221237390820758      5.958496828330396E-17    0.18221237390820758      7.284115045986283E-17    0.18221237390820758      8.78934203634241E-17     0.18221237390820758      1.0438434549895523E-16   0.18221237390820758      1.2171733597198066E-16   0.18221237390820758      1.3947377909818845E-16   0.18221237390820758      1.5742317353904402E-16   0.18221237390820758      1.7536076505075895E-16   0.18221237390820758      1.9350308051680622E-16   0.18221237390820758      2.121082125453339E-16    0.18221237390820758      2.3161439400303993E-16   0.18221237390820758      2.520323188084342E-16    0.18221237390820758      2.7356369806738656E-16   0.18221237390820758      2.961624115622638E-16    0.18221237390820758
6.107256118578558         2.904077468943599E-17    0.17592918860102838      3.0457781902978664E-17   0.17592918860102838      3.471365871109589E-17    0.17592918860102838      4.1295222492267195E-17   0.17592918860102838      5.0179090869824566E-17   0.17592918860102838      6.128722042443549E-17    0.17592918860102838      7.463319402889182E-17    0.17592918860102838      8.988826133816217E-17    0.17592918860102838      1.0675651253680568E-16   0.17592918860102838      1.2466718793171079E-16   0.17592918860102838      1.4316436651901793E-16   0.17592918860102838      1.6193565751816598E-16   0.17592918860102838      1.8068264766481548E-16   0.17592918860102838      1.9953613866801885E-16   0.17592918860102838      2.186990169569504E-16    0.17592918860102838      2.386002289035502E-16    0.17592918860102838      2.592988707732107E-16    0.17592918860102838      2.8106378517308006E-16   0.17592918860102838      3.0394729659873956E-16   0.17592918860102838
6.113539303885737         2.6607714586715708E-18   0.16964600329384918      3.10026782281664E-18     0.16964600329384918      3.645889416584879E-18    0.16964600329384918      4.2386676560648265E-18   0.16964600329384918      4.908055931314493E-18    0.16964600329384918      5.72055452137494E-18     0.16964600329384918      6.776440189035064E-18    0.16964600329384918      8.13335727840652E-18     0.16964600329384918      9.81157594050848E-18     0.16964600329384918      1.1750322524142518E-17   0.16964600329384918      1.3850338172207115E-17   0.16964600329384918      1.5987411054613698E-17   0.16964600329384918      1.8041195225871967E-17   0.16964600329384918      1.995361259851366E-17    0.16964600329384918      2.1715507844795728E-17   0.16964600329384918      2.339879608174766E-17    0.16964600329384918      2.5074227267440834E-17   0.16964600329384918      2.686361118170723E-17    0.16964600329384918      2.886260771647356E-17    0.16964600329384918
6.1198224891929165        1.975915978546925E-17    0.16336281798667         2.1348849320168225E-17   0.16336281798667         2.577212593193513E-17    0.16336281798667         3.215711817289611E-17    0.16336281798667         3.9919986551118616E-17   0.16336281798667         4.854356131669486E-17    0.16336281798667         5.786190216177223E-17    0.16336281798667         6.778562920405241E-17    0.16336281798667         7.85573748349828E-17     0.16336281798667         9.032134976198744E-17    0.16336281798667         1.0327211204418214E-16   0.16336281798667         1.1747648912113401E-16   0.16336281798667         1.326945143933527E-16    0.16336281798667         1.4870111422306882E-16   0.16336281798667         1.6512236260207099E-16   0.16336281798667         1.817049707013121E-16    0.16336281798667         1.9801036638921834E-16   0.16336281798667         2.1402578493793316E-16   0.16336281798667         2.2983838638036626E-16   0.16336281798667
6.126105674500097         3.5601254714884096E-17   0.15707963267948988      3.8214476131498755E-17   0.15707963267948988      4.574333660982073E-17    0.15707963267948988      5.688407410215413E-17    0.15707963267948988      7.07504556669185E-17     0.15707963267948988      8.646959713730006E-17    0.15707963267948988      1.0367310230631496E-16   0.15707963267948988      1.2204531477504156E-16   0.15707963267948988      1.4181667151288202E-16   0.15707963267948988      1.631001977781194E-16    0.15707963267948988      1.8615833790949918E-16   0.15707963267948988      2.1114078101115633E-16   0.15707963267948988      2.3774987255820703E-16   0.15707963267948988      2.657668771114859E-16    0.15707963267948988      2.9470767052792656E-16   0.15707963267948988      3.2423862897707925E-16   0.15707963267948988      3.536418700695791E-16    0.15707963267948988      3.8281877943592535E-16   0.15707963267948988      4.11805356226122E-16     0.15707963267948988
6.132388859807277         6.999676305208974E-18    0.1507964473723098       7.629082814567375E-18    0.1507964473723098       9.378373356696986E-18    0.1507964473723098       1.2001086767469015E-17   0.1507964473723098       1.525562365774779E-17    0.1507964473723098       1.886373423921231E-17    0.1507964473723098       2.265927799344228E-17    0.1507964473723098       2.6526645988391173E-17   0.1507964473723098       3.052399773256198E-17    0.1507964473723098       3.474479694494607E-17    0.1507964473723098       3.934481595557103E-17    0.1507964473723098       4.445543081646986E-17    0.1507964473723098       5.0089375488014494E-17   0.1507964473723098       5.622015760605499E-17    0.1507964473723098       6.270697870887835E-17    0.1507964473723098       6.939837342392643E-17    0.1507964473723098       7.604123889361741E-17    0.1507964473723098       8.25171910260931E-17     0.1507964473723098       8.877574830690594E-17    0.1507964473723098
6.138672045114456         1.3386263604334068E-17   0.14451326206513063      1.3689986542058111E-17   0.14451326206513063      1.540497227350889E-17    0.14451326206513063      1.8329461258421493E-17   0.14451326206513063      2.24719244222211E-17     0.14451326206513063      2.776130645152767E-17    0.14451326206513063      3.4121761384450344E-17   0.14451326206513063      4.129807682812679E-17    0.14451326206513063      4.907163512186568E-17    0.14451326206513063      5.712995222947606E-17    0.14451326206513063      6.528371847063697E-17    0.14451326206513063      7.346483322775056E-17    0.14451326206513063      8.163987444704674E-17    0.14451326206513063      8.997342778372879E-17    0.14451326206513063      9.863285615686043E-17    0.14451326206513063      1.0784556136964518E-16   0.14451326206513063      1.1759004804334907E-16   0.14451326206513063      1.279177970716959E-16    0.14451326206513063      1.3873886425006777E-16   0.14451326206513063
6.144955230421635         4.4979331810794484E-17   0.1382300767579514       4.7084600352266167E-17   0.1382300767579514       5.4057176535427256E-17   0.1382300767579514       6.494041543442691E-17    0.1382300767579514       7.948775295263486E-17    0.1382300767579514       9.7348858730952E-17      0.1382300767579514       1.1837643403895653E-16   0.1382300767579514       1.4199620161843377E-16   0.1382300767579514       1.6783404245693807E-16   0.1382300767579514       1.951733853014139E-16    0.1382300767579514       2.2353845368934893E-16   0.1382300767579514       2.52652951514425E-16     0.1382300767579514       2.8216687925395445E-16   0.1382300767579514       3.122795729875143E-16    0.1382300767579514       3.4318452714938506E-16   0.1382300767579514       3.7534726708477954E-16   0.1382300767579514       4.086077301710986E-16    0.1382300767579514       4.4319944135763794E-16   0.1382300767579514       4.790819559448994E-16    0.1382300767579514
6.151238415728815         1.944864869402623E-17    0.13194689145077135      2.058648634721948E-17    0.13194689145077135      2.360795077310885E-17    0.13194689145077135      2.817471298890614E-17    0.13194689145077135      3.4267777619935743E-17   0.13194689145077135      4.183224589965381E-17    0.13194689145077135      5.088361620642426E-17    0.13194689145077135      6.121013952495506E-17    0.13194689145077135      7.262761037103182E-17    0.13194689145077135      8.476672664531244E-17    0.13194689145077135      9.733065397623639E-17    0.13194689145077135      1.1011259804301771E-16   0.13194689145077135      1.2291365316821717E-16   0.13194689145077135      1.3581535794815302E-16   0.13194689145077135      1.4894146565087712E-16   0.13194689145077135      1.6257060503572824E-16   0.13194689145077135      1.7672597590322424E-16   0.13194689145077135      1.9157961918025555E-16   0.13194689145077135      2.0715911399425272E-16   0.13194689145077135
6.157521601035994         4.7562820233014445E-18   0.12566370614359212      5.307140732100017E-18    0.12566370614359212      6.540158031811023E-18    0.12566370614359212      8.1919942285986E-18      0.12566370614359212      1.0093740774915439E-17   0.12566370614359212      1.2124098618630168E-17   0.12566370614359212      1.428278067231715E-17    0.12566370614359212      1.6603457294888524E-17   0.12566370614359212      1.9203358190578804E-17   0.12566370614359212      2.2148788638954734E-17   0.12566370614359212      2.5491219309235272E-17   0.12566370614359212      2.921443346728682E-17    0.12566370614359212      3.320390838974401E-17    0.12566370614359212      3.734538169133012E-17    0.12566370614359212      4.149797714806235E-17    0.12566370614359212      4.5584813230267906E-17   0.12566370614359212      4.950306921414696E-17    0.12566370614359212      5.329649555430296E-17    0.12566370614359212      5.7039919594509E-17      0.12566370614359212
6.1638047863431735        4.424585229454E-17       0.11938052083641294      4.729490658676599E-17    0.11938052083641294      5.620907144939548E-17    0.11938052083641294      6.943129412976032E-17    0.11938052083641294      8.600115897984733E-17    0.11938052083641294      1.0498915544242308E-16   0.11938052083641294      1.2604127062342577E-16   0.11938052083641294      1.487898862476473E-16    0.11938052083641294      1.734485261588103E-16    0.11938052083641294      2.0001233382664308E-16   0.11938052083641294      2.2864568165274077E-16   0.11938052083641294      2.5940230975633276E-16   0.11938052083641294      2.918469277447353E-16    0.11938052083641294      3.257354860429509E-16    0.11938052083641294      3.605763467341438E-16    0.11938052083641294      3.961198169147894E-16    0.11938052083641294      4.3163821177482815E-16   0.11938052083641294      4.671450908213816E-16    0.11938052083641294      5.027372740990617E-16    0.11938052083641294
6.1700879716503545        3.359104807802851E-17    0.11309733552923197      3.6057462573958996E-17   0.11309733552923197      4.298709153406735E-17    0.11309733552923197      5.326121250699009E-17    0.11309733552923197      6.614485739868499E-17    0.11309733552923197      8.089212443833187E-17    0.11309733552923197      9.718451772890235E-17    0.11309733552923197      1.1470687191662732E-16   0.11309733552923197      1.3360559444676127E-16   0.11309733552923197      1.5390280614144015E-16   0.11309733552923197      1.7576194253568473E-16   0.11309733552923197      1.992708077251621E-16    0.11309733552923197      2.241444321239834E-16    0.11309733552923197      2.5021848332417824E-16   0.11309733552923197      2.771114735480719E-16    0.11309733552923197      3.0459824629891E-16      0.11309733552923197      3.3208640537970986E-16   0.11309733552923197      3.595274419793901E-16    0.11309733552923197      3.869659821733867E-16    0.11309733552923197
6.176371156957534         1.1993563705101815E-18   0.10681415022205279      1.2056842078425497E-18   0.10681415022205279      1.3893988925710598E-18   0.10681415022205279      1.757449365608706E-18    0.10681415022205279      2.303950119461611E-18    0.10681415022205279      2.9880674612475123E-18   0.10681415022205279      3.756695499411698E-18    0.10681415022205279      4.546007905229295E-18    0.10681415022205279      5.315926385160381E-18    0.10681415022205279      6.043457577732605E-18    0.10681415022205279      6.74434436951757E-18     0.10681415022205279      7.45715889802733E-18     0.10681415022205279      8.225991677932382E-18    0.10681415022205279      9.096641429213813E-18    0.10681415022205279      1.0090334268917097E-17   0.10681415022205279      1.1211896175575103E-17   0.10681415022205279      1.2417821977254352E-17   0.10681415022205279      1.3667397238412373E-17   0.10681415022205279      1.4911264465372092E-17   0.10681415022205279
6.182654342264713         4.3137060640681867E-17   0.10053096491487358      4.5181933975803895E-17   0.10053096491487358      5.208883977064802E-17    0.10053096491487358      6.286105697371042E-17    0.10053096491487358      7.71655921361178E-17     0.10053096491487358      9.457151246279749E-17    0.10053096491487358      1.1487889805178514E-16   0.10053096491487358      1.3752455166517716E-16   0.10053096491487358      1.6220270158286808E-16   0.10053096491487358      1.883053088501093E-16    0.10053096491487358      2.1547811342066521E-16   0.10053096491487358      2.435338805510719E-16    0.10053096491487358      2.721682421383225E-16    0.10053096491487358      3.0155311226460935E-16   0.10053096491487358      3.318066961766421E-16    0.10053096491487358      3.632805929784247E-16    0.10053096491487358      3.9571453324933872E-16   0.10053096491487358      4.292648592162042E-16    0.10053096491487358      4.638608129147192E-16    0.10053096491487358
6.188937527571892         5.581227454554526E-17    0.09424777960769438      5.889854360347613E-17    0.09424777960769438      6.822388456570046E-17    0.09424777960769438      8.249664757541172E-17    0.09424777960769438      1.0125114871768714E-16   0.09424777960769438      1.239191355523272E-16    0.09424777960769438      1.5027443364264122E-16   0.09424777960769438      1.796506872284239E-16    0.09424777960769438      2.1172230893755325E-16   0.09424777960769438      2.4577232152365804E-16   0.09424777960769438      2.8136382773905607E-16   0.09424777960769438      3.182320173400506E-16    0.09424777960769438      3.559293683187434E-16    0.09424777960769438      3.9460347014731387E-16   0.09424777960769438      4.3433105341652996E-16   0.09424777960769438      4.755106259542358E-16    0.09424777960769438      5.17801783587446E-16     0.09424777960769438      5.614211977735946E-16    0.09424777960769438      6.063431368951844E-16    0.09424777960769438
6.195220712879072         4.4793408474633845E-18   0.0879645943005143       4.846615635069077E-18    0.0879645943005143       5.5827484321661595E-18   0.0879645943005143       6.625464877516074E-18    0.0879645943005143       7.993267297956142E-18    0.0879645943005143       9.702386519130464E-18    0.0879645943005143       1.1786379297244402E-17   0.0879645943005143       1.4212315092194858E-17   0.0879645943005143       1.693826175417613E-17    0.0879645943005143       1.98636615399947E-17     0.0879645943005143       2.289438432085754E-17    0.0879645943005143       2.5953081746103143E-17   0.0879645943005143       2.8975160616751985E-17   0.0879645943005143       3.1973592048328905E-17   0.0879645943005143       3.498469279039103E-17    0.0879645943005143       3.809552114244313E-17    0.0879645943005143       4.133706532106443E-17    0.0879645943005143       4.477358703247993E-17    0.0879645943005143       4.8427486677535125E-17   0.0879645943005143
6.201503898186251         3.3050350876006124E-17   0.08168140899333512      3.526117836185917E-17    0.08168140899333512      4.177681375487844E-17    0.08168140899333512      5.145417190958273E-17    0.08168140899333512      6.362759541405448E-17    0.08168140899333512      7.765269933193359E-17    0.08168140899333512      9.329737099998896E-17    0.08168140899333512      1.1029104642334188E-16   0.08168140899333512      1.2876527092788394E-16   0.08168140899333512      1.4866442593791612E-16   0.08168140899333512      1.700555406236529E-16    0.08168140899333512      1.929390355292462E-16    0.08168140899333512      2.169715995580754E-16    0.08168140899333512      2.419835907305437E-16    0.08168140899333512      2.676498038963127E-16    0.08168140899333512      2.938447891545516E-16    0.08168140899333512      3.2007787479131967E-16   0.08168140899333512      3.4640302187045706E-16   0.08168140899333512      3.729047007662534E-16    0.08168140899333512
6.2077870834934314        7.683622071523912E-17    0.07539822368615504      8.189741067089384E-17    0.07539822368615504      9.664249023663544E-17    0.07539822368615504      1.1869414843875437E-16   0.07539822368615504      1.4671078812782802E-16   0.07539822368615504      1.7931873899396165E-16   0.07539822368615504      2.159726281104895E-16    0.07539822368615504      2.55933616202267E-16     0.07539822368615504      2.9930855010803055E-16   0.07539822368615504      3.4579677230113158E-16   0.07539822368615504      3.954176179471135E-16    0.07539822368615504      4.481422784349305E-16    0.07539822368615504      5.032683438492449E-16    0.07539822368615504      5.605675561288583E-16    0.07539822368615504      6.194802415972621E-16    0.07539822368615504      6.798661405070324E-16    0.07539822368615504      7.407024056330881E-16    0.07539822368615504      8.020811171873293E-16    0.07539822368615504      8.641106877912021E-16    0.07539822368615504
6.214070268800611         1.814262242965918E-17    0.06911503837897584      1.9509606164986585E-17   0.06911503837897584      2.3233569391549823E-17   0.06911503837897584      2.8747848461056666E-17   0.06911503837897584      3.5687266543643136E-17   0.06911503837897584      4.366884328779798E-17    0.06911503837897584      5.252583427855524E-17    0.06911503837897584      6.20812209424454E-17     0.06911503837897584      7.239311796277516E-17    0.06911503837897584      8.345191395589199E-17    0.06911503837897584      9.532272721743474E-17    0.06911503837897584      1.0804319966824153E-16   0.06911503837897584      1.2146060451789904E-16   0.06911503837897584      1.3549828252553989E-16   0.06911503837897584      1.4997128718898975E-16   0.06911503837897584      1.6478176363706992E-16   0.06911503837897584      1.7963066126981663E-16   0.06911503837897584      1.9449912848476203E-16   0.06911503837897584      2.0941265384639266E-16   0.06911503837897584
6.220353454107791         2.1918166315569186E-17   0.06283185307179576      2.295003193063508E-17    0.06283185307179576      2.6499549541877947E-17   0.06283185307179576      3.204372787460837E-17    0.06283185307179576      3.939205989839895E-17    0.06283185307179576      4.830461227526354E-17    0.06283185307179576      5.866512785498856E-17    0.06283185307179576      7.018006530136744E-17    0.06283185307179576      8.270409255942389E-17    0.06283185307179576      9.594207027469072E-17    0.06283185307179576      1.0973692717913397E-16   0.06283185307179576      1.240125288845713E-16    0.06283185307179576      1.3862426728554495E-16   0.06283185307179576      1.5366094853494995E-16   0.06283185307179576      1.6916812180190751E-16   0.06283185307179576      1.853090510573606E-16    0.06283185307179576      2.0192041326354329E-16   0.06283185307179576      2.190718347476212E-16    0.06283185307179576      2.36710373108037E-16     0.06283185307179576
6.22663663941497          1.0503931949208634E-16   0.056548667764616554     1.110410423506067E-16    0.056548667764616554     1.293522831311796E-16    0.056548667764616554     1.5725102996804086E-16   0.056548667764616554     1.9353013418270725E-16   0.056548667764616554     2.36835573985085E-16     0.056548667764616554     2.866105562603692E-16    0.056548667764616554     3.416493918294498E-16    0.056548667764616554     4.015763858368711E-16    0.056548667764616554     4.653396032964548E-16    0.056548667764616554     5.32415425752227E-16     0.056548667764616554     6.024849779820971E-16    0.056548667764616554     6.747001178819712E-16    0.056548667764616554     7.491775774985332E-16    0.056548667764616554     8.257731617423572E-16    0.056548667764616554     9.049312351900755E-16    0.056548667764616554     9.85721530737246E-16     0.056548667764616554     1.0684459361777502E-15   0.056548667764616554     1.1530657909930311E-15   0.056548667764616554
6.232919824722149         5.344085268553375E-17    0.05026548245743736      5.665600953365656E-17    0.05026548245743736      6.601651532595178E-17    0.05026548245743736      8.020358521694046E-17    0.05026548245743736      9.864973363790227E-17    0.05026548245743736      1.2070542951068995E-16   0.05026548245743736      1.461124953308163E-16    0.05026548245743736      1.7426067593377322E-16   0.05026548245743736      2.0493669458019987E-16   0.05026548245743736      2.3757867746143293E-16   0.05026548245743736      2.718830859891158E-16    0.05026548245743736      3.076569599864266E-16    0.05026548245743736      3.444640743873213E-16    0.05026548245743736      3.8237488811078527E-16   0.05026548245743736      4.2133974199331677E-16   0.05026548245743736      4.616171828618317E-16    0.05026548245743736      5.02769780057657E-16     0.05026548245743736      5.449668656165528E-16    0.05026548245743736      5.881950757601206E-16    0.05026548245743736
6.239203010029329         7.550877361711162E-18    0.043982297150257275     8.072222402037949E-18    0.043982297150257275     9.58332486216409E-18     0.043982297150257275     1.1808523858700155E-17   0.043982297150257275     1.4591122150299247E-17   0.043982297150257275     1.778394703429765E-17    0.043982297150257275     2.1340471069047114E-17   0.043982297150257275     2.5209036284429093E-17   0.043982297150257275     2.94294043394427E-17     0.043982297150257275     3.399231338291236E-17    0.043982297150257275     3.891482830478285E-17    0.043982297150257275     4.419043455028153E-17    0.043982297150257275     4.9730943224732584E-17   0.043982297150257275     5.548611690020859E-17    0.043982297150257275     6.137533534438348E-17    0.043982297150257275     6.736699872651343E-17    0.043982297150257275     7.335284963325169E-17    0.043982297150257275     7.935131960593189E-17    0.043982297150257275     8.539538393260376E-17    0.043982297150257275
6.245486195336509         1.3680698791350065E-16   0.0376991118430772       1.4532579579187443E-16   0.0376991118430772       1.706441774196636E-16    0.0376991118430772       2.0875809732685941E-16   0.0376991118430772       2.5758754142213853E-16   0.0376991118430772       3.149515517370155E-16    0.0376991118430772       3.799830493875074E-16    0.0376991118430772       4.512850314103433E-16    0.0376991118430772       5.287992326167713E-16    0.0376991118430772       6.116684113485224E-16    0.0376991118430772       6.996507856531568E-16    0.0376991118430772       7.925445991767108E-16    0.0376991118430772       8.89134441596658E-16     0.0376991118430772       9.892090769125869E-16    0.0376991118430772       1.0920820833750452E-15   0.0376991118430772       1.1978162914609602E-15   0.0376991118430772       1.3048447967291068E-15   0.0376991118430772       1.4134239026285237E-15   0.0376991118430772       1.5236880929232525E-15   0.0376991118430772
6.2517693806436885        1.3402929494696842E-16   0.031415926535897996     1.425465250352559E-16    0.031415926535897996     1.6740919292987317E-16   0.031415926535897996     2.047869435524631E-16    0.031415926535897996     2.5269045024319974E-16   0.031415926535897996     3.090099690829643E-16    0.031415926535897996     3.7289900588218407E-16   0.031415926535897996     4.429726944437686E-16    0.031415926535897996     5.191385593679212E-16    0.031415926535897996     6.005342405395754E-16    0.031415926535897996     6.86896059643934E-16     0.031415926535897996     7.780169010385031E-16    0.031415926535897996     8.727217229682635E-16    0.031415926535897996     9.708296319357445E-16    0.031415926535897996     1.0716968486454487E-15   0.031415926535897996     1.1754064350067881E-15   0.031415926535897996     1.2804479264666456E-15   0.031415926535897996     1.3870611353862183E-15   0.031415926535897996     1.4953695902048064E-15   0.031415926535897996
6.258052565950868         6.652515967790806E-19    0.025132741228718804     7.305197677386496E-19    0.025132741228718804     8.867796240482084E-19    0.025132741228718804     1.117386667398747E-18    0.025132741228718804     1.4075547294082002E-18   0.025132741228718804     1.738370712022228E-18    0.025132741228718804     2.098466287839027E-18    0.025132741228718804     2.477439927190638E-18    0.025132741228718804     2.8769690573655516E-18   0.025132741228718804     3.2996060105610467E-18   0.025132741228718804     3.752264580430031E-18    0.025132741228718804     4.2422908177793924E-18   0.025132741228718804     4.768052010750685E-18    0.025132741228718804     5.328647611678138E-18    0.025132741228718804     5.915574082251821E-18    0.025132741228718804     6.521825862495705E-18    0.025132741228718804     7.130383852051325E-18    0.025132741228718804     7.735252852182374E-18    0.025132741228718804     8.33420846703244E-18     0.025132741228718804
6.264335751258048         2.0034565048885305E-16   0.01884955592153872      2.1228649118912882E-16   0.01884955592153872      2.48248806757334E-16     0.01884955592153872      3.027226024804748E-16    0.01884955592153872      3.7304940430651285E-16   0.01884955592153872      4.563518175322237E-16    0.01884955592153872      5.514666382594752E-16    0.01884955592153872      6.562070672914879E-16    0.01884955592153872      7.701567863307683E-16    0.01884955592153872      8.916658308657757E-16    0.01884955592153872      1.0200430487173593E-15   0.01884955592153872      1.1548367122162052E-15   0.01884955592153872      1.2943573976905329E-15   0.01884955592153872      1.4385829920968298E-15   0.01884955592153872      1.5868873291523819E-15   0.01884955592153872      1.7397679049288278E-15   0.01884955592153872      1.8951810906615655E-15   0.01884955592153872      2.053619285599737E-15    0.01884955592153872      2.215111256693147E-15    0.01884955592153872
6.270618936565227         4.832585637606441E-16    0.012566370614359525     5.126798485507152E-16    0.012566370614359525     6.001363553994075E-16    0.012566370614359525     7.32303206959257E-16     0.012566370614359525     9.026480488845258E-16    0.012566370614359525     1.1041194788606874E-15   0.012566370614359525     1.33387653706136E-15     0.012566370614359525     1.5867067555891897E-15   0.012566370614359525     1.8617288111604363E-15   0.012566370614359525     2.155132803845946E-15    0.012566370614359525     2.465375925228249E-15    0.012566370614359525     2.7914180704052196E-15   0.012566370614359525     3.129148195125855E-15    0.012566370614359525     3.4783929944429837E-15   0.012566370614359525     3.837486564063873E-15    0.012566370614359525     4.207454397049044E-15    0.012566370614359525     4.583289680271371E-15    0.012566370614359525     4.966113265643098E-15    0.012566370614359525     5.356084949402151E-15    0.012566370614359525
6.276902121872406         2.653177286570723E-16    0.006283185307180329     2.81577472084961E-16     0.006283185307180329     3.2970496742130945E-16   0.006283185307180329     4.0238649964836974E-16   0.006283185307180329     4.96021635029525E-16     0.006283185307180329     6.067245533831364E-16    0.006283185307180329     7.329306004552583E-16    0.006283185307180329     8.717859871433479E-16    0.006283185307180329     1.0228225734624853E-15   0.006283185307180329     1.1839720709334808E-15   0.006283185307180329     1.3544039698005124E-15   0.006283185307180329     1.5335539152027267E-15   0.006283185307180329     1.719160709262526E-15    0.006283185307180329     1.9111134191300404E-15   0.006283185307180329     2.1084763693313806E-15   0.006283185307180329     2.311788636843196E-15    0.006283185307180329     2.518291227276538E-15    0.006283185307180329     2.7285891565641587E-15   0.006283185307180329     2.9427826276780494E-15   0.006283185307180329
6.283185307179586         5.122407334762856E-43    2.4492935982947064E-16   5.4368829558478435E-43   2.4492935982947064E-16   6.366622167228068E-43    2.4492935982947064E-16   7.770448203816981E-43    2.4492935982947064E-16   9.578791097625332E-43    2.4492935982947064E-16   1.171656486916803E-42    2.4492935982947064E-16   1.4153539294467293E-42   2.4492935982947064E-16   1.683465267399285E-42    2.4492935982947064E-16   1.9750935970710297E-42   2.4492935982947064E-16   2.286256484127003E-42    2.4492935982947064E-16   2.6153578574628438E-42   2.4492935982947064E-16   2.961311072205193E-42    2.4492935982947064E-16   3.3197487375992E-42      2.4492935982947064E-16   3.690449574343796E-42    2.4492935982947064E-16   4.071597516481382E-42    2.4492935982947064E-16   4.464222396687348E-42    2.4492935982947064E-16   4.862993060752467E-42    2.4492935982947064E-16   5.2690725917056584E-42   2.4492935982947064E-16   5.682660264644852E-42    2.4492935982947064E-16
