% Model:              DipoleAxial_below.mph
% Version:            COMSOL 6.2.0.290
% Date:               Jun 14 2025, 17:56
% Dimension:          1
% Nodes:              361
% Expressions:        22
% Description:        Radiation pattern
% theta                   emw.normEfar^2+emw.normEfar2^2 Elevation angle          emw.normEfar^2+emw.normEfar2^2 Elevation angle          emw.normEfar^2+emw.normEfar2^2 Elevation angle          emw.normEfar^2+emw.normEfar2^2 Elevation angle          emw.normEfar^2+emw.normEfar2^2 Elevation angle          emw.normEfar^2+emw.normEfar2^2 Elevation angle          emw.normEfar^2+emw.normEfar2^2 Elevation angle          emw.normEfar^2+emw.normEfar2^2 Elevation angle          emw.normEfar^2+emw.normEfar2^2 Elevation angle          emw.normEfar^2+emw.normEfar2^2 Elevation angle          emw.normEfar^2+emw.normEfar2^2 Elevation angle
0                         0                        0                        0                        0                        0                        0                        0                        0                        0                        0                        0                        0                        0                        0                        0                        0                        0                        0                        0                        0                        0                        0
0.017453292519943295      8.902342409728246E-19    0.017453292519943295     2.9957811875089815E-19   0.017453292519943295     7.736450671512457E-20    0.017453292519943295     1.9942156030238154E-19   0.017453292519943295     5.454514617409555E-19    0.017453292519943295     9.86878757603686E-19     0.017453292519943295     1.3243705450683687E-18   0.017453292519943295     1.5001205410710188E-18   0.017453292519943295     1.6107154698402232E-18   0.017453292519943295     1.8266355979556947E-18   0.017453292519943295     2.291467276218835E-18    0.017453292519943295
0.03490658503988659       1.8795365008729418E-18   0.03490658503988659      8.506994161570687E-19    0.03490658503988659      4.382313632088946E-19    0.03490658503988659      4.506823829960196E-19    0.03490658503988659      5.703436852657329E-19    0.03490658503988659      7.045019974749219E-19    0.03490658503988659      7.708613805945933E-19    0.03490658503988659      7.793499309568741E-19    0.03490658503988659      7.914937436365247E-19    0.03490658503988659      8.713265293085108E-19    0.03490658503988659      1.0597116362674732E-18   0.03490658503988659
0.05235987755982988       3.749026003847562E-18    0.05235987755982988      2.0509226069032608E-18   0.05235987755982988      1.2657746531119351E-18   0.05235987755982988      1.0041090269585576E-18   0.05235987755982988      6.996759411636556E-19    0.05235987755982988      5.386248826803773E-19    0.05235987755982988      8.266374974126318E-19    0.05235987755982988      1.612958491826777E-18    0.05235987755982988      2.5576431489062758E-18   0.05235987755982988      3.0890061908506446E-18   0.05235987755982988      2.8246737896124356E-18   0.05235987755982988
0.06981317007977318       7.323907870058774E-18    0.06981317007977318      3.425755112987904E-18    0.06981317007977318      1.7823187856551816E-18   0.06981317007977318      1.6150106526061722E-18   0.06981317007977318      1.69436397406677E-18     0.06981317007977318      1.802250712390121E-18    0.06981317007977318      1.810668256452325E-18    0.06981317007977318      1.7238231085400685E-18   0.06981317007977318      1.6040036659527602E-18   0.06981317007977318      1.520953722862153E-18    0.06981317007977318      1.5458702922669072E-18   0.06981317007977318
0.08726646259971647       1.1647276624179268E-17   0.08726646259971647      5.195420481921281E-18    0.08726646259971647      2.563765853653974E-18    0.08726646259971647      2.476433184272793E-18    0.08726646259971647      2.9310989971819056E-18   0.08726646259971647      3.324706505639339E-18    0.08726646259971647      3.170080325283044E-18    0.08726646259971647      2.462779712610394E-18    0.08726646259971647      1.6173578550426957E-18   0.08726646259971647      1.2200894311823437E-18   0.08726646259971647      1.6659721792126825E-18   0.08726646259971647
0.10471975511965977       1.5692122304392896E-17   0.10471975511965977      7.647065170720629E-18    0.10471975511965977      4.2332404031407E-18      0.10471975511965977      3.691910703800176E-18    0.10471975511965977      3.4402422131154146E-18   0.10471975511965977      3.2716802136226366E-18   0.10471975511965977      3.35408152301929E-18     0.10471975511965977      3.8014388994326706E-18   0.10471975511965977      4.4273652645600054E-18   0.10471975511965977      4.823865239470867E-18    0.10471975511965977      4.6545819537784365E-18   0.10471975511965977
0.12217304763960307       2.1548967395051995E-17   0.12217304763960307      1.0534865869978034E-17   0.12217304763960307      5.7989133942019285E-18   0.12217304763960307      5.001175183322958E-18    0.12217304763960307      4.646357680606926E-18    0.12217304763960307      4.4820809254900154E-18   0.12217304763960307      4.7145760000271646E-18   0.12217304763960307      5.421286261635889E-18    0.12217304763960307      6.272955702843674E-18    0.12217304763960307      6.693823029973324E-18    0.12217304763960307      6.28593839052867E-18     0.12217304763960307
0.13962634015954636       2.907807927792596E-17    0.13962634015954636      1.3468210991665723E-17   0.13962634015954636      6.930337217641717E-18    0.13962634015954636      6.362234046069459E-18    0.13962634015954636      6.8945053258905244E-18   0.13962634015954636      7.444523273646853E-18    0.13962634015954636      7.332148687071047E-18    0.13962634015954636      6.552180985011251E-18    0.13962634015954636      5.568014295963924E-18    0.13962634015954636      5.026463629548677E-18    0.13962634015954636      5.400300458115803E-18    0.13962634015954636
0.15707963267948966       3.594001995573587E-17    0.15707963267948966      1.691568616881129E-17    0.15707963267948966      8.926879661323254E-18    0.15707963267948966      8.108673536819456E-18    0.15707963267948966      8.400005801361724E-18    0.15707963267948966      8.682497534189599E-18    0.15707963267948966      8.504312222430919E-18    0.15707963267948966      8.039128641897032E-18    0.15707963267948966      7.638225815283515E-18    0.15707963267948966      7.571858730582605E-18    0.15707963267948966      7.935142105653859E-18    0.15707963267948966
0.17453292519943295       4.347686189668351E-17    0.17453292519943295      2.1160427052409944E-17   0.17453292519943295      1.1580795428230206E-17   0.17453292519943295      1.0106000692975314E-17   0.17453292519943295      9.543873192451332E-18    0.17453292519943295      9.223820328325461E-18    0.17453292519943295      9.43987078131382E-18     0.17453292519943295      1.048166568871632E-17    0.17453292519943295      1.1928857237426567E-17   0.17453292519943295      1.2796639019950948E-17   0.17453292519943295      1.231535327728572E-17    0.17453292519943295
0.19198621771937624       5.354649736323922E-17    0.19198621771937624      2.5476144239072762E-17   0.19198621771937624      1.3515711005296559E-17   0.19198621771937624      1.200658880048106E-17    0.19198621771937624      1.2080215405905787E-17   0.19198621771937624      1.238643019826229E-17    0.19198621771937624      1.2476576304496121E-17   0.19198621771937624      1.247385243874281E-17    0.19198621771937624      1.2445278299789703E-17   0.19198621771937624      1.2303115903901427E-17   0.19198621771937624      1.2055928074723772E-17   0.19198621771937624
0.20943951023931953       6.374149056137947E-17    0.2094395102393195       2.978632546086787E-17    0.2094395102393195       1.5530028030924474E-17   0.2094395102393195       1.4138000376673425E-17   0.2094395102393195       1.4924350803572397E-17   0.2094395102393195       1.575128183098228E-17    0.2094395102393195       1.546304380499239E-17    0.2094395102393195       1.4222108387051247E-17   0.2094395102393195       1.2789863693352495E-17   0.2094395102393195       1.2038012890039882E-17   0.2094395102393195       1.2585112777248358E-17   0.2094395102393195
0.22689280275926285       7.300553538515351E-17    0.22689280275926285      3.491160311648655E-17    0.22689280275926285      1.8784774756415172E-17   0.22689280275926285      1.6732377661870504E-17   0.22689280275926285      1.6568676189995485E-17   0.22689280275926285      1.656360435838219E-17    0.22689280275926285      1.6446124709708945E-17   0.22689280275926285      1.6690777208544093E-17   0.22689280275926285      1.737296149229398E-17    0.22689280275926285      1.8004014434804412E-17   0.22689280275926285      1.806521692038477E-17    0.22689280275926285
0.24434609527920614       8.454400150634724E-17    0.24434609527920614      4.0728055409303263E-17   0.24434609527920614      2.1989897191641172E-17   0.24434609527920614      1.933544694699987E-17    0.24434609527920614      1.879499629087403E-17    0.24434609527920614      1.8678250995636617E-17   0.24434609527920614      1.8929645657570193E-17   0.24434609527920614      1.996390684803635E-17    0.24434609527920614      2.1425346262352163E-17   0.24434609527920614      2.2247286066776063E-17   0.24434609527920614      2.1641392480572702E-17   0.24434609527920614
0.2617993877991494        9.79682827204215E-17     0.2617993877991494       4.6248190013179067E-17   0.2617993877991494       2.4334068579825132E-17   0.2617993877991494       2.1836930341171947E-17   0.2617993877991494       2.2480908279172828E-17   0.2617993877991494       2.3429239638325632E-17   0.2617993877991494       2.3386308693931133E-17   0.2617993877991494       2.2533164319951456E-17   0.2617993877991494       2.1441860611404128E-17   0.2617993877991494       2.064848444587159E-17    0.2617993877991494       2.0675079381851232E-17   0.2617993877991494
0.2792526803190927        1.0994508438384907E-16   0.2792526803190927       5.1904476507462504E-17   0.2792526803190927       2.7467322949570124E-17   0.2792526803190927       2.4785401753203932E-17   0.2792526803190927       2.5478063310155226E-17   0.2792526803190927       2.628888929597381E-17    0.2792526803190927       2.5913660524991982E-17   0.2792526803190927       2.4807580143519804E-17   0.2792526803190927       2.3786954893475154E-17   0.2792526803190927       2.341375204438394E-17    0.2792526803190927       2.3991659204433376E-17   0.2792526803190927
0.29670597283903605       1.2212410449005963E-16   0.2967059728390361       5.863805126922512E-17    0.2967059728390361       3.167910211520582E-17    0.2967059728390361       2.8071046371500075E-17   0.2967059728390361       2.7542687155226428E-17   0.2967059728390361       2.7361750349145157E-17   0.2967059728390361       2.7330875705016662E-17   0.2967059728390361       2.820157120806221E-17    0.2967059728390361       2.986021606319124E-17    0.2967059728390361       3.115445890881521E-17    0.2967059728390361       3.100341602360995E-17    0.2967059728390361
0.3141592653589793        1.3736759366772732E-16   0.3141592653589793       6.567304506514252E-17    0.3141592653589793       3.5135638195425223E-17   0.3141592653589793       3.111223014899235E-17    0.3141592653589793       3.094134154592128E-17    0.3141592653589793       3.1342394105683807E-17   0.3141592653589793       3.157540966204914E-17    0.3141592653589793       3.2084529865729735E-17   0.3141592653589793       3.283407448198044E-17    0.3141592653589793       3.312990652181253E-17    0.3141592653589793       3.252412655363159E-17    0.3141592653589793
0.3316125578789226        1.5280201947659438E-16   0.3316125578789226       7.212478644334783E-17    0.3316125578789226       3.8049932739002036E-17   0.3316125578789226       3.4209213099476115E-17   0.3316125578789226       3.526641509606675E-17    0.3316125578789226       3.669241567088645E-17    0.3316125578789226       3.653299170925088E-17    0.3316125578789226       3.508109611493008E-17    0.3316125578789226       3.328740440572129E-17    0.3316125578789226       3.206786323665733E-17    0.3316125578789226       3.223756054628711E-17    0.3316125578789226
0.3490658503988659        1.6627371352077207E-16   0.3490658503988659       7.902448968719049E-17    0.3490658503988659       4.224094956091106E-17    0.3490658503988659       3.788639228543074E-17    0.3490658503988659       3.8291113774384145E-17   0.3490658503988659       3.891576810677889E-17    0.3490658503988659       3.848640659258543E-17    0.3490658503988659       3.781614944060907E-17    0.3490658503988659       3.764370893921598E-17    0.3490658503988659       3.7959516801733914E-17   0.3490658503988659       3.8521763109160214E-17   0.3490658503988659
0.3665191429188092        1.8151513215316145E-16   0.3665191429188092       8.710753853385401E-17    0.3665191429188092       4.7007362787090845E-17   0.3665191429188092       4.165057765835727E-17    0.3665191429188092       4.099115571801596E-17    0.3665191429188092       4.0870376011685865E-17   0.3665191429188092       4.0878176473140973E-17   0.3665191429188092       4.201113037450407E-17    0.3665191429188092       4.415414036422375E-17    0.3665191429188092       4.5792184108340875E-17   0.3665191429188092       4.556390464201175E-17    0.3665191429188092
0.3839724354387525        1.9958882954445126E-16   0.3839724354387525       9.502891138198398E-17    0.3839724354387525       5.0599033290980544E-17   0.3839724354387525       4.501596516579961E-17    0.3839724354387525       4.531559859050266E-17    0.3839724354387525       4.635695661626776E-17    0.3839724354387525       4.657662428910411E-17    0.3839724354387525       4.648806047639375E-17    0.3839724354387525       4.643361259448078E-17    0.3839724354387525       4.609088782368209E-17    0.3839724354387525       4.544512988631015E-17    0.3839724354387525
0.40142572795869574       2.1626065509728173E-16   0.40142572795869574      1.0224073486696612E-16   0.40142572795869574      5.4110861804747306E-17   0.40142572795869574      4.8644707249075435E-17   0.40142572795869574      4.993366559393897E-17    0.40142572795869574      5.169146030727037E-17    0.40142572795869574      5.1428488108783225E-17   0.40142572795869574      4.9693173449524146E-17   0.40142572795869574      4.7701510188668704E-17   0.40142572795869574      4.6369858676420684E-17   0.40142572795869574      4.655362256654684E-17    0.40142572795869574
0.41887902047863906       2.312955247652461E-16    0.41887902047863906      1.1022252655949266E-16   0.41887902047863906      5.91157841082826E-17     0.41887902047863906      5.2902948830668275E-17   0.41887902047863906      5.310119809044548E-17    0.41887902047863906      5.3633580803270946E-17   0.41887902047863906      5.3098014833607205E-17   0.41887902047863906      5.2733601271314246E-17   0.41887902047863906      5.330980606738559E-17    0.41887902047863906      5.430280555608999E-17    0.41887902047863906      5.496963737753604E-17    0.41887902047863906
0.4363323129985824        2.4906436797842536E-16   0.4363323129985824       1.1932308240006054E-16   0.4363323129985824       6.424212875407074E-17    0.4363323129985824       5.700914192166162E-17    0.4363323129985824       5.640478782203213E-17    0.4363323129985824       5.653459578160749E-17    0.4363323129985824       5.652773774162386E-17    0.4363323129985824       5.7634025005261E-17      0.4363323129985824       5.987514260952885E-17    0.4363323129985824       6.161968860694499E-17    0.4363323129985824       6.143109546414454E-17    0.4363323129985824
0.4537856055185257        2.6876714719441456E-16   0.45378560551852565      1.278141174631725E-16    0.45378560551852565      6.802827129452841E-17    0.45378560551852565      6.065251579764958E-17    0.45378560551852565      6.129541120289848E-17    0.45378560551852565      6.290512797535188E-17    0.45378560551852565      6.317789392510599E-17    0.45378560551852565      6.274916972306881E-17    0.45378560551852565      6.21661261161456E-17     0.45378560551852565      6.130256815196031E-17    0.45378560551852565      6.047638303524621E-17    0.45378560551852565
0.47123889803846897       2.860107059387643E-16    0.4712388980384689       1.3547508292821668E-16   0.4712388980384689       7.199499072955385E-17    0.4712388980384689       6.468934374459484E-17    0.4712388980384689       6.610424850172479E-17    0.4712388980384689       6.813943982325E-17       0.4712388980384689       6.78388713174431E-17     0.4712388980384689       6.603793391702649E-17    0.4712388980384689       6.403416574908823E-17    0.4712388980384689       6.26150273703141E-17     0.4712388980384689       6.26564480839216E-17     0.4712388980384689
0.4886921905584123        3.0214758723351517E-16   0.4886921905584123       1.4409913094661043E-16   0.4886921905584123       7.744861363084478E-17    0.4886921905584123       6.931627469022534E-17    0.4886921905584123       6.950168812679211E-17    0.4886921905584123       7.008078697403626E-17    0.4886921905584123       6.936574428381254E-17    0.4886921905584123       6.904513970696954E-17    0.4886921905584123       6.999266786363418E-17    0.4886921905584123       7.138701372407641E-17    0.4886921905584123       7.222943361826645E-17    0.4886921905584123
0.5061454830783556        3.214969707774734E-16    0.5061454830783556       1.5383229671745613E-16   0.5061454830783556       8.277785688516181E-17    0.5061454830783556       7.358448375327728E-17    0.5061454830783556       7.313600331162092E-17    0.5061454830783556       7.348054238416042E-17    0.5061454830783556       7.332653100027736E-17    0.5061454830783556       7.432437676706261E-17    0.5061454830783556       7.669259435691537E-17    0.5061454830783556       7.863885811995477E-17    0.5061454830783556       7.8595408997073E-17      0.5061454830783556
0.5235987755982988        3.421853589241471E-16    0.5235987755982988       1.6274137491525187E-16   0.5235987755982988       8.669697173090541E-17    0.5235987755982988       7.729942753006113E-17    0.5235987755982988       7.820283330208072E-17    0.5235987755982988       8.020866597347815E-17    0.5235987755982988       8.052512504824337E-17    0.5235987755982988       8.007323430598845E-17    0.5235987755982988       7.95109942925169E-17     0.5235987755982988       7.850919627829346E-17    0.5235987755982988       7.736377618742378E-17    0.5235987755982988
0.5410520681182421        3.5982827895669333E-16   0.5410520681182421       1.7064212585415074E-16   0.5410520681182421       9.081934365356953E-17    0.5410520681182421       8.148471234495021E-17    0.5410520681182421       8.318384586815225E-17    0.5410520681182421       8.562625881183762E-17    0.5410520681182421       8.535738507414508E-17    0.5410520681182421       8.349397336106925E-17    0.5410520681182421       8.145689039714606E-17    0.5410520681182421       7.98334881826306E-17     0.5410520681182421       7.949445241350695E-17    0.5410520681182421
0.5585053606381855        3.762488392477556E-16    0.5585053606381855       1.7946143933054076E-16   0.5585053606381855       9.644666782043777E-17    0.5585053606381855       8.634585271603474E-17    0.5585053606381855       8.683702872097788E-17    0.5585053606381855       8.772152610205929E-17    0.5585053606381855       8.677256609259467E-17    0.5585053606381855       8.6080602540877E-17      0.5585053606381855       8.686843942720842E-17    0.5585053606381855       8.830750700920769E-17    0.5585053606381855       8.935727863107331E-17    0.5585053606381855
0.5759586531581288        3.958141158955631E-16    0.5759586531581288       1.8948352338811657E-16   0.5759586531581288       1.0204559229650229E-16   0.5759586531581288       9.081051559910789E-17    0.5759586531581288       9.047546698727258E-17    0.5759586531581288       9.092179555739811E-17    0.5759586531581288       9.045559695064772E-17    0.5759586531581288       9.123097723102024E-17    0.5759586531581288       9.380693499124098E-17    0.5759586531581288       9.625092258420932E-17    0.5759586531581288       9.668752472506217E-17    0.5759586531581288
0.5934119456780721        4.1676807769240935E-16   0.5934119456780721       1.9867288583380826E-16   0.5934119456780721       1.0613617015758639E-16   0.5934119456780721       9.452653674034094E-17    0.5934119456780721       9.53652892476406E-17     0.5934119456780721       9.750200590940095E-17    0.5934119456780721       9.784300445765807E-17    0.5934119456780721       9.767435671743971E-17    0.5934119456780721       9.768551758594633E-17    0.5934119456780721       9.710297109151931E-17    0.5934119456780721       9.580696469858165E-17    0.5934119456780721
0.6108652381980153        4.345586420929212E-16    0.6108652381980153       2.0643634777831516E-16   0.6108652381980153       1.1001464721903918E-16   0.6108652381980153       9.854411885868455E-17    0.6108652381980153       1.004920514612988E-16    0.6108652381980153       1.035107642019578E-16    0.6108652381980153       1.0352063509576386E-16   0.6108652381980153       1.0172663616947449E-16   0.6108652381980153       9.956151798601271E-17    0.6108652381980153       9.747054688500443E-17    0.6108652381980153       9.64126112290027E-17     0.6108652381980153
0.6283185307179586        4.502580387008244E-16    0.6283185307179586       2.1465896536226057E-16   0.6283185307179586       1.1529325717411244E-16   0.6283185307179586       1.0334228579011336E-16   0.6283185307179586       1.0443853934619725E-16   0.6283185307179586       1.0603507465950758E-16   0.6283185307179586       1.0502778061189406E-16   0.6283185307179586       1.0365367194960501E-16   0.6283185307179586       1.0353898647880683E-16   0.6283185307179586       1.0425692125400118E-16   0.6283185307179586       1.0519922781524333E-16   0.6283185307179586
0.6457718232379019        4.684471323624227E-16    0.6457718232379019       2.242776180199699E-16    0.6457718232379019       1.2100132378271034E-16   0.6457718232379019       1.079169571959418E-16    0.6457718232379019       1.078077669826587E-16    0.6457718232379019       1.0831555105866737E-16   0.6457718232379019       1.0734035924693741E-16   0.6457718232379019       1.0759202633204762E-16   0.6457718232379019       1.101262428536298E-16    0.6457718232379019       1.1309668361332217E-16   0.6457718232379019       1.1442424676785565E-16   0.6457718232379019
0.6632251157578452        4.888275176405005E-16    0.6632251157578452       2.335778792254793E-16    0.6632251157578452       1.253298993206959E-16    0.6632251157578452       1.1153289305652801E-16   0.6632251157578452       1.120144497797657E-16    0.6632251157578452       1.137898758101778E-16    0.6632251157578452       1.138999058155905E-16    0.6632251157578452       1.1425154117865197E-16   0.6632251157578452       1.1554384454809223E-16   0.6632251157578452       1.1629093326837048E-16   0.6632251157578452       1.1553894791038316E-16   0.6632251157578452
0.6806784082777885        5.068321507418077E-16    0.6806784082777885       2.411692291277248E-16    0.6806784082777885       1.2874164010214615E-16   0.6806784082777885       1.1502783219553094E-16   0.6806784082777885       1.1697238913495438E-16   0.6806784082777885       1.2036801854960057E-16   0.6806784082777885       1.208496933409263E-16    0.6806784082777885       1.1971061710092933E-16   0.6806784082777885       1.1807837501327883E-16   0.6806784082777885       1.1586725156520214E-16   0.6806784082777885       1.1390898680679873E-16   0.6806784082777885
0.6981317007977318        5.21438555498563E-16     0.6981317007977318       2.482678875453283E-16    0.6981317007977318       1.3307823214580375E-16   0.6981317007977318       1.1934925016312462E-16   0.6981317007977318       1.2130968544060497E-16   0.6981317007977318       1.2408206725069566E-16   0.6981317007977318       1.2349968724712858E-16   0.6981317007977318       1.2159846343296947E-16   0.6981317007977318       1.2009013678848732E-16   0.6981317007977318       1.190420861893835E-16    0.6981317007977318       1.1881719823200278E-16   0.6981317007977318
0.715584993317675         5.366333456682201E-16    0.715584993317675        2.565978227276751E-16    0.715584993317675        1.3848519976911423E-16   0.715584993317675        1.239552029798017E-16    0.715584993317675        1.245827428637359E-16    0.715584993317675        1.2559365749066935E-16   0.715584993317675        1.241144611227279E-16    0.715584993317675        1.2324686600998116E-16   0.715584993317675        1.2460607863517058E-16   0.715584993317675        1.269921390195032E-16    0.715584993317675        1.2884542515903155E-16   0.715584993317675
0.7330382858376184        5.545811378712896E-16    0.7330382858376184       2.655422637628313E-16    0.7330382858376184       1.4322064482876302E-16   0.7330382858376184       1.2765684485137682E-16   0.7330382858376184       1.2778483867502175E-16   0.7330382858376184       1.2877287861541268E-16   0.7330382858376184       1.279647741694902E-16    0.7330382858376184       1.2832140142746905E-16   0.7330382858376184       1.3084252369388188E-16   0.7330382858376184       1.3358573020671636E-16   0.7330382858376184       1.3460692162571605E-16   0.7330382858376184
0.7504915783575616        5.722109299099139E-16    0.7504915783575616       2.7313643528552844E-16   0.7504915783575616       1.464077583129944E-16    0.7504915783575616       1.3047041521119084E-16   0.7504915783575616       1.3173744810708082E-16   0.7504915783575616       1.345576751438046E-16    0.7504915783575616       1.350013252148609E-16    0.7504915783575616       1.3502771282730666E-16   0.7504915783575616       1.353714767971556E-16    0.7504915783575616       1.348583719416975E-16    0.7504915783575616       1.3320895239128414E-16   0.7504915783575616
0.767944870877505         5.862007401108953E-16    0.767944870877505        2.7910798603969745E-16   0.767944870877505        1.4932374664710912E-16   0.767944870877505        1.3361012850669779E-16   0.767944870877505        1.3603248545487271E-16   0.767944870877505        1.398985243111782E-16    0.767944870877505        1.4031608503859045E-16   0.767944870877505        1.3901034939220353E-16   0.767944870877505        1.3716185284899892E-16   0.767944870877505        1.3464045626844798E-16   0.767944870877505        1.3238158104822879E-16   0.767944870877505
0.7853981633974483        5.978318807056535E-16    0.7853981633974483       2.8513557293729557E-16   0.7853981633974483       1.5336561935052435E-16   0.7853981633974483       1.3760205399315235E-16   0.7853981633974483       1.3964589222417083E-16   0.7853981633974483       1.4234277809086163E-16   0.7853981633974483       1.4138765094027898E-16   0.7853981633974483       1.3951547289567232E-16   0.7853981633974483       1.38480634057872E-16     0.7853981633974483       1.3801851366273556E-16   0.7853981633974483       1.381658619939566E-16    0.7853981633974483
0.8028514559173915        6.106911166639599E-16    0.8028514559173915       2.9227850633243045E-16   0.8028514559173915       1.580238496740492E-16    0.8028514559173915       1.4149682332965582E-16   0.8028514559173915       1.4228071452559038E-16   0.8028514559173915       1.4332541867744532E-16   0.8028514559173915       1.4148906909707878E-16   0.8028514559173915       1.4047135217292591E-16   0.8028514559173915       1.4198479211338584E-16   0.8028514559173915       1.4468940370563732E-16   0.8028514559173915       1.469641888429313E-16    0.8028514559173915
0.8203047484373349        6.253326998296146E-16    0.8203047484373349       2.9947743478883954E-16   0.8203047484373349       1.616883984646692E-16    0.8203047484373349       1.4423531057941055E-16   0.8203047484373349       1.4465875292634142E-16   0.8203047484373349       1.4587935493318655E-16   0.8203047484373349       1.4484830640131011E-16   0.8203047484373349       1.4500577929106804E-16   0.8203047484373349       1.4744749654713887E-16   0.8203047484373349       1.5018278356961187E-16   0.8203047484373349       1.514051690153629E-16    0.8203047484373349
0.8377580409572781        6.387318421687434E-16    0.8377580409572781       3.0508908068146766E-16   0.8377580409572781       1.6384732751044095E-16   0.8377580409572781       1.4605400526557566E-16   0.8377580409572781       1.4749674099297618E-16   0.8377580409572781       1.5049373605856633E-16   0.8377580409572781       1.5090004667244965E-16   0.8377580409572781       1.511463005029699E-16    0.8377580409572781       1.518819737306389E-16    0.8377580409572781       1.5156167753931462E-16   0.8377580409572781       1.4981590115942687E-16   0.8377580409572781
0.8552113334772214        6.485707485010999E-16    0.8552113334772216       3.090822145416267E-16    0.8552113334772216       1.6568988159906009E-16   0.8552113334772216       1.4817076958500573E-16   0.8552113334772216       1.5076535366415303E-16   0.8552113334772216       1.549094691280986E-16    0.8552113334772216       1.5555082691315847E-16   0.8552113334772216       1.547606274530279E-16    0.8552113334772216       1.5344370591801142E-16   0.8552113334772216       1.5091068860578693E-16   0.8552113334772216       1.4799838872905245E-16   0.8552113334772216
0.8726646259971648        6.560070971142966E-16    0.8726646259971648       3.1288826964220357E-16   0.8726646259971648       1.6843217173063674E-16   0.8726646259971648       1.511308623533198E-16    0.8726646259971648       1.5371382930397214E-16   0.8726646259971648       1.5704160827026809E-16   0.8726646259971648       1.5636807125314493E-16   0.8726646259971648       1.545780374641674E-16    0.8726646259971648       1.5324740871772072E-16   0.8726646259971648       1.5192070822587402E-16   0.8726646259971648       1.5103050670978846E-16   0.8726646259971648
0.890117918517108         6.637591272876372E-16    0.890117918517108        3.1747934403394896E-16   0.890117918517108        1.718199382429103E-16    0.890117918517108        1.5414307304575623E-16   0.890117918517108        1.5570111961744946E-16   0.890117918517108        1.573010724241465E-16    0.890117918517108        1.5525345121888205E-16   0.890117918517108        1.5354211885898443E-16   0.890117918517108        1.540886326951285E-16    0.890117918517108        1.558262882259776E-16    0.890117918517108        1.5775922765368516E-16   0.890117918517108
0.9075712110370514        6.725829029730255E-16    0.9075712110370514       3.2220398919114893E-16   0.9075712110370514       1.7452808665350671E-16   0.9075712110370514       1.5607638953844231E-16   0.9075712110370514       1.5685895783141177E-16   0.9075712110370514       1.5783637816672562E-16   0.9075712110370514       1.5588828335029448E-16   0.9075712110370514       1.5523041738509162E-16   0.9075712110370514       1.5743666954001312E-16   0.9075712110370514       1.6065230267736503E-16   0.9075712110370514       1.6305048743096286E-16   0.9075712110370514
0.9250245035569946        6.806220765776669E-16    0.9250245035569946       3.2566171790630147E-16   0.9250245035569946       1.7571482526853525E-16   0.9250245035569946       1.5670915718796815E-16   0.9250245035569946       1.5780835705091933E-16   0.9250245035569946       1.598968761006781E-16    0.9250245035569946       1.5935786813758068E-16   0.9250245035569946       1.5963573264225003E-16   0.9250245035569946       1.6162835428920889E-16   0.9250245035569946       1.632618982864114E-16    0.9250245035569946       1.6326851885957686E-16   0.9250245035569946
0.9424777960769379        6.858333981079389E-16    0.9424777960769379       3.273497555074004E-16    0.9424777960769379       1.7592910463428312E-16   0.9424777960769379       1.5699491224060352E-16   0.9424777960769379       1.5918026467262305E-16   0.9424777960769379       1.6293501968633347E-16   0.9424777960769379       1.6365187028693668E-16   0.9424777960769379       1.6390675842405954E-16   0.9424777960769379       1.6426420941939474E-16   0.9424777960769379       1.6310625831394386E-16   0.9424777960769379       1.6042255466610028E-16   0.9424777960769379
0.9599310885968813        6.881358149810951E-16    0.9599310885968814       3.280615509141038E-16    0.9599310885968814       1.7635099030285227E-16   0.9599310885968814       1.5789008798538966E-16   0.9599310885968814       1.608603427674991E-16    0.9599310885968814       1.6516682296350832E-16   0.9599310885968814       1.6570095593652776E-16   0.9599310885968814       1.6498222762949725E-16   0.9599310885968814       1.6389517263145237E-16   0.9599310885968814       1.6146741926637164E-16   0.9599310885968814       1.5840022732724117E-16   0.9599310885968814
0.9773843811168246        6.890722847506463E-16    0.9773843811168246       3.2888818555284007E-16   0.9773843811168246       1.7755894221302284E-16   0.9773843811168246       1.5945117641302256E-16   0.9773843811168246       1.6226367485829233E-16   0.9773843811168246       1.6559195243382762E-16   0.9773843811168246       1.6472143357799793E-16   0.9773843811168246       1.6296936171680736E-16   0.9773843811168246       1.618788042067303E-16    0.9773843811168246       1.607454430275186E-16    0.9773843811168246       1.5987898434025929E-16   0.9773843811168246
0.9948376736367678        6.8985611282154E-16      0.9948376736367677       3.3001909152422787E-16   0.9948376736367677       1.7896317633728285E-16   0.9948376736367677       1.6073270589735468E-16   0.9948376736367677       1.6267200300958257E-16   0.9948376736367677       1.6445720788526455E-16   0.9948376736367677       1.6223839398971133E-16   0.9948376736367677       1.602408813353258E-16    0.9948376736367677       1.6040717343659512E-16   0.9948376736367677       1.617411836185962E-16    0.9948376736367677       1.635299786303568E-16    0.9948376736367677
1.0122909661567112        6.901788362810555E-16    1.0122909661567112       3.3064970836222957E-16   1.0122909661567112       1.794989855429314E-16    1.0122909661567112       1.608058999753427E-16    1.0122909661567112       1.619745391609876E-16    1.0122909661567112       1.6302011853324524E-16   1.0122909661567112       1.6068218242594847E-16   1.0122909661567112       1.5944640483627938E-16   1.0122909661567112       1.6105636029256971E-16   1.0122909661567112       1.6392192809310745E-16   1.0122909661567112       1.6657841612313847E-16   1.0122909661567112
1.0297442586766543        6.887872191279488E-16    1.0297442586766543       3.2983662024868526E-16   1.0297442586766543       1.78582438432706E-16     1.0297442586766543       1.5949104406417203E-16   1.0297442586766543       1.60576429400359E-16     1.0297442586766543       1.621829305989253E-16    1.0297442586766543       1.609637868032314E-16    1.0297442586766543       1.6087322615487057E-16   1.0297442586766543       1.6302616796683157E-16   1.0297442586766543       1.6537183235252758E-16   1.0297442586766543       1.6649649254315161E-16   1.0297442586766543
1.0471975511965976        6.848646857491514E-16    1.0471975511965976       3.273856797719747E-16    1.0471975511965976       1.7659360823294225E-16   1.0471975511965976       1.5753460601649123E-16   1.0471975511965976       1.5924633913217174E-16   1.0471975511965976       1.621852485594867E-16    1.0471975511965976       1.6241608490669854E-16   1.0471975511965976       1.6305147299712872E-16   1.0471975511965976       1.6462461377082456E-16   1.0471975511965976       1.650354076334117E-16    1.0471975511965976       1.6358022017625716E-16   1.0471975511965976
1.064650843716541         6.787070058079914E-16    1.064650843716541        3.239177897532706E-16    1.064650843716541        1.7442657159362587E-16   1.064650843716541        1.5585936170854524E-16   1.064650843716541        1.5840195015913172E-16   1.064650843716541        1.6239287389019847E-16   1.064650843716541        1.6331750750392716E-16   1.064650843716541        1.63778048130996E-16     1.064650843716541        1.6417043569379644E-16   1.064650843716541        1.6273589303987356E-16   1.064650843716541        1.5956966094984958E-16   1.064650843716541
1.0821041362364843        6.71188004434664E-16     1.0821041362364843       3.202085388856743E-16    1.0821041362364843       1.7271235794720053E-16   1.0821041362364843       1.5483856233350726E-16   1.0821041362364843       1.5785885024945022E-16   1.0821041362364843       1.6192056938325986E-16   1.0821041362364843       1.6235482138373158E-16   1.0821041362364843       1.6189360502838592E-16   1.0821041362364843       1.6128821307200058E-16   1.0821041362364843       1.5926299888800412E-16   1.0821041362364843       1.562914140058817E-16    1.0821041362364843
1.0995574287564276        6.627754731302745E-16    1.0995574287564276       3.165198694459362E-16    1.0995574287564276       1.713974871265405E-16    1.0995574287564276       1.5411076253191176E-16   1.0995574287564276       1.5702169215487057E-16   1.0995574287564276       1.602220221121089E-16    1.0995574287564276       1.5939647726169494E-16   1.0995574287564276       1.578954915773316E-16    1.0995574287564276       1.5704934899319517E-16   1.0995574287564276       1.5591887098294614E-16   1.0995574287564276       1.5478050292642503E-16   1.0995574287564276
1.117010721276371         6.530230443969216E-16    1.117010721276371        3.1237824072386417E-16   1.117010721276371        1.6979283258249765E-16   1.117010721276371        1.5279769265474065E-16   1.117010721276371        1.5512946165380381E-16   1.117010721276371        1.5710634984815297E-16   1.117010721276371        1.5504613665993249E-16   1.117010721276371        1.5296703578903984E-16   1.117010721276371        1.5263074828976592E-16   1.117010721276371        1.5312831989528006E-16   1.117010721276371        1.5416829915716327E-16   1.117010721276371
1.1344640137963142        6.409560093384875E-16    1.1344640137963142       3.070027081178635E-16    1.1344640137963142       1.6715946529488864E-16   1.1344640137963142       1.5022926074521033E-16   1.1344640137963142       1.5190452590337352E-16   1.1344640137963142       1.5301991884480716E-16   1.1344640137963142       1.5046999319586905E-16   1.1344640137963142       1.4859398655778888E-16   1.1344640137963142       1.4920091813344374E-16   1.1344640137963142       1.5112678612956733E-16   1.1344640137963142       1.5349909235525957E-16   1.1344640137963142
1.1519173063162575        6.25901318081396E-16     1.1519173063162575       2.9988039888627166E-16   1.1519173063162575       1.631408580302054E-16    1.1519173063162575       1.4623104157430705E-16   1.1519173063162575       1.474934250860269E-16    1.1519173063162575       1.4846921044316018E-16   1.1519173063162575       1.4634640909032042E-16   1.1519173063162575       1.452935183101625E-16    1.1519173063162575       1.467852842905832E-16    1.1519173063162575       1.4927278006879414E-16   1.1519173063162575       1.5156522841181934E-16   1.1519173063162575
1.1693705988362006        6.080510170147583E-16    1.1693705988362006       2.9110357464462554E-16   1.1693705988362006       1.579371171038402E-16    1.1693705988362006       1.4119526009296136E-16   1.1693705988362006       1.4242998049328546E-16   1.1693705988362006       1.4392911997508325E-16   1.1693705988362006       1.428463067035171E-16    1.1693705988362006       1.4280319877946537E-16   1.1693705988362006       1.447439452163745E-16    1.1693705988362006       1.4679433933333273E-16   1.1693705988362006       1.47804090102436E-16     1.1693705988362006
1.1868238913561442        5.884088473032371E-16    1.1868238913561442       2.813161646297986E-16    1.1868238913561442       1.5217807620191226E-16   1.1868238913561442       1.3588400209816741E-16   1.1868238913561442       1.374503138684635E-16    1.1868238913561442       1.3981788718987046E-16   1.1868238913561442       1.3989151466955281E-16   1.1868238913561442       1.406404636537944E-16    1.1868238913561442       1.4252874737873374E-16   1.1868238913561442       1.435518626330871E-16    1.1868238913561442       1.428839227135419E-16    1.1868238913561442
1.2042771838760873        5.681955885979523E-16    1.2042771838760873       2.71291144208303E-16     1.2042771838760873       1.4648988936140306E-16   1.2042771838760873       1.3089493268205102E-16   1.2042771838760873       1.3294173653818625E-16   1.2042771838760873       1.3607760843909108E-16   1.2042771838760873       1.3692560596925527E-16   1.2042771838760873       1.3794952800276777E-16   1.2042771838760873       1.393615040002576E-16    1.2042771838760873       1.3925903424472092E-16   1.2042771838760873       1.3725473837716237E-16   1.2042771838760873
1.2217304763960306        5.481422930368602E-16    1.2217304763960306       2.6150422992450447E-16   1.2217304763960306       1.4120544959087976E-16   1.2217304763960306       1.2645178931311991E-16   1.2217304763960306       1.289114021428262E-16    1.2217304763960306       1.3241805040111935E-16   1.2217304763960306       1.334275300772421E-16    1.2217304763960306       1.341719498681553E-16    1.2217304763960306       1.3488501194632584E-16   1.2217304763960306       1.3394450290412133E-16   1.2217304763960306       1.313531983313331E-16    1.2217304763960306
1.239183768915974         5.280984422164593E-16    1.239183768915974        2.5193286699362354E-16   1.239183768915974        1.36290303580294E-16     1.239183768915974        1.2242621926352867E-16   1.239183768915974        1.2512039022233796E-16   1.239183768915974        1.2854975147883776E-16   1.239183768915974        1.2919055697890292E-16   1.239183768915974        1.2931634507497654E-16   1.239183768915974        1.2939459079239392E-16   1.239183768915974        1.281602448471643E-16    1.239183768915974        1.2585723598761026E-16   1.239183768915974
1.2566370614359172        5.070885698164474E-16    1.2566370614359172       2.4207495018222663E-16   1.2566370614359172       1.3135721491724012E-16   1.2566370614359172       1.1834623597459557E-16   1.2566370614359172       1.2104056668240078E-16   1.2566370614359172       1.240223792880944E-16    1.2566370614359172       1.2397867153546614E-16   1.2566370614359172       1.234011750239665E-16    1.2566370614359172       1.230852383187738E-16    1.2566370614359172       1.2209791156030594E-16   1.2566370614359172       1.2074207382828566E-16   1.2566370614359172
1.2740903539558606        4.837194998351136E-16    1.2740903539558606       2.311716924444174E-16    1.2740903539558606       1.2584553433476995E-16   1.2740903539558606       1.1360800216534255E-16   1.2740903539558606       1.1607826026015572E-16   1.2740903539558606       1.1840178672986311E-16   1.2740903539558606       1.176126042749745E-16    1.2740903539558606       1.164569591371258E-16    1.2740903539558606       1.160262410039872E-16    1.2740903539558606       1.1562379755367323E-16   1.2740903539558606       1.1545741352128332E-16   1.2740903539558606
1.2915436464758039        4.567311645199337E-16    1.2915436464758039       2.1853278992852475E-16   1.2915436464758039       1.192864896389105E-16    1.2915436464758039       1.0777977306463131E-16   1.2915436464758039       1.0990264636381206E-16   1.2915436464758039       1.1157211129037653E-16   1.2915436464758039       1.1022747703258025E-16   1.2915436464758039       1.0878766232829775E-16   1.2915436464758039       1.085219028055677E-16    1.2915436464758039       1.0884843388250009E-16   1.2915436464758039       1.0979265484413823E-16   1.2915436464758039
1.3089969389957472        4.2545421138856586E-16   1.3089969389957472       2.0378646541848467E-16   1.3089969389957472       1.1145113538331517E-16   1.3089969389957472       1.0070126723844943E-16   1.3089969389957472       1.024685630046114E-16    1.3089969389957472       1.0365089943966969E-16   1.3089969389957472       1.020872555620467E-16    1.3089969389957472       1.007269849572672E-16    1.3089969389957472       1.0087048157663495E-16   1.3089969389957472       1.0194306440075508E-16   1.3089969389957472       1.0376728767293787E-16   1.3089969389957472
1.3264502315156903        3.9001901628273053E-16   1.3264502315156903       1.8697323991860875E-16   1.3264502315156903       1.0236554169039457E-16   1.3264502315156903       9.243725248006586E-17    1.3264502315156903       9.389971497914096E-17    1.3264502315156903       9.480862891369857E-17    1.3264502315156903       9.336174963116755E-17    1.3264502315156903       9.238749554303244E-17    1.3264502315156903       9.308501722659799E-17    1.3264502315156903       9.481375443739627E-17    1.3264502315156903       9.721654351888885E-17    1.3264502315156903
1.3439035240356338        3.51304009480924E-16     1.3439035240356338       1.6851305128041877E-16   1.3439035240356338       9.228219852002913E-17    1.3439035240356338       8.325083993847678E-17    1.3439035240356338       8.448209934357545E-17    1.3439035240356338       8.531168340125477E-17    1.3439035240356338       8.424000834420003E-17    1.3439035240356338       8.384702951915696E-17    1.3439035240356338       8.513414289887655E-17    1.3439035240356338       8.73613353349901E-17     1.3439035240356338       9.003814654369809E-17    1.3439035240356338
1.361356816555577         3.1070840136656733E-16   1.361356816555577        1.49095022602238E-16     1.361356816555577        8.162663975491415E-17    1.361356816555577        7.357724646577039E-17    1.361356816555577        7.468173150020587E-17    1.361356816555577        7.560762174942809E-17    1.361356816555577        7.509697643262321E-17    1.361356816555577        7.539794558849606E-17    1.361356816555577        7.726267525382561E-17    1.361356816555577        7.985293756702416E-17    1.361356816555577        8.260417630413892E-17    1.361356816555577
1.3788101090755203        2.698550000824281E-16    1.3788101090755203       1.2952929264115139E-16   1.3788101090755203       7.090630525872456E-17    1.3788101090755203       6.393388879246739E-17    1.3788101090755203       6.505488784861588E-17    1.3788101090755203       6.624609102418116E-17    1.3788101090755203       6.643410442111029E-17    1.3788101090755203       6.750520419615674E-17    1.3788101090755203       6.995614808755578E-17    1.3788101090755203       7.287721963177893E-17    1.3788101090755203       7.569272386997135E-17    1.3788101090755203
1.3962634015954636        2.3030988109237357E-16   1.3962634015954636       1.1060083732457279E-16   1.3962634015954636       6.060656673207161E-17    1.3962634015954636       5.480079505579482E-17    1.3962634015954636       5.6104495983899E-17      1.3962634015954636       5.77182916376799E-17     1.3962634015954636       5.870816981926484E-17    1.3962634015954636       6.061738124623126E-17    1.3962634015954636       6.371785045779219E-17    1.3962634015954636       6.706678152305687E-17    1.3962634015954636       7.013272681568648E-17    1.3962634015954636
1.413716694115407         1.9337491198222126E-16   1.413716694115407        9.296091636762741E-17    1.413716694115407        5.111807235946403E-17    1.413716694115407        4.65464021826431E-17     1.413716694115407        4.820180031458441E-17    1.413716694115407        5.038132305082237E-17    1.413716694115407        5.2260012603620924E-17   1.413716694115407        5.5092051234829495E-17   1.413716694115407        5.897617627509709E-17    1.413716694115407        6.297061366800419E-17    1.413716694115407        6.662672696787403E-17    1.413716694115407
1.43116998663535          1.5997569389999216E-16   1.43116998663535         7.707311801135243E-17    1.43116998663535         4.2713770269403913E-17   1.43116998663535         3.942351984149709E-17    1.43116998663535         4.1605352711747096E-17   1.43116998663535         4.450319912092265E-17    1.43116998663535         4.7381970187817017E-17   1.43116998663535         5.1280849757148184E-17   1.43116998663535         5.618027972029136E-17    1.43116998663535         6.115671189539407E-17    1.43116998663535         6.586427950985735E-17    1.43116998663535
1.4486232791552935        1.3063831211601086E-16   1.4486232791552935       6.320846447740243E-17    1.4486232791552935       3.5563509218526545E-17   1.4486232791552935       3.360973017227207E-17    1.4486232791552935       3.653242613312145E-17    1.4486232791552935       4.0361534724483425E-17   1.4486232791552935       4.443683346320039E-17    1.4486232791552935       4.966580119182788E-17    1.4486232791552935       5.595685287353375E-17    1.4486232791552935       6.239869809270697E-17    1.4486232791552935       6.875655242901509E-17    1.4486232791552935
1.4660765716752369        1.055319281135644E-16    1.4660765716752369       5.147470140348867E-17    1.4660765716752369       2.976883517025837E-17    1.4660765716752369       2.926083253054423E-17    1.4660765716752369       3.32330924926413E-17     1.4660765716752369       3.833040254738377E-17    1.4660765716752369       4.395242849452468E-17    1.4660765716752369       5.0963488035924496E-17   1.4660765716752369       5.923531093986256E-17    1.4660765716752369       6.78384090148361E-17     1.4660765716752369       7.665530239175064E-17    1.4660765716752369
1.4835298641951802        8.455191018950818E-17    1.4835298641951802       4.1865871361728577E-17   1.4835298641951802       2.540534516342045E-17    1.4835298641951802       2.6560938385867918E-17   1.4835298641951802       3.204882608738901E-17    1.4835298641951802       3.894403684816773E-17    1.4835298641951802       4.669108845711533E-17    1.4835298641951802       5.620938559878818E-17    1.4835298641951802       6.735781343707318E-17    1.4835298641951802       7.913419448633125E-17    1.4835298641951802       9.154561069119962E-17    1.4835298641951802
1.5009831567151233        6.741797570213122E-17    1.5009831567151233       3.4317732345732467E-17   1.5009831567151233       2.256449369745285E-17    1.5009831567151233       2.5770051746000403E-17   1.5009831567151233       3.347157300917332E-17    1.5009831567151233       4.297210921965145E-17    1.5009831567151233       5.374373321732662E-17    1.5009831567151233       6.687896650793395E-17    1.5009831567151233       8.223137390493091E-17    1.5009831567151233       9.864220845729391E-17    1.5009831567151233       1.1624854720588512E-16   1.5009831567151233
1.5184364492350666        5.3763670737674577E-17   1.5184364492350666       2.8757905030076166E-17   1.5184364492350666       2.1396793030148978E-17   1.5184364492350666       2.7284289941866086E-17   1.5184364492350666       3.823352590587348E-17    1.5184364492350666       5.154453202631881E-17    1.5184364492350666       6.668738172379294E-17    1.5184364492350666       8.507586074120987E-17    1.5184364492350666       1.0654581023620543E-16   1.5184364492350666       1.2965191021912786E-16   1.5184364492350666       1.5466701444318512E-16   1.5184364492350666
1.53588974175501          4.320725326856769E-17    1.53588974175501         2.5152310242853338E-17   1.53588974175501         2.2166982941334587E-17   1.53588974175501         3.172484748514657E-17    1.53588974175501         4.744254051195188E-17    1.53588974175501         6.633087200666483E-17    1.53588974175501         8.780035347254962E-17    1.53588974175501         1.137778790301463E-16    1.53588974175501         1.4404972835001288E-16   1.53588974175501         1.7668750816106632E-16   1.53588974175501         2.1211086222038904E-16   1.53588974175501
1.5533430342749535        3.541023364392071E-17    1.5533430342749535       2.355781570787017E-17    1.5533430342749535       2.5325591790926288E-17   1.5533430342749535       4.005279325297551E-17    1.5533430342749535       6.274812427754422E-17    1.5533430342749535       8.9751696459381E-17      1.5533430342749535       1.203148859661247E-16    1.5533430342749535       1.571376873787993E-16    1.5533430342749535       1.99897573024023E-16     1.5533430342749535       2.458960247598244E-16    1.5533430342749535       2.956952284584411E-16    1.5533430342749535
1.5707963267948966        3.012925038111054E-17    1.5707963267948966       2.417936309595399E-17    1.5707963267948966       3.1584542795801715E-17   1.5707963267948966       5.369008785027636E-17    1.5707963267948966       8.65215519570348E-17     1.5707963267948966       1.2522013894160301E-16   1.5707963267948966       1.687251891914792E-16    1.5707963267948966       2.2085595390307675E-16   1.5707963267948966       2.8106473003702224E-16   1.5707963267948966       3.4545243698908445E-16   1.5707963267948966       4.1465751167632787E-16   1.5707963267948966
1.5882496193148399        2.7252389196415863E-17   1.5882496193148399       2.741675145824735E-17    1.5882496193148399       4.198887570582191E-17    1.5882496193148399       7.464975443809039E-17    1.5882496193148399       1.2206822819146612E-16   1.5882496193148399       1.7743545696149242E-16   1.5882496193148399       2.3914420537991227E-16   1.5882496193148399       3.1255382706285995E-16   1.5882496193148399       3.966736959420158E-16    1.5882496193148399       4.857452618283236E-16    1.5882496193148399       5.803385488242421E-16    1.5882496193148399
1.605702911834783         2.6817152983794217E-17   1.605702911834783        3.390820730188722E-17    1.605702911834783        5.800581685477337E-17    1.605702911834783        1.0569748251394559E-16   1.605702911834783        1.7386618933492079E-16   1.605702911834783        2.526604593606039E-16    1.605702911834783        3.395478520060423E-16    1.605702911834783        4.4191890655373155E-16   1.605702911834783        5.579698812368662E-16    1.605702911834783        6.791100394221993E-16    1.605702911834783        8.056347868108117E-16    1.605702911834783
1.6231562043547263        2.903834815301588E-17    1.6231562043547263       4.4595074592362487E-17   1.6231562043547263       8.163131810401784E-17    1.6231562043547263       1.5049773214051687E-16   1.6231562043547263       2.477142079660217E-16    1.6231562043547263       3.587965866722559E-16    1.6231562043547263       4.796939720272277E-16    1.6231562043547263       6.204231805371733E-16    1.6231562043547263       7.777716252753411E-16    1.6231562043547263       9.389418468321015E-16    1.6231562043547263       1.1036378639735392E-15   1.6231562043547263
1.6406094968746698        3.435309503326629E-17    1.6406094968746698       6.077254537950009E-17    1.6406094968746698       1.154333573132933E-16    1.6406094968746698       2.1361574063801015E-16   1.6406094968746698       3.506344251051848E-16    1.6406094968746698       5.051150168972527E-16    1.6406094968746698       6.706234587299826E-16    1.6406094968746698       8.604914897660141E-16    1.6406094968746698       1.0691761680908247E-15   1.6406094968746698       1.2777843945646334E-15   1.6406094968746698       1.4848988138003533E-15   1.6406094968746698
1.6580627893946132        4.34167805153735E-17     1.6580627893946132       8.404005605230174E-17    1.6580627893946132       1.6243934363284703E-16   1.6580627893946132       3.002766388712329E-16    1.6580627893946132       4.904353767581075E-16    1.6580627893946132       7.015500312164837E-16    1.6580627893946132       9.235790095579104E-16    1.6580627893946132       1.1738247080629116E-15   1.6580627893946132       1.4430625810350872E-15   1.6580627893946132       1.7038411591356294E-15   1.6580627893946132       1.9529033795626772E-15   1.6580627893946132
1.6755160819145563        5.700920172367855E-17    1.6755160819145563       1.1613557028357798E-16   1.6755160819145563       2.2585207188732253E-16   1.6755160819145563       4.158399420060768E-16    1.6755160819145563       6.74818600239213E-16     1.6755160819145563       9.573069366276549E-16    1.6755160819145563       1.2479266833787934E-15   1.6755160819145563       1.5684105864379612E-15   1.6755160819145563       1.904011675294319E-15    1.6755160819145563       2.2158283086412268E-15   1.6755160819145563       2.4980455337362394E-15   1.6755160819145563
1.6929693744344996        7.591863985839209E-17    1.6929693744344996       1.5871362052013752E-16   1.6929693744344996       3.086011287896003E-16    1.6929693744344996       5.64920789842927E-16     1.6929693744344996       9.098125859505561E-16    1.6929693744344996       1.2784468501070591E-15   1.6929693744344996       1.6477708989948932E-15   1.6929693744344996       2.0440962933320433E-15   1.6929693744344996       2.444869660689182E-15    1.6929693744344996       2.796834225714415E-15    1.6929693744344996       3.0912036479662546E-15   1.6929693744344996
1.710422666954443         1.0083945680288607E-16   1.710422666954443        2.1306654161410278E-16   1.710422666954443        4.1267103752759778E-16   1.710422666954443        7.50061905876893E-16     1.710422666954443        1.1974602667729176E-15   1.710422666954443        1.6645298964044632E-15   1.710422666954443        2.117642472771903E-15    1.710422666954443        2.5874262742734593E-15   1.710422666954443        3.0410399025954725E-15   1.710422666954443        3.408668644140546E-15    1.710422666954443        3.679042365184483E-15    1.710422666954443
1.7278759594743864        1.3218150425207371E-16   1.7278759594743864       2.796798810577609E-16    1.7278759594743864       5.381625753236205E-16    1.7278759594743864       9.700321859889647E-16    1.7278759594743864       1.533194776508834E-15    1.7278759594743864       2.1051564556307447E-15   1.7278759594743864       2.6384549318136326E-15   1.7278759594743864       3.1673227122168603E-15   1.7278759594743864       3.6465753780117544E-15   1.7278759594743864       3.989395098400902E-15    1.7278759594743864       4.184327708726304E-15    1.7278759594743864
1.7453292519943295        1.6972345301883822E-16   1.7453292519943295       3.5759470353352385E-16   1.7453292519943295       6.822829277248142E-16    1.7453292519943295       1.2182392665392796E-15   1.7453292519943295       1.9037772578623483E-15   1.7453292519943295       2.577653697635152E-15    1.7453292519943295       3.1754119729465687E-15   1.7453292519943295       3.7339124267354304E-15   1.7453292519943295       4.1950166415230055E-15   1.7453292519943295       4.457535860141584E-15    1.7453292519943295       4.5149346569071416E-15   1.7453292519943295
1.7627825445142729        2.1229287982091683E-16   1.7627825445142729       4.4395057221544697E-16   1.7627825445142729       8.388504847774403E-16    1.7627825445142729       1.4821722319032924E-15   1.7627825445142729       2.2869532574386775E-15   1.7627825445142729       3.047439978788534E-15    1.7627825445142729       3.6798581868209285E-15   1.7627825445142729       4.222985929833668E-15    1.7627825445142729       4.607732785270811E-15    1.7627825445142729       4.725620313824683E-15    1.7627825445142729       4.583754953612375E-15    1.7627825445142729
1.780235837034216         2.5784131761316814E-16   1.780235837034216        5.343167540178459E-16    1.780235837034216        9.990384228927469E-16    1.780235837034216        1.744905316128191E-15    1.780235837034216        2.654199679547285E-15    1.780235837034216        3.4727376515720646E-15   1.780235837034216        4.096795985980312E-15    1.780235837034216        4.567584246683298E-15    1.780235837034216        4.81077971061235E-15     1.780235837034216        4.722970191264831E-15    1.780235837034216        4.337179970253563E-15    1.780235837034216
1.7976891295541593        3.0405546603110513E-16   1.7976891295541593       6.239466159239666E-16    1.7976891295541593       1.1536067259725363E-15   1.7976891295541593       1.9891604453192623E-15   1.7976891295541593       2.9773063772924567E-15   1.7976891295541593       3.814270024231821E-15    1.7976891295541593       4.378345756252458E-15    1.7976891295541593       4.7160422852315484E-15   1.7976891295541593       4.7578630106992524E-15   1.7976891295541593       4.422488972739652E-15    1.7976891295541593       3.782939723469872E-15    1.7976891295541593
1.8151424220741028        3.49290914130812E-16     1.8151424220741028       7.09604215261859E-16     1.8151424220741028       1.296263584406311E-15    1.8151424220741028       2.203320407315866E-15    1.8151424220741028       3.237801523580729E-15    1.8151424220741028       4.048263453964518E-15    1.8151424220741028       4.500235307713241E-15    1.8151424220741028       4.651542005940589E-15    1.8151424220741028       4.451475195087856E-15    1.8151424220741028       3.860075769324204E-15    1.8151424220741028       3.0029318026700884E-15   1.8151424220741028
1.8325957145940461        3.936396231346467E-16    1.8325957145940461       7.915330486767482E-16    1.8325957145940461       1.4271413527653136E-15   1.8325957145940461       2.3872085053817577E-15   1.8325957145940461       3.4355955515358697E-15   1.8325957145940461       4.177362405297791E-15    1.8325957145940461       4.473660973845157E-15    1.8325957145940461       4.403124853395531E-15    1.8325957145940461       3.9498922554490216E-15   1.8325957145940461       3.1329064792955225E-15   1.8325957145940461       2.1376220059521506E-15   1.8325957145940461
1.8500490071139892        4.3972199310406E-16      1.8500490071139892       8.745234888894089E-16    1.8500490071139892       1.5541598817178417E-15   1.8500490071139892       2.5537804324218402E-15   1.8500490071139892       3.5907831623644904E-15   1.8500490071139892       4.2313472015291865E-15   1.8500490071139892       4.343118808340261E-15    1.8500490071139892       4.038022071020449E-15    1.8500490071139892       3.350283046827332E-15    1.8500490071139892       2.3694232414264226E-15   1.8500490071139892       1.3399727705497355E-15   1.8500490071139892
1.8675022996339325        4.922054002253394E-16    1.8675022996339325       9.664169913149366E-16    1.8675022996339325       1.6898159399255695E-15   1.8675022996339325       2.7232003126061263E-15   1.8675022996339325       3.733803196899521E-15    1.8675022996339325       4.252601290816382E-15    1.8675022996339325       4.1660624348857864E-15   1.8675022996339325       3.633165407499747E-15    1.8675022996339325       2.750009517541629E-15    1.8675022996339325       1.680408846777278E-15    1.8675022996339325       7.184094150436333E-16    1.8675022996339325
1.8849555921538759        5.554390564489228E-16    1.8849555921538759       1.0735642349131266E-15   1.8849555921538759       1.843368881283691E-15    1.8849555921538759       2.9098207223132663E-15   1.8849555921538759       3.885852757317946E-15    1.8849555921538759       4.270412424918993E-15    1.8849555921538759       3.981438480785596E-15    1.8849555921538759       3.2379339434576135E-15   1.8849555921538759       2.2054303134979386E-15   1.8849555921538759       1.1187788542770376E-15   1.8849555921538759       3.0485897387966277E-16   1.8849555921538759
1.902408884673819         6.301183234884965E-16    1.902408884673819        1.1953879861566443E-15   1.902408884673819        2.0123769053551558E-15   1.902408884673819        3.1089568417211104E-15   1.902408884673819        4.040469038162191E-15    1.902408884673819        4.278889314915691E-15    1.902408884673819        3.7861075863664246E-15   1.902408884673819        2.8522455826709996E-15   1.902408884673819        1.7167824046764817E-15   1.902408884673819        6.780348362732082E-16    1.902408884673819        7.409184409993742E-17    1.902408884673819
1.9198621771937625        7.113842830695934E-16    1.9198621771937625       1.3223082699777302E-15   1.9198621771937625       2.1804776706223457E-15   1.9198621771937625       3.2944685292648644E-15   1.9198621771937625       4.161682505445068E-15    1.9198621771937625       4.237051908251109E-15    1.9198621771937625       3.5395645984449463E-15   1.9198621771937625       2.439834532169113E-15    1.9198621771937625       1.2542247044852507E-15   1.9198621771937625       3.3374106863415783E-16   1.9198621771937625       8.953675950939197E-19    1.9198621771937625
1.9373154697137058        7.910562487204474E-16    1.9373154697137058       1.440849510002915E-15    1.9373154697137058       2.326620783449734E-15    1.9373154697137058       3.434007999684287E-15    1.9373154697137058       4.206455899147533E-15    1.9373154697137058       4.097896518484199E-15    1.9373154697137058       3.1998970251220194E-15   1.9373154697137058       1.971748532473592E-15    1.9373154697137058       8.072187503754563E-16    1.9373154697137058       9.287700187609864E-17    1.9373154697137058       1.0073183165914262E-16   1.9373154697137058
1.9547687622336491        8.642922991667405E-16    1.9547687622336491       1.5447269604341832E-15   1.9547687622336491       2.4419822894123423E-15   1.9547687622336491       3.5144604020710244E-15   1.9547687622336491       4.1590331221828044E-15   1.9547687622336491       3.848894914098908E-15    1.9547687622336491       2.7666100898702365E-15   1.9547687622336491       1.4666441721952164E-15   1.9547687622336491       4.136926672000771E-16    1.9547687622336491       7.322929497617489E-19    1.9547687622336491       4.053544071212208E-16    1.9547687622336491
1.9722220547535922        9.358989754977366E-16    1.9722220547535922       1.642794976744681E-15    1.9722220547535922       2.539827795903675E-15    1.9722220547535922       3.555419787607675E-15    1.9722220547535922       4.047484588333889E-15    1.9722220547535922       3.529008979826061E-15    1.9722220547535922       2.2924907366695643E-15   1.9722220547535922       9.896366000245242E-16    1.9722220547535922       1.3718292932934752E-16   1.9722220547535922       9.210025184088514E-17    1.9722220547535922       8.919628979201559E-16    1.9722220547535922
1.9896753472735356        1.0186689936472797E-15   1.9896753472735356       1.7531464212944917E-15   1.9896753472735356       2.644584337750625E-15    1.9896753472735356       3.592270155797238E-15    1.9896753472735356       3.920620054285631E-15    1.9896753472735356       3.1999417552361106E-15   1.9896753472735356       1.8472094216413304E-15   1.9896753472735356       6.052397542086129E-16    1.9896753472735356       1.1565359415190623E-17   1.9896753472735356       3.3967369530313926E-16   1.9896753472735356       1.4536133564857763E-15   1.9896753472735356
2.007128639793479         1.121511871127707E-15    2.007128639793479        1.8843592029101866E-15   2.007128639793479        2.7653782581914803E-15   2.007128639793479        3.638827239055092E-15    2.007128639793479        3.800690019026324E-15    2.007128639793479        2.8930060514261153E-15   2.007128639793479        1.4635696760757062E-15   2.007128639793479        3.308856143214231E-16    2.007128639793479        1.7120503809061486E-17   2.007128639793479        6.71983172554324E-16     2.007128639793479        1.973079569205841E-15    2.007128639793479
2.0245819323134224        1.2372645068099002E-15   2.0245819323134224       2.0219454207871898E-15   2.0245819323134224       2.881033331174044E-15    2.0245819323134224       3.668356297996833E-15    2.0245819323134224       3.660884015844961E-15    2.0245819323134224       2.5867346871666665E-15   2.0245819323134224       1.1234844616761705E-15   2.0245819323134224       1.4383514125365947E-16   2.0245819323134224       1.2101666848325844E-16   2.0245819323134224       1.0515445968646781E-15   2.0245819323134224       2.428259936640904E-15    2.0245819323134224
2.0420352248333655        1.3470116203016532E-15   2.0420352248333655       2.1406703042067945E-15   2.0420352248333655       2.960465988471824E-15    2.0420352248333655       3.642203385588194E-15    2.0420352248333655       3.4594594541547345E-15   2.0420352248333655       2.243857635951809E-15    2.0420352248333655       7.994435036853494E-16    2.0420352248333655       2.941851076306765E-17    2.0420352248333655       3.2531589999460165E-16   2.0420352248333655       1.5033645070819808E-15   2.0420352248333655       2.8770657887155814E-15   2.0420352248333655
2.0594885173533086        1.4433311387235482E-15   2.0594885173533086       2.236483726247249E-15    2.0594885173533086       3.002384120567647E-15    2.0594885173533086       3.559788735246732E-15    2.0594885173533086       3.196271544681382E-15    2.0594885173533086       1.866975273671616E-15    2.0594885173533086       5.003975403608749E-16    2.0594885173533086       3.1752943192896724E-18   2.0594885173533086       6.448623459019537E-16    2.0594885173533086       2.0316563886575645E-15   2.0594885173533086       3.3124317033858555E-15   2.0594885173533086
2.076941809873252         1.545841174802174E-15    2.076941809873252        2.33731405177828E-15     2.076941809873252        3.040891007235181E-15    2.076941809873252        3.4627440850551784E-15   2.076941809873252        2.9179353130366383E-15   2.076941809873252        1.5026007419365163E-15   2.076941809873252        2.6418324316552314E-16   2.076941809873252        7.70636255132174E-17     2.076941809873252        1.0420253784857688E-15   2.076941809873252        2.5376799604519533E-15   2.076941809873252        3.593556852270446E-15    2.076941809873252
2.0943951023931953        1.6799814234513425E-15   2.0943951023931953       2.466927875327599E-15    2.0943951023931953       3.097697809975732E-15    2.0943951023931953       3.377255366858428E-15    2.0943951023931953       2.658280258320616E-15    2.0943951023931953       1.1867887633488928E-15   2.0943951023931953       1.1031348166574195E-16   2.0943951023931953       2.2703315945055975E-16   2.0943951023931953       1.432441860900342E-15    2.0943951023931953       2.8924949806364807E-15   2.0943951023931953       3.596984895604481E-15    2.0943951023931953
2.111848394913139         1.837486987377195E-15    2.111848394913139        2.6044695509848475E-15   2.111848394913139        3.1444178279992396E-15   2.111848394913139        3.274580957547554E-15    2.111848394913139        2.397941747834288E-15    2.111848394913139        9.10198158337014E-16     2.111848394913139        2.5967755601407337E-17   2.111848394913139        4.249217667873352E-16    2.111848394913139        1.7830748270876947E-15   2.111848394913139        3.094476736852525E-15    2.111848394913139        3.3926742389634226E-15   2.111848394913139
2.129301687433082         1.980804202044382E-15    2.129301687433082        2.7088115183284105E-15   2.129301687433082        3.1420970536522067E-15   2.129301687433082        3.1175826285870014E-15   2.129301687433082        2.1060678350807245E-15   2.129301687433082        6.510423395214314E-16    2.129301687433082        4.0321402407588494E-19   2.129301687433082        6.809793796064573E-16    2.129301687433082        2.1445521645679165E-15   2.129301687433082        3.2516458785748954E-15   2.129301687433082        3.143510766590112E-15    2.129301687433082
2.1467549799530254        2.103398062899987E-15    2.1467549799530254       2.787084029838732E-15    2.1467549799530254       3.108088172425595E-15    2.1467549799530254       2.9268446661813626E-15   2.1467549799530254       1.798943350842171E-15    2.1467549799530254       4.1865085337189054E-16   2.1467549799530254       4.113922716054317E-17    2.1467549799530254       1.0059017848051099E-15   2.1467549799530254       2.529122729934774E-15    2.1467549799530254       3.3738408905647588E-15   2.1467549799530254       2.856185170385676E-15    2.1467549799530254
2.1642082724729685        2.254525917364774E-15    2.1642082724729685       2.892643228757974E-15    2.1642082724729685       3.091612142420055E-15    2.1642082724729685       2.7488222350077836E-15   2.1642082724729685       1.5159228225106317E-15   2.1642082724729685       2.38246049945114E-16     2.1642082724729685       1.459536107582244E-16    2.1642082724729685       1.3501198186885544E-15   2.1642082724729685       2.8312266763315647E-15   2.1642082724729685       3.3239252034030446E-15   2.1642082724729685       2.4113732649761135E-15   2.1642082724729685
2.1816615649929116        2.4619148876238753E-15   2.1816615649929116       3.0310919281861167E-15   2.1816615649929116       3.082118085645124E-15    2.1816615649929116       2.5726159440090293E-15   2.1816615649929116       1.2569885575864657E-15   2.1816615649929116       1.1303378553677995E-16   2.1816615649929116       2.9331594671702147E-16   2.1816615649929116       1.6494611568289734E-15   2.1816615649929116       2.9666156453596548E-15   2.1816615649929116       3.0535975400223258E-15   2.1816615649929116       1.835997876441696E-15    2.1816615649929116
2.199114857512855         2.6680971481275986E-15   2.199114857512855        3.1356575510225994E-15   2.199114857512855        3.0204907095177364E-15   2.199114857512855        2.3538080595903254E-15   2.199114857512855        9.989534131273925E-16    2.199114857512855        3.3125101206926077E-17   2.199114857512855        4.778087284223771E-16    2.199114857512855        1.9200983010651757E-15   2.199114857512855        3.0106347827980223E-15   2.199114857512855        2.713510085180484E-15    2.199114857512855        1.3121968858361808E-15   2.199114857512855
2.2165681500327987        2.8292721788407463E-15   2.2165681500327987       3.1907629708034573E-15   2.2165681500327987       2.9159447456871485E-15   2.2165681500327987       2.10994433521974E-15     2.2165681500327987       7.529186900488321E-16    2.2165681500327987       4.803293688786832E-19    2.2165681500327987       7.115177484026975E-16    2.2165681500327987       2.208826358794864E-15    2.2165681500327987       3.048414416675031E-15    2.2165681500327987       2.3985203126847407E-15   2.2165681500327987       8.977669197239105E-16    2.2165681500327987
2.234021442552742         3.024852763833847E-15    2.234021442552742        3.279773904447423E-15    2.234021442552742        2.8364844369682844E-15   2.234021442552742        1.8903252445597385E-15   2.234021442552742        5.440572855990335E-16    2.234021442552742        1.9128744208459122E-17   2.234021442552742        9.776301527477144E-16    2.234021442552742        2.4663442964373655E-15   2.234021442552742        2.993253977202343E-15    2.234021442552742        2.007182524214073E-15    2.234021442552742        5.1534796142742E-16      2.234021442552742
2.251474735072685         3.3219676553205054E-15   2.251474735072685        3.4188540936355984E-15   2.251474735072685        2.7624058073612767E-15   2.251474735072685        1.671781457273315E-15    2.251474735072685        3.6525823442411864E-16   2.251474735072685        8.449947445578292E-17    2.251474735072685        1.2348322218669924E-15   2.251474735072685        2.602754382963637E-15    2.251474735072685        2.751691255985137E-15    2.251474735072685        1.5048177474990388E-15   2.251474735072685        1.9568445453253216E-16   2.251474735072685
2.2689280275926285        3.610599089544222E-15    2.2689280275926285       3.4966935105507525E-15   2.2689280275926285       2.6149820681663644E-15   2.2689280275926285       1.4142803183188204E-15   2.2689280275926285       2.098489276046938E-16    2.2689280275926285       1.946753017708338E-16    2.2689280275926285       1.4772236685464353E-15   2.2689280275926285       2.6480805155718856E-15   2.2689280275926285       2.4316540312041213E-15   2.2689280275926285       1.0468431665892302E-15   2.2689280275926285       3.247467071305088E-17    2.2689280275926285
2.286381320112572         3.820450424617538E-15    2.286381320112572        3.510417495358914E-15    2.286381320112572        2.4366524085257387E-15   2.286381320112572        1.164055109462521E-15    2.286381320112572        9.636630591829743E-17    2.286381320112572        3.4691611829772704E-16   2.286381320112572        1.7280058038500445E-15   2.286381320112572        2.6827972262030013E-15   2.286381320112572        2.1417224234966583E-15   2.286381320112572        6.982827592133366E-16    2.286381320112572        2.554637201167586E-18    2.286381320112572
2.303834612632515         4.1425166076787026E-15   2.303834612632515        3.607503157753381E-15    2.303834612632515        2.3064350057508553E-15   2.303834612632515        9.517031946386685E-16    2.303834612632515        2.7171061772366925E-17   2.303834612632515        5.386801833290895E-16    2.303834612632515        1.9724902711788357E-15   2.303834612632515        2.651859759271622E-15    2.303834612632515        1.7879796211556875E-15   2.303834612632515        3.7705149653064097E-16   2.303834612632515        9.427514342608346E-17    2.303834612632515
2.321287905152458         4.642822239968018E-15    2.321287905152458        3.739577155341151E-15    2.321287905152458        2.134713187616119E-15    2.321287905152458        7.186649629764896E-16    2.321287905152458        1.0263516493052606E-19   2.321287905152458        7.721039446577845E-16    2.321287905152458        2.1514820159325705E-15   2.321287905152458        2.4569707555341015E-15   2.321287905152458        1.3214543592178943E-15   2.321287905152458        1.169629702377853E-16    2.321287905152458        3.4119400613574286E-16   2.321287905152458
2.3387411976724013        5.014668034863381E-15    2.3387411976724013       3.705803536995481E-15    2.3387411976724013       1.8552864651985532E-15   2.3387411976724013       4.75330395449252E-16     2.3387411976724013       3.136533387580264E-17    2.3387411976724013       1.0185801944379769E-15   2.3387411976724013       2.241506357634021E-15    2.3387411976724013       2.169717248010719E-15    2.3387411976724013       8.965485105929515E-16    2.3387411976724013       8.370991663030828E-18    2.3387411976724013       6.400377629945611E-16    2.3387411976724013
2.356194490192345         5.322272106181161E-15    2.356194490192345        3.658611548239968E-15    2.356194490192345        1.6120954952041987E-15   2.356194490192345        2.9515718409360426E-16   2.356194490192345        1.136352313468116E-16    2.356194490192345        1.2679427535471033E-15   2.356194490192345        2.306758037487861E-15    2.356194490192345        1.898904985979848E-15    2.356194490192345        5.690617296860512E-16    2.356194490192345        1.975346600247691E-17    2.356194490192345        9.668284092080987E-16    2.356194490192345
2.3736477827122884        6.15733587238561E-15     2.3736477827122884       3.818779707689025E-15    2.3736477827122884       1.3900701815534427E-15   2.3736477827122884       1.3575272519529345E-16   2.3736477827122884       2.8645603132512234E-16   2.3736477827122884       1.6058326622104926E-15   2.3736477827122884       2.3464611407069303E-15   2.3736477827122884       1.5293891021613824E-15   2.3736477827122884       2.402084465203321E-16    2.3736477827122884       1.982339928047259E-16    2.3736477827122884       1.4816050045280477E-15   2.3736477827122884
2.3911010752322315        7.089539411017201E-15    2.3911010752322315       3.686070819990673E-15    2.3911010752322315       9.338071359434924E-16    2.3911010752322315       6.1421312533834094E-18   2.3911010752322315       6.402716068872028E-16    2.3911010752322315       1.9353853539323822E-15   2.3911010752322315       2.0978298722618875E-15   2.3911010752322315       9.205066163268578E-16    2.3911010752322315       1.1763662260066154E-17   2.3911010752322315       6.247254008501957E-16    2.3911010752322315       1.9348004761613505E-15   2.3911010752322315
2.4085543677521746        6.533544776672399E-15    2.4085543677521746       2.6997107248209993E-15   2.4085543677521746       3.6617162070454834E-16   2.4085543677521746       7.505804603477913E-17    2.4085543677521746       9.885258326955644E-16    2.4085543677521746       1.8246496505223417E-15   2.4085543677521746       1.3913097734110099E-15   2.4085543677521746       3.186740127283214E-16    2.4085543677521746       9.250682779952765E-17    2.4085543677521746       1.0184781953679632E-15   2.4085543677521746       1.7806994790069385E-15   2.4085543677521746
2.426007660272118         4.471532505880921E-15    2.426007660272118        1.477594143391582E-15    2.426007660272118        1.3190930633757072E-16   2.426007660272118        2.776532623414636E-16    2.426007660272118        9.724326948858025E-16    2.426007660272118        1.237344640216115E-15    2.426007660272118        6.874207020417833E-16    2.426007660272118        1.291012109857092E-16    2.426007660272118        3.4754397741214017E-16   2.426007660272118        1.023342851933921E-15    2.426007660272118        1.1778257426968455E-15   2.426007660272118
2.443460952792061         2.88172084267847E-15     2.443460952792061        9.431142991483387E-16    2.443460952792061        2.0875171636432542E-16   2.443460952792061        3.5146660283555016E-16   2.443460952792061        7.221200326760115E-16    2.443460952792061        7.968541620017943E-16    2.443460952792061        4.76339201144191E-16     2.443460952792061        2.4757756997004144E-16   2.443460952792061        4.4323204530142763E-16   2.443460952792061        7.791070177856097E-16    2.443460952792061        7.628234689575661E-16    2.443460952792061
2.4609142453120043        2.4599032741761754E-15   2.4609142453120043       8.72974491989827E-16     2.4609142453120043       2.4879975894993647E-16   2.4609142453120043       3.2903300855162327E-16   2.4609142453120043       6.163088452158043E-16    2.4609142453120043       7.094530392815413E-16    2.4609142453120043       4.887120825586953E-16    2.4609142453120043       2.981963005191314E-16    2.4609142453120043       4.108989073419934E-16    2.4609142453120043       6.461596112519884E-16    2.4609142453120043       6.415502423793903E-16    2.4609142453120043
2.478367537831948         2.162375541200915E-15    2.478367537831948        7.271725348132712E-16    2.478367537831948        2.470496542248128E-16    2.478367537831948        3.6781933860130933E-16   2.478367537831948        5.983096401130843E-16    2.478367537831948        6.150379553443837E-16    2.478367537831948        4.0899421595864655E-16   2.478367537831948        3.007019219405624E-16    2.478367537831948        4.428905315330245E-16    2.478367537831948        6.127240679441609E-16    2.478367537831948        5.509942925945981E-16    2.478367537831948
2.4958208303518914        1.7529540792274479E-15   2.4958208303518914       6.105130909374461E-16    2.4958208303518914       2.8677300195533486E-16   2.4958208303518914       3.830863244163733E-16    2.4958208303518914       5.112699812402212E-16    2.4958208303518914       4.969200438431564E-16    2.4958208303518914       3.831232480534634E-16    2.4958208303518914       3.5687494382468207E-16   2.4958208303518914       4.566221186441887E-16    2.4958208303518914       5.284490884447366E-16    2.4958208303518914       4.637918245946032E-16    2.4958208303518914
2.5132741228718345        1.5986563976322183E-15   2.5132741228718345       5.857209940464666E-16    2.5132741228718345       2.8972739038527873E-16   2.5132741228718345       3.557073666352542E-16    2.5132741228718345       4.6402834268486065E-16   2.5132741228718345       4.771733557443477E-16    2.5132741228718345       4.0095549745212E-16      2.5132741228718345       3.6246233348107776E-16   2.5132741228718345       4.0988220764534635E-16   2.5132741228718345       4.573861300025924E-16    2.5132741228718345       4.2513730086921273E-16   2.5132741228718345
2.5307274153917776        1.4390001225202965E-15   2.5307274153917776       5.083688422607447E-16    2.5307274153917776       2.868617294250598E-16    2.5307274153917776       3.6809440089438996E-16   2.5307274153917776       4.4278328660174915E-16   2.5307274153917776       4.217670230678645E-16    2.5307274153917776       3.587350547998704E-16    2.5307274153917776       3.5467344766030075E-16   2.5307274153917776       4.0624888144234396E-16   2.5307274153917776       4.301283716632579E-16    2.5307274153917776       3.9459775562712973E-16   2.5307274153917776
2.548180707911721         1.229630464418822E-15    2.548180707911721        4.576978301953726E-16    2.548180707911721        3.0411078286383437E-16   2.548180707911721        3.5791173476695916E-16   2.548180707911721        3.8306893042996866E-16   2.548180707911721        3.6843923694384396E-16   2.548180707911721        3.613384579289136E-16    2.548180707911721        3.776865848188874E-16    2.548180707911721        3.8787749790854466E-16   2.548180707911721        3.774746789343577E-16    2.548180707911721        3.672509031325466E-16    2.548180707911721
2.5656340004316647        1.1509958621550172E-15   2.5656340004316647       4.3963616672215034E-16   2.5656340004316647       2.914319761513034E-16    2.5656340004316647       3.3047993213362254E-16   2.5656340004316647       3.57924950385102E-16     2.5656340004316647       3.6635596346577493E-16   2.5656340004316647       3.670492765656914E-16    2.5656340004316647       3.57013622323318E-16     2.5656340004316647       3.3980406677956787E-16   2.5656340004316647       3.3788040311991984E-16   2.5656340004316647       3.5432866009763517E-16   2.5656340004316647
2.5830872929516078        1.0304894912305193E-15   2.5830872929516078       3.848106466966478E-16    2.5830872929516078       2.8905414041327523E-16   2.5830872929516078       3.325408678932642E-16    2.5830872929516078       3.323447695587485E-16    2.5830872929516078       3.209854982314222E-16    2.5830872929516078       3.3495975685931667E-16   2.5830872929516078       3.45782368694769E-16     2.5830872929516078       3.3079132582090114E-16   2.5830872929516078       3.2262223341074967E-16   2.5830872929516078       3.440053049508154E-16    2.5830872929516078
2.600540585471551         9.09179543785417E-16     2.600540585471551        3.6156989287238755E-16   2.600540585471551        2.9016433225982994E-16   2.600540585471551        3.0821005640318197E-16   2.600540585471551        2.9033152708236165E-16   2.600540585471551        3.0198362872275567E-16   2.600540585471551        3.4532395584357313E-16   2.600540585471551        3.452085269478317E-16    2.600540585471551        2.9836574996186995E-16   2.600540585471551        2.875872994162042E-16    2.600540585471551        3.318528096482913E-16    2.600540585471551
2.6179938779914944        8.583299337579663E-16    2.6179938779914944       3.4025810651376173E-16   2.6179938779914944       2.7161380557183876E-16   2.6179938779914944       2.873894168243507E-16    2.6179938779914944       2.7724605072414146E-16   2.6179938779914944       2.9778116476953494E-16   2.6179938779914944       3.322764213385508E-16    2.6179938779914944       3.1232959562193953E-16   2.6179938779914944       2.6273874470377566E-16   2.6179938779914944       2.7062824368018807E-16   2.6179938779914944       3.24788724886499E-16     2.6179938779914944
2.6354471705114375        7.563525724933968E-16    2.6354471705114375       3.007680204454518E-16    2.6354471705114375       2.7021367816349226E-16   2.6354471705114375       2.8155982109979666E-16   2.6354471705114375       2.4788334882722725E-16   2.6354471705114375       2.601380156334935E-16    2.6354471705114375       3.101985241919897E-16    2.6354471705114375       3.0411070979495266E-16   2.6354471705114375       2.5471246637368634E-16   2.6354471705114375       2.605974357310807E-16    2.6354471705114375       3.1618629884274193E-16   2.6354471705114375
2.6529004630313806        6.897325846104592E-16    2.6529004630313806       2.8989441257975675E-16   2.6529004630313806       2.578690197923019E-16    2.6529004630313806       2.519286414186565E-16    2.6529004630313806       2.2364786459043435E-16   2.6529004630313806       2.6130206495054764E-16   2.6529004630313806       3.1583428204538145E-16   2.6529004630313806       2.839807873477138E-16    2.6529004630313806       2.17920731974881E-16     2.6529004630313806       2.368949004178367E-16    2.6529004630313806       3.03704343674892E-16     2.6529004630313806
2.670353755551324         6.414240961028197E-16    2.670353755551324        2.6298670775078175E-16   2.670353755551324        2.420303608354923E-16    2.670353755551324        2.401134077533342E-16    2.670353755551324        2.119187319806204E-16    2.670353755551324        2.4332475089052975E-16   2.670353755551324        2.88322315249128E-16     2.670353755551324        2.5496354694623814E-16   2.670353755551324        2.0152888216500514E-16   2.670353755551324        2.3280873494215674E-16   2.670353755551324        2.946216272739372E-16    2.670353755551324
2.6878070480712677        5.612325729353356E-16    2.6878070480712677       2.391942151274608E-16    2.6878070480712677       2.373744384019922E-16    2.6878070480712677       2.2463709319600085E-16   2.6878070480712677       1.8424536961150226E-16   2.6878070480712677       2.2116900806204487E-16   2.6878070480712677       2.785018921871555E-16    2.6878070480712677       2.463412846623867E-16    2.6878070480712677       1.88417194472537E-16     2.6878070480712677       2.198543635798654E-16    2.6878070480712677       2.8031329336702485E-16   2.6878070480712677
2.705260340591211         5.259469592535601E-16    2.705260340591211        2.2877983579038353E-16   2.705260340591211        2.1722207241306539E-16   2.705260340591211        1.9970398798787558E-16   2.705260340591211        1.743776401640776E-16    2.705260340591211        2.2491708602387257E-16   2.705260340591211        2.692390340489269E-16    2.705260340591211        2.154709998978923E-16    2.705260340591211        1.591079461741548E-16    2.705260340591211        2.0646984546936406E-16   2.705260340591211        2.6588648294057966E-16   2.705260340591211
2.722713633111154         4.698097867673644E-16    2.722713633111154        2.0103035463438993E-16   2.722713633111154        2.078699186929453E-16    2.722713633111154        1.9220615321772727E-16   2.722713633111154        1.566884998120167E-16    2.722713633111154        1.9614255021880746E-16   2.722713633111154        2.413456604282302E-16    2.722713633111154        2.0015057670585072E-16   2.722713633111154        1.5641953351109978E-16   2.722713633111154        2.03468202378658E-16     2.722713633111154        2.516406869962835E-16    2.722713633111154
2.740166925631097         4.1976231025500774E-16   2.740166925631097        1.9004367316431696E-16   2.740166925631097        1.9494638131361345E-16   2.740166925631097        1.6970144461681457E-16   2.740166925631097        1.3989152694192848E-16   2.740166925631097        1.9304278584121363E-16   2.740166925631097        2.3722061922403024E-16   2.740166925631097        1.8290166588700994E-16   2.740166925631097        1.349633874655742E-16    2.740166925631097        1.8705860056978886E-16   2.740166925631097        2.33021730922391E-16     2.740166925631097
2.7576202181510405        3.9024088093717104E-16   2.7576202181510405       1.7295654647613145E-16   2.7576202181510405       1.771403473595511E-16    2.7576202181510405       1.5583144067237294E-16   2.7576202181510405       1.3265580586936503E-16   2.7576202181510405       1.8147625789857717E-16   2.7576202181510405       2.1302241173640682E-16   2.7576202181510405       1.5749276180303002E-16   2.7576202181510405       1.2288249467552904E-16   2.7576202181510405       1.8120147272693048E-16   2.7576202181510405       2.1767293632125296E-16   2.7576202181510405
2.775073510670984         3.375172799686874E-16    2.775073510670984        1.5365311703960882E-16   2.775073510670984        1.6958672172756311E-16   2.775073510670984        1.4437790456150816E-16   2.775073510670984        1.1336327914174996E-16   2.775073510670984        1.59965556945671E-16     2.775073510670984        1.9725926388125056E-16   2.775073510670984        1.496882074292655E-16    2.775073510670984        1.180078205348668E-16    2.775073510670984        1.7066071221583408E-16   2.775073510670984        1.9884932174978624E-16   2.775073510670984
2.792526803190927         3.123541753211759E-16    2.792526803190927        1.4571006834821277E-16   2.792526803190927        1.506778196072342E-16    2.792526803190927        1.2427726041068604E-16   2.792526803190927        1.0792983889731838E-16   2.792526803190927        1.6177959800396516E-16   2.792526803190927        1.856391080771027E-16    2.792526803190927        1.25118622354871E-16     2.792526803190927        9.768211654641718E-17    2.792526803190927        1.5719424350536656E-16   2.792526803190927        1.8144454921273194E-16   2.792526803190927
2.8099800957108703        2.7469594727085084E-16   2.8099800957108703       1.2520677681171919E-16   2.8099800957108703       1.407205904294835E-16    2.8099800957108703       1.174707129184392E-16    2.8099800957108703       9.419904360765851E-17    2.8099800957108703       1.3664615714988937E-16   2.8099800957108703       1.611773927560052E-16    2.8099800957108703       1.1532293567672221E-16   2.8099800957108703       9.819574760587162E-17    2.8099800957108703       1.5086093467931165E-16   2.8099800957108703       1.6441659534773488E-16   2.8099800957108703
2.827433388230814         2.419119582482857E-16    2.827433388230814        1.1648889648772547E-16   2.827433388230814        1.2733518353300272E-16   2.827433388230814        1.0045815686026243E-16   2.827433388230814        8.401956223418685E-17    2.827433388230814        1.3266968082323007E-16   2.827433388230814        1.530493269277283E-16    2.827433388230814        1.007618439956881E-16    2.827433388230814        8.273105303076484E-17    2.827433388230814        1.3501569797907716E-16   2.827433388230814        1.4617426118381567E-16   2.827433388230814
2.844886680750757         2.2017655430108863E-16   2.844886680750757        1.0305790706880926E-16   2.844886680750757        1.124699067699787E-16    2.844886680750757        9.033940040013979E-17    2.844886680750757        7.810546631146658E-17    2.844886680750757        1.1998186131978494E-16   2.844886680750757        1.321665656257987E-16    2.844886680750757        8.460756654390739E-17    2.844886680750757        7.612259600929771E-17    2.844886680750757        1.2672963894927155E-16   2.844886680750757        1.311706999074254E-16    2.844886680750757
2.8623399732707           1.8498682475346865E-16   2.8623399732707          8.919281579939803E-17    2.8623399732707          1.0426739868947456E-16   2.8623399732707          8.102830378859925E-17    2.8623399732707          6.431538747538074E-17    2.8623399732707          1.0278627466387483E-16   2.8623399732707          1.1905569242624833E-16   2.8623399732707          7.964787772634306E-17    2.8623399732707          7.184490036580807E-17    2.8623399732707          1.1417402619135115E-16   2.8623399732707          1.140484747599969E-16    2.8623399732707
2.8797932657906435        1.6908897811907212E-16   2.8797932657906435       8.269958820737962E-17    2.8797932657906435       8.821078188584683E-17    2.8797932657906435       6.722222231342734E-17    2.8797932657906435       6.203447834155853E-17    2.8797932657906435       1.0164777920131806E-16   2.8797932657906435       1.0678399841503568E-16   2.8797932657906435       6.175053261593873E-17    2.8797932657906435       5.774269997271562E-17    2.8797932657906435       1.0177223824183816E-16   2.8797932657906435       1.0054763344433803E-16   2.8797932657906435
2.897246558310587         1.4110879207841065E-16   2.897246558310587        6.767474187071348E-17    2.897246558310587        8.105282509831962E-17    2.897246558310587        6.245171379002756E-17    2.897246558310587        4.9744185019379786E-17   2.897246558310587        7.95287909254024E-17     2.897246558310587        8.929136886303273E-17    2.897246558310587        5.887893611750183E-17    2.897246558310587        5.8604747324721E-17      2.897246558310587        9.25560485225448E-17     2.897246558310587        8.593263489697902E-17    2.897246558310587
2.9146998508305306        1.22890946912764E-16     2.9146998508305306       6.218562071143424E-17    2.9146998508305306       6.820925665474426E-17    2.9146998508305306       4.9769562874462446E-17   2.9146998508305306       4.5510690013702296E-17   2.9146998508305306       7.796548780304169E-17    2.9146998508305306       8.146773133317633E-17    2.9146998508305306       4.60329543117796E-17     2.9146998508305306       4.506789151754209E-17    2.9146998508305306       7.872326351779521E-17    2.9146998508305306       7.35218891883605E-17     2.9146998508305306
2.9321531433504737        1.0526632818873702E-16   2.9321531433504737       5.094485207276888E-17    2.9321531433504737       5.867317170006576E-17    2.9321531433504737       4.426383836244131E-17    2.9321531433504737       3.865223822241953E-17    2.9321531433504737       6.300143867619512E-17    2.9321531433504737       6.563320027623176E-17    2.9321531433504737       3.9445714527835995E-17   2.9321531433504737       4.269784037658484E-17    2.9321531433504737       7.038798412714183E-17    2.9321531433504737       6.229268667830778E-17    2.9321531433504737
2.949606435870417         8.437311400756934E-17    2.949606435870417        4.286080719230671E-17    2.949606435870417        5.088522669565384E-17    2.949606435870417        3.667143229548812E-17    2.949606435870417        3.0734836251182885E-17   2.949606435870417        5.323103246452751E-17    2.949606435870417        5.722734916780762E-17    2.949606435870417        3.457882933860307E-17    2.949606435870417        3.611861573702991E-17    2.949606435870417        5.8535532410625E-17      2.949606435870417        5.084421739649936E-17    2.949606435870417
2.9670597283903604        7.408305365975693E-17    2.9670597283903604       3.7135592969954026E-17   2.9670597283903604       3.982962515784276E-17    2.9670597283903604       2.8964615459364436E-17   2.9670597283903604       2.900754932860027E-17    2.9670597283903604       4.9003954267865704E-17   2.9670597283903604       4.704573854119686E-17    2.9670597283903604       2.4362379768048593E-17   2.9670597283903604       2.804228406776493E-17    2.9670597283903604       4.9561909599298275E-17   2.9670597283903604       4.2730531016096557E-17   2.9670597283903604
2.9845130209103035        5.514036273555559E-17    2.9845130209103035       2.7479251014904407E-17   2.9845130209103035       3.528554176590196E-17    2.9845130209103035       2.5592218060482414E-17   2.9845130209103035       1.955370448230956E-17    2.9845130209103035       3.3447300959601305E-17   2.9845130209103035       3.713778401059016E-17    2.9845130209103035       2.449939374191638E-17    2.9845130209103035       2.7330407014553093E-17   2.9845130209103035       4.0831922978251424E-17   2.9845130209103035       3.295909347044792E-17    2.9845130209103035
3.0019663134302466        4.7305444624799023E-17   3.0019663134302466       2.4715602205802264E-17   3.0019663134302466       2.5383619873166285E-17   3.0019663134302466       1.7622470836747288E-17   3.0019663134302466       1.931834905711929E-17    3.0019663134302466       3.39540484393164E-17     3.0019663134302466       3.123649064298688E-17    3.0019663134302466       1.4461102071406398E-17   3.0019663134302466       1.722393198103606E-17    3.0019663134302466       3.186663883611512E-17    3.0019663134302466       2.6904149980033415E-17   3.0019663134302466
3.01941960595019          3.371369352622013E-17    3.01941960595019         1.646501997810126E-17    3.01941960595019         2.1355334117034246E-17   3.01941960595019         1.5600969535433694E-17   3.01941960595019         1.2121665276525822E-17   3.01941960595019         2.030087408493577E-17    3.01941960595019         2.1903825011041474E-17   3.01941960595019         1.4581303150510912E-17   3.01941960595019         1.7464919600259906E-17   3.01941960595019         2.5533211618419807E-17   3.01941960595019         1.9580277703583218E-17   3.01941960595019
3.036872898470133         2.5429832505241904E-17   3.036872898470133        1.3545519702452962E-17   3.036872898470133        1.4794000921226915E-17   3.036872898470133        1.0018052190439397E-17   3.036872898470133        1.0211956987931562E-17   3.036872898470133        1.8471772930933986E-17   3.036872898470133        1.756053539589509E-17    3.036872898470133        8.726962002376789E-18    3.036872898470133        1.038947609199555E-17    3.036872898470133        1.8064802058250804E-17   3.036872898470133        1.4625648201121852E-17   3.036872898470133
3.0543261909900763        1.826362488666942E-17    3.0543261909900763       9.10811816389563E-18     3.0543261909900763       1.0282760779525171E-17   3.0543261909900763       7.410384333565283E-18    3.0543261909900763       7.278337657794248E-18    3.0543261909900763       1.2262239487582364E-17   3.0543261909900763       1.1512741417377614E-17   3.0543261909900763       6.2385663340859496E-18   3.0543261909900763       8.114247852712402E-18    3.0543261909900763       1.3194845040365924E-17   3.0543261909900763       1.024666006728816E-17    3.0543261909900763
3.07177948351002          1.0218252655753805E-17   3.07177948351002         5.247093975962432E-18    3.07177948351002         7.41852779806321E-18     3.07177948351002         5.179388418165923E-18    3.07177948351002         3.490684379609048E-18    3.07177948351002         6.34742615907797E-18     3.07177948351002         7.461438545023541E-18    3.07177948351002         5.334392651068019E-18    3.07177948351002         6.04616289668696E-18     3.07177948351002         8.255203186633268E-18    3.07177948351002         6.02074101250354E-18     3.07177948351002
3.0892327760299634        7.990110773126172E-18    3.0892327760299634       4.212998559269207E-18    3.0892327760299634       3.0963588931150257E-18   3.0892327760299634       2.2146397031855264E-18   3.0892327760299634       4.145066995431247E-18    3.0892327760299634       7.068868509745041E-18    3.0892327760299634       5.3734073853015916E-18   3.0892327760299634       1.6363496931487705E-18   3.0892327760299634       2.3097873071392922E-18   3.0892327760299634       5.033344452270858E-18    3.0892327760299634       4.236363577198654E-18    3.0892327760299634
3.106686068549907         2.1883013689595935E-18   3.106686068549907        8.183032602585422E-19    3.106686068549907        2.5271097723134365E-18   3.106686068549907        2.054801664022015E-18    3.106686068549907        4.661564866476155E-19    3.106686068549907        6.610899039330011E-19    3.106686068549907        2.2550896501318295E-18   3.106686068549907        3.1482812213761647E-18   3.106686068549907        3.1597240424242323E-18   3.106686068549907        2.582493372594978E-18    3.106686068549907        1.4054875096968114E-18   3.106686068549907
3.12413936106985          2.835531393176869E-18    3.12413936106985         1.3870046482312192E-18   3.12413936106985         3.238164851313927E-19    3.12413936106985         6.254578972808335E-19    3.12413936106985         2.4088019720178742E-18   3.12413936106985         3.874091511130828E-18    3.12413936106985         3.3026679256882122E-18   3.12413936106985         1.9327107212109468E-18   3.12413936106985         1.595859183282771E-18    3.12413936106985         1.7774002113091773E-18   3.12413936106985         1.4147776193781548E-18   3.12413936106985
3.141592653589793         5.272384540961544E-46    3.141592653589793        2.3061547133047695E-46   3.141592653589793        5.488364261385726E-47    3.141592653589793        1.7222378471102393E-46   3.141592653589793        5.292196712708987E-46    3.141592653589793        8.087261297015172E-46    3.141592653589793        7.630610309934437E-46    3.141592653589793        5.660633583310052E-46    3.141592653589793        4.45900905941554E-46     3.141592653589793        3.670862603729596E-46    3.141592653589793        2.6915775224146963E-46   3.141592653589793
3.159045946109736         2.8355313931769672E-18   3.1241393610698505       1.387004648231274E-18    3.1241393610698505       3.2381648513143227E-19   3.1241393610698505       6.254578972808344E-19    3.1241393610698505       2.4088019720178842E-18   3.1241393610698505       3.874091511130946E-18    3.1241393610698505       3.3026679256882122E-18   3.1241393610698505       1.9327107212109838E-18   3.1241393610698505       1.5958591832827936E-18   3.1241393610698505       1.7774002113092235E-18   3.1241393610698505       1.4147776193781442E-18   3.1241393610698505
3.1764992386296798        2.1883013689598015E-18   3.106686068549907        8.183032602585028E-19    3.106686068549907        2.5271097723134073E-18   3.106686068549907        2.0548016640219794E-18   3.106686068549907        4.661564866475928E-19    3.106686068549907        6.610899039330466E-19    3.106686068549907        2.25508965013184E-18     3.106686068549907        3.1482812213761296E-18   3.106686068549907        3.159724042424111E-18    3.106686068549907        2.5824933725948728E-18   3.106686068549907        1.4054875096968861E-18   3.106686068549907
3.193952531149623         7.99011077312626E-18     3.089232776029964        4.212998559269204E-18    3.089232776029964        3.096358893115089E-18    3.089232776029964        2.2146397031855372E-18   3.089232776029964        4.1450669954310366E-18   3.089232776029964        7.06886850974486E-18     3.089232776029964        5.373407385301495E-18    3.089232776029964        1.6363496931487052E-18   3.089232776029964        2.3097873071392953E-18   3.089232776029964        5.0333444522707365E-18   3.089232776029964        4.236363577198637E-18    3.089232776029964
3.211405823669566         1.0218252655753661E-17   3.0717794835100207       5.247093975962417E-18    3.0717794835100207       7.418527798062784E-18    3.0717794835100207       5.179388418165707E-18    3.0717794835100207       3.490684379608975E-18    3.0717794835100207       6.347426159077839E-18    3.0717794835100207       7.461438545023207E-18    3.0717794835100207       5.334392651067818E-18    3.0717794835100207       6.046162896686708E-18    3.0717794835100207       8.255203186633439E-18    3.0717794835100207       6.020741012503579E-18    3.0717794835100207
3.2288591161895095        1.8263624886668773E-17   3.054326190990077        9.108118163895235E-18    3.054326190990077        1.028276077952527E-17    3.054326190990077        7.41038433356512E-18     3.054326190990077        7.278337657793986E-18    3.054326190990077        1.2262239487581913E-17   3.054326190990077        1.1512741417377141E-17   3.054326190990077        6.238566334085981E-18    3.054326190990077        8.114247852712669E-18    3.054326190990077        1.319484504036593E-17    3.054326190990077        1.024666006728816E-17    3.054326190990077
3.2463124087094526        2.5429832505239414E-17   3.036872898470134        1.3545519702453766E-17   3.036872898470134        1.479400092122543E-17    3.036872898470134        1.001805219043903E-17    3.036872898470134        1.0211956987931317E-17   3.036872898470134        1.8471772930933844E-17   3.036872898470134        1.7560535395895097E-17   3.036872898470134        8.726962002376981E-18    3.036872898470134        1.0389476091996242E-17   3.036872898470134        1.8064802058249965E-17   3.036872898470134        1.462564820112063E-17    3.036872898470134
3.2637657012293966        3.371369352622054E-17    3.01941960595019         1.646501997810193E-17    3.01941960595019         2.1355334117034197E-17   3.01941960595019         1.5600969535433762E-17   3.01941960595019         1.2121665276525697E-17   3.01941960595019         2.0300874084936367E-17   3.01941960595019         2.1903825011041502E-17   3.01941960595019         1.4581303150511063E-17   3.01941960595019         1.7464919600259915E-17   3.01941960595019         2.5533211618420162E-17   3.01941960595019         1.958027770358298E-17    3.01941960595019
3.2812189937493397        4.730544462479986E-17    3.001966313430247        2.4715602205802202E-17   3.001966313430247        2.5383619873164744E-17   3.001966313430247        1.7622470836746823E-17   3.001966313430247        1.931834905711987E-17    3.001966313430247        3.3954048439316303E-17   3.001966313430247        3.123649064298706E-17    3.001966313430247        1.4461102071406117E-17   3.001966313430247        1.722393198103717E-17    3.001966313430247        3.186663883611523E-17    3.001966313430247        2.6904149980032814E-17   3.001966313430247
3.2986722862692828        5.5140362735555934E-17   2.984513020910304        2.747925101490481E-17    2.984513020910304        3.528554176590172E-17    2.984513020910304        2.559221806048204E-17    2.984513020910304        1.955370448230925E-17    2.984513020910304        3.344730095960128E-17    2.984513020910304        3.713778401059E-17       2.984513020910304        2.4499393741915928E-17   2.984513020910304        2.733040701455302E-17    2.984513020910304        4.083192297825092E-17    2.984513020910304        3.29590934704472E-17     2.984513020910304
3.3161255787892263        7.408305365975779E-17    2.9670597283903604       3.7135592969954347E-17   2.9670597283903604       3.982962515784496E-17    2.9670597283903604       2.896461545936407E-17    2.9670597283903604       2.9007549328601044E-17   2.9670597283903604       4.900395426786553E-17    2.9670597283903604       4.704573854119747E-17    2.9670597283903604       2.436237976804845E-17    2.9670597283903604       2.804228406776406E-17    2.9670597283903604       4.9561909599298627E-17   2.9670597283903604       4.2730531016096027E-17   2.9670597283903604
3.3335788713091694        8.4373114007569E-17      2.9496064358704173       4.286080719230659E-17    2.9496064358704173       5.08852266956534E-17     2.9496064358704173       3.6671432295488193E-17   2.9496064358704173       3.0734836251182663E-17   2.9496064358704173       5.3231032464527147E-17   2.9496064358704173       5.722734916780724E-17    2.9496064358704173       3.4578829338603025E-17   2.9496064358704173       3.61186157370296E-17     2.9496064358704173       5.853553241062419E-17    2.9496064358704173       5.084421739649905E-17    2.9496064358704173
3.3510321638291125        1.0526632818873634E-16   2.932153143350474        5.094485207276862E-17    2.932153143350474        5.867317170006533E-17    2.932153143350474        4.426383836244141E-17    2.932153143350474        3.865223822241955E-17    2.932153143350474        6.300143867619496E-17    2.932153143350474        6.563320027623228E-17    2.932153143350474        3.9445714527836124E-17   2.932153143350474        4.269784037658468E-17    2.932153143350474        7.038798412714212E-17    2.932153143350474        6.229268667830729E-17    2.932153143350474
3.368485456349056         1.2289094691276505E-16   2.9146998508305306       6.218562071143344E-17    2.9146998508305306       6.82092566547443E-17     2.9146998508305306       4.976956287446227E-17    2.9146998508305306       4.5510690013701834E-17   2.9146998508305306       7.796548780304101E-17    2.9146998508305306       8.146773133317516E-17    2.9146998508305306       4.6032954311779335E-17   2.9146998508305306       4.5067891517541525E-17   2.9146998508305306       7.872326351779245E-17    2.9146998508305306       7.352188918836197E-17    2.9146998508305306
3.385938748868999         1.411087920784121E-16    2.8972465583105875       6.767474187071405E-17    2.8972465583105875       8.10528250983195E-17     2.8972465583105875       6.245171379002844E-17    2.8972465583105875       4.974418501937976E-17    2.8972465583105875       7.95287909254019E-17     2.8972465583105875       8.92913688630327E-17     2.8972465583105875       5.887893611750204E-17    2.8972465583105875       5.860474732472148E-17    2.8972465583105875       9.255604852254607E-17    2.8972465583105875       8.593263489697696E-17    2.8972465583105875
3.4033920413889422        1.690889781190716E-16    2.8797932657906444       8.269958820738185E-17    2.8797932657906444       8.821078188584763E-17    2.8797932657906444       6.722222231342699E-17    2.8797932657906444       6.203447834155693E-17    2.8797932657906444       1.0164777920131992E-16   2.8797932657906444       1.067839984150349E-16    2.8797932657906444       6.175053261593848E-17    2.8797932657906444       5.77426999727134E-17     2.8797932657906444       1.0177223824183649E-16   2.8797932657906444       1.0054763344433723E-16   2.8797932657906444
3.420845333908886         1.8498682475346975E-16   2.862339973270701        8.919281579939699E-17    2.862339973270701        1.042673986894765E-16    2.862339973270701        8.102830378859875E-17    2.862339973270701        6.431538747537942E-17    2.862339973270701        1.0278627466387535E-16   2.862339973270701        1.19055692426246E-16     2.862339973270701        7.96478777263419E-17     2.862339973270701        7.184490036580745E-17    2.862339973270701        1.1417402619135362E-16   2.862339973270701        1.140484747599944E-16    2.862339973270701
3.438298626428829         2.201765543010905E-16    2.8448866807507573       1.0305790706880704E-16   2.8448866807507573       1.1246990676997594E-16   2.8448866807507573       9.033940040014032E-17    2.8448866807507573       7.810546631146468E-17    2.8448866807507573       1.1998186131978267E-16   2.8448866807507573       1.3216656562579657E-16   2.8448866807507573       8.460756654390585E-17    2.8448866807507573       7.612259600929621E-17    2.8448866807507573       1.2672963894926842E-16   2.8448866807507573       1.311706999074235E-16    2.8448866807507573
3.455751918948773         2.419119582482842E-16    2.827433388230814        1.1648889648772555E-16   2.827433388230814        1.2733518353300152E-16   2.827433388230814        1.00458156860263E-16     2.827433388230814        8.401956223418581E-17    2.827433388230814        1.326696808232306E-16    2.827433388230814        1.5304932692772824E-16   2.827433388230814        1.0076184399568671E-16   2.827433388230814        8.273105303076514E-17    2.827433388230814        1.3501569797907822E-16   2.827433388230814        1.4617426118381498E-16   2.827433388230814
3.473205211468716         2.7469594727084754E-16   2.8099800957108707       1.2520677681172099E-16   2.8099800957108707       1.4072059042948456E-16   2.8099800957108707       1.1747071291843838E-16   2.8099800957108707       9.419904360765825E-17    2.8099800957108707       1.3664615714988925E-16   2.8099800957108707       1.6117739275600806E-16   2.8099800957108707       1.1532293567672152E-16   2.8099800957108707       9.81957476058733E-17     2.8099800957108707       1.5086093467931353E-16   2.8099800957108707       1.6441659534773446E-16   2.8099800957108707
3.490658503988659         3.123541753211758E-16    2.7925268031909276       1.457100683482135E-16    2.7925268031909276       1.506778196072332E-16    2.7925268031909276       1.2427726041068478E-16   2.7925268031909276       1.0792983889731731E-16   2.7925268031909276       1.6177959800396523E-16   2.7925268031909276       1.8563910807710242E-16   2.7925268031909276       1.251186223548702E-16    2.7925268031909276       9.768211654641718E-17    2.7925268031909276       1.5719424350536676E-16   2.7925268031909276       1.814445492127314E-16    2.7925268031909276
3.5081117965086026        3.375172799686889E-16    2.775073510670984        1.5365311703960832E-16   2.775073510670984        1.6958672172756366E-16   2.775073510670984        1.4437790456150807E-16   2.775073510670984        1.1336327914174999E-16   2.775073510670984        1.599655569456715E-16    2.775073510670984        1.9725926388125172E-16   2.775073510670984        1.4968820742926496E-16   2.775073510670984        1.18007820534866E-16     2.775073510670984        1.706607122158342E-16    2.775073510670984        1.9884932174978587E-16   2.775073510670984
3.5255650890285457        3.9024088093716695E-16   2.757620218151041        1.7295654647613165E-16   2.757620218151041        1.7714034735955176E-16   2.757620218151041        1.558314406723726E-16    2.757620218151041        1.3265580586936503E-16   2.757620218151041        1.8147625789857523E-16   2.757620218151041        2.1302241173640423E-16   2.757620218151041        1.5749276180302918E-16   2.757620218151041        1.2288249467552818E-16   2.757620218151041        1.8120147272693393E-16   2.757620218151041        2.176729363212518E-16    2.757620218151041
3.543018381548489         4.1976231025500596E-16   2.7401669256310974       1.9004367316431878E-16   2.7401669256310974       1.9494638131361071E-16   2.7401669256310974       1.6970144461681191E-16   2.7401669256310974       1.3989152694192774E-16   2.7401669256310974       1.9304278584121427E-16   2.7401669256310974       2.3722061922402625E-16   2.7401669256310974       1.8290166588700649E-16   2.7401669256310974       1.349633874655754E-16    2.7401669256310974       1.8705860056978919E-16   2.7401669256310974       2.3302173092239E-16      2.7401669256310974
3.560471674068432         4.698097867673629E-16    2.7227136331111548       2.0103035463439087E-16   2.7227136331111548       2.0786991869294391E-16   2.7227136331111548       1.9220615321772806E-16   2.7227136331111548       1.5668849981201572E-16   2.7227136331111548       1.961425502188063E-16    2.7227136331111548       2.413456604282302E-16    2.7227136331111548       2.001505767058486E-16    2.7227136331111548       1.564195335110999E-16    2.7227136331111548       2.034682023786564E-16    2.7227136331111548       2.516406869962833E-16    2.7227136331111548
3.5779249665883754        5.259469592535607E-16    2.7052603405912112       2.2877983579038343E-16   2.7052603405912112       2.1722207241306324E-16   2.7052603405912112       1.9970398798787553E-16   2.7052603405912112       1.7437764016407717E-16   2.7052603405912112       2.249170860238724E-16    2.7052603405912112       2.6923903404892394E-16   2.7052603405912112       2.154709998978951E-16    2.7052603405912112       1.5910794617415574E-16   2.7052603405912112       2.0646984546936387E-16   2.7052603405912112       2.658864829405793E-16    2.7052603405912112
3.5953782591083185        5.612325729353294E-16    2.687807048071268        2.3919421512745776E-16   2.687807048071268        2.373744384019922E-16    2.687807048071268        2.2463709319600144E-16   2.687807048071268        1.8424536961150171E-16   2.687807048071268        2.2116900806204297E-16   2.687807048071268        2.7850189218715723E-16   2.687807048071268        2.463412846623838E-16    2.687807048071268        1.8841719447253595E-16   2.687807048071268        2.1985436357986446E-16   2.687807048071268        2.8031329336702342E-16   2.687807048071268
3.6128315516282616        6.414240961028192E-16    2.670353755551325        2.6298670775077884E-16   2.670353755551325        2.420303608354914E-16    2.670353755551325        2.401134077533335E-16    2.670353755551325        2.119187319806204E-16    2.670353755551325        2.433247508905278E-16    2.670353755551325        2.8832231524912764E-16   2.670353755551325        2.5496354694623794E-16   2.670353755551325        2.0152888216500294E-16   2.670353755551325        2.328087349421562E-16    2.670353755551325        2.946216272739374E-16    2.670353755551325
3.6302848441482056        6.897325846104535E-16    2.652900463031381        2.898944125797586E-16    2.652900463031381        2.578690197923044E-16    2.652900463031381        2.519286414186554E-16    2.652900463031381        2.2364786459043455E-16   2.652900463031381        2.613020649505469E-16    2.652900463031381        3.1583428204538105E-16   2.652900463031381        2.8398078734771266E-16   2.652900463031381        2.179207319748789E-16    2.652900463031381        2.3689490041783344E-16   2.652900463031381        3.0370434367489555E-16   2.652900463031381
3.6477381366681487        7.56352572493397E-16     2.635447170511438        3.0076802044545286E-16   2.635447170511438        2.7021367816349245E-16   2.635447170511438        2.8155982109979765E-16   2.635447170511438        2.4788334882722976E-16   2.635447170511438        2.601380156334902E-16    2.635447170511438        3.1019852419199074E-16   2.635447170511438        3.0411070979495005E-16   2.635447170511438        2.54712466373687E-16     2.635447170511438        2.6059743573107833E-16   2.635447170511438        3.161862988427443E-16    2.635447170511438
3.6651914291880923        8.583299337579697E-16    2.6179938779914944       3.4025810651376085E-16   2.6179938779914944       2.716138055718355E-16    2.6179938779914944       2.873894168243478E-16    2.6179938779914944       2.7724605072414137E-16   2.6179938779914944       2.9778116476953485E-16   2.6179938779914944       3.322764213385509E-16    2.6179938779914944       3.1232959562193834E-16   2.6179938779914944       2.6273874470377187E-16   2.6179938779914944       2.7062824368018753E-16   2.6179938779914944       3.247887248864982E-16    2.6179938779914944
3.6826447217080354        9.091795437854175E-16    2.6005405854715513       3.615698928723878E-16    2.6005405854715513       2.9016433225982994E-16   2.6005405854715513       3.082100564031788E-16    2.6005405854715513       2.9033152708236224E-16   2.6005405854715513       3.019836287227559E-16    2.6005405854715513       3.4532395584357446E-16   2.6005405854715513       3.4520852694782987E-16   2.6005405854715513       2.9836574996186753E-16   2.6005405854715513       2.8758729941620137E-16   2.6005405854715513       3.3185280964829464E-16   2.6005405854715513
3.7000980142279785        1.0304894912305155E-15   2.5830872929516078       3.848106466966479E-16    2.5830872929516078       2.8905414041327523E-16   2.5830872929516078       3.3254086789326503E-16   2.5830872929516078       3.323447695587479E-16    2.5830872929516078       3.2098549823142137E-16   2.5830872929516078       3.349597568593191E-16    2.5830872929516078       3.457823686947693E-16    2.5830872929516078       3.3079132582090124E-16   2.5830872929516078       3.2262223341075076E-16   2.5830872929516078       3.4400530495081615E-16   2.5830872929516078
3.717551306747922         1.1509958621550155E-15   2.5656340004316647       4.3963616672215286E-16   2.5656340004316647       2.9143197615130263E-16   2.5656340004316647       3.304799321336246E-16    2.5656340004316647       3.5792495038510563E-16   2.5656340004316647       3.663559634657763E-16    2.5656340004316647       3.6704927656569075E-16   2.5656340004316647       3.570136223233155E-16    2.5656340004316647       3.398040667795681E-16    2.5656340004316647       3.378804031199197E-16    2.5656340004316647       3.5432866009763803E-16   2.5656340004316647
3.735004599267865         1.229630464418821E-15    2.548180707911721        4.576978301953724E-16    2.548180707911721        3.041107828638367E-16    2.548180707911721        3.579117347669589E-16    2.548180707911721        3.830689304299693E-16    2.548180707911721        3.6843923694384307E-16   2.548180707911721        3.613384579289137E-16    2.548180707911721        3.77686584818887E-16     2.548180707911721        3.8787749790854846E-16   2.548180707911721        3.7747467893435625E-16   2.548180707911721        3.6725090313254643E-16   2.548180707911721
3.752457891787808         1.4390001225203E-15      2.530727415391778        5.083688422607484E-16    2.530727415391778        2.8686172942506025E-16   2.530727415391778        3.680944008943907E-16    2.530727415391778        4.427832866017447E-16    2.530727415391778        4.2176702306786127E-16   2.530727415391778        3.5873505479987155E-16   2.530727415391778        3.5467344766030277E-16   2.530727415391778        4.062488814423441E-16    2.530727415391778        4.301283716632562E-16    2.530727415391778        3.945977556271288E-16    2.530727415391778
3.7699111843077517        1.5986563976322209E-15   2.5132741228718345       5.857209940464676E-16    2.5132741228718345       2.897273903852803E-16    2.5132741228718345       3.5570736663525757E-16   2.5132741228718345       4.640283426848586E-16    2.5132741228718345       4.771733557443493E-16    2.5132741228718345       4.009554974521223E-16    2.5132741228718345       3.624623334810789E-16    2.5132741228718345       4.098822076453458E-16    2.5132741228718345       4.573861300025942E-16    2.5132741228718345       4.251373008692108E-16    2.5132741228718345
3.787364476827695         1.7529540792274455E-15   2.4958208303518914       6.105130909374456E-16    2.4958208303518914       2.8677300195533417E-16   2.4958208303518914       3.830863244163743E-16    2.4958208303518914       5.112699812402225E-16    2.4958208303518914       4.96920043843158E-16     2.4958208303518914       3.831232480534626E-16    2.4958208303518914       3.568749438246842E-16    2.4958208303518914       4.566221186441859E-16    2.4958208303518914       5.284490884447326E-16    2.4958208303518914       4.637918245945986E-16    2.4958208303518914
3.804817769347638         2.1623755412008982E-15   2.4783675378319483       7.27172534813262E-16     2.4783675378319483       2.470496542248143E-16    2.4783675378319483       3.678193386013133E-16    2.4783675378319483       5.983096401130817E-16    2.4783675378319483       6.150379553443766E-16    2.4783675378319483       4.089942159586448E-16    2.4783675378319483       3.007019219405614E-16    2.4783675378319483       4.428905315330242E-16    2.4783675378319483       6.127240679441578E-16    2.4783675378319483       5.509942925945918E-16    2.4783675378319483
3.822271061867582         2.459903274176173E-15    2.4609142453120043       8.729744919898254E-16    2.4609142453120043       2.4879975894993637E-16   2.4609142453120043       3.290330085516246E-16    2.4609142453120043       6.163088452158012E-16    2.4609142453120043       7.094530392815411E-16    2.4609142453120043       4.887120825586964E-16    2.4609142453120043       2.9819630051913035E-16   2.4609142453120043       4.1089890734199287E-16   2.4609142453120043       6.461596112519884E-16    2.4609142453120043       6.415502423793891E-16    2.4609142453120043
3.839724354387525         2.881720842678465E-15    2.4434609527920617       9.431142991483395E-16    2.4434609527920617       2.08751716364327E-16     2.4434609527920617       3.5146660283554917E-16   2.4434609527920617       7.221200326760046E-16    2.4434609527920617       7.968541620017959E-16    2.4434609527920617       4.763392011441907E-16    2.4434609527920617       2.4757756997004435E-16   2.4434609527920617       4.4323204530142704E-16   2.4434609527920617       7.791070177856057E-16    2.4434609527920617       7.628234689575602E-16    2.4434609527920617
3.8571776469074686        4.4715325058809445E-15   2.426007660272118        1.477594143391584E-15    2.426007660272118        1.3190930633757227E-16   2.426007660272118        2.7765326234146173E-16   2.426007660272118        9.72432694885803E-16     2.426007660272118        1.2373446402161235E-15   2.426007660272118        6.87420702041787E-16     2.426007660272118        1.291012109857075E-16    2.426007660272118        3.4754397741213573E-16   2.426007660272118        1.0233428519339231E-15   2.426007660272118        1.1778257426968524E-15   2.426007660272118
3.8746309394274117        6.533544776672367E-15    2.408554367752175        2.6997107248209946E-15   2.408554367752175        3.6617162070454267E-16   2.408554367752175        7.505804603478037E-17    2.408554367752175        9.885258326955648E-16    2.408554367752175        1.824649650522343E-15    2.408554367752175        1.3913097734110034E-15   2.408554367752175        3.186740127283162E-16    2.408554367752175        9.250682779952943E-17    2.408554367752175        1.0184781953679636E-15   2.408554367752175        1.780699479006931E-15    2.408554367752175
3.8920842319473548        7.0895394110171964E-15   2.3911010752322315       3.686070819990676E-15    2.3911010752322315       9.338071359434932E-16    2.3911010752322315       6.142131253383066E-18    2.3911010752322315       6.402716068872055E-16    2.3911010752322315       1.935385353932385E-15    2.3911010752322315       2.0978298722618784E-15   2.3911010752322315       9.205066163268493E-16    2.3911010752322315       1.1763662260065508E-17   2.3911010752322315       6.247254008501978E-16    2.3911010752322315       1.934800476161348E-15    2.3911010752322315
3.9095375244672983        6.157335872385595E-15    2.3736477827122884       3.818779707689022E-15    2.3736477827122884       1.3900701815534423E-15   2.3736477827122884       1.357527251952961E-16    2.3736477827122884       2.864560313251177E-16    2.3736477827122884       1.6058326622104894E-15   2.3736477827122884       2.3464611407069204E-15   2.3736477827122884       1.5293891021613854E-15   2.3736477827122884       2.4020844652033844E-16   2.3736477827122884       1.9823399280472416E-16   2.3736477827122884       1.4816050045280406E-15   2.3736477827122884
3.9269908169872414        5.322272106181171E-15    2.3561944901923453       3.658611548239982E-15    2.3561944901923453       1.612095495204204E-15    2.3561944901923453       2.9515718409360164E-16   2.3561944901923453       1.1363523134681323E-16   2.3561944901923453       1.2679427535471114E-15   2.3561944901923453       2.306758037487855E-15    2.3561944901923453       1.8989049859798422E-15   2.3561944901923453       5.690617296860511E-16    2.3561944901923453       1.9753466002477726E-17   2.3561944901923453       9.668284092081036E-16    2.3561944901923453
3.9444441095071845        5.0146680348633735E-15   2.338741197672402        3.7058035369954794E-15   2.338741197672402        1.8552864651985264E-15   2.338741197672402        4.753303954492418E-16    2.338741197672402        3.1365333875805726E-17   2.338741197672402        1.018580194437988E-15    2.338741197672402        2.2415063576340273E-15   2.338741197672402        2.1697172480107162E-15   2.338741197672402        8.9654851059294E-16      2.338741197672402        8.370991663029349E-18    2.338741197672402        6.400377629945753E-16    2.338741197672402
3.9618974020271276        4.642822239968031E-15    2.321287905152459        3.739577155341162E-15    2.321287905152459        2.134713187616116E-15    2.321287905152459        7.1866496297648315E-16   2.321287905152459        1.0263516493056147E-19   2.321287905152459        7.721039446577917E-16    2.321287905152459        2.1514820159325606E-15   2.321287905152459        2.456970755534088E-15    2.321287905152459        1.3214543592178732E-15   2.321287905152459        1.1696297023777667E-16   2.321287905152459        3.411940061357529E-16    2.321287905152459
3.979350694547071         4.142516607678692E-15    2.3038346126325155       3.607503157753387E-15    2.3038346126325155       2.306435005750851E-15    2.3038346126325155       9.517031946386631E-16    2.3038346126325155       2.717106177236612E-17    2.3038346126325155       5.386801833290968E-16    2.3038346126325155       1.972490271178837E-15    2.3038346126325155       2.6518597592716152E-15   2.3038346126325155       1.787979621155678E-15    2.3038346126325155       3.7705149653063777E-16   2.3038346126325155       9.427514342608465E-17    2.3038346126325155
3.9968039870670142        3.820450424617544E-15    2.2863813201125724       3.510417495358913E-15    2.2863813201125724       2.4366524085257328E-15   2.2863813201125724       1.1640551094625251E-15   2.2863813201125724       9.636630591829677E-17    2.2863813201125724       3.469161182977285E-16    2.2863813201125724       1.7280058038500516E-15   2.2863813201125724       2.6827972262030143E-15   2.2863813201125724       2.1417224234966504E-15   2.2863813201125724       6.982827592133362E-16    2.2863813201125724       2.554637201167752E-18    2.2863813201125724
4.014257279586958         3.610599089544219E-15    2.2689280275926285       3.4966935105507525E-15   2.2689280275926285       2.6149820681663632E-15   2.2689280275926285       1.4142803183188184E-15   2.2689280275926285       2.0984892760469098E-16   2.2689280275926285       1.9467530177083582E-16   2.2689280275926285       1.4772236685464353E-15   2.2689280275926285       2.6480805155718833E-15   2.2689280275926285       2.431654031204117E-15    2.2689280275926285       1.0468431665892257E-15   2.2689280275926285       3.2474670713049645E-17   2.2689280275926285
4.031710572106902         3.3219676553205113E-15   2.2514747350726845       3.4188540936355767E-15   2.2514747350726845       2.7624058073612688E-15   2.2514747350726845       1.671781457273324E-15    2.2514747350726845       3.6525823442412E-16      2.2514747350726845       8.449947445578176E-17    2.2514747350726845       1.2348322218669957E-15   2.2514747350726845       2.6027543829636324E-15   2.2514747350726845       2.7516912559851387E-15   2.2514747350726845       1.5048177474990491E-15   2.2514747350726845       1.9568445453253522E-16   2.2514747350726845
4.049163864626845         3.0248527638338527E-15   2.2340214425527414       3.279773904447419E-15    2.2340214425527414       2.8364844369682923E-15   2.2340214425527414       1.890325244559741E-15    2.2340214425527414       5.440572855990416E-16    2.2340214425527414       1.912874420845895E-17    2.2340214425527414       9.776301527477124E-16    2.2340214425527414       2.4663442964373623E-15   2.2340214425527414       2.9932539772023438E-15   2.2340214425527414       2.007182524214083E-15    2.2340214425527414       5.153479614274257E-16    2.2340214425527414
4.066617157146788         2.8292721788407424E-15   2.2165681500327987       3.1907629708034553E-15   2.2165681500327987       2.915944745687147E-15    2.2165681500327987       2.1099443352197397E-15   2.2165681500327987       7.529186900488359E-16    2.2165681500327987       4.803293688787077E-19    2.2165681500327987       7.115177484026969E-16    2.2165681500327987       2.2088263587948583E-15   2.2165681500327987       3.0484144166750252E-15   2.2165681500327987       2.3985203126847407E-15   2.2165681500327987       8.977669197239142E-16    2.2165681500327987
4.084070449666731         2.668097148127609E-15    2.1991148575128556       3.135657551022605E-15    2.1991148575128556       3.0204907095177395E-15   2.1991148575128556       2.3538080595903175E-15   2.1991148575128556       9.989534131273903E-16    2.1991148575128556       3.312510120692472E-17    2.1991148575128556       4.778087284223805E-16    2.1991148575128556       1.92009830106518E-15     2.1991148575128556       3.010634782798035E-15    2.1991148575128556       2.71351008518048E-15     2.1991148575128556       1.3121968858361688E-15   2.1991148575128556
4.101523742186674         2.461914887623883E-15    2.1816615649929125       3.0310919281861218E-15   2.1816615649929125       3.0821180856451352E-15   2.1816615649929125       2.57261594400903E-15     2.1816615649929125       1.2569885575864548E-15   2.1816615649929125       1.1303378553677502E-16   2.1816615649929125       2.9331594671702783E-16   2.1816615649929125       1.6494611568289927E-15   2.1816615649929125       2.966615645359652E-15    2.1816615649929125       3.053597540022312E-15    2.1816615649929125       1.835997876441672E-15    2.1816615649929125
4.118977034706617         2.254525917364777E-15    2.164208272472969        2.892643228757981E-15    2.164208272472969        3.091612142420045E-15    2.164208272472969        2.7488222350077797E-15   2.164208272472969        1.515922822510623E-15    2.164208272472969        2.3824604994510903E-16   2.164208272472969        1.4595361075822853E-16   2.164208272472969        1.3501198186885684E-15   2.164208272472969        2.8312266763315774E-15   2.164208272472969        3.3239252034030478E-15   2.164208272472969        2.4113732649760894E-15   2.164208272472969
4.136430327226561         2.103398062899989E-15    2.146754979953025        2.787084029838724E-15    2.146754979953025        3.1080881724255926E-15   2.146754979953025        2.9268446661813764E-15   2.146754979953025        1.798943350842175E-15    2.146754979953025        4.186508533718904E-16    2.146754979953025        4.1139227160541725E-17   2.146754979953025        1.0059017848051065E-15   2.146754979953025        2.5291227299347694E-15   2.146754979953025        3.37384089056477E-15     2.146754979953025        2.8561851703856797E-15   2.146754979953025
4.153883619746504         1.9808042020443837E-15   2.1293016874330823       2.7088115183284196E-15   2.1293016874330823       3.1420970536522127E-15   2.1293016874330823       3.1175826285870014E-15   2.1293016874330823       2.1060678350807213E-15   2.1293016874330823       6.510423395214255E-16    2.1293016874330823       4.032140240758414E-19    2.1293016874330823       6.809793796064616E-16    2.1293016874330823       2.1445521645679264E-15   2.1293016874330823       3.251645878574891E-15    2.1293016874330823       3.1435107665901215E-15   2.1293016874330823
4.171336912266447         1.837486987377186E-15    2.111848394913139        2.604469550984851E-15    2.111848394913139        3.1444178279992416E-15   2.111848394913139        3.2745809575475493E-15   2.111848394913139        2.3979417478342886E-15   2.111848394913139        9.101981583370108E-16    2.111848394913139        2.5967755601406508E-17   2.111848394913139        4.249217667873403E-16    2.111848394913139        1.7830748270876947E-15   2.111848394913139        3.0944767368525266E-15   2.111848394913139        3.3926742389634182E-15   2.111848394913139
4.1887902047863905        1.6799814234513381E-15   2.094395102393196        2.466927875327597E-15    2.094395102393196        3.097697809975721E-15    2.094395102393196        3.3772553668584084E-15   2.094395102393196        2.6582802583205946E-15   2.094395102393196        1.186788763348879E-15    2.094395102393196        1.1031348166573654E-16   2.094395102393196        2.2703315945056547E-16   2.094395102393196        1.4324418609003521E-15   2.094395102393196        2.8924949806364842E-15   2.094395102393196        3.596984895604463E-15    2.094395102393196
4.2062434973063345        1.5458411748021705E-15   2.076941809873252        2.337314051778275E-15    2.076941809873252        3.0408910072351843E-15   2.076941809873252        3.4627440850551784E-15   2.076941809873252        2.9179353130366328E-15   2.076941809873252        1.5026007419365132E-15   2.076941809873252        2.6418324316552116E-16   2.076941809873252        7.706362551321489E-17    2.076941809873252        1.0420253784857649E-15   2.076941809873252        2.537679960451944E-15    2.076941809873252        3.593556852270448E-15    2.076941809873252
4.223696789826278         1.4433311387235547E-15   2.059488517353309        2.236483726247242E-15    2.059488517353309        3.0023841205676487E-15   2.059488517353309        3.559788735246741E-15    2.059488517353309        3.1962715446813604E-15   2.059488517353309        1.8669752736716066E-15   2.059488517353309        5.003975403608697E-16    2.059488517353309        3.1752943192898434E-18   2.059488517353309        6.448623459019571E-16    2.059488517353309        2.0316563886575676E-15   2.059488517353309        3.3124317033858562E-15   2.059488517353309
4.241150082346221         1.3470116203016502E-15   2.042035224833366        2.140670304206791E-15    2.042035224833366        2.960465988471828E-15    2.042035224833366        3.6422033855881905E-15   2.042035224833366        3.4594594541547384E-15   2.042035224833366        2.243857635951809E-15    2.042035224833366        7.994435036853415E-16    2.042035224833366        2.9418510763066395E-17   2.042035224833366        3.2531589999460525E-16   2.042035224833366        1.503364507081993E-15    2.042035224833366        2.8770657887155905E-15   2.042035224833366
4.258603374866164         1.2372645068099046E-15   2.024581932313423        2.0219454207871973E-15   2.024581932313423        2.8810333311740554E-15   2.024581932313423        3.6683562979968236E-15   2.024581932313423        3.6608840158449644E-15   2.024581932313423        2.586734687166648E-15    2.024581932313423        1.1234844616761656E-15   2.024581932313423        1.438351412536597E-16    2.024581932313423        1.2101666848325894E-16   2.024581932313423        1.05154459686468E-15     2.024581932313423        2.42825993664091E-15     2.024581932313423
4.276056667386107         1.121511871127712E-15    2.0071286397934798       1.8843592029101914E-15   2.0071286397934798       2.765378258191484E-15    2.0071286397934798       3.6388272390551045E-15   2.0071286397934798       3.8006900190263025E-15   2.0071286397934798       2.8930060514261067E-15   2.0071286397934798       1.4635696760756971E-15   2.0071286397934798       3.3088561432141375E-16   2.0071286397934798       1.7120503809063816E-17   2.0071286397934798       6.719831725543411E-16    2.0071286397934798       1.973079569205858E-15    2.0071286397934798
4.293509959906051         1.0186689936472797E-15   1.9896753472735356       1.7531464212944917E-15   1.9896753472735356       2.644584337750625E-15    1.9896753472735356       3.592270155797238E-15    1.9896753472735356       3.920620054285631E-15    1.9896753472735356       3.1999417552361106E-15   1.9896753472735356       1.8472094216413304E-15   1.9896753472735356       6.052397542086129E-16    1.9896753472735356       1.1565359415190623E-17   1.9896753472735356       3.3967369530313926E-16   1.9896753472735356       1.4536133564857763E-15   1.9896753472735356
4.310963252425994         9.358989754977366E-16    1.9722220547535925       1.6427949767446847E-15   1.9722220547535925       2.5398277959036766E-15   1.9722220547535925       3.555419787607673E-15    1.9722220547535925       4.047484588333896E-15    1.9722220547535925       3.5290089798260545E-15   1.9722220547535925       2.292490736669556E-15    1.9722220547535925       9.896366000245196E-16    1.9722220547535925       1.3718292932934449E-16   1.9722220547535925       9.210025184088746E-17    1.9722220547535925       8.919628979201634E-16    1.9722220547535925
4.328416544945937         8.642922991667409E-16    1.9547687622336494       1.544726960434188E-15    1.9547687622336494       2.4419822894123474E-15   1.9547687622336494       3.514460402071023E-15    1.9547687622336494       4.159033122182799E-15    1.9547687622336494       3.8488949140989094E-15   1.9547687622336494       2.766610089870223E-15    1.9547687622336494       1.4666441721952012E-15   1.9547687622336494       4.1369266720007137E-16   1.9547687622336494       7.322929497617417E-19    1.9547687622336494       4.0535440712122623E-16   1.9547687622336494
4.34586983746588          7.910562487204488E-16    1.9373154697137063       1.4408495100029186E-15   1.9373154697137063       2.326620783449726E-15    1.9373154697137063       3.4340079996842887E-15   1.9373154697137063       4.206455899147533E-15    1.9373154697137063       4.097896518484178E-15    1.9373154697137063       3.1998970251219953E-15   1.9373154697137063       1.9717485324735775E-15   1.9373154697137063       8.072187503754406E-16    1.9373154697137063       9.287700187609351E-17    1.9373154697137063       1.0073183165914735E-16   1.9373154697137063
4.363323129985823         7.113842830695932E-16    1.9198621771937632       1.3223082699777369E-15   1.9198621771937632       2.1804776706223492E-15   1.9198621771937632       3.2944685292648648E-15   1.9198621771937632       4.161682505445071E-15    1.9198621771937632       4.237051908251119E-15    1.9198621771937632       3.5395645984449416E-15   1.9198621771937632       2.439834532169103E-15    1.9198621771937632       1.2542247044852334E-15   1.9198621771937632       3.3374106863414427E-16   1.9198621771937632       8.953675950943018E-19    1.9198621771937632
4.380776422505767         6.301183234884966E-16    1.9024088846738192       1.1953879861566474E-15   1.9024088846738192       2.012376905355152E-15    1.9024088846738192       3.108956841721116E-15    1.9024088846738192       4.040469038162186E-15    1.9024088846738192       4.278889314915695E-15    1.9024088846738192       3.786107586366434E-15    1.9024088846738192       2.852245582670998E-15    1.9024088846738192       1.7167824046764706E-15   1.9024088846738192       6.780348362732048E-16    1.9024088846738192       7.40918440999355E-17     1.9024088846738192
4.39822971502571          5.554390564489205E-16    1.884955592153876        1.0735642349131218E-15   1.884955592153876        1.8433688812836936E-15   1.884955592153876        2.909820722313274E-15    1.884955592153876        3.885852757317947E-15    1.884955592153876        4.270412424918996E-15    1.884955592153876        3.981438480785592E-15    1.884955592153876        3.237933943457615E-15    1.884955592153876        2.205430313497925E-15    1.884955592153876        1.118778854277038E-15    1.884955592153876        3.0485897387965735E-16   1.884955592153876
4.4156830075456535        4.922054002253399E-16    1.867502299633933        9.66416991314937E-16     1.867502299633933        1.6898159399255775E-15   1.867502299633933        2.723200312606144E-15    1.867502299633933        3.733803196899516E-15    1.867502299633933        4.252601290816363E-15    1.867502299633933        4.166062434885788E-15    1.867502299633933        3.63316540749973E-15     1.867502299633933        2.750009517541608E-15    1.867502299633933        1.6804088467772644E-15   1.867502299633933        7.184094150436144E-16    1.867502299633933
4.4331363000655974        4.397219931040595E-16    1.850049007113989        8.745234888894123E-16    1.850049007113989        1.554159881717848E-15    1.850049007113989        2.5537804324218355E-15   1.850049007113989        3.590783162364492E-15    1.850049007113989        4.231347201529175E-15    1.850049007113989        4.343118808340264E-15    1.850049007113989        4.038022071020456E-15    1.850049007113989        3.350283046827332E-15    1.850049007113989        2.3694232414264226E-15   1.850049007113989        1.3399727705497511E-15   1.850049007113989
4.4505895925855405        3.936396231346467E-16    1.832595714594046        7.915330486767478E-16    1.832595714594046        1.4271413527653126E-15   1.832595714594046        2.3872085053817533E-15   1.832595714594046        3.4355955515358637E-15   1.832595714594046        4.1773624052977856E-15   1.832595714594046        4.4736609738451605E-15   1.832595714594046        4.403124853395532E-15    1.832595714594046        3.9498922554490295E-15   1.832595714594046        3.1329064792955307E-15   1.832595714594046        2.137622005952164E-15    1.832595714594046
4.468042885105484         3.49290914130812E-16     1.8151424220741028       7.09604215261859E-16     1.8151424220741028       1.296263584406311E-15    1.8151424220741028       2.203320407315866E-15    1.8151424220741028       3.237801523580729E-15    1.8151424220741028       4.048263453964518E-15    1.8151424220741028       4.500235307713241E-15    1.8151424220741028       4.651542005940589E-15    1.8151424220741028       4.451475195087856E-15    1.8151424220741028       3.860075769324204E-15    1.8151424220741028       3.0029318026700884E-15   1.8151424220741028
4.485496177625427         3.0405546603110824E-16   1.7976891295541597       6.239466159239704E-16    1.7976891295541597       1.1536067259725387E-15   1.7976891295541597       1.9891604453192773E-15   1.7976891295541597       2.977306377292459E-15    1.7976891295541597       3.8142700242318344E-15   1.7976891295541597       4.378345756252459E-15    1.7976891295541597       4.7160422852315445E-15   1.7976891295541597       4.757863010699238E-15    1.7976891295541597       4.422488972739651E-15    1.7976891295541597       3.78293972346986E-15     1.7976891295541597
4.50294947014537          2.5784131761316996E-16   1.7802358370342166       5.343167540178499E-16    1.7802358370342166       9.990384228927524E-16    1.7802358370342166       1.744905316128203E-15    1.7802358370342166       2.654199679547301E-15    1.7802358370342166       3.472737651572081E-15    1.7802358370342166       4.096795985980314E-15    1.7802358370342166       4.567584246683301E-15    1.7802358370342166       4.810779710612361E-15    1.7802358370342166       4.722970191264818E-15    1.7802358370342166       4.337179970253534E-15    1.7802358370342166
4.520402762665313         2.122928798209201E-16    1.7627825445142735       4.4395057221544707E-16   1.7627825445142735       8.388504847774396E-16    1.7627825445142735       1.4821722319033016E-15   1.7627825445142735       2.2869532574386795E-15   1.7627825445142735       3.0474399787885488E-15   1.7627825445142735       3.679858186820964E-15    1.7627825445142735       4.22298592983368E-15     1.7627825445142735       4.607732785270825E-15    1.7627825445142735       4.725620313824698E-15    1.7627825445142735       4.583754953612368E-15    1.7627825445142735
4.537856055185257         1.6972345301883827E-16   1.7453292519943295       3.5759470353352385E-16   1.7453292519943295       6.822829277248149E-16    1.7453292519943295       1.2182392665392804E-15   1.7453292519943295       1.90377725786235E-15     1.7453292519943295       2.577653697635154E-15    1.7453292519943295       3.1754119729465715E-15   1.7453292519943295       3.733912426735429E-15    1.7453292519943295       4.1950166415230055E-15   1.7453292519943295       4.457535860141586E-15    1.7453292519943295       4.514934656907143E-15    1.7453292519943295
4.5553093477052           1.3218150425207371E-16   1.7278759594743864       2.796798810577609E-16    1.7278759594743864       5.381625753236205E-16    1.7278759594743864       9.700321859889647E-16    1.7278759594743864       1.533194776508834E-15    1.7278759594743864       2.1051564556307447E-15   1.7278759594743864       2.6384549318136326E-15   1.7278759594743864       3.1673227122168603E-15   1.7278759594743864       3.6465753780117544E-15   1.7278759594743864       3.989395098400902E-15    1.7278759594743864       4.184327708726304E-15    1.7278759594743864
4.572762640225144         1.0083945680288531E-16   1.7104226669544424       2.130665416141014E-16    1.7104226669544424       4.126710375275948E-16    1.7104226669544424       7.500619058768892E-16    1.7104226669544424       1.1974602667729113E-15   1.7104226669544424       1.6645298964044545E-15   1.7104226669544424       2.1176424727718957E-15   1.7104226669544424       2.5874262742734483E-15   1.7104226669544424       3.0410399025954536E-15   1.7104226669544424       3.4086686441405314E-15   1.7104226669544424       3.679042365184471E-15    1.7104226669544424
4.590215932745087         7.591863985839193E-17    1.6929693744344994       1.5871362052013665E-16   1.6929693744344994       3.0860112878959916E-16   1.6929693744344994       5.649207898429256E-16    1.6929693744344994       9.098125859505541E-16    1.6929693744344994       1.2784468501070558E-15   1.6929693744344994       1.6477708989948888E-15   1.6929693744344994       2.044096293332037E-15    1.6929693744344994       2.4448696606891768E-15   1.6929693744344994       2.7968342257144064E-15   1.6929693744344994       3.0912036479662495E-15   1.6929693744344994
4.60766922526503          5.700920172367859E-17    1.6755160819145563       1.161355702835781E-16    1.6755160819145563       2.2585207188732263E-16   1.6755160819145563       4.1583994200607696E-16   1.6755160819145563       6.748186002392135E-16    1.6755160819145563       9.573069366276545E-16    1.6755160819145563       1.2479266833787942E-15   1.6755160819145563       1.5684105864379618E-15   1.6755160819145563       1.9040116752943205E-15   1.6755160819145563       2.2158283086412268E-15   1.6755160819145563       2.4980455337362413E-15   1.6755160819145563
4.625122517784973         4.34167805153735E-17     1.6580627893946132       8.40400560523018E-17     1.6580627893946132       1.6243934363284728E-16   1.6580627893946132       3.002766388712329E-16    1.6580627893946132       4.904353767581075E-16    1.6580627893946132       7.015500312164834E-16    1.6580627893946132       9.235790095579108E-16    1.6580627893946132       1.1738247080629116E-15   1.6580627893946132       1.4430625810350876E-15   1.6580627893946132       1.7038411591356294E-15   1.6580627893946132       1.9529033795626796E-15   1.6580627893946132
4.642575810304916         3.435309503326669E-17    1.64060949687467         6.077254537950116E-17    1.64060949687467         1.1543335731329454E-16   1.64060949687467         2.1361574063801064E-16   1.64060949687467         3.5063442510518635E-16   1.64060949687467         5.051150168972548E-16    1.64060949687467         6.706234587299844E-16    1.64060949687467         8.604914897660139E-16    1.64060949687467         1.0691761680908277E-15   1.64060949687467         1.27778439456463E-15     1.64060949687467         1.4848988138003642E-15   1.64060949687467
4.6600291028248595        2.9038348153016026E-17   1.623156204354727        4.459507459236299E-17    1.623156204354727        8.163131810401888E-17    1.623156204354727        1.5049773214051904E-16   1.623156204354727        2.4771420796602507E-16   1.623156204354727        3.587965866722604E-16    1.623156204354727        4.796939720272337E-16    1.623156204354727        6.204231805371818E-16    1.623156204354727        7.77771625275351E-16     1.623156204354727        9.389418468321126E-16    1.623156204354727        1.103637863973551E-15    1.623156204354727
4.677482395344803         2.681715298379422E-17    1.6057029118347839       3.390820730188759E-17    1.6057029118347839       5.800581685477448E-17    1.6057029118347839       1.0569748251394739E-16   1.6057029118347839       1.7386618933492407E-16   1.6057029118347839       2.526604593606085E-16    1.6057029118347839       3.395478520060483E-16    1.6057029118347839       4.4191890655373994E-16   1.6057029118347839       5.579698812368758E-16    1.6057029118347839       6.79110039422211E-16     1.6057029118347839       8.05634786810825E-16     1.6057029118347839
4.694935687864747         2.7252389196415838E-17   1.5882496193148399       2.741675145824737E-17    1.5882496193148399       4.198887570582184E-17    1.5882496193148399       7.464975443809036E-17    1.5882496193148399       1.2206822819146612E-16   1.5882496193148399       1.774354569614922E-16    1.5882496193148399       2.3914420537991217E-16   1.5882496193148399       3.1255382706286024E-16   1.5882496193148399       3.966736959420158E-16    1.5882496193148399       4.857452618283244E-16    1.5882496193148399       5.803385488242422E-16    1.5882496193148399
4.71238898038469          3.012925038111047E-17    1.5707963267948968       2.4179363095953972E-17   1.5707963267948968       3.158454279580182E-17    1.5707963267948968       5.3690087850276533E-17   1.5707963267948968       8.652155195703519E-17    1.5707963267948968       1.2522013894160353E-16   1.5707963267948968       1.6872518919148035E-16   1.5707963267948968       2.2085595390307783E-16   1.5707963267948968       2.8106473003702377E-16   1.5707963267948968       3.454524369890861E-16    1.5707963267948968       4.146575116763295E-16    1.5707963267948968
4.729842272904633         3.541023364392069E-17    1.5533430342749537       2.3557815707870137E-17   1.5533430342749537       2.5325591790926313E-17   1.5533430342749537       4.005279325297569E-17    1.5533430342749537       6.274812427754451E-17    1.5533430342749537       8.975169645938144E-17    1.5533430342749537       1.2031488596612496E-16   1.5533430342749537       1.571376873788001E-16    1.5533430342749537       1.9989757302402358E-16   1.5533430342749537       2.4589602475982547E-16   1.5533430342749537       2.9569522845844246E-16   1.5533430342749537
4.747295565424577         4.3207253268567833E-17   1.5358897417550097       2.5152310242853353E-17   1.5358897417550097       2.2166982941334636E-17   1.5358897417550097       3.172484748514646E-17    1.5358897417550097       4.744254051195179E-17    1.5358897417550097       6.633087200666455E-17    1.5358897417550097       8.780035347254934E-17    1.5358897417550097       1.1377787903014596E-16   1.5358897417550097       1.4404972835001248E-16   1.5358897417550097       1.766875081610657E-16    1.5358897417550097       2.1211086222038808E-16   1.5358897417550097
4.76474885794452          5.376367073767476E-17    1.5184364492350666       2.875790503007619E-17    1.5184364492350666       2.1396793030149027E-17   1.5184364492350666       2.728428994186613E-17    1.5184364492350666       3.823352590587348E-17    1.5184364492350666       5.1544532026318786E-17   1.5184364492350666       6.668738172379288E-17    1.5184364492350666       8.507586074120981E-17    1.5184364492350666       1.0654581023620554E-16   1.5184364492350666       1.296519102191278E-16    1.5184364492350666       1.5466701444318522E-16   1.5184364492350666
4.782202150464463         6.741797570213126E-17    1.5009831567151235       3.43177323457322E-17     1.5009831567151235       2.256449369745287E-17    1.5009831567151235       2.5770051746000375E-17   1.5009831567151235       3.3471573009173395E-17   1.5009831567151235       4.297210921965154E-17    1.5009831567151235       5.374373321732666E-17    1.5009831567151235       6.687896650793421E-17    1.5009831567151235       8.223137390493126E-17    1.5009831567151235       9.864220845729444E-17    1.5009831567151235       1.1624854720588527E-16   1.5009831567151235
4.799655442984406         8.455191018950761E-17    1.4835298641951804       4.186587136172838E-17    1.4835298641951804       2.540534516342033E-17    1.4835298641951804       2.656093838586775E-17    1.4835298641951804       3.2048826087388965E-17   1.4835298641951804       3.894403684816783E-17    1.4835298641951804       4.6691088457115244E-17   1.4835298641951804       5.620938559878818E-17    1.4835298641951804       6.73578134370733E-17     1.4835298641951804       7.91341944863314E-17     1.4835298641951804       9.154561069119983E-17    1.4835298641951804
4.817108735504349         1.055319281135637E-16    1.4660765716752373       5.147470140348822E-17    1.4660765716752373       2.976883517025823E-17    1.4660765716752373       2.926083253054415E-17    1.4660765716752373       3.323309249264132E-17    1.4660765716752373       3.833040254738374E-17    1.4660765716752373       4.3952428494524744E-17   1.4660765716752373       5.096348803592455E-17    1.4660765716752373       5.923531093986289E-17    1.4660765716752373       6.783840901483628E-17    1.4660765716752373       7.665530239175098E-17    1.4660765716752373
4.834562028024293         1.3063831211601135E-16   1.4486232791552933       6.32084644774024E-17     1.4486232791552933       3.556350921852654E-17    1.4486232791552933       3.360973017227208E-17    1.4486232791552933       3.653242613312145E-17    1.4486232791552933       4.0361534724483407E-17   1.4486232791552933       4.4436833463200334E-17   1.4486232791552933       4.966580119182775E-17    1.4486232791552933       5.595685287353363E-17    1.4486232791552933       6.239869809270692E-17    1.4486232791552933       6.875655242901505E-17    1.4486232791552933
4.852015320544236         1.599756938999917E-16    1.4311699866353502       7.707311801135248E-17    1.4311699866353502       4.27137702694037E-17     1.4311699866353502       3.942351984149714E-17    1.4311699866353502       4.160535271174699E-17    1.4311699866353502       4.4503199120922483E-17   1.4311699866353502       4.738197018781671E-17    1.4311699866353502       5.128084975714797E-17    1.4311699866353502       5.618027972029101E-17    1.4311699866353502       6.115671189539473E-17    1.4311699866353502       6.586427950985722E-17    1.4311699866353502
4.869468613064179         1.933749119822211E-16    1.4137166941154071       9.29609163676272E-17     1.4137166941154071       5.1118072359463667E-17   1.4137166941154071       4.654640218264306E-17    1.4137166941154071       4.820180031458433E-17    1.4137166941154071       5.038132305082227E-17    1.4137166941154071       5.2260012603620844E-17   1.4137166941154071       5.509205123482941E-17    1.4137166941154071       5.897617627509694E-17    1.4137166941154071       6.297061366800414E-17    1.4137166941154071       6.662672696787403E-17    1.4137166941154071
4.886921905584122         2.303098810923721E-16    1.396263401595464        1.1060083732457234E-16   1.396263401595464        6.060656673207126E-17    1.396263401595464        5.480079505579457E-17    1.396263401595464        5.61044959838991E-17     1.396263401595464        5.771829163767978E-17    1.396263401595464        5.87081698192645E-17     1.396263401595464        6.061738124623092E-17    1.396263401595464        6.371785045779218E-17    1.396263401595464        6.706678152305676E-17    1.396263401595464        7.013272681568628E-17    1.396263401595464
4.9043751981040655        2.6985500008242628E-16   1.378810109075521        1.2952929264115015E-16   1.378810109075521        7.090630525872423E-17    1.378810109075521        6.393388879246707E-17    1.378810109075521        6.505488784861509E-17    1.378810109075521        6.624609102418039E-17    1.378810109075521        6.643410442110948E-17    1.378810109075521        6.750520419615611E-17    1.378810109075521        6.995614808755563E-17    1.378810109075521        7.287721963177809E-17    1.378810109075521        7.569272386997141E-17    1.378810109075521
4.921828490624009         3.1070840136656644E-16   1.3613568165555778       1.490950226022374E-16    1.3613568165555778       8.162663975491339E-17    1.3613568165555778       7.357724646577003E-17    1.3613568165555778       7.468173150020527E-17    1.3613568165555778       7.560762174942749E-17    1.3613568165555778       7.509697643262273E-17    1.3613568165555778       7.539794558849586E-17    1.3613568165555778       7.726267525382492E-17    1.3613568165555778       7.985293756702386E-17    1.3613568165555778       8.260417630413871E-17    1.3613568165555778
4.939281783143953         3.51304009480924E-16     1.3439035240356338       1.6851305128041877E-16   1.3439035240356338       9.228219852002913E-17    1.3439035240356338       8.325083993847678E-17    1.3439035240356338       8.448209934357545E-17    1.3439035240356338       8.531168340125477E-17    1.3439035240356338       8.424000834420003E-17    1.3439035240356338       8.384702951915696E-17    1.3439035240356338       8.513414289887655E-17    1.3439035240356338       8.73613353349901E-17     1.3439035240356338       9.003814654369809E-17    1.3439035240356338
4.956735075663896         3.900190162827282E-16    1.3264502315156907       1.8697323991860816E-16   1.3264502315156907       1.023655416903941E-16    1.3264502315156907       9.243725248006523E-17    1.3264502315156907       9.389971497914136E-17    1.3264502315156907       9.480862891369957E-17    1.3264502315156907       9.336174963116682E-17    1.3264502315156907       9.238749554303246E-17    1.3264502315156907       9.308501722659836E-17    1.3264502315156907       9.481375443739616E-17    1.3264502315156907       9.72165435188895E-17     1.3264502315156907
4.97418836818384          4.254542113885653E-16    1.3089969389957468       2.0378646541848573E-16   1.3089969389957468       1.1145113538331549E-16   1.3089969389957468       1.007012672384495E-16    1.3089969389957468       1.0246856300461192E-16   1.3089969389957468       1.0365089943966995E-16   1.3089969389957468       1.0208725556204688E-16   1.3089969389957468       1.0072698495726744E-16   1.3089969389957468       1.0087048157663556E-16   1.3089969389957468       1.0194306440075568E-16   1.3089969389957468       1.0376728767293759E-16   1.3089969389957468
4.991641660703783         4.567311645199339E-16    1.2915436464758037       2.185327899285249E-16    1.2915436464758037       1.192864896389102E-16    1.2915436464758037       1.077797730646321E-16    1.2915436464758037       1.0990264636381202E-16   1.2915436464758037       1.1157211129037683E-16   1.2915436464758037       1.1022747703257984E-16   1.2915436464758037       1.0878766232829764E-16   1.2915436464758037       1.0852190280556773E-16   1.2915436464758037       1.0884843388250008E-16   1.2915436464758037       1.0979265484413775E-16   1.2915436464758037
5.009094953223726         4.837194998351124E-16    1.2740903539558606       2.311716924444179E-16    1.2740903539558606       1.258455343347701E-16    1.2740903539558606       1.136080021653423E-16    1.2740903539558606       1.1607826026015577E-16   1.2740903539558606       1.1840178672986306E-16   1.2740903539558606       1.1761260427497434E-16   1.2740903539558606       1.1645695913712578E-16   1.2740903539558606       1.1602624100398694E-16   1.2740903539558606       1.1562379755367345E-16   1.2740903539558606       1.1545741352128305E-16   1.2740903539558606
5.026548245743669         5.070885698164455E-16    1.2566370614359175       2.420749501822269E-16    1.2566370614359175       1.3135721491724005E-16   1.2566370614359175       1.1834623597459582E-16   1.2566370614359175       1.210405666824006E-16    1.2566370614359175       1.2402237928809433E-16   1.2566370614359175       1.2397867153546634E-16   1.2566370614359175       1.2340117502396668E-16   1.2566370614359175       1.2308523831877423E-16   1.2566370614359175       1.220979115603055E-16    1.2566370614359175       1.2074207382828622E-16   1.2566370614359175
5.044001538263612         5.28098442216459E-16     1.2391837689159744       2.519328669936241E-16    1.2391837689159744       1.3629030358029424E-16   1.2391837689159744       1.2242621926352882E-16   1.2391837689159744       1.2512039022233816E-16   1.2391837689159744       1.2854975147883712E-16   1.2391837689159744       1.2919055697890285E-16   1.2391837689159744       1.2931634507497641E-16   1.2391837689159744       1.2939459079239387E-16   1.2391837689159744       1.2816024484716456E-16   1.2391837689159744       1.2585723598760972E-16   1.2391837689159744
5.061454830783555         5.481422930368598E-16    1.2217304763960313       2.6150422992450457E-16   1.2217304763960313       1.4120544959087969E-16   1.2217304763960313       1.2645178931311937E-16   1.2217304763960313       1.2891140214282555E-16   1.2217304763960313       1.324180504011191E-16    1.2217304763960313       1.3342753007724233E-16   1.2217304763960313       1.341719498681551E-16    1.2217304763960313       1.3488501194632577E-16   1.2217304763960313       1.3394450290412116E-16   1.2217304763960313       1.3135319833133248E-16   1.2217304763960313
5.078908123303498         5.68195588597951E-16     1.2042771838760882       2.712911442083014E-16    1.2042771838760882       1.4648988936140251E-16   1.2042771838760882       1.3089493268205077E-16   1.2042771838760882       1.3294173653818593E-16   1.2042771838760882       1.3607760843909113E-16   1.2042771838760882       1.3692560596925502E-16   1.2042771838760882       1.3794952800276705E-16   1.2042771838760882       1.393615040002573E-16    1.2042771838760882       1.392590342447206E-16    1.2042771838760882       1.3725473837716227E-16   1.2042771838760882
5.096361415823442         5.884088473032371E-16    1.1868238913561442       2.813161646297986E-16    1.1868238913561442       1.5217807620191226E-16   1.1868238913561442       1.3588400209816741E-16   1.1868238913561442       1.374503138684635E-16    1.1868238913561442       1.3981788718987046E-16   1.1868238913561442       1.3989151466955281E-16   1.1868238913561442       1.406404636537944E-16    1.1868238913561442       1.4252874737873374E-16   1.1868238913561442       1.435518626330871E-16    1.1868238913561442       1.428839227135419E-16    1.1868238913561442
5.113814708343385         6.080510170147588E-16    1.169370598836201        2.911035746446253E-16    1.169370598836201        1.5793711710384003E-16   1.169370598836201        1.4119526009296186E-16   1.169370598836201        1.4242998049328533E-16   1.169370598836201        1.439291199750838E-16    1.169370598836201        1.4284630670351655E-16   1.169370598836201        1.4280319877946557E-16   1.169370598836201        1.4474394521637448E-16   1.169370598836201        1.4679433933333246E-16   1.169370598836201        1.4780409010243606E-16   1.169370598836201
5.131268000863329         6.259013180813972E-16    1.151917306316257        2.998803988862704E-16    1.151917306316257        1.6314085803020642E-16   1.151917306316257        1.462310415743075E-16    1.151917306316257        1.4749342508602701E-16   1.151917306316257        1.4846921044315999E-16   1.151917306316257        1.4634640909032032E-16   1.151917306316257        1.4529351831016283E-16   1.151917306316257        1.4678528429058348E-16   1.151917306316257        1.4927278006879469E-16   1.151917306316257        1.5156522841181975E-16   1.151917306316257
5.1487212933832724        6.409560093384887E-16    1.134464013796314        3.0700270811786304E-16   1.134464013796314        1.6715946529488842E-16   1.134464013796314        1.5022926074521014E-16   1.134464013796314        1.5190452590337364E-16   1.134464013796314        1.5301991884480778E-16   1.134464013796314        1.5046999319586918E-16   1.134464013796314        1.4859398655778884E-16   1.134464013796314        1.4920091813344404E-16   1.134464013796314        1.511267861295676E-16    1.134464013796314        1.5349909235525987E-16   1.134464013796314
5.1661745859032155        6.530230443969224E-16    1.117010721276371        3.123782407238638E-16    1.117010721276371        1.6979283258249752E-16   1.117010721276371        1.5279769265474023E-16   1.117010721276371        1.551294616538037E-16    1.117010721276371        1.5710634984815282E-16   1.117010721276371        1.5504613665993231E-16   1.117010721276371        1.5296703578903965E-16   1.117010721276371        1.5263074828976537E-16   1.117010721276371        1.5312831989528019E-16   1.117010721276371        1.541682991571632E-16    1.117010721276371
5.183627878423159         6.627754731302711E-16    1.0995574287564278       3.165198694459361E-16    1.0995574287564278       1.7139748712654037E-16   1.0995574287564278       1.5411076253191195E-16   1.0995574287564278       1.5702169215487005E-16   1.0995574287564278       1.602220221121089E-16    1.0995574287564278       1.5939647726169462E-16   1.0995574287564278       1.5789549157733158E-16   1.0995574287564278       1.5704934899319492E-16   1.0995574287564278       1.5591887098294653E-16   1.0995574287564278       1.547805029264246E-16    1.0995574287564278
5.201081170943102         6.711880044346638E-16    1.0821041362364847       3.2020853888567456E-16   1.0821041362364847       1.7271235794720046E-16   1.0821041362364847       1.5483856233350657E-16   1.0821041362364847       1.5785885024945022E-16   1.0821041362364847       1.619205693832597E-16    1.0821041362364847       1.6235482138373153E-16   1.0821041362364847       1.6189360502838587E-16   1.0821041362364847       1.6128821307200068E-16   1.0821041362364847       1.5926299888800385E-16   1.0821041362364847       1.5629141400588152E-16   1.0821041362364847
5.218534463463045         6.787070058079937E-16    1.0646508437165416       3.2391778975327103E-16   1.0646508437165416       1.7442657159362575E-16   1.0646508437165416       1.5585936170854537E-16   1.0646508437165416       1.584019501591319E-16    1.0646508437165416       1.6239287389019899E-16   1.0646508437165416       1.6331750750392719E-16   1.0646508437165416       1.6377804813099653E-16   1.0646508437165416       1.641704356937964E-16    1.0646508437165416       1.627358930398738E-16    1.0646508437165416       1.5956966094984945E-16   1.0646508437165416
5.235987755982989         6.848646857491514E-16    1.0471975511965976       3.273856797719747E-16    1.0471975511965976       1.7659360823294225E-16   1.0471975511965976       1.5753460601649123E-16   1.0471975511965976       1.5924633913217174E-16   1.0471975511965976       1.621852485594867E-16    1.0471975511965976       1.6241608490669854E-16   1.0471975511965976       1.6305147299712872E-16   1.0471975511965976       1.6462461377082456E-16   1.0471975511965976       1.650354076334117E-16    1.0471975511965976       1.6358022017625716E-16   1.0471975511965976
5.253441048502932         6.887872191279476E-16    1.0297442586766545       3.298366202486851E-16    1.0297442586766545       1.7858243843270579E-16   1.0297442586766545       1.5949104406417215E-16   1.0297442586766545       1.6057642940035926E-16   1.0297442586766545       1.6218293059892558E-16   1.0297442586766545       1.6096378680323155E-16   1.0297442586766545       1.6087322615487087E-16   1.0297442586766545       1.6302616796683128E-16   1.0297442586766545       1.653718323525279E-16    1.0297442586766545       1.664964925431522E-16    1.0297442586766545
5.270894341022875         6.901788362810548E-16    1.0122909661567114       3.306497083622299E-16    1.0122909661567114       1.7949898554293117E-16   1.0122909661567114       1.6080589997534281E-16   1.0122909661567114       1.6197453916098763E-16   1.0122909661567114       1.6302011853324507E-16   1.0122909661567114       1.6068218242594852E-16   1.0122909661567114       1.5944640483627935E-16   1.0122909661567114       1.6105636029256947E-16   1.0122909661567114       1.6392192809310757E-16   1.0122909661567114       1.6657841612313847E-16   1.0122909661567114
5.288347633542818         6.898561128215389E-16    0.9948376736367683       3.3001909152422753E-16   0.9948376736367683       1.7896317633728292E-16   0.9948376736367683       1.6073270589735495E-16   0.9948376736367683       1.6267200300958265E-16   0.9948376736367683       1.644572078852647E-16    0.9948376736367683       1.6223839398971103E-16   0.9948376736367683       1.6024088133532604E-16   0.9948376736367683       1.6040717343659524E-16   0.9948376736367683       1.61741183618596E-16     0.9948376736367683       1.6352997863035696E-16   0.9948376736367683
5.305800926062761         6.890722847506459E-16    0.9773843811168252       3.2888818555283923E-16   0.9773843811168252       1.775589422130229E-16    0.9773843811168252       1.5945117641302256E-16   0.9773843811168252       1.622636748582924E-16    0.9773843811168252       1.6559195243382785E-16   0.9773843811168252       1.6472143357799788E-16   0.9773843811168252       1.6296936171680734E-16   0.9773843811168252       1.6187880420673037E-16   0.9773843811168252       1.607454430275186E-16    0.9773843811168252       1.5987898434025865E-16   0.9773843811168252
5.323254218582705         6.881358149810951E-16    0.9599310885968814       3.280615509141038E-16    0.9599310885968814       1.7635099030285227E-16   0.9599310885968814       1.5789008798538966E-16   0.9599310885968814       1.608603427674991E-16    0.9599310885968814       1.6516682296350832E-16   0.9599310885968814       1.6570095593652776E-16   0.9599310885968814       1.6498222762949725E-16   0.9599310885968814       1.6389517263145237E-16   0.9599310885968814       1.6146741926637164E-16   0.9599310885968814       1.5840022732724117E-16   0.9599310885968814
5.340707511102648         6.858333981079383E-16    0.9424777960769383       3.273497555074004E-16    0.9424777960769383       1.7592910463428262E-16   0.9424777960769383       1.5699491224060374E-16   0.9424777960769383       1.5918026467262268E-16   0.9424777960769383       1.6293501968633382E-16   0.9424777960769383       1.636518702869371E-16    0.9424777960769383       1.639067584240596E-16    0.9424777960769383       1.6426420941939508E-16   0.9424777960769383       1.631062583139442E-16    0.9424777960769383       1.604225546661008E-16    0.9424777960769383
5.358160803622591         6.806220765776679E-16    0.9250245035569951       3.256617179063022E-16    0.9250245035569951       1.7571482526853537E-16   0.9250245035569951       1.5670915718796845E-16   0.9250245035569951       1.5780835705091928E-16   0.9250245035569951       1.5989687610067846E-16   0.9250245035569951       1.5935786813758086E-16   0.9250245035569951       1.5963573264225018E-16   0.9250245035569951       1.6162835428920899E-16   0.9250245035569951       1.6326189828641112E-16   0.9250245035569951       1.632685188595768E-16    0.9250245035569951
5.375614096142535         6.725829029730247E-16    0.9075712110370511       3.222039891911488E-16    0.9075712110370511       1.745280866535062E-16    0.9075712110370511       1.5607638953844268E-16   0.9075712110370511       1.5685895783141138E-16   0.9075712110370511       1.578363781667255E-16    0.9075712110370511       1.5588828335029433E-16   0.9075712110370511       1.5523041738509164E-16   0.9075712110370511       1.5743666954001292E-16   0.9075712110370511       1.606523026773648E-16    0.9075712110370511       1.6305048743096244E-16   0.9075712110370511
5.3930673886624785        6.637591272876372E-16    0.890117918517108        3.1747934403394896E-16   0.890117918517108        1.718199382429103E-16    0.890117918517108        1.5414307304575623E-16   0.890117918517108        1.5570111961744946E-16   0.890117918517108        1.573010724241465E-16    0.890117918517108        1.5525345121888205E-16   0.890117918517108        1.5354211885898443E-16   0.890117918517108        1.540886326951285E-16    0.890117918517108        1.558262882259776E-16    0.890117918517108        1.5775922765368516E-16   0.890117918517108
5.410520681182422         6.560070971142961E-16    0.8726646259971649       3.1288826964220426E-16   0.8726646259971649       1.6843217173063699E-16   0.8726646259971649       1.5113086235331962E-16   0.8726646259971649       1.537138293039725E-16    0.8726646259971649       1.57041608270268E-16     0.8726646259971649       1.5636807125314562E-16   0.8726646259971649       1.545780374641677E-16    0.8726646259971649       1.5324740871772144E-16   0.8726646259971649       1.5192070822587323E-16   0.8726646259971649       1.5103050670978898E-16   0.8726646259971649
5.427973973702365         6.485707485010996E-16    0.8552113334772218       3.090822145416267E-16    0.8552113334772218       1.6568988159906016E-16   0.8552113334772218       1.48170769585006E-16     0.8552113334772218       1.5076535366415308E-16   0.8552113334772218       1.549094691280986E-16    0.8552113334772218       1.555508269131586E-16    0.8552113334772218       1.5476062745302785E-16   0.8552113334772218       1.534437059180113E-16    0.8552113334772218       1.5091068860578683E-16   0.8552113334772218       1.479983887290522E-16    0.8552113334772218
5.445427266222308         6.387318421687446E-16    0.8377580409572788       3.0508908068146825E-16   0.8377580409572788       1.6384732751044107E-16   0.8377580409572788       1.4605400526557525E-16   0.8377580409572788       1.4749674099297603E-16   0.8377580409572788       1.5049373605856648E-16   0.8377580409572788       1.5090004667244987E-16   0.8377580409572788       1.511463005029701E-16    0.8377580409572788       1.5188197373063907E-16   0.8377580409572788       1.515616775393143E-16    0.8377580409572788       1.498159011594269E-16    0.8377580409572788
5.462880558742251         6.25332699829615E-16     0.8203047484373357       2.994774347888398E-16    0.8203047484373357       1.6168839846466944E-16   0.8203047484373357       1.442353105794107E-16    0.8203047484373357       1.4465875292634157E-16   0.8203047484373357       1.458793549331867E-16    0.8203047484373357       1.4484830640131056E-16   0.8203047484373357       1.4500577929106814E-16   0.8203047484373357       1.4744749654713914E-16   0.8203047484373357       1.5018278356961177E-16   0.8203047484373357       1.5140516901536298E-16   0.8203047484373357
5.480333851262194         6.106911166639599E-16    0.8028514559173925       2.922785063324308E-16    0.8028514559173925       1.5802384967404943E-16   0.8028514559173925       1.4149682332965624E-16   0.8028514559173925       1.4228071452559045E-16   0.8028514559173925       1.433254186774457E-16    0.8028514559173925       1.4148906909707883E-16   0.8028514559173925       1.4047135217292577E-16   0.8028514559173925       1.4198479211338612E-16   0.8028514559173925       1.4468940370563762E-16   0.8028514559173925       1.4696418884293152E-16   0.8028514559173925
5.497787143782138         5.978318807056508E-16    0.7853981633974485       2.8513557293729577E-16   0.7853981633974485       1.5336561935052442E-16   0.7853981633974485       1.3760205399315213E-16   0.7853981633974485       1.396458922241706E-16    0.7853981633974485       1.4234277809086175E-16   0.7853981633974485       1.4138765094027878E-16   0.7853981633974485       1.395154728956729E-16    0.7853981633974485       1.3848063405787184E-16   0.7853981633974485       1.3801851366273605E-16   0.7853981633974485       1.3816586199395657E-16   0.7853981633974485
5.515240436302081         5.862007401108965E-16    0.7679448708775054       2.7910798603969834E-16   0.7679448708775054       1.4932374664710893E-16   0.7679448708775054       1.3361012850669779E-16   0.7679448708775054       1.3603248545487289E-16   0.7679448708775054       1.3989852431117912E-16   0.7679448708775054       1.4031608503859082E-16   0.7679448708775054       1.3901034939220415E-16   0.7679448708775054       1.3716185284899924E-16   0.7679448708775054       1.3464045626844842E-16   0.7679448708775054       1.3238158104822906E-16   0.7679448708775054
5.532693728822025         5.722109299099151E-16    0.7504915783575614       2.73136435285529E-16     0.7504915783575614       1.4640775831299478E-16   0.7504915783575614       1.3047041521119064E-16   0.7504915783575614       1.3173744810708096E-16   0.7504915783575614       1.3455767514380445E-16   0.7504915783575614       1.3500132521486097E-16   0.7504915783575614       1.3502771282730637E-16   0.7504915783575614       1.353714767971557E-16    0.7504915783575614       1.3485837194169734E-16   0.7504915783575614       1.3320895239128443E-16   0.7504915783575614
5.550147021341968         5.545811378712893E-16    0.7330382858376183       2.6554226376283123E-16   0.7330382858376183       1.4322064482876282E-16   0.7330382858376183       1.2765684485137692E-16   0.7330382858376183       1.2778483867502185E-16   0.7330382858376183       1.287728786154126E-16    0.7330382858376183       1.279647741694902E-16    0.7330382858376183       1.2832140142746888E-16   0.7330382858376183       1.3084252369388185E-16   0.7330382858376183       1.335857302067163E-16    0.7330382858376183       1.3460692162571603E-16   0.7330382858376183
5.567600313861911         5.366333456682198E-16    0.7155849933176752       2.565978227276752E-16    0.7155849933176752       1.3848519976911423E-16   0.7155849933176752       1.2395520297980162E-16   0.7155849933176752       1.2458274286373614E-16   0.7155849933176752       1.2559365749066972E-16   0.7155849933176752       1.2411446112272794E-16   0.7155849933176752       1.2324686600998146E-16   0.7155849933176752       1.2460607863517075E-16   0.7155849933176752       1.2699213901950363E-16   0.7155849933176752       1.2884542515903174E-16   0.7155849933176752
5.585053606381854         5.214385554985636E-16    0.6981317007977322       2.482678875453283E-16    0.6981317007977322       1.330782321458037E-16    0.6981317007977322       1.1934925016312482E-16   0.6981317007977322       1.2130968544060505E-16   0.6981317007977322       1.2408206725069568E-16   0.6981317007977322       1.2349968724712868E-16   0.6981317007977322       1.215984634329693E-16    0.6981317007977322       1.2009013678848762E-16   0.6981317007977322       1.1904208618938356E-16   0.6981317007977322       1.1881719823200313E-16   0.6981317007977322
5.602506898901797         5.068321507418087E-16    0.680678408277789        2.4116922912772536E-16   0.680678408277789        1.287416401021458E-16    0.680678408277789        1.150278321955313E-16    0.680678408277789        1.1697238913495438E-16   0.680678408277789        1.2036801854960077E-16   0.680678408277789        1.2084969334092655E-16   0.680678408277789        1.1971061710092958E-16   0.680678408277789        1.1807837501327886E-16   0.680678408277789        1.158672515652023E-16    0.680678408277789        1.1390898680679878E-16   0.680678408277789
5.6199601914217405        4.888275176405014E-16    0.6632251157578459       2.3357787922547953E-16   0.6632251157578459       1.2532989932069617E-16   0.6632251157578459       1.115328930565282E-16    0.6632251157578459       1.1201444977976602E-16   0.6632251157578459       1.1378987581017784E-16   0.6632251157578459       1.1389990581559084E-16   0.6632251157578459       1.1425154117865214E-16   0.6632251157578459       1.155438445480926E-16    0.6632251157578459       1.1629093326837036E-16   0.6632251157578459       1.1553894791038346E-16   0.6632251157578459
5.6374134839416845        4.684471323624227E-16    0.6457718232379019       2.242776180199699E-16    0.6457718232379019       1.2100132378271034E-16   0.6457718232379019       1.079169571959418E-16    0.6457718232379019       1.078077669826587E-16    0.6457718232379019       1.0831555105866737E-16   0.6457718232379019       1.0734035924693741E-16   0.6457718232379019       1.0759202633204762E-16   0.6457718232379019       1.101262428536298E-16    0.6457718232379019       1.1309668361332217E-16   0.6457718232379019       1.1442424676785565E-16   0.6457718232379019
5.654866776461628         4.502580387008241E-16    0.6283185307179588       2.1465896536226113E-16   0.6283185307179588       1.152932571741125E-16    0.6283185307179588       1.0334228579011369E-16   0.6283185307179588       1.0443853934619745E-16   0.6283185307179588       1.0603507465950744E-16   0.6283185307179588       1.0502778061189424E-16   0.6283185307179588       1.0365367194960472E-16   0.6283185307179588       1.0353898647880716E-16   0.6283185307179588       1.0425692125400127E-16   0.6283185307179588       1.0519922781524365E-16   0.6283185307179588
5.672320068981571         4.3455864209292066E-16   0.6108652381980157       2.064363477783149E-16    0.6108652381980157       1.1001464721903939E-16   0.6108652381980157       9.854411885868491E-17    0.6108652381980157       1.0049205146129936E-16   0.6108652381980157       1.0351076420195782E-16   0.6108652381980157       1.0352063509576456E-16   0.6108652381980157       1.0172663616947443E-16   0.6108652381980157       9.956151798601334E-17    0.6108652381980157       9.747054688500434E-17    0.6108652381980157       9.641261122900338E-17    0.6108652381980157
5.689773361501514         4.1676807769241083E-16   0.5934119456780726       1.9867288583380902E-16   0.5934119456780726       1.0613617015758649E-16   0.5934119456780726       9.452653674034137E-17    0.5934119456780726       9.536528924764087E-17    0.5934119456780726       9.750200590940112E-17    0.5934119456780726       9.784300445765826E-17    0.5934119456780726       9.76743567174396E-17     0.5934119456780726       9.768551758594647E-17    0.5934119456780726       9.710297109151899E-17    0.5934119456780726       9.580696469858151E-17    0.5934119456780726
5.707226654021458         3.958141158955628E-16    0.5759586531581287       1.8948352338811625E-16   0.5759586531581287       1.0204559229650233E-16   0.5759586531581287       9.081051559910783E-17    0.5759586531581287       9.047546698727257E-17    0.5759586531581287       9.092179555739798E-17    0.5759586531581287       9.045559695064785E-17    0.5759586531581287       9.123097723102032E-17    0.5759586531581287       9.3806934991241E-17      0.5759586531581287       9.625092258420923E-17    0.5759586531581287       9.668752472506219E-17    0.5759586531581287
5.7246799465414           3.76248839247757E-16     0.5585053606381865       1.794614393305419E-16    0.5585053606381865       9.64466678204381E-17     0.5585053606381865       8.634585271603501E-17    0.5585053606381865       8.683702872097787E-17    0.5585053606381865       8.772152610205924E-17    0.5585053606381865       8.677256609259456E-17    0.5585053606381865       8.608060254087701E-17    0.5585053606381865       8.686843942720858E-17    0.5585053606381865       8.830750700920824E-17    0.5585053606381865       8.935727863107387E-17    0.5585053606381865
5.742133239061344         3.5982827895669283E-16   0.5410520681182425       1.7064212585415052E-16   0.5410520681182425       9.081934365356939E-17    0.5410520681182425       8.148471234495027E-17    0.5410520681182425       8.318384586815206E-17    0.5410520681182425       8.562625881183731E-17    0.5410520681182425       8.535738507414508E-17    0.5410520681182425       8.349397336106894E-17    0.5410520681182425       8.14568903971461E-17     0.5410520681182425       7.983348818263046E-17    0.5410520681182425       7.949445241350714E-17    0.5410520681182425
5.759586531581287         3.421853589241482E-16    0.5235987755982994       1.627413749152529E-16    0.5235987755982994       8.669697173090541E-17    0.5235987755982994       7.729942753006156E-17    0.5235987755982994       7.820283330208095E-17    0.5235987755982994       8.020866597347854E-17    0.5235987755982994       8.052512504824367E-17    0.5235987755982994       8.007323430598865E-17    0.5235987755982994       7.951099429251697E-17    0.5235987755982994       7.850919627829347E-17    0.5235987755982994       7.736377618742367E-17    0.5235987755982994
5.777039824101231         3.214969707774726E-16    0.5061454830783554       1.5383229671745615E-16   0.5061454830783554       8.277785688516178E-17    0.5061454830783554       7.358448375327709E-17    0.5061454830783554       7.313600331162072E-17    0.5061454830783554       7.348054238416034E-17    0.5061454830783554       7.33265310002773E-17     0.5061454830783554       7.432437676706246E-17    0.5061454830783554       7.669259435691522E-17    0.5061454830783554       7.863885811995486E-17    0.5061454830783554       7.859540899707289E-17    0.5061454830783554
5.794493116621174         3.0214758723351517E-16   0.4886921905584123       1.4409913094661043E-16   0.4886921905584123       7.744861363084478E-17    0.4886921905584123       6.931627469022534E-17    0.4886921905584123       6.950168812679211E-17    0.4886921905584123       7.008078697403626E-17    0.4886921905584123       6.936574428381254E-17    0.4886921905584123       6.904513970696954E-17    0.4886921905584123       6.999266786363418E-17    0.4886921905584123       7.138701372407641E-17    0.4886921905584123       7.222943361826645E-17    0.4886921905584123
5.811946409141117         2.8601070593876564E-16   0.4712388980384692       1.354750829282165E-16    0.4712388980384692       7.199499072955388E-17    0.4712388980384692       6.468934374459473E-17    0.4712388980384692       6.610424850172468E-17    0.4712388980384692       6.813943982324983E-17    0.4712388980384692       6.783887131744286E-17    0.4712388980384692       6.603793391702642E-17    0.4712388980384692       6.403416574908802E-17    0.4712388980384692       6.261502737031408E-17    0.4712388980384692       6.265644808392139E-17    0.4712388980384692
5.829399701661061         2.6876714719441555E-16   0.45378560551852526      1.2781411746317217E-16   0.45378560551852526      6.80282712945286E-17     0.45378560551852526      6.065251579764935E-17    0.45378560551852526      6.129541120289813E-17    0.45378560551852526      6.290512797535153E-17    0.45378560551852526      6.317789392510567E-17    0.45378560551852526      6.274916972306852E-17    0.45378560551852526      6.216612611614521E-17    0.45378560551852526      6.130256815196016E-17    0.45378560551852526      6.047638303524587E-17    0.45378560551852526
5.8468529941810035        2.4906436797842703E-16   0.436332312998583        1.1932308240006066E-16   0.436332312998583        6.424212875407105E-17    0.436332312998583        5.700914192166165E-17    0.436332312998583        5.640478782203227E-17    0.436332312998583        5.653459578160754E-17    0.436332312998583        5.652773774162419E-17    0.436332312998583        5.763402500526109E-17    0.436332312998583        5.987514260952913E-17    0.436332312998583        6.161968860694506E-17    0.436332312998583        6.143109546414486E-17    0.436332312998583
5.8643062867009474        2.312955247652454E-16    0.418879020478639        1.1022252655949281E-16   0.418879020478639        5.911578410828256E-17    0.418879020478639        5.2902948830668404E-17   0.418879020478639        5.3101198090445467E-17   0.418879020478639        5.363358080327101E-17    0.418879020478639        5.309801483360723E-17    0.418879020478639        5.2733601271314234E-17   0.418879020478639        5.330980606738547E-17    0.418879020478639        5.430280555609003E-17    0.418879020478639        5.496963737753597E-17    0.418879020478639
5.88175957922089          2.1626065509728185E-16   0.40142572795869685      1.0224073486696649E-16   0.40142572795869685      5.411086180474747E-17    0.40142572795869685      4.8644707249075564E-17   0.40142572795869685      4.993366559393944E-17    0.40142572795869685      5.1691460307270675E-17   0.40142572795869685      5.142848810878355E-17    0.40142572795869685      4.9693173449524436E-17   0.40142572795869685      4.7701510188669104E-17   0.40142572795869685      4.636985867642092E-17    0.40142572795869685      4.655362256654744E-17    0.40142572795869685
5.899212871740834         1.995888295444513E-16    0.3839724354387528       9.502891138198408E-17    0.3839724354387528       5.05990332909805E-17     0.3839724354387528       4.501596516579987E-17    0.3839724354387528       4.531559859050257E-17    0.3839724354387528       4.6356956616267806E-17   0.3839724354387528       4.657662428910398E-17    0.3839724354387528       4.648806047639384E-17    0.3839724354387528       4.6433612594480484E-17   0.3839724354387528       4.609088782368203E-17    0.3839724354387528       4.544512988630992E-17    0.3839724354387528
5.916666164260777         1.8151513215316195E-16   0.36651914291880977      8.710753853385413E-17    0.36651914291880977      4.7007362787090697E-17   0.36651914291880977      4.1650577658357464E-17   0.36651914291880977      4.099115571801608E-17    0.36651914291880977      4.0870376011685785E-17   0.36651914291880977      4.0878176473141177E-17   0.36651914291880977      4.201113037450407E-17    0.36651914291880977      4.415414036422397E-17    0.36651914291880977      4.57921841083408E-17     0.36651914291880977      4.5563904642012007E-17   0.36651914291880977
5.934119456780721         1.6627371352077244E-16   0.3490658503988658       7.902448968719081E-17    0.3490658503988658       4.224094956091085E-17    0.3490658503988658       3.78863922854306E-17     0.3490658503988658       3.829111377438413E-17    0.3490658503988658       3.8915768106778925E-17   0.3490658503988658       3.8486406592585335E-17   0.3490658503988658       3.781614944060913E-17    0.3490658503988658       3.7643708939215836E-17   0.3490658503988658       3.7959516801733975E-17   0.3490658503988658       3.852176310915999E-17    0.3490658503988658
5.951572749300663         1.5280201947659433E-16   0.3316125578789235       7.212478644334805E-17    0.3316125578789235       3.804993273900216E-17    0.3316125578789235       3.4209213099476E-17      0.3316125578789235       3.5266415096066855E-17   0.3316125578789235       3.6692415670886585E-17   0.3316125578789235       3.6532991709250946E-17   0.3316125578789235       3.5081096114930097E-17   0.3316125578789235       3.328740440572121E-17    0.3316125578789235       3.206786323665723E-17    0.3316125578789235       3.223756054628712E-17    0.3316125578789235
5.969026041820607         1.3736759366772668E-16   0.3141592653589796       6.567304506514263E-17    0.3141592653589796       3.5135638195425156E-17   0.3141592653589796       3.1112230148992505E-17   0.3141592653589796       3.094134154592138E-17    0.3141592653589796       3.134239410568372E-17    0.3141592653589796       3.1575409662049295E-17   0.3141592653589796       3.2084529865729754E-17   0.3141592653589796       3.283407448198059E-17    0.3141592653589796       3.312990652181243E-17    0.3141592653589796       3.2524126553631705E-17   0.3141592653589796
5.986479334340551         1.221241044900587E-16    0.29670597283903555      5.863805126922459E-17    0.29670597283903555      3.167910211520571E-17    0.29670597283903555      2.8071046371500186E-17   0.29670597283903555      2.7542687155226424E-17   0.29670597283903555      2.736175034914518E-17    0.29670597283903555      2.7330875705016526E-17   0.29670597283903555      2.820157120806213E-17    0.29670597283903555      2.986021606319118E-17    0.29670597283903555      3.1154458908815064E-17   0.29670597283903555      3.100341602361003E-17    0.29670597283903555
6.003932626860493         1.0994508438384921E-16   0.27925268031909334      5.190447650746217E-17    0.27925268031909334      2.7467322949570253E-17   0.27925268031909334      2.4785401753204052E-17   0.27925268031909334      2.5478063310155392E-17   0.27925268031909334      2.62888892959739E-17     0.27925268031909334      2.5913660524992204E-17   0.27925268031909334      2.4807580143520057E-17   0.27925268031909334      2.3786954893475502E-17   0.27925268031909334      2.3413752044384242E-17   0.27925268031909334      2.3991659204433767E-17   0.27925268031909334
6.021385919380437         9.796828272042151E-17    0.26179938779914935      4.624819001317911E-17    0.26179938779914935      2.4334068579825058E-17   0.26179938779914935      2.1836930341171937E-17   0.26179938779914935      2.2480908279172797E-17   0.26179938779914935      2.3429239638325573E-17   0.26179938779914935      2.338630869393112E-17    0.26179938779914935      2.2533164319951456E-17   0.26179938779914935      2.144186061140406E-17    0.26179938779914935      2.0648484445871558E-17   0.26179938779914935      2.067507938185119E-17    0.26179938779914935
6.03883921190038          8.454400150634748E-17    0.24434609527920628      4.072805540930326E-17    0.24434609527920628      2.1989897191641212E-17   0.24434609527920628      1.9335446947000004E-17   0.24434609527920628      1.879499629087412E-17    0.24434609527920628      1.8678250995636648E-17   0.24434609527920628      1.892964565757035E-17    0.24434609527920628      1.9963906848036384E-17   0.24434609527920628      2.142534626235207E-17    0.24434609527920628      2.2247286066776047E-17   0.24434609527920628      2.164139248057278E-17    0.24434609527920628
6.056292504420323         7.30055353851539E-17     0.22689280275926318      3.491160311648737E-17    0.22689280275926318      1.8784774756415188E-17   0.22689280275926318      1.673237766187081E-17    0.22689280275926318      1.6568676189995395E-17   0.22689280275926318      1.6563604358382118E-17   0.22689280275926318      1.64461247097088E-17     0.22689280275926318      1.669077720854409E-17    0.22689280275926318      1.7372961492293945E-17   0.22689280275926318      1.8004014434804477E-17   0.22689280275926318      1.806521692038484E-17    0.22689280275926318
6.073745796940266         6.374149056137979E-17    0.2094395102393201       2.978632546086784E-17    0.2094395102393201       1.553002803092445E-17    0.2094395102393201       1.4138000376673425E-17   0.2094395102393201       1.492435080357272E-17    0.2094395102393201       1.5751281830982428E-17   0.2094395102393201       1.5463043804992717E-17   0.2094395102393201       1.422210838705137E-17    0.2094395102393201       1.2789863693352825E-17   0.2094395102393201       1.2038012890040017E-17   0.2094395102393201       1.258511277724874E-17    0.2094395102393201
6.09119908946021          5.354649736323921E-17    0.1919862177193761       2.547614423907284E-17    0.1919862177193761       1.351571100529636E-17    0.1919862177193761       1.2006588800481113E-17   0.1919862177193761       1.208021540590577E-17    0.1919862177193761       1.2386430198262211E-17   0.1919862177193761       1.24765763044961E-17     0.1919862177193761       1.2473852438742686E-17   0.1919862177193761       1.2445278299789794E-17   0.1919862177193761       1.2303115903901392E-17   0.1919862177193761       1.2055928074723904E-17   0.1919862177193761
6.108652381980153         4.347686189668337E-17    0.1745329251994339       2.116042705240993E-17    0.1745329251994339       1.1580795428230415E-17   0.1745329251994339       1.010600069297534E-17    0.1745329251994339       9.543873192451438E-18    0.1745329251994339       9.223820328325551E-18    0.1745329251994339       9.439870781313942E-18    0.1745329251994339       1.0481665688716462E-17   0.1745329251994339       1.1928857237426811E-17   0.1745329251994339       1.2796639019951156E-17   0.1745329251994339       1.2315353277285922E-17   0.1745329251994339
6.126105674500097         3.594001995573587E-17    0.15707963267948988      1.6915686168811415E-17   0.15707963267948988      8.926879661323226E-18    0.15707963267948988      8.108673536819445E-18    0.15707963267948988      8.40000580136183E-18     0.15707963267948988      8.682497534189679E-18    0.15707963267948988      8.504312222431018E-18    0.15707963267948988      8.039128641897112E-18    0.15707963267948988      7.638225815283652E-18    0.15707963267948988      7.571858730582693E-18    0.15707963267948988      7.93514210565398E-18     0.15707963267948988
6.14355896702004          2.9078079277926096E-17   0.1396263401595468       1.3468210991666086E-17   0.1396263401595468       6.9303372176418316E-18   0.1396263401595468       6.362234046069292E-18    0.1396263401595468       6.894505325890443E-18    0.1396263401595468       7.444523273646938E-18    0.1396263401595468       7.332148687071002E-18    0.1396263401595468       6.5521809850112835E-18   0.1396263401595468       5.568014295963874E-18    0.1396263401595468       5.026463629548715E-18    0.1396263401595468       5.400300458115853E-18    0.1396263401595468
6.161012259539983         2.1548967395051808E-17   0.12217304763960371      1.0534865869977703E-17   0.12217304763960371      5.798913394202008E-18    0.12217304763960371      5.001175183323075E-18    0.12217304763960371      4.64635768060723E-18     0.12217304763960371      4.4820809254903205E-18   0.12217304763960371      4.7145760000274966E-18   0.12217304763960371      5.421286261636156E-18    0.12217304763960371      6.272955702843925E-18    0.12217304763960371      6.693823029973469E-18    0.12217304763960371      6.285938390528882E-18    0.12217304763960371
6.178465552059927         1.5692122304392872E-17   0.10471975511965972      7.647065170720621E-18    0.10471975511965972      4.233240403140714E-18    0.10471975511965972      3.691910703800167E-18    0.10471975511965972      3.4402422131153888E-18   0.10471975511965972      3.27168021362269E-18     0.10471975511965972      3.3540815230192697E-18   0.10471975511965972      3.801438899432716E-18    0.10471975511965972      4.4273652645599985E-18   0.10471975511965972      4.8238652394709046E-18   0.10471975511965972      4.654581953778429E-18    0.10471975511965972
6.19591884457987          1.1647276624179315E-17   0.08726646259971663      5.195420481921264E-18    0.08726646259971663      2.5637658536540152E-18   0.08726646259971663      2.476433184272818E-18    0.08726646259971663      2.9310989971819044E-18   0.08726646259971663      3.3247065056393274E-18   0.08726646259971663      3.170080325283047E-18    0.08726646259971663      2.4627797126103647E-18   0.08726646259971663      1.61735785504271E-18     0.08726646259971663      1.2200894311823322E-18   0.08726646259971663      1.6659721792126892E-18   0.08726646259971663
6.213372137099814         7.323907870058575E-18    0.06981317007977264      3.4257551129878814E-18   0.06981317007977264      1.7823187856551608E-18   0.06981317007977264      1.6150106526061482E-18   0.06981317007977264      1.6943639740667452E-18   0.06981317007977264      1.8022507123900323E-18   0.06981317007977264      1.810668256452289E-18    0.06981317007977264      1.7238231085400373E-18   0.06981317007977264      1.6040036659527997E-18   0.06981317007977264      1.520953722862182E-18    0.06981317007977264      1.5458702922669157E-18   0.06981317007977264
6.230825429619756         3.7490260038476316E-18   0.052359877559830424     2.050922606903318E-18    0.052359877559830424     1.2657746531119835E-18   0.052359877559830424     1.004109026958581E-18    0.052359877559830424     6.996759411636597E-19    0.052359877559830424     5.386248826803989E-19    0.052359877559830424     8.266374974126511E-19    0.052359877559830424     1.6129584918268435E-18   0.052359877559830424     2.5576431489063474E-18   0.052359877559830424     3.0890061908507077E-18   0.052359877559830424     2.824673789612502E-18    0.052359877559830424
6.2482787221397           1.8795365008729364E-18   0.034906585039886445     8.506994161570667E-19    0.034906585039886445     4.382313632089004E-19    0.034906585039886445     4.506823829960279E-19    0.034906585039886445     5.703436852657507E-19    0.034906585039886445     7.045019974749176E-19    0.034906585039886445     7.708613805945862E-19    0.034906585039886445     7.793499309568579E-19    0.034906585039886445     7.914937436364885E-19    0.034906585039886445     8.71326529308499E-19     0.034906585039886445     1.0597116362674564E-18   0.034906585039886445
6.265732014659642         8.902342409728897E-19    0.017453292519944232     2.9957811875090537E-19   0.017453292519944232     7.736450671512233E-20    0.017453292519944232     1.9942156030237822E-19   0.017453292519944232     5.454514617409632E-19    0.017453292519944232     9.86878757603667E-19     0.017453292519944232     1.3243705450682893E-18   0.017453292519944232     1.5001205410708996E-18   0.017453292519944232     1.6107154698400395E-18   0.017453292519944232     1.8266355979554644E-18   0.017453292519944232     2.291467276218578E-18    0.017453292519944232
6.283185307179586         3.3893618137509632E-46   2.4492935982947064E-16   1.5675679977897281E-46   2.4492935982947064E-16   9.732548616717456E-47    2.4492935982947064E-16   1.907313311251418E-46    2.4492935982947064E-16   4.210051142131683E-46    2.4492935982947064E-16   7.651644815403509E-46    2.4492935982947064E-16   1.1660102981259405E-45   2.4492935982947064E-16   1.591696827766521E-45    2.4492935982947064E-16   2.0223431097322302E-45   2.4492935982947064E-16   2.438843528584329E-45    2.4492935982947064E-16   2.852410791359703E-45    2.4492935982947064E-16
