% Model:              Numerators_sphereDipole.mph
% Version:            COMSOL 6.2.0.290
% Date:               Jun 17 2025, 12:59
% Dimension:          1
% Nodes:              1001
% Expressions:        20
% Description:        Radiation pattern
% theta                   (emw.normEfar^2)         Elevation angle          (emw.normEfar^2)         Elevation angle          (emw.normEfar^2)         Elevation angle          (emw.normEfar^2)         Elevation angle          (emw.normEfar^2)         Elevation angle          (emw.normEfar^2)         Elevation angle          (emw.normEfar^2)         Elevation angle          (emw.normEfar^2)         Elevation angle          (emw.normEfar^2)         Elevation angle          (emw.normEfar^2)         Elevation angle
0                         0                        0                        0                        0                        0                        0                        0                        0                        0                        0                        0                        0                        0                        0                        0                        0                        0                        0                        0                        0
0.006283185307179587      2.1056922007056294E-14   0.006283185307179587     2.1480999339494015E-14   0.006283185307179587     2.191060899293032E-14    0.006283185307179587     2.2278550678593824E-14   0.006283185307179587     2.2674414609952184E-14   0.006283185307179587     2.3131273128424485E-14   0.006283185307179587     2.3606401224223496E-14   0.006283185307179587     2.4026358730930935E-14   0.006283185307179587     2.4556508851188063E-14   0.006283185307179587     2.5041340906863978E-14   0.006283185307179587
0.012566370614359173      3.839403804275252E-14    0.012566370614359173     3.9164495801670036E-14   0.012566370614359173     3.9945104749506226E-14   0.012566370614359173     4.061328701813942E-14    0.012566370614359173     4.13322913056212E-14     0.012566370614359173     4.216235118252306E-14    0.012566370614359173     4.3025709106613924E-14   0.012566370614359173     4.378850564358389E-14    0.012566370614359173     4.475215566412607E-14    0.012566370614359173     4.563305364357338E-14    0.012566370614359173
0.01884955592153876       1.5961445741523095E-14   0.01884955592153876      1.627885934151711E-14    0.01884955592153876      1.660055487556463E-14    0.01884955592153876      1.68755401149122E-14     0.01884955592153876      1.7171537825896447E-14   0.01884955592153876      1.7513490927665464E-14   0.01884955592153876      1.7869255555487497E-14   0.01884955592153876      1.8183236361119885E-14   0.01884955592153876      1.8580638202689703E-14   0.01884955592153876      1.8943436850162474E-14   0.01884955592153876
0.025132741228718346      4.809760348614464E-17    0.025132741228718346     4.949552272425324E-17    0.025132741228718346     5.086543622372441E-17    0.025132741228718346     5.209496668078234E-17    0.025132741228718346     5.3391604550229165E-17   0.025132741228718346     5.481826433784987E-17    0.025132741228718346     5.627804008817985E-17    0.025132741228718346     5.761172147198092E-17    0.025132741228718346     5.918346971462386E-17    0.025132741228718346     6.065433472380951E-17    0.025132741228718346
0.031415926535897934      1.0644446783393817E-14   0.03141592653589793      1.0857390541024704E-14   0.03141592653589793      1.107308112427808E-14    0.03141592653589793      1.1257528945888767E-14   0.03141592653589793      1.1456172897838948E-14   0.03141592653589793      1.1685787466934401E-14   0.03141592653589793      1.192471175371738E-14    0.03141592653589793      1.213590435559467E-14    0.03141592653589793      1.240274839343303E-14    0.03141592653589793      1.2647116239819753E-14   0.03141592653589793
0.03769911184307752       1.094646282621389E-14    0.037699111843077525     1.1159146346106103E-14   0.037699111843077525     1.1374783220970895E-14   0.037699111843077525     1.1558293305663691E-14   0.037699111843077525     1.1756282765410717E-14   0.037699111843077525     1.1985887070736365E-14   0.037699111843077525     1.2225086484019284E-14   0.037699111843077525     1.243595417688883E-14    0.037699111843077525     1.2703912963746751E-14   0.037699111843077525     1.2948759605602197E-14   0.037699111843077525
0.0439822971502571        6.220846462078612E-16    0.0439822971502571       6.325228884172776E-16    0.0439822971502571       6.431465515528391E-16    0.0439822971502571       6.519553402161822E-16    0.0439822971502571       6.615834600943018E-16    0.0439822971502571       6.729526374733072E-16    0.0439822971502571       6.849081743450883E-16    0.0439822971502571       6.953480771691313E-16    0.0439822971502571       7.090156903704712E-16    0.0439822971502571       7.214235913564378E-16    0.0439822971502571
0.05026548245743669       4.1755482449175105E-15   0.05026548245743669      4.26510978821717E-15     0.05026548245743669      4.355717139182914E-15    0.05026548245743669      4.434163264736301E-15    0.05026548245743669      4.5181928172806226E-15   0.05026548245743669      4.614427704167845E-15    0.05026548245743669      4.714308860095932E-15    0.05026548245743669      4.802988570459649E-15    0.05026548245743669      4.913689890765286E-15    0.05026548245743669      5.0151674306668275E-15   0.05026548245743669
0.05654866776461628       8.334359878269987E-15    0.05654866776461628      8.503522651110117E-15    0.05654866776461628      8.674917462977548E-15    0.05654866776461628      8.821993939076933E-15    0.05654866776461628      8.97998906147762E-15     0.05654866776461628      9.161992998693689E-15    0.05654866776461628      9.351226159843843E-15    0.05654866776461628      9.518396522500754E-15    0.05654866776461628      9.729135103312456E-15    0.05654866776461628      9.921586777280765E-15    0.05654866776461628
0.06283185307179587       1.7622994580888935E-15   0.06283185307179587      1.79707638349671E-15     0.06283185307179587      1.83230246058912E-15     0.06283185307179587      1.8624224421194625E-15   0.06283185307179587      1.8947260009008088E-15   0.06283185307179587      1.93190144001242E-15     0.06283185307179587      1.9705457960438385E-15   0.06283185307179587      2.0045340324005273E-15   0.06283185307179587      2.047556804975806E-15    0.06283185307179587      2.086570154695222E-15    0.06283185307179587
0.06911503837897544       1.4254564252187404E-15   0.06911503837897544      1.4549755220875686E-15   0.06911503837897544      1.484704611626346E-15    0.06911503837897544      1.5101879434058602E-15   0.06911503837897544      1.5376545615692031E-15   0.06911503837897544      1.5693526433098175E-15   0.06911503837897544      1.6022681108454323E-15   0.06911503837897544      1.6314689606367913E-15   0.06911503837897544      1.668206641170546E-15    0.06911503837897544      1.7020031341322347E-15   0.06911503837897544
0.07539822368615504       6.158458256550494E-15    0.07539822368615504      6.276486166226257E-15    0.07539822368615504      6.396051915206366E-15    0.07539822368615504      6.497430538309123E-15    0.07539822368615504      6.607120853543109E-15    0.07539822368615504      6.734764735370897E-15    0.07539822368615504      6.8678437007453546E-15   0.07539822368615504      6.984984651896266E-15    0.07539822368615504      7.134541141286626E-15    0.07539822368615504      7.271171298869369E-15    0.07539822368615504
0.08168140899333463       2.703711257959471E-15    0.08168140899333463      2.750832393996947E-15    0.08168140899333463      2.7986731396596546E-15   0.08168140899333463      2.8385476670168207E-15   0.08168140899333463      2.8820621834249707E-15   0.08168140899333463      2.933313723654716E-15    0.08168140899333463      2.9870143571959813E-15   0.08168140899333463      3.03391245983773E-15     0.08168140899333463      3.095032576162647E-15    0.08168140899333463      3.150513839661125E-15    0.08168140899333463
0.0879645943005142        3.066862926302552E-16    0.0879645943005142       3.163902519523728E-16    0.0879645943005142       3.261683189263168E-16    0.0879645943005142       3.351385261749375E-16    0.0879645943005142       3.4456751154984544E-16   0.0879645943005142       3.5496537673766506E-16   0.0879645943005142       3.657086496185417E-16    0.0879645943005142       3.7556753883415707E-16   0.0879645943005142       3.871616325004471E-16    0.0879645943005142       3.980325192488284E-16    0.0879645943005142
0.09424777960769379       4.366730596327867E-15    0.09424777960769379      4.460377342780169E-15    0.09424777960769379      4.555311327840006E-15    0.09424777960769379      4.637561967194664E-15    0.09424777960769379      4.725496697081514E-15    0.09424777960769379      4.826190144757398E-15    0.09424777960769379      4.930748977383049E-15    0.09424777960769379      5.023505648268942E-15    0.09424777960769379      5.139157976137868E-15    0.09424777960769379      5.245207485504661E-15    0.09424777960769379
0.10053096491487339       3.442687636562725E-15    0.10053096491487339      3.5121997108505023E-15   0.10053096491487339      3.582786348798208E-15    0.10053096491487339      3.643346108870557E-15    0.10053096491487339      3.708187414820031E-15    0.10053096491487339      3.782768215806545E-15    0.10053096491487339      3.860309016557161E-15    0.10053096491487339      3.92864408435773E-15     0.10053096491487339      4.014715174814378E-15    0.10053096491487339      4.0931287868647336E-15   0.10053096491487339
0.10681415022205297       9.333740925513926E-17    0.10681415022205297      9.62886002227129E-17     0.10681415022205297      9.909962419012784E-17    0.10681415022205297      1.0161096428867726E-16   0.10681415022205297      1.0418161395545902E-16   0.10681415022205297      1.0685294959350422E-16   0.10681415022205297      1.0951248624937239E-16   0.10681415022205297      1.1189176747479324E-16   0.10681415022205297      1.1460671388408804E-16   0.10681415022205297      1.1700786024647855E-16   0.10681415022205297
0.11309733552923255       2.6871294455512004E-15   0.11309733552923255      2.738765068887854E-15    0.11309733552923255      2.7907650806620904E-15   0.11309733552923255      2.8347877348265998E-15   0.11309733552923255      2.8825767321686482E-15   0.11309733552923255      2.9382666514455913E-15   0.11309733552923255      2.996359434021864E-15    0.11309733552923255      3.047421595535355E-15    0.11309733552923255      3.1128458023518287E-15   0.11309733552923255      3.1726142874784973E-15   0.11309733552923255
0.11938052083641214       3.61738784488787E-15     0.11938052083641214      3.680390620654773E-15    0.11938052083641214      3.744157541692057E-15    0.11938052083641214      3.797291260506456E-15    0.11938052083641214      3.85536966605522E-15     0.11938052083641214      3.923921179552043E-15    0.11938052083641214      3.995823636766516E-15    0.11938052083641214      4.058461682403527E-15    0.11938052083641214      4.140364580425018E-15    0.11938052083641214      4.2146679980819635E-15   0.11938052083641214
0.12566370614359174       3.9515405787244557E-16   0.12566370614359174      4.0060176555874157E-16   0.12566370614359174      4.0609701839018316E-16   0.12566370614359174      4.1054378832843847E-16   0.12566370614359174      4.1559716056950497E-16   0.12566370614359174      4.217804854894298E-16    0.12566370614359174      4.2845914010904234E-16   0.12566370614359174      4.342737250954743E-16    0.12566370614359174      4.4233507969650574E-16   0.12566370614359174      4.495967910505962E-16    0.12566370614359174
0.13194689145077132       1.4490014918928581E-15   0.13194689145077132      1.4855269371125278E-15   0.13194689145077132      1.5225648079295162E-15   0.13194689145077132      1.5554519178436589E-15   0.13194689145077132      1.590292562979925E-15    0.13194689145077132      1.6295639955599118E-15   0.13194689145077132      1.6701733278556318E-15   0.13194689145077132      1.7067631355599315E-15   0.13194689145077132      1.7510807533211958E-15   0.13194689145077132      1.7921875571661494E-15   0.13194689145077132
0.13823007675795088       3.5453966526234013E-15   0.1382300767579509       3.620215847387179E-15    0.1382300767579509       3.696281760137551E-15    0.1382300767579509       3.761948188642361E-15    0.1382300767579509       3.832110795180135E-15    0.1382300767579509       3.912541412280219E-15    0.1382300767579509       3.996031047977766E-15    0.1382300767579509       4.069929130947192E-15    0.1382300767579509       4.162232039047986E-15    0.1382300767579509       4.246674035172595E-15    0.1382300767579509
0.1445132620651305        1.0809136378147322E-15   0.1445132620651305       1.1033222953366033E-15   0.1445132620651305       1.1260465631083854E-15   0.1445132620651305       1.1455560623346308E-15   0.1445132620651305       1.1662552475481188E-15   0.1445132620651305       1.1897428387787046E-15   0.1445132620651305       1.2140036084022202E-15   0.1445132620651305       1.235336319655601E-15    0.1445132620651305       1.2619452139951543E-15   0.1445132620651305       1.2859538502948182E-15   0.1445132620651305
0.15079644737231007       5.525087651541148E-16    0.15079644737231007      5.643810819103663E-16    0.15079644737231007      5.760212663046909E-16    0.15079644737231007      5.85955787907538E-16     0.15079644737231007      5.96678671603244E-16     0.15079644737231007      6.089185295565105E-16    0.15079644737231007      6.215940598286464E-16    0.15079644737231007      6.327167601008251E-16    0.15079644737231007      6.467784790307622E-16    0.15079644737231007      6.595970421667306E-16    0.15079644737231007
0.15707963267948966       2.909675150216026E-15    0.15707963267948966      2.9602163041112587E-15   0.15707963267948966      3.011215868030187E-15    0.15707963267948966      3.0535939142460526E-15   0.15707963267948966      3.100018459001217E-15    0.15707963267948966      3.155000004646701E-15    0.15707963267948966      3.212781771421998E-15    0.15707963267948966      3.2629050702848254E-15   0.15707963267948966      3.3287292473664834E-15   0.15707963267948966      3.3885048108131157E-15   0.15707963267948966
0.16336281798666927       1.6634218732006376E-15   0.16336281798666927      1.6875190893610396E-15   0.16336281798666927      1.7119634774004022E-15   0.16336281798666927      1.7315913904644728E-15   0.16336281798666927      1.753549498850156E-15    0.16336281798666927      1.78032080342727E-15     0.16336281798666927      1.8088586450358835E-15   0.16336281798666927      1.833258730255334E-15    0.16336281798666927      1.8667105221770023E-15   0.16336281798666927      1.8967893315150136E-15   0.16336281798666927
0.16964600329384882       1.478288220206608E-16    0.16964600329384882      1.545994581623445E-16    0.16964600329384882      1.6140846463477705E-16   0.16964600329384882      1.6797312027094685E-16   0.16964600329384882      1.7486148921909673E-16   0.16964600329384882      1.823226340299195E-16    0.16964600329384882      1.900784215964328E-16    0.16964600329384882      1.9750446135737027E-16   0.16964600329384882      2.0593842453131135E-16   0.16964600329384882      2.1405600332631644E-16   0.16964600329384882
0.1759291886010284        2.2161810172380618E-15   0.1759291886010284       2.2682881687252173E-15   0.1759291886010284       2.3211632660279306E-15   0.1759291886010284       2.367668885781331E-15    0.1759291886010284       2.4170785568360667E-15   0.1759291886010284       2.473126575355473E-15    0.1759291886010284       2.531164092221889E-15    0.1759291886010284       2.5830739459626648E-15   0.1759291886010284       2.646731445264307E-15    0.1759291886010284       2.7053863787597164E-15   0.1759291886010284
0.18221237390820802       2.284372636741148E-15    0.182212373908208        2.3319443110565255E-15   0.182212373908208        2.3802633347644705E-15   0.182212373908208        2.421912585276136E-15    0.182212373908208        2.4662882175822084E-15   0.182212373908208        2.5170281792710863E-15   0.182212373908208        2.5696384308658975E-15   0.182212373908208        2.6159938281104484E-15   0.182212373908208        2.674033259795653E-15    0.182212373908208        2.7267430948595635E-15   0.182212373908208
0.18849555921538758       2.388619188096269E-16    0.18849555921538755      2.4554119832667493E-16   0.18849555921538755      2.520024797319521E-16    0.18849555921538755      2.5769165513787336E-16   0.18849555921538755      2.6351557061252387E-16   0.18849555921538755      2.696462304361784E-16    0.18849555921538755      2.7576532043673657E-16   0.18849555921538755      2.8112614226043517E-16   0.18849555921538755      2.8740937452895965E-16   0.18849555921538755      2.9286563648917815E-16   0.18849555921538755
0.19477874452256716       1.304665586109753E-15    0.19477874452256716      1.3281395327211996E-15   0.19477874452256716      1.3515664038587753E-15   0.19477874452256716      1.3709491490888006E-15   0.19477874452256716      1.3921993166166582E-15   0.19477874452256716      1.4172927030278733E-15   0.19477874452256716      1.4435913538631305E-15   0.19477874452256716      1.4662968749313458E-15   0.19477874452256716      1.4960971508193093E-15   0.19477874452256716      1.5231681098044552E-15   0.19477874452256716
0.20106192982974677       2.3599993364565372E-15   0.20106192982974677      2.3952158090523898E-15   0.20106192982974677      2.430967273541366E-15    0.20106192982974677      2.45962271499244E-15     0.20106192982974677      2.491609940055623E-15    0.20106192982974677      2.530605408017988E-15    0.20106192982974677      2.5720318760223485E-15   0.20106192982974677      2.6073336449805588E-15   0.20106192982974677      2.6555271875288117E-15   0.20106192982974677      2.6989626838724147E-15   0.20106192982974677
0.20734511513692636       5.602772129529922E-16    0.20734511513692636      5.666618038324241E-16    0.20734511513692636      5.732090619702342E-16    0.20734511513692636      5.782327948455669E-16    0.20734511513692636      5.841831313946159E-16    0.20734511513692636      5.918297779336827E-16    0.20734511513692636      6.002892935042876E-16    0.20734511513692636      6.07551908770753E-16     0.20734511513692636      6.181048711904477E-16    0.20734511513692636      6.27641778769554E-16     0.20734511513692636
0.21362830044410594       6.3340692810581385E-16   0.2136283004441059       6.54209901617309E-16     0.2136283004441059       6.752131878389185E-16    0.2136283004441059       6.946569995642244E-16    0.2136283004441059       7.150655154467867E-16    0.2136283004441059       7.375723976211003E-16    0.2136283004441059       7.608366413491612E-16    0.2136283004441059       7.823376019985049E-16    0.2136283004441059       8.074859750618925E-16    0.2136283004441059       8.31170404873137E-16     0.2136283004441059
0.21991148575128552       2.3083461005160654E-15   0.2199114857512855       2.360166796779242E-15    0.2199114857512855       2.4127371328615598E-15   0.2199114857512855       2.4587632605518484E-15   0.2199114857512855       2.507649656928967E-15    0.2199114857512855       2.563304012111124E-15    0.2199114857512855       2.6210535196030294E-15   0.2199114857512855       2.6723112759131826E-15   0.2199114857512855       2.7357503802863197E-15   0.2199114857512855       2.7938307010154085E-15   0.2199114857512855
0.2261946710584651        1.239879460729702E-15    0.2261946710584651       1.2662600974108662E-15   0.2261946710584651       1.292847017180052E-15    0.2261946710584651       1.3158629502064363E-15   0.2261946710584651       1.3401271591594808E-15   0.2261946710584651       1.3675222730465043E-15   0.2261946710584651       1.3958029126345461E-15   0.2261946710584651       1.4205446305675621E-15   0.2261946710584651       1.451369510196498E-15    0.2261946710584651       1.4790026836248327E-15   0.2261946710584651
0.2324778563656447        2.4642079340187788E-16   0.2324778563656447       2.5322214528422265E-16   0.2324778563656447       2.5960164539900645E-16   0.2324778563656447       2.650739998301708E-16    0.2324778563656447       2.7078424744960634E-16   0.2324778563656447       2.768745255802814E-16    0.2324778563656447       2.8297232870645406E-16   0.2324778563656447       2.882106451808875E-16    0.2324778563656447       2.945223297870293E-16    0.2324778563656447       3.000505721870212E-16    0.2324778563656447
0.23876104167282428       1.7053442908237688E-15   0.23876104167282428      1.7316845764769538E-15   0.23876104167282428      1.7581876274114769E-15   0.23876104167282428      1.7793085096033154E-15   0.23876104167282428      1.8029373846722517E-15   0.23876104167282428      1.831659640507728E-15    0.23876104167282428      1.862086216679098E-15    0.23876104167282428      1.8878641195253443E-15   0.23876104167282428      1.9230358316758973E-15   0.23876104167282428      1.9547528351307087E-15   0.23876104167282428
0.24504422698000386       1.6101920667724356E-15   0.24504422698000386      1.6294052600787783E-15   0.24504422698000386      1.649082287483446E-15    0.24504422698000386      1.663862697372184E-15    0.24504422698000386      1.6810674724193334E-15   0.24504422698000386      1.7030947187320883E-15   0.24504422698000386      1.7269770576244152E-15   0.24504422698000386      1.7468397503169866E-15   0.24504422698000386      1.775711373504561E-15    0.24504422698000386      1.801479266005292E-15    0.24504422698000386
0.25132741228718347       1.8933049338967215E-16   0.25132741228718347      1.9394145608026917E-16   0.25132741228718347      1.9862708149356851E-16   0.25132741228718347      2.030085461597417E-16    0.25132741228718347      2.0789273174915685E-16   0.25132741228718347      2.1350344176093095E-16   0.25132741228718347      2.196145942220293E-16    0.25132741228718347      2.254938412909683E-16    0.25132741228718347      2.3278213517131083E-16   0.25132741228718347      2.397871603141917E-16    0.25132741228718347
0.257610597594363         1.1258152033428897E-15   0.25761059759436294      1.1577135101745067E-15   0.25761059759436294      1.1899963717973987E-15   0.25761059759436294      1.2193612156192905E-15   0.25761059759436294      1.2502575432234444E-15   0.25761059759436294      1.2847738926859943E-15   0.25761059759436294      1.320528151688546E-15    0.25761059759436294      1.3530449587087362E-15   0.25761059759436294      1.3918758837333807E-15   0.25761059759436294      1.4280545157211342E-15   0.25761059759436294
0.26389378290154264       2.0070606773252785E-15   0.26389378290154264      2.050624570595922E-15    0.26389378290154264      2.094821089448563E-15    0.26389378290154264      2.133355257243411E-15    0.26389378290154264      2.1741811423005755E-15   0.26389378290154264      2.2207416970757683E-15   0.26389378290154264      2.269117623217585E-15    0.26389378290154264      2.3116970245761902E-15   0.26389378290154264      2.3647777315557676E-15   0.26389378290154264      2.412986351861138E-15    0.26389378290154264
0.2701769682087222        6.505954042515765E-16    0.2701769682087222       6.659664249422546E-16    0.2701769682087222       6.811584778416669E-16    0.2701769682087222       6.944301914333874E-16    0.2701769682087222       7.081514977886494E-16    0.2701769682087222       7.231460877961399E-16    0.2701769682087222       7.384394896823257E-16    0.2701769682087222       7.516961611767399E-16    0.2701769682087222       7.67858392114761E-16     0.2701769682087222       7.820268201355652E-16    0.2701769682087222
0.27646015351590175       5.218370940875622E-16    0.27646015351590175      5.323376636800038E-16    0.27646015351590175      5.423710849789941E-16    0.27646015351590175      5.505742505072057E-16    0.27646015351590175      5.594666040958751E-16    0.27646015351590175      5.696086895797863E-16    0.27646015351590175      5.800632612611385E-16    0.27646015351590175      5.888416948339665E-16    0.27646015351590175      6.003076756433857E-16    0.27646015351590175      6.104856850300408E-16    0.27646015351590175
0.2827433388230814        1.7363817849558746E-15   0.2827433388230814       1.7586754604926372E-15   0.2827433388230814       1.7812061442964894E-15   0.2827433388230814       1.798266817450162E-15    0.2827433388230814       1.8179056895895363E-15   0.2827433388230814       1.842807796403423E-15    0.2827433388230814       1.8695768262757593E-15   0.2827433388230814       1.891625770094416E-15    0.2827433388230814       1.923438824003423E-15    0.2827433388230814       1.951833617325234E-15    0.2827433388230814
0.289026524130261         1.0318653762923993E-15   0.289026524130261        1.0411015063638999E-15   0.289026524130261        1.0506640601241315E-15   0.289026524130261        1.0571910083459497E-15   0.289026524130261        1.0653947228021251E-15   0.289026524130261        1.0767990279899552E-15   0.289026524130261        1.0895993207404571E-15   0.289026524130261        1.099973491172158E-15    0.289026524130261        1.1164248519178887E-15   0.289026524130261        1.131008022655294E-15    0.289026524130261
0.29530970943744056       2.0442898925403857E-16   0.29530970943744056      2.137991945178976E-16    0.29530970943744056      2.232657900194448E-16    0.29530970943744056      2.325048903909056E-16    0.29530970943744056      2.422935691404113E-16    0.29530970943744056      2.5299592968299305E-16   0.29530970943744056      2.6425792741663945E-16   0.29530970943744056      2.751577931217274E-16    0.29530970943744056      2.876785137894993E-16    0.29530970943744056      2.9979246184418067E-16   0.29530970943744056
0.30159289474462014       1.3877552494895752E-15   0.30159289474462014      1.4241585753984238E-15   0.30159289474462014      1.46111474369619E-15     0.30159289474462014      1.4943330814573353E-15   0.30159289474462014      1.5293771091463164E-15   0.30159289474462014      1.568834885913924E-15    0.30159289474462014      1.6098318600661366E-15   0.30159289474462014      1.6467402275433315E-15   0.30159289474462014      1.6914027174669745E-15   0.30159289474462014      1.7327162200078807E-15   0.30159289474462014
0.3078760800517997        1.6484186624233575E-15   0.30787608005179967      1.6835221231646246E-15   0.30787608005179967      1.719114656801912E-15    0.30787608005179967      1.7499619482182884E-15   0.30787608005179967      1.7825639760612534E-15   0.30787608005179967      1.8196837796984044E-15   0.30787608005179967      1.858265802335125E-15    0.30787608005179967      1.8919445355265446E-15   0.30787608005179967      1.9341110513027884E-15   0.30787608005179967      1.9720480855613614E-15   0.30787608005179967
0.3141592653589793        4.2673797292383394E-16   0.3141592653589793       4.384304828494621E-16    0.3141592653589793       4.496835496493149E-16    0.3141592653589793       4.595390386139005E-16    0.3141592653589793       4.695884931371288E-16    0.3141592653589793       4.801456543169963E-16    0.3141592653589793       4.907404650493877E-16    0.3141592653589793       4.998497502869451E-16    0.3141592653589793       5.106068924225997E-16    0.3141592653589793       5.198334982495054E-16    0.3141592653589793
0.3204424506661589        7.494066469787899E-16    0.3204424506661589       7.618117544709691E-16    0.3204424506661589       7.737331951837465E-16    0.3204424506661589       7.830746520246144E-16    0.3204424506661589       7.934828181246354E-16    0.3204424506661589       8.058351843193332E-16    0.3204424506661589       8.187827073956255E-16    0.3204424506661589       8.293898179478168E-16    0.3204424506661589       8.439948731508783E-16    0.3204424506661589       8.569150406870818E-16    0.3204424506661589
0.32672563597333854       1.5962941063061679E-15   0.32672563597333854      1.6125801172471683E-15   0.32672563597333854      1.629096311252797E-15    0.32672563597333854      1.6406043672230933E-15   0.32672563597333854      1.654555319251445E-15    0.32672563597333854      1.673384301693726E-15    0.32672563597333854      1.6940899435189506E-15   0.32672563597333854      1.7104837111703924E-15   0.32672563597333854      1.7360265386889082E-15   0.32672563597333854      1.7585131381463077E-15   0.32672563597333854
0.33300882128051806       7.129940681294903E-16    0.33300882128051806      7.18047879695378E-16     0.33300882128051806      7.233248786536425E-16    0.33300882128051806      7.266521149405428E-16    0.33300882128051806      7.312864892411969E-16    0.33300882128051806      7.382395275727033E-16    0.33300882128051806      7.463754725854413E-16    0.33300882128051806      7.529830692863646E-16    0.33300882128051806      7.640812151051337E-16    0.33300882128051806      7.739586677404074E-16    0.33300882128051806
0.33929200658769765       3.1507666571442867E-16   0.33929200658769765      3.292151652834824E-16    0.33929200658769765      3.4349415922013554E-16   0.33929200658769765      3.573231400894353E-16    0.33929200658769765      3.7184862994858976E-16   0.33929200658769765      3.8774253311394846E-16   0.33929200658769765      4.0437415430694906E-16   0.33929200658769765      4.2024606574295284E-16   0.33929200658769765      4.3850118132392703E-16   0.33929200658769765      4.560208971841955E-16    0.33929200658769765
0.3455751918948773        1.4521951006782008E-15   0.3455751918948773       1.488650812136263E-15    0.3455751918948773       1.5257250520274823E-15   0.3455751918948773       1.5588783806583629E-15   0.3455751918948773       1.5938409282091105E-15   0.3455751918948773       1.6334558578198151E-15   0.3455751918948773       1.674750216310476E-15    0.3455751918948773       1.7116045028672698E-15   0.3455751918948773       1.7567114099262804E-15   0.3455751918948773       1.7982157242492555E-15   0.3455751918948773
0.3518583772020568        1.4099090832102415E-15   0.35185837720205687      1.4396822966766311E-15   0.35185837720205687      1.4697879950205279E-15   0.35185837720205687      1.4958017758958717E-15   0.35185837720205687      1.5231569353738229E-15   0.35185837720205687      1.5542341975796216E-15   0.35185837720205687      1.5865415750369702E-15   0.35185837720205687      1.614463153895263E-15    0.35185837720205687      1.6496188150783384E-15   0.35185837720205687      1.6809490343217096E-15   0.35185837720205687
0.3581415625092364        3.958448513733597E-16    0.35814156250923634      4.0738519451748305E-16   0.35814156250923634      4.1831077018627057E-16   0.35814156250923634      4.2783247450937865E-16   0.35814156250923634      4.3750418816683856E-16   0.35814156250923634      4.475138609452252E-16    0.35814156250923634      4.574793860547482E-16    0.35814156250923634      4.659562011552882E-16    0.35814156250923634      4.758969900764607E-16    0.35814156250923634      4.843326441858884E-16    0.35814156250923634
0.36442474781641604       8.436154347339129E-16    0.3644247478164161       8.557564042073455E-16    0.3644247478164161       8.674107510073232E-16    0.3644247478164161       8.760839959825218E-16    0.3644247478164161       8.859962919629823E-16    0.3644247478164161       8.981593414963403E-16    0.3644247478164161       9.110424584215058E-16    0.3644247478164161       9.212447021837168E-16    0.3644247478164161       9.36031581339066E-16     0.3644247478164161       9.489470233739438E-16    0.3644247478164161
0.37070793312359557       1.447755615988006E-15    0.37070793312359557      1.458947362564254E-15    0.37070793312359557      1.4704012432524875E-15   0.37070793312359557      1.4772195537104115E-15   0.37070793312359557      1.4863414233668954E-15   0.37070793312359557      1.4999832407893904E-15   0.37070793312359557      1.5154690325708848E-15   0.37070793312359557      1.5269905020090908E-15   0.37070793312359557      1.547019434074398E-15    0.37070793312359557      1.5643112255157892E-15   0.37070793312359557
0.37699111843077515       5.994819537475721E-16    0.37699111843077515      6.032416425359876E-16    0.37699111843077515      6.072246539543146E-16    0.37699111843077515      6.096240154766938E-16    0.37699111843077515      6.132445248895328E-16    0.37699111843077515      6.189329095904611E-16    0.37699111843077515      6.258006239585347E-16    0.37699111843077515      6.31422817677742E-16     0.37699111843077515      6.410765704768955E-16    0.37699111843077515      6.497216089580007E-16    0.37699111843077515
0.3832743037379548        3.7884661987264033E-16   0.3832743037379548       3.9526892622460056E-16   0.3832743037379548       4.118434547439676E-16    0.3832743037379548       4.278543869719968E-16    0.3832743037379548       4.446826924903912E-16    0.3832743037379548       4.631460149129732E-16    0.3832743037379548       4.825282566224001E-16    0.3832743037379548       5.009260884856105E-16    0.3832743037379548       5.222054151608593E-16    0.3832743037379548       5.425737898240106E-16    0.3832743037379548
0.3895574890451343        1.4052296005503534E-15   0.3895574890451343       1.4399555103731417E-15   0.3895574890451343       1.475256514810467E-15    0.3895574890451343       1.5068296987982323E-15   0.3895574890451343       1.5401347996253384E-15   0.3895574890451343       1.5779882674405956E-15   0.3895574890451343       1.617603877732736E-15    0.3895574890451343       1.6528147026394222E-15   0.3895574890451343       1.696174757156219E-15    0.3895574890451343       1.7359773598660368E-15   0.3895574890451343
0.39584067435231396       1.3299313171022313E-15   0.3958406743523139       1.3576982811707403E-15   0.3958406743523139       1.3856662909837736E-15   0.3958406743523139       1.409787311891475E-15    0.3958406743523139       1.4351010377211966E-15   0.3958406743523139       1.4638458455195427E-15   0.3958406743523139       1.493782568369388E-15    0.3958406743523139       1.519461172244317E-15    0.3958406743523139       1.5519923318417324E-15   0.3958406743523139       1.58077959505571E-15     0.3958406743523139
0.40212385965949354       4.491635192641566E-16    0.40212385965949354      4.621159176848064E-16    0.40212385965949354      4.743034200492697E-16    0.40212385965949354      4.848920655685705E-16    0.40212385965949354      4.9565955018776E-16      0.40212385965949354      5.06813905210464E-16     0.40212385965949354      5.1791970511813665E-16   0.40212385965949354      5.273061949158556E-16    0.40212385965949354      5.384041664396577E-16    0.40212385965949354      5.477727837198306E-16    0.40212385965949354
0.40840704496667307       8.209391922667578E-16    0.40840704496667307      8.320908701070676E-16    0.40840704496667307      8.426286557518739E-16    0.40840704496667307      8.501847315685537E-16    0.40840704496667307      8.58934920442734E-16     0.40840704496667307      8.698310946704217E-16    0.40840704496667307      8.813966593560055E-16    0.40840704496667307      8.902096597989957E-16    0.40840704496667307      9.035296083772437E-16    0.40840704496667307      9.149209302273757E-16    0.40840704496667307
0.4146902302738527        1.3525451047753077E-15   0.4146902302738527       1.3602347391432716E-15   0.4146902302738527       1.3681242213201888E-15   0.4146902302738527       1.3715949752227788E-15   0.4146902302738527       1.3772694187854371E-15   0.4146902302738527       1.3872606767912876E-15   0.4146902302738527       1.3990595119158724E-15   0.4146902302738527       1.4070004919327211E-15   0.4146902302738527       1.4231242809362376E-15   0.4146902302738527       1.4366322553692536E-15   0.4146902302738527
0.4209734155810323        6.302098490778346E-16    0.4209734155810323       6.331535092305149E-16    0.4209734155810323       6.363345485107101E-16    0.4209734155810323       6.378192409655835E-16    0.4209734155810323       6.40612650962737E-16     0.4209734155810323       6.456561401963435E-16    0.4209734155810323       6.52000970648921E-16     0.4209734155810323       6.56954636030194E-16     0.4209734155810323       6.663066981706636E-16    0.4209734155810323       6.745439693288812E-16    0.4209734155810323
0.4272566008882119        3.6695772811398436E-16   0.4272566008882119       3.8285692794297053E-16   0.4272566008882119       3.989179975681102E-16    0.4272566008882119       4.144786077072944E-16    0.4272566008882119       4.3089201837022616E-16   0.4272566008882119       4.489833435409017E-16    0.4272566008882119       4.681063972197402E-16    0.4272566008882119       4.862861873682544E-16    0.4272566008882119       5.074756654545099E-16    0.4272566008882119       5.277854622365848E-16    0.4272566008882119
0.43353978619539146       1.2809404163970253E-15   0.43353978619539146      1.3132395251242222E-15   0.43353978619539146      1.3461294554846238E-15   0.43353978619539146      1.3756911885110478E-15   0.43353978619539146      1.4068649233563796E-15   0.43353978619539146      1.442367221731317E-15    0.43353978619539146      1.479696556076291E-15    0.43353978619539146      1.5128925648753144E-15   0.43353978619539146      1.5538466603131285E-15   0.43353978619539146      1.5915187016082305E-15   0.43353978619539146
0.43982297150257105       1.3790586788983759E-15   0.43982297150257105      1.407051810211983E-15    0.43982297150257105      1.4353227144198562E-15   0.43982297150257105      1.4596009705416947E-15   0.43982297150257105      1.4851221970516444E-15   0.43982297150257105      1.514328899922494E-15    0.43982297150257105      1.5449305496040858E-15   0.43982297150257105      1.5709949901968096E-15   0.43982297150257105      1.6044085355512456E-15   0.43982297150257105      1.6339050896599482E-15   0.43982297150257105
0.44610615680975063       5.719959029686496E-16    0.44610615680975063      5.87538728208815E-16     0.44610615680975063      6.022862305721368E-16    0.44610615680975063      6.15047355165438E-16     0.44610615680975063      6.280614417626345E-16    0.44610615680975063      6.417063906339919E-16    0.44610615680975063      6.554237789556493E-16    0.44610615680975063      6.669624474445508E-16    0.44610615680975063      6.808455631153399E-16    0.44610615680975063      6.925610661577622E-16    0.44610615680975063
0.4523893421169302        7.187299469138032E-16    0.45238934211693016      7.296970846482346E-16    0.45238934211693016      7.398196072389966E-16    0.45238934211693016      7.47195086420934E-16     0.45238934211693016      7.555638358839926E-16    0.45238934211693016      7.655839787208585E-16    0.45238934211693016      7.761083790478675E-16    0.45238934211693016      7.839819757114364E-16    0.45238934211693016      7.956936719317059E-16    0.45238934211693016      8.055028224233512E-16    0.45238934211693016
0.4586725274241098        1.2855195162788367E-15   0.4586725274241098       1.2911605822136405E-15   0.4586725274241098       1.296852793349612E-15    0.4586725274241098       1.2981779335171583E-15   0.4586725274241098       1.3016377444708248E-15   0.4586725274241098       1.3092071660917004E-15   0.4586725274241098       1.3185687181770344E-15   0.4586725274241098       1.3239691410230582E-15   0.4586725274241098       1.3372805032355623E-15   0.4586725274241098       1.3480220992142756E-15   0.4586725274241098
0.4649557127312894        7.820994231701076E-16    0.4649557127312894       7.835074238968914E-16    0.4649557127312894       7.851917054014966E-16    0.4649557127312894       7.845852598460427E-16    0.4649557127312894       7.855468012194767E-16    0.4649557127312894       7.89270383731967E-16     0.4649557127312894       7.945839854726461E-16    0.4649557127312894       7.979219342599181E-16    0.4649557127312894       8.066877308665012E-16    0.4649557127312894       8.140077956282493E-16    0.4649557127312894
0.47123889803846897       3.2912972517808736E-16   0.4712388980384689       3.419598111271636E-16    0.4712388980384689       3.54894458003734E-16     0.4712388980384689       3.674298283208862E-16    0.4712388980384689       3.8085715162639124E-16   0.4712388980384689       3.958824423719818E-16    0.4712388980384689       4.120317377184985E-16    0.4712388980384689       4.2739622464748956E-16   0.4712388980384689       4.457937111237766E-16    0.4712388980384689       4.634050591278279E-16    0.4712388980384689
0.47752208334564855       1.0526945127509293E-15   0.4775220833456485       1.0817157040788196E-15   0.4775220833456485       1.1112235131254096E-15   0.4775220833456485       1.1381771366737998E-15   0.4775220833456485       1.1665722152736177E-15   0.4775220833456485       1.1988562315004708E-15   0.4775220833456485       1.2329444579665651E-15   0.4775220833456485       1.2635119362819693E-15   0.4775220833456485       1.3010717258813721E-15   0.4775220833456485       1.3358231050439292E-15   0.4775220833456485
0.48380526865282814       1.4745802896422614E-15   0.48380526865282814      1.5036674773035294E-15   0.48380526865282814      1.5331947057824758E-15   0.48380526865282814      1.5585320643436148E-15   0.48380526865282814      1.58528194650467E-15     0.48380526865282814      1.616378526744652E-15    0.48380526865282814      1.6492425248620506E-15   0.48380526865282814      1.6770882833790584E-15   0.48380526865282814      1.7134086514763909E-15   0.48380526865282814      1.7454989098791529E-15   0.48380526865282814
0.4900884539600077        8.168306830681363E-16    0.4900884539600077       8.361787796261166E-16    0.4900884539600077       8.548813316344867E-16    0.4900884539600077       8.709131746429291E-16    0.4900884539600077       8.873728847473244E-16    0.4900884539600077       9.052170571705566E-16    0.4900884539600077       9.234559221228067E-16    0.4900884539600077       9.386553435293434E-16    0.4900884539600077       9.577116824158984E-16    0.4900884539600077       9.737990052297904E-16    0.4900884539600077
0.49637163926718736       6.059167829277934E-16    0.49637163926718736      6.188363074710605E-16    0.49637163926718736      6.306268801015464E-16    0.49637163926718736      6.399676640636312E-16    0.49637163926718736      6.499649817250141E-16    0.49637163926718736      6.609740208845214E-16    0.49637163926718736      6.721748470813482E-16    0.49637163926718736      6.808778497968668E-16    0.49637163926718736      6.925620801709827E-16    0.49637163926718736      7.022142158696034E-16    0.49637163926718736
0.5026548245743669        1.1603624602617497E-15   0.5026548245743669       1.1659546387794855E-15   0.5026548245743669       1.1712628514780669E-15   0.5026548245743669       1.1723535805143166E-15   0.5026548245743669       1.1753653095678818E-15   0.5026548245743669       1.1820169741230286E-15   0.5026548245743669       1.1901852066212228E-15   0.5026548245743669       1.1943725119747303E-15   0.5026548245743669       1.2057411404485046E-15   0.5026548245743669       1.2145342616372716E-15   0.5026548245743669
0.5089380098815465        1.0260269412966562E-15   0.5089380098815465       1.0252775632189576E-15   0.5089380098815465       1.024836921819321E-15    0.5089380098815465       1.0210432498965428E-15   0.5089380098815465       1.0191904241809762E-15   0.5089380098815465       1.0209391166404029E-15   0.5089380098815465       1.0245936030748637E-15   0.5089380098815465       1.0252421213400568E-15   0.5089380098815465       1.0329020370099185E-15   0.5089380098815465       1.0384935398846936E-15   0.5089380098815465
0.515221195188726         3.958181491580652E-16    0.515221195188726        4.0307181230415353E-16   0.515221195188726        4.1042878813122733E-16   0.515221195188726        4.1701188500089097E-16   0.515221195188726        4.2468396771944356E-16   0.515221195188726        4.3414051616816455E-16   0.515221195188726        4.449229167726417E-16    0.515221195188726        4.547617374928471E-16    0.515221195188726        4.682193799435906E-16    0.515221195188726        4.807694915041126E-16    0.515221195188726
0.5215043804959058        7.090091810187781E-16    0.5215043804959058       7.327949352782315E-16    0.5215043804959058       7.568567730189326E-16    0.5215043804959058       7.794754329231921E-16    0.5215043804959058       8.033047135886636E-16    0.5215043804959058       8.301466904305796E-16    0.5215043804959058       8.586873960916784E-16    0.5215043804959058       8.847891709728453E-16    0.5215043804959058       9.16422426493771E-16     0.5215043804959058       9.460791476723467E-16    0.5215043804959058
0.5277875658030853        1.439458162257876E-15    0.5277875658030853       1.4686868614018843E-15   0.5277875658030853       1.4985144821296548E-15   0.5277875658030853       1.524437886432412E-15    0.5277875658030853       1.5519232992312813E-15   0.5277875658030853       1.5842422750241863E-15   0.5277875658030853       1.6187923837096912E-15   0.5277875658030853       1.6482166203221099E-15   0.5277875658030853       1.6867958278871038E-15   0.5277875658030853       1.7212631683623978E-15   0.5277875658030853
0.5340707511102648        1.205126206534775E-15    0.5340707511102648       1.2285482675042994E-15   0.5340707511102648       1.251790215270559E-15    0.5340707511102648       1.2713475951136866E-15   0.5340707511102648       1.2917509842970653E-15   0.5340707511102648       1.3150724551571991E-15   0.5340707511102648       1.3395971442943837E-15   0.5340707511102648       1.359683423283196E-15    0.5340707511102648       1.386399271296091E-15    0.5340707511102648       1.4090726671822793E-15   0.5340707511102648
0.5403539364174444        6.522824883034321E-16    0.5403539364174444       6.6972921250289E-16      0.5403539364174444       6.859574652357438E-16    0.5403539364174444       6.996527295396656E-16    0.5403539364174444       7.137634403039983E-16    0.5403539364174444       7.286573589315521E-16    0.5403539364174444       7.436873497645883E-16    0.5403539364174444       7.559015968152317E-16    0.5403539364174444       7.711942158288267E-16    0.5403539364174444       7.838118965048613E-16    0.5403539364174444
0.546637121724624         9.138022072807412E-16    0.546637121724624        9.231276627527531E-16    0.546637121724624        9.316081619102226E-16    0.546637121724624        9.364073712173915E-16    0.546637121724624        9.42628400230584E-16     0.546637121724624        9.512915469198262E-16    0.546637121724624        9.608935430269142E-16    0.546637121724624        9.667889271144822E-16    0.546637121724624        9.782198405036597E-16    0.546637121724624        9.870699967904854E-16    0.546637121724624
0.5529203070318035        1.2118298234675032E-15   0.5529203070318035       1.2105199485974016E-15   0.5529203070318035       1.209394557942947E-15    0.5529203070318035       1.2038442253564406E-15   0.5529203070318035       1.2005064661024165E-15   0.5529203070318035       1.201333338793332E-15    0.5529203070318035       1.204227689006964E-15    0.5529203070318035       1.2029018734596238E-15   0.5529203070318035       1.209849675375008E-15    0.5529203070318035       1.2140474655774156E-15   0.5529203070318035
0.5592034923389833        7.163356300553202E-16    0.5592034923389831       7.160118181430449E-16    0.5592034923389831       7.159731190492876E-16    0.5592034923389831       7.137003501201687E-16    0.5592034923389831       7.130411796428755E-16    0.5592034923389831       7.151646312393906E-16    0.5592034923389831       7.191012068849195E-16    0.5592034923389831       7.208834345916381E-16    0.5592034923389831       7.284174650566414E-16    0.5592034923389831       7.342659086747257E-16    0.5592034923389831
0.5654866776461628        4.3139458216847327E-16   0.5654866776461628       4.464169005928625E-16    0.5654866776461628       4.614934586618684E-16    0.5654866776461628       4.758361225903891E-16    0.5654866776461628       4.912522308595328E-16    0.5654866776461628       5.088196075532006E-16    0.5654866776461628       5.279395378076121E-16    0.5654866776461628       5.456088532227939E-16    0.5654866776461628       5.676128189834303E-16    0.5654866776461628       5.882365740275279E-16    0.5654866776461628
0.5717698629533423        1.064973428026415E-15    0.5717698629533423       1.0915233833904214E-15   0.5717698629533423       1.1185469566091713E-15   0.5717698629533423       1.1429817099401256E-15   0.5717698629533423       1.1688362841880237E-15   0.5717698629533423       1.1990021992852198E-15   0.5717698629533423       1.2314626695053146E-15   0.5717698629533423       1.2598322775069796E-15   0.5717698629533423       1.2962807026824926E-15   0.5717698629533423       1.3294517545803238E-15   0.5717698629533423
0.578053048260522         1.5047371837616493E-15   0.578053048260522        1.5304501031472675E-15   0.578053048260522        1.556659468191438E-15    0.578053048260522        1.5785289216545023E-15   0.578053048260522        1.6017572569695555E-15   0.578053048260522        1.6298288513808642E-15   0.578053048260522        1.660204335258222E-15    0.578053048260522        1.6848155735458215E-15   0.578053048260522        1.7191776047536704E-15   0.578053048260522        1.7486873476256962E-15   0.578053048260522
0.5843362335677015        1.0631715496728197E-15   0.5843362335677015       1.0853024370995188E-15   0.5843362335677015       1.1067902437048552E-15   0.5843362335677015       1.1246920934350265E-15   0.5843362335677015       1.1432158118419893E-15   0.5843362335677015       1.1639679445709047E-15   0.5843362335677015       1.1856460592971813E-15   0.5843362335677015       1.2029738674123684E-15   0.5843362335677015       1.2262496019013747E-15   0.5843362335677015       1.245380423087724E-15    0.5843362335677015
0.5906194188748811        7.479146935851442E-16    0.5906194188748811       7.653461507905119E-16    0.5906194188748811       7.814159296633252E-16    0.5906194188748811       7.942741221948812E-16    0.5906194188748811       8.078979425071838E-16    0.5906194188748811       8.227655634989229E-16    0.5906194188748811       8.379937052723464E-16    0.5906194188748811       8.497144320265188E-16    0.5906194188748811       8.655748431192543E-16    0.5906194188748811       8.783805756977831E-16    0.5906194188748811
0.5969026041820608        1.0884427685394275E-15   0.5969026041820606       1.0935148849318669E-15   0.5969026041820606       1.0980491122877232E-15   0.5969026041820606       1.0980290664725919E-15   0.5969026041820606       1.0999203636628702E-15   0.5969026041820606       1.1052112435246337E-15   0.5969026041820606       1.1119922362490531E-15   0.5969026041820606       1.1141572350517996E-15   0.5969026041820606       1.1236936995473037E-15   0.5969026041820606       1.1300805698222978E-15   0.5969026041820606
0.6031857894892403        1.1511307410800868E-15   0.6031857894892403       1.1457510638980965E-15   0.6031857894892403       1.1407528565494006E-15   0.6031857894892403       1.1313303899916863E-15   0.6031857894892403       1.1241959353637628E-15   0.6031857894892403       1.1213326134120584E-15   0.6031857894892403       1.1207506711013104E-15   0.6031857894892403       1.115869016112533E-15    0.6031857894892403       1.1196475700523459E-15   0.6031857894892403       1.120455427431381E-15    0.6031857894892403
0.6094689747964198        6.25666004543063E-16     0.6094689747964198       6.272112871770502E-16    0.6094689747964198       6.289799704043786E-16    0.6094689747964198       6.287357211553189E-16    0.6094689747964198       6.300249017468465E-16    0.6094689747964198       6.3402724661270885E-16   0.6094689747964198       6.398960202299058E-16    0.6094689747964198       6.435756673969506E-16    0.6094689747964198       6.530827648529421E-16    0.6094689747964198       6.606625815657857E-16    0.6094689747964198
0.6157521601035995        5.457259379794745E-16    0.6157521601035995       5.636898468494518E-16    0.6157521601035995       5.817402139172963E-16    0.6157521601035995       5.9865283492348045E-16   0.6157521601035995       6.166968910516421E-16    0.6157521601035995       6.375476754560936E-16    0.6157521601035995       6.603110415687878E-16    0.6157521601035995       6.807448135761098E-16    0.6157521601035995       7.069066148963228E-16    0.6157521601035995       7.309242192697759E-16    0.6157521601035995
0.6220353454107791        1.2096005618713921E-15   0.6220353454107791       1.2344487153745863E-15   0.6220353454107791       1.2599371857969775E-15   0.6220353454107791       1.282267276736992E-15    0.6220353454107791       1.3060073968496425E-15   0.6220353454107791       1.3348073953188343E-15   0.6220353454107791       1.3663984726909155E-15   0.6220353454107791       1.392786869463543E-15    0.6220353454107791       1.4289825995594625E-15   0.6220353454107791       1.4609297121066094E-15   0.6220353454107791
0.6283185307179586        1.547961559647316E-15    0.6283185307179586       1.5709998824667001E-15   0.6283185307179586       1.5945641023840813E-15   0.6283185307179586       1.6134558005953878E-15   0.6283185307179586       1.6335818292296257E-15   0.6283185307179586       1.6588428114429229E-15   0.6283185307179586       1.6867311757233617E-15   0.6283185307179586       1.7080930188499376E-15   0.6283185307179586       1.7402748178871196E-15   0.6283185307179586       1.7667945863521388E-15   0.6283185307179586
0.6346017160251383        1.1408201419661033E-15   0.6346017160251383       1.1638404694231677E-15   0.6346017160251383       1.1861065492587377E-15   0.6346017160251383       1.2042618588337518E-15   0.6346017160251383       1.2230932542727779E-15   0.6346017160251383       1.2444706628493038E-15   0.6346017160251383       1.26702874779821E-15     0.6346017160251383       1.2844413952615458E-15   0.6346017160251383       1.3089353001427623E-15   0.6346017160251383       1.3284742547924622E-15   0.6346017160251383
0.6408849013323178        8.815402738491126E-16    0.6408849013323178       9.006856055990472E-16    0.6408849013323178       9.184468671386105E-16    0.6408849013323178       9.321782794938834E-16    0.6408849013323178       9.469396648583003E-16    0.6408849013323178       9.635008037083738E-16    0.6408849013323178       9.80725373586515E-16     0.6408849013323178       9.93443172591383E-16     0.6408849013323178       1.011812952230511E-15    0.6408849013323178       1.0262418722553698E-15   0.6408849013323178
0.6471680866394973        1.1524439482685179E-15   0.6471680866394973       1.1563843861745929E-15   0.6471680866394973       1.1599226231179118E-15   0.6471680866394973       1.1581956556778729E-15   0.6471680866394973       1.1586234099576976E-15   0.6471680866394973       1.1629131462645015E-15   0.6471680866394973       1.1689614038911634E-15   0.6471680866394973       1.1695103590582924E-15   0.6471680866394973       1.1787108867008102E-15   0.6471680866394973       1.1839899212552102E-15   0.6471680866394973
0.6534512719466771        1.1829402743969498E-15   0.6534512719466771       1.1748897816204247E-15   0.6534512719466771       1.1674014008070117E-15   0.6534512719466771       1.1548609811773463E-15   0.6534512719466771       1.1448000860700484E-15   0.6534512719466771       1.1394264755373686E-15   0.6534512719466771       1.1365831974447886E-15   0.6534512719466771       1.1286378453507393E-15   0.6534512719466771       1.130489360128647E-15    0.6534512719466771       1.1286528944439733E-15   0.6534512719466771
0.6597344572538566        7.074225860429444E-16    0.6597344572538566       7.070053748617386E-16    0.6597344572538566       7.069167637885961E-16    0.6597344572538566       7.04123292799714E-16     0.6597344572538566       7.030469811052274E-16    0.6597344572538566       7.051936959197978E-16    0.6597344572538566       7.094938948310847E-16    0.6597344572538566       7.107411926544189E-16    0.6597344572538566       7.191657724449696E-16    0.6597344572538566       7.248275048347368E-16    0.6597344572538566
0.6660176425610361        5.761229405498131E-16    0.6660176425610361       5.922085631503264E-16    0.6660176425610361       6.084002641925334E-16    0.6660176425610361       6.230519849410461E-16    0.6660176425610361       6.388842350531546E-16    0.6660176425610361       6.578724899108206E-16    0.6660176425610361       6.790459253270254E-16    0.6660176425610361       6.972022125120756E-16    0.6660176425610361       7.222677732085461E-16    0.6660176425610361       7.443540896788249E-16    0.6660176425610361
0.6723008278682158        1.1619470966905183E-15   0.6723008278682158       1.1837722986675178E-15   0.6723008278682158       1.206358679510586E-15    0.6723008278682158       1.225715408936401E-15    0.6723008278682158       1.2464135400464975E-15   0.6723008278682158       1.2725314622354178E-15   0.6723008278682158       1.301827220015921E-15    0.6723008278682158       1.3252812202540671E-15   0.6723008278682158       1.3597436999069525E-15   0.6723008278682158       1.3891267856217223E-15   0.6723008278682158
0.6785840131753953        1.6313275610508005E-15   0.6785840131753953       1.651256426241234E-15    0.6785840131753953       1.6721118534742078E-15   0.6785840131753953       1.6878321232214932E-15   0.6785840131753953       1.7048587813059688E-15   0.6785840131753953       1.7280385090756807E-15   0.6785840131753953       1.7546040954874028E-15   0.6785840131753953       1.773394421835471E-15    0.6785840131753953       1.805331666023369E-15    0.6785840131753953       1.8303917091157554E-15   0.6785840131753953
0.6848671984825748        1.4032284303917393E-15   0.6848671984825748       1.4261350070608568E-15   0.6848671984825748       1.4487326642546652E-15   0.6848671984825748       1.4661423227105513E-15   0.6848671984825748       1.484443278493776E-15    0.6848671984825748       1.506655913862357E-15    0.6848671984825748       1.5309411064071837E-15   0.6848671984825748       1.5483073043409185E-15   0.6848671984825748       1.5758747054335178E-15   0.6848671984825748       1.5968328981586084E-15   0.6848671984825748
0.6911503837897546        1.0628384025350456E-15   0.6911503837897546       1.0865624204050067E-15   0.6911503837897546       1.1089540856103441E-15   0.6911503837897546       1.1263359692235518E-15   0.6911503837897546       1.1448270265872594E-15   0.6911503837897546       1.1657586829488122E-15   0.6911503837897546       1.187796793681727E-15    0.6911503837897546       1.2038977763345798E-15   0.6911503837897546       1.2277357114720733E-15   0.6911503837897546       1.246113180190582E-15    0.6911503837897546
0.6974335690969341        1.1768481554619971E-15   0.6974335690969341       1.186342383122361E-15    0.6974335690969341       1.1951830172155443E-15   0.6974335690969341       1.198005388335348E-15    0.6974335690969341       1.2029917588800083E-15   0.6974335690969341       1.2119485292174618E-15   0.6974335690969341       1.222717280356677E-15    0.6974335690969341       1.2268919332604794E-15   0.6974335690969341       1.2407480653973495E-15   0.6974335690969341       1.249557095042634E-15    0.6974335690969341
0.7037167544041136        1.3092109661512416E-15   0.7037167544041136       1.3008757917400703E-15   0.7037167544041136       1.2930790617708224E-15   0.7037167544041136       1.27889663592707E-15     0.7037167544041136       1.2675101019886846E-15   0.7037167544041136       1.2616126076738197E-15   0.7037167544041136       1.2585435659338004E-15   0.7037167544041136       1.2487642244695775E-15   0.7037167544041136       1.2506686124673442E-15   0.7037167544041136       1.2477270437308784E-15   0.7037167544041136
0.7099999397112933        9.649080150299953E-16    0.7099999397112933       9.57402527317323E-16     0.7099999397112933       9.504575882299428E-16    0.7099999397112933       9.389878587161365E-16    0.7099999397112933       9.297738378907946E-16    0.7099999397112933       9.250591930093228E-16    0.7099999397112933       9.230653627456462E-16    0.7099999397112933       9.161759593863857E-16    0.7099999397112933       9.191357132517276E-16    0.7099999397112933       9.180505419715702E-16    0.7099999397112933
0.7162831250184728        6.112416880510591E-16    0.7162831250184728       6.201098614186384E-16    0.7162831250184728       6.290652219493455E-16    0.7162831250184728       6.355440511528821E-16    0.7162831250184728       6.434396424185626E-16    0.7162831250184728       6.548196730401755E-16    0.7162831250184728       6.686430776412093E-16    0.7162831250184728       6.786212088525537E-16    0.7162831250184728       6.967733515635881E-16    0.7162831250184728       7.111046040900694E-16    0.7162831250184728
0.7225663103256524        9.088381191466542E-16    0.7225663103256523       9.269635238841737E-16    0.7225663103256523       9.456406475248416E-16    0.7225663103256523       9.613939464789954E-16    0.7225663103256523       9.783577023585849E-16    0.7225663103256523       1.0005023439732139E-15   0.7225663103256523       1.0259489991442705E-15   0.7225663103256523       1.0454636119108854E-15   0.7225663103256523       1.0761918614098334E-15   0.7225663103256523       1.1014068269126754E-15   0.7225663103256523
0.7288494956328321        1.5545589213586837E-15   0.7288494956328321       1.5700653877222686E-15   0.7288494956328321       1.5868118242008818E-15   0.7288494956328321       1.5985022300845446E-15   0.7288494956328321       1.611462874632316E-15    0.7288494956328321       1.6318733003679563E-15   0.7288494956328321       1.6565874118840996E-15   0.7288494956328321       1.6723364521582364E-15   0.7288494956328321       1.7036443974970714E-15   0.7288494956328321       1.727001325959547E-15    0.7288494956328321
0.7351326809400116        1.7528476211319865E-15   0.7351326809400116       1.7699643768461742E-15   0.7351326809400116       1.7875743747016615E-15   0.7351326809400116       1.7989349955550707E-15   0.7351326809400116       1.811294228523814E-15    0.7351326809400116       1.83052665478939E-15     0.7351326809400116       1.853498820448491E-15    0.7351326809400116       1.8668835357843473E-15   0.7351326809400116       1.895602578362497E-15    0.7351326809400116       1.915501833108716E-15    0.7351326809400116
0.7414158662471911        1.452322449415237E-15    0.7414158662471911       1.4780554673429094E-15   0.7414158662471911       1.5026422364935887E-15   0.7414158662471911       1.5209739816839064E-15   0.7414158662471911       1.5401930373084848E-15   0.7414158662471911       1.5640130106838191E-15   0.7414158662471911       1.5900487028272762E-15   0.7414158662471911       1.6077335269019324E-15   0.7414158662471911       1.6372883850782017E-15   0.7414158662471911       1.658985155201737E-15    0.7414158662471911
0.7476990515543708        1.2772634864739406E-15   0.7476990515543707       1.3002220680472642E-15   0.7476990515543707       1.3216349559339883E-15   0.7476990515543707       1.3362598092142162E-15   0.7476990515543707       1.3525556361241351E-15   0.7476990515543707       1.3731847491042931E-15   0.7476990515543707       1.3956376053655603E-15   0.7476990515543707       1.410056923059824E-15    0.7476990515543707       1.4354610854404434E-15   0.7476990515543707       1.4541572197414548E-15   0.7476990515543707
0.7539822368615503        1.4116509573747232E-15   0.7539822368615503       1.4144625008653394E-15   0.7539822368615503       1.4168897453628562E-15   0.7539822368615503       1.411466459997189E-15    0.7539822368615503       1.4088845344127537E-15   0.7539822368615503       1.4124592994798208E-15   0.7539822368615503       1.4188928033449587E-15   0.7539822368615503       1.4166367440035258E-15   0.7539822368615503       1.4275883497216913E-15   0.7539822368615503       1.4323858119280139E-15   0.7539822368615503
0.7602654221687299        1.373004145360819E-15    0.7602654221687299       1.3601609401535068E-15   0.7602654221687299       1.3477719650630158E-15   0.7602654221687299       1.3279101119068982E-15   0.7602654221687299       1.3111976126376946E-15   0.7602654221687299       1.3012353283301953E-15   0.7602654221687299       1.2948384286938858E-15   0.7602654221687299       1.2804121522508462E-15   0.7602654221687299       1.2796856548178006E-15   0.7602654221687299       1.2734163178791535E-15   0.7602654221687299
0.7665486074759096        9.611334782244164E-16    0.7665486074759096       9.550231894670183E-16    0.7665486074759096       9.48940023251054E-16     0.7665486074759096       9.376392939903258E-16    0.7665486074759096       9.286694205046166E-16    0.7665486074759096       9.249806031466523E-16    0.7665486074759096       9.244454976004657E-16    0.7665486074759096       9.178643628032027E-16    0.7665486074759096       9.2253943034371E-16      0.7665486074759096       9.223515891416901E-16    0.7665486074759096
0.7728317927830891        7.0493517838327755E-16   0.7728317927830891       7.148654016461949E-16    0.7728317927830891       7.244173713498155E-16    0.7728317927830891       7.305924553955407E-16    0.7728317927830891       7.381121665126985E-16    0.7728317927830891       7.505010880110994E-16    0.7728317927830891       7.658624847972553E-16    0.7728317927830891       7.755608448204381E-16    0.7728317927830891       7.959356042425693E-16    0.7728317927830891       8.109152778326108E-16    0.7728317927830891
0.7791149780902686        1.0625319757652428E-15   0.7791149780902688       1.0759017937125933E-15   0.7791149780902688       1.0894924436284056E-15   0.7791149780902688       1.0992252596107407E-15   0.7791149780902688       1.109891016192421E-15    0.7791149780902688       1.127847444794185E-15    0.7791149780902688       1.1498501822277035E-15   0.7791149780902688       1.16362863255103E-15     0.7791149780902688       1.1921203928221245E-15   0.7791149780902688       1.2129720010037359E-15   0.7791149780902688
0.7853981633974483        1.694393122420025E-15    0.7853981633974483       1.7019187296927E-15      0.7853981633974483       1.710090231778575E-15    0.7853981633974483       1.7125062352659185E-15   0.7853981633974483       1.7157847512951327E-15   0.7853981633974483       1.7288790354423034E-15   0.7853981633974483       1.7471765429543738E-15   0.7853981633974483       1.7542152890641144E-15   0.7853981633974483       1.7804452839858834E-15   0.7853981633974483       1.7966359808477717E-15   0.7853981633974483
0.7916813487046279        1.9485220357304343E-15   0.7916813487046279       1.9601236464688706E-15   0.7916813487046279       1.9712264120919433E-15   0.7916813487046279       1.975202711261391E-15    0.7916813487046279       1.9799745296177015E-15   0.7916813487046279       1.994084367217421E-15    0.7916813487046279       2.0130562830981817E-15   0.7916813487046279       2.019998993634859E-15    0.7916813487046279       2.0461048780402307E-15   0.7916813487046279       2.061506255108503E-15    0.7916813487046279
0.7979645340118074        1.755579513950887E-15    0.7979645340118074       1.7808895638662843E-15   0.7979645340118074       1.8038121510615627E-15   0.7979645340118074       1.8189942430184647E-15   0.7979645340118074       1.8352494766804604E-15   0.7979645340118074       1.858604910412007E-15    0.7979645340118074       1.8854960206669853E-15   0.7979645340118074       1.9012618911297365E-15   0.7979645340118074       1.9330732263155434E-15   0.7979645340118074       1.9553103881360902E-15   0.7979645340118074
0.8042477193189871        1.5848663421521645E-15   0.8042477193189871       1.6115119507443777E-15   0.8042477193189871       1.6351175062522552E-15   0.8042477193189871       1.6501043906739037E-15   0.8042477193189871       1.66716781422677E-15     0.8042477193189871       1.6908551706421069E-15   0.8042477193189871       1.7176140581962944E-15   0.8042477193189871       1.7335948189313474E-15   0.8042477193189871       1.7643565277986672E-15   0.8042477193189871       1.787132272530504E-15    0.8042477193189871
0.8105309046261666        1.6467832981087576E-15   0.8105309046261666       1.6537600893861572E-15   0.8105309046261666       1.6585816145990724E-15   0.8105309046261666       1.653733731727316E-15    0.8105309046261666       1.6521803518371506E-15   0.8105309046261666       1.6589543739906734E-15   0.8105309046261666       1.6696307448014097E-15   0.8105309046261666       1.6691827210018081E-15   0.8105309046261666       1.6849241499935073E-15   0.8105309046261666       1.6939065754023745E-15   0.8105309046261666
0.8168140899333461        1.6194545021873512E-15   0.8168140899333461       1.606735691155492E-15    0.8168140899333461       1.592687699778471E-15    0.8168140899333461       1.5691640959371359E-15   0.8168140899333461       1.5493386268722824E-15   0.8168140899333461       1.5387292961338684E-15   0.8168140899333461       1.5326965918430176E-15   0.8168140899333461       1.5162637020432166E-15   0.8168140899333461       1.5163320987253116E-15   0.8168140899333461       1.5106589390763918E-15   0.8168140899333461
0.8230972752405259        1.2548724631656303E-15   0.8230972752405259       1.2440580334701103E-15   0.8230972752405259       1.231666996867499E-15    0.8230972752405259       1.2117731336888086E-15   0.8230972752405259       1.194828559098651E-15    0.8230972752405259       1.1857268604727969E-15   0.8230972752405259       1.1807734658740973E-15   0.8230972752405259       1.1674247063801588E-15   0.8230972752405259       1.1681863624687467E-15   0.8230972752405259       1.1639307764704293E-15   0.8230972752405259
0.8293804605477054        8.67812490200835E-16     0.8293804605477055       8.725295985519077E-16    0.8293804605477055       8.751559918732857E-16    0.8293804605477055       8.725573149482898E-16    0.8293804605477055       8.716872388934148E-16    0.8293804605477055       8.775455064521495E-16    0.8293804605477055       8.870670448820076E-16    0.8293804605477055       8.891235403283982E-16    0.8293804605477055       9.03809151834401E-16     0.8293804605477055       9.130723934455749E-16    0.8293804605477055
0.835663645854885         9.555918780664377E-16    0.835663645854885        9.65470454831061E-16     0.835663645854885        9.734440342282102E-16    0.835663645854885        9.769211679267113E-16    0.835663645854885        9.812280335753532E-16    0.835663645854885        9.941495660275898E-16    0.835663645854885        1.011600981126819E-15    0.835663645854885        1.0196262485857328E-15   0.835663645854885        1.0432895440889107E-15   0.835663645854885        1.0595306009560225E-15   0.835663645854885
0.8419468311620646        1.5190162989704125E-15   0.8419468311620646       1.519474386691582E-15    0.8419468311620646       1.5183025790093603E-15   0.8419468311620646       1.5115819495077147E-15   0.8419468311620646       1.5052442987180689E-15   0.8419468311620646       1.5111845031860877E-15   0.8419468311620646       1.5234236225807905E-15   0.8419468311620646       1.5227095031030307E-15   0.8419468311620646       1.5431930024092705E-15   0.8419468311620646       1.553604013085632E-15    0.8419468311620646
0.8482300164692441        2.0531213001187235E-15   0.8482300164692441       2.049723808428734E-15    0.8482300164692441       2.0437365973389676E-15   0.8482300164692441       2.030534794747054E-15    0.8482300164692441       2.017499772038663E-15    0.8482300164692441       2.0185367039088177E-15   0.8482300164692441       2.026725613318645E-15    0.8482300164692441       2.0197172502012653E-15   0.8482300164692441       2.0368622056996996E-15   0.8482300164692441       2.042337905820832E-15    0.8482300164692441
0.8545132017764238        2.1823421026539485E-15   0.8545132017764238       2.193086049375994E-15    0.8545132017764238       2.199087469865148E-15    0.8545132017764238       2.1964441032830994E-15   0.8545132017764238       2.19410082016126E-15     0.8545132017764238       2.2046063623771972E-15   0.8545132017764238       2.2214714057628197E-15   0.8545132017764238       2.2231397956369698E-15   0.8545132017764238       2.2475225138211935E-15   0.8545132017764238       2.260602979169312E-15    0.8545132017764238
0.8607963870836034        2.049661499594922E-15    0.8607963870836034       2.076783553244308E-15    0.8607963870836034       2.0974404929081652E-15   0.8607963870836034       2.1080761583776453E-15   0.8607963870836034       2.1198943908947132E-15   0.8607963870836034       2.1429300063946705E-15   0.8607963870836034       2.171172302340374E-15    0.8607963870836034       2.184987213973309E-15    0.8607963870836034       2.2189089275800893E-15   0.8607963870836034       2.2433848052973324E-15   0.8607963870836034
0.8670795723907829        1.9941142097744465E-15   0.8670795723907829       2.0169401460098484E-15   0.8670795723907829       2.0332814654871255E-15   0.8670795723907829       2.0380153334913307E-15   0.8670795723907829       2.0455293956662542E-15   0.8670795723907829       2.0646710228690093E-15   0.8670795723907829       2.0889975468398412E-15   0.8670795723907829       2.0991120231434205E-15   0.8670795723907829       2.128832870324164E-15    0.8670795723907829       2.1513949083056967E-15   0.8670795723907829
0.8733627576979625        2.0428152177500784E-15   0.8733627576979625       2.0428833913391596E-15   0.8733627576979625       2.037640666945259E-15    0.8733627576979625       2.019585343300306E-15    0.8733627576979625       2.0058522533936544E-15   0.8733627576979625       2.0051516406372114E-15   0.8733627576979625       2.010501541000868E-15    0.8733627576979625       2.0019099838417536E-15   0.8733627576979625       2.0136298591743265E-15   0.8733627576979625       2.0202157080228782E-15   0.8733627576979625
0.8796459430051421        1.919777069251646E-15    0.8796459430051421       1.904038076251046E-15    0.8796459430051421       1.8838754740959175E-15   0.8796459430051421       1.8510695111727924E-15   0.8796459430051421       1.8231568971452674E-15   0.8796459430051421       1.807962398217067E-15    0.8796459430051421       1.7991302015987336E-15   0.8796459430051421       1.7778490400362033E-15   0.8796459430051421       1.7758061244706559E-15   0.8796459430051421       1.7701188301555315E-15   0.8796459430051421
0.8859291283123216        1.5065391987815414E-15   0.8859291283123216       1.4974022866147665E-15   0.8859291283123216       1.4837577860615002E-15   0.8859291283123216       1.4592167354448005E-15   0.8859291283123216       1.438904178963276E-15    0.8859291283123216       1.4291026091639802E-15   0.8859291283123216       1.4249195993292027E-15   0.8859291283123216       1.410444424036398E-15    0.8859291283123216       1.4122432929423499E-15   0.8859291283123216       1.4110048723390374E-15   0.8859291283123216
0.8922123136195013        1.0938223952891294E-15   0.8922123136195013       1.0999825705154655E-15   0.8922123136195013       1.1011357775977505E-15   0.8922123136195013       1.0937128705330925E-15   0.8922123136195013       1.0891226344091692E-15   0.8922123136195013       1.093966444429225E-15    0.8922123136195013       1.1038542101192616E-15   0.8922123136195013       1.10413409036158E-15     0.8922123136195013       1.1193810590820549E-15   0.8922123136195013       1.1308229760626488E-15   0.8922123136195013
0.8984954989266809        1.0855501526273299E-15   0.8984954989266809       1.0923464038247948E-15   0.8984954989266809       1.0938668948125739E-15   0.8984954989266809       1.0882794639044135E-15   0.8984954989266809       1.0841232586976797E-15   0.8984954989266809       1.0918635374481447E-15   0.8984954989266809       1.1056219716276197E-15   0.8984954989266809       1.1077084408159848E-15   0.8984954989266809       1.1279360897797053E-15   0.8984954989266809       1.1421582404150654E-15   0.8984954989266809
0.9047786842338604        1.5411848925068805E-15   0.9047786842338604       1.5321020992448935E-15   0.9047786842338604       1.5174309643476198E-15   0.9047786842338604       1.4954731974591562E-15   0.9047786842338604       1.4739814880103722E-15   0.9047786842338604       1.4689702540908045E-15   0.9047786842338604       1.4722116854362738E-15   0.9047786842338604       1.460131519191031E-15    0.9047786842338604       1.47221096001932E-15     0.9047786842338604       1.4755230413771735E-15   0.9047786842338604
0.91106186954104          2.1185797959836017E-15   0.91106186954104         2.098681289524719E-15    0.91106186954104         2.0720754995081038E-15   0.91106186954104         2.036511503587128E-15    0.91106186954104         2.0010490079387966E-15   0.91106186954104         1.985051327222742E-15    0.91106186954104         1.9791015482790726E-15   0.91106186954104         1.9549952667063062E-15   0.91106186954104         1.9594337017514634E-15   0.91106186954104         1.9532775478577205E-15   0.91106186954104
0.9173450548482196        2.455014759663077E-15    0.9173450548482196       2.445761701986571E-15    0.9173450548482196       2.4278325492092626E-15   0.9173450548482196       2.398410663932431E-15    0.9173450548482196       2.369486874312468E-15    0.9173450548482196       2.35962320315408E-15     0.9173450548482196       2.360014046407936E-15    0.9173450548482196       2.3414723857775732E-15   0.9173450548482196       2.3517026872843588E-15   0.9173450548482196       2.3516238689245493E-15   0.9173450548482196
0.9236282401553992        2.5118520481915285E-15   0.9236282401553992       2.5242232562908612E-15   0.9236282401553992       2.526172921734766E-15    0.9236282401553992       2.5137479498135995E-15   0.9236282401553992       2.5031889613423992E-15   0.9236282401553992       2.5097106076177823E-15   0.9236282401553992       2.52573508318069E-15     0.9236282401553992       2.5234208082072234E-15   0.9236282401553992       2.5475424225455417E-15   0.9236282401553992       2.563869391567596E-15    0.9236282401553992
0.9299114254625788        2.5084583068042452E-15   0.9299114254625788       2.528382282194168E-15    0.9299114254625788       2.5376246524454258E-15   0.9299114254625788       2.5295180097872696E-15   0.9299114254625788       2.5256079109527413E-15   0.9299114254625788       2.5379525737865218E-15   0.9299114254625788       2.559589316152925E-15    0.9299114254625788       2.5636408119873917E-15   0.9299114254625788       2.59232386910219E-15     0.9299114254625788       2.617083416573085E-15    0.9299114254625788
0.9361946107697584        2.5858862389037876E-15   0.9361946107697584       2.5899685938495166E-15   0.9361946107697584       2.5848334605714094E-15   0.9361946107697584       2.5595514126611703E-15   0.9361946107697584       2.541282617677688E-15    0.9361946107697584       2.5397946268512003E-15   0.9361946107697584       2.548459084237185E-15    0.9361946107697584       2.540304555242602E-15    0.9361946107697584       2.5563160850522597E-15   0.9361946107697584       2.572478012039664E-15    0.9361946107697584
0.9424777960769379        2.6267205245810463E-15   0.9424777960769379       2.609107726313323E-15    0.9424777960769379       2.5844662237763926E-15   0.9424777960769379       2.5375971776869973E-15   0.9424777960769379       2.500205231780278E-15    0.9424777960769379       2.4791846244042634E-15   0.9424777960769379       2.4692555190517614E-15   0.9424777960769379       2.4440594160815553E-15   0.9424777960769379       2.4419934221559717E-15   0.9424777960769379       2.443551820270201E-15    0.9424777960769379
0.9487609813841175        2.4248397130663826E-15   0.9487609813841175       2.40339461166582E-15     0.9487609813841175       2.376508149341551E-15    0.9487609813841175       2.3266974664132106E-15   0.9487609813841175       2.2877047234784948E-15   0.9487609813841175       2.2622447552017435E-15   0.9487609813841175       2.2476875291934427E-15   0.9487609813841175       2.2204288622748515E-15   0.9487609813841175       2.2131236245916664E-15   0.9487609813841175       2.2119444731276846E-15   0.9487609813841175
0.9550441666912971        1.9783028209869874E-15   0.9550441666912971       1.9734204919367288E-15   0.9550441666912971       1.963476371484499E-15    0.9550441666912971       1.931556348731926E-15    0.9550441666912971       1.910405762167863E-15    0.9550441666912971       1.8991892517541925E-15   0.9550441666912971       1.8977138659687976E-15   0.9550441666912971       1.88595624389177E-15     0.9550441666912971       1.8902007295206188E-15   0.9550441666912971       1.901868138336862E-15    0.9550441666912971
0.9613273519984767        1.5580661756435786E-15   0.9613273519984767       1.569011710637597E-15    0.9613273519984767       1.5744090781753867E-15   0.9613273519984767       1.5598015609199035E-15   0.9613273519984767       1.5549053879005529E-15   0.9613273519984767       1.558950972947652E-15    0.9613273519984767       1.5721408348144844E-15   0.9613273519984767       1.5756282452679128E-15   0.9613273519984767       1.5937120613346513E-15   0.9613273519984767       1.6191140226275218E-15   0.9613273519984767
0.9676105373056563        1.476911099295658E-15    0.9676105373056563       1.4823245556085931E-15   0.9676105373056563       1.4815283159195932E-15   0.9676105373056563       1.4623011538130226E-15   0.9676105373056563       1.451540835820653E-15    0.9676105373056563       1.4527376913784161E-15   0.9676105373056563       1.4644194587495041E-15   0.9676105373056563       1.464536327571485E-15    0.9676105373056563       1.482230147764774E-15    0.9676105373056563       1.5059126611479726E-15   0.9676105373056563
0.9738937226128359        1.8084408550001015E-15   0.9738937226128359       1.789703934244944E-15    0.9738937226128359       1.7642822785783146E-15   0.9738937226128359       1.72013147032835E-15     0.9738937226128359       1.6839044795165273E-15   0.9738937226128359       1.6643540083328849E-15   0.9738937226128359       1.6583523555846915E-15   0.9738937226128359       1.6376250514689435E-15   0.9738937226128359       1.6401105263354956E-15   0.9738937226128359       1.6469862386389367E-15   0.9738937226128359
0.9801769079200154        2.33903563999237E-15     0.9801769079200154       2.3002852614216487E-15   0.9801769079200154       2.2544913172324135E-15   0.9801769079200154       2.187154423877438E-15    0.9801769079200154       2.1285288919470267E-15   0.9801769079200154       2.089075975852701E-15    0.9801769079200154       2.066351450757182E-15    0.9801769079200154       2.026390336021567E-15    0.9801769079200154       2.0140649831567387E-15   0.9801769079200154       2.0058489332316813E-15   0.9801769079200154
0.986460093227195         2.7791262352996087E-15   0.986460093227195        2.7425108251561553E-15   0.986460093227195        2.6985609082739546E-15   0.986460093227195        2.628232490162652E-15    0.986460093227195        2.5689831977534547E-15   0.986460093227195        2.5272605809185274E-15   0.986460093227195        2.504113829124187E-15    0.986460093227195        2.4630816094551163E-15   0.986460093227195        2.450284133439762E-15    0.986460093227195        2.4440060017960615E-15   0.986460093227195
0.9927432785343747        3.007360337440771E-15    0.9927432785343747       2.989380512243205E-15    0.9927432785343747       2.964274113937468E-15    0.9927432785343747       2.9070282134197544E-15   0.9927432785343747       2.8647575938239355E-15   0.9927432785343747       2.8357218655242575E-15   0.9927432785343747       2.8257834063785468E-15   0.9927432785343747       2.7989675921299393E-15   0.9927432785343747       2.797765089848118E-15    0.9927432785343747       2.8084164805227452E-15   0.9927432785343747
0.9990264638415542        3.118745376281799E-15    0.9990264638415542       3.1130293946848206E-15   0.9990264638415542       3.1017422615112577E-15   0.9990264638415542       3.0524654473827983E-15   0.9990264638415542       3.0233755339689322E-15   0.9990264638415542       3.0034427069310578E-15   0.9990264638415542       3.003040809825153E-15    0.9990264638415542       2.9874393020362823E-15   0.9990264638415542       2.9942561104827073E-15   0.9990264638415542       3.0201058470943173E-15   0.9990264638415542
1.0053096491487339        3.2632658070017166E-15   1.0053096491487339       3.2473751833707774E-15   1.0053096491487339       3.2294642272529085E-15   1.0053096491487339       3.167828488448596E-15    1.0053096491487339       3.1325745881150692E-15   1.0053096491487339       3.1037165516666356E-15   1.0053096491487339       3.0957908930109227E-15   1.0053096491487339       3.0743739758734055E-15   1.0053096491487339       3.0734609800805035E-15   1.0053096491487339       3.0989980179679847E-15   1.0053096491487339
1.0115928344559133        3.4600591362237672E-15   1.0115928344559133       3.4187935287185324E-15   1.0115928344559133       3.3808067883294628E-15   1.0115928344559133       3.293465221129423E-15    1.0115928344559133       3.239140598620188E-15    1.0115928344559133       3.1882093210488777E-15   1.0115928344559133       3.1603112550409786E-15   1.0115928344559133       3.1208566421249935E-15   1.0115928344559133       3.1007060600295876E-15   1.0115928344559133       3.113585382070646E-15    1.0115928344559133
1.017876019763093         3.5709804384568715E-15   1.017876019763093        3.5124994891487484E-15   1.017876019763093        3.4630639947142852E-15   1.017876019763093        3.35917952371894E-15     1.017876019763093        3.294569113945231E-15    1.017876019763093        3.2279822290946646E-15   1.017876019763093        3.185887055113646E-15    1.017876019763093        3.134911059360515E-15    1.017876019763093        3.100765770038858E-15    1.017876019763093        3.1052434745994568E-15   1.017876019763093
1.0241592050702726        3.4458315528435E-15      1.0241592050702726       3.3948673258103372E-15   1.0241592050702726       3.3575468751849532E-15   1.0241592050702726       3.262138747170344E-15    1.0241592050702726       3.2109889903357936E-15   1.0241592050702726       3.150175970328273E-15    1.0241592050702726       3.113628418928405E-15    1.0241592050702726       3.0715731115033012E-15   1.0241592050702726       3.041616654496588E-15    1.0241592050702726       3.055158502438736E-15    1.0241592050702726
1.030442390377452         3.089614913235991E-15    1.030442390377452        3.064599364494424E-15    1.030442390377452        3.0557669227065906E-15   1.030442390377452        2.987287607977068E-15    1.030442390377452        2.966310758512429E-15    1.030442390377452        2.9283670274038316E-15   1.030442390377452        2.9132075617814024E-15   1.030442390377452        2.8956971708802262E-15   1.030442390377452        2.88471781880365E-15     1.030442390377452        2.9213620939382104E-15   1.030442390377452
1.0367255756846316        2.6938762186981328E-15   1.0367255756846316       2.6895429211914645E-15   1.0367255756846316       2.7024135140808566E-15   1.0367255756846316       2.6555758284270966E-15   1.0367255756846316       2.6582097031026104E-15   1.0367255756846316       2.6399445995869793E-15   1.0367255756846316       2.6434955659958533E-15   1.0367255756846316       2.6464492478827285E-15   1.0367255756846316       2.6523917230138287E-15   1.0367255756846316       2.70894738930498E-15     1.0367255756846316
1.0430087609918115        2.506508761874326E-15    1.0430087609918115       2.4974969837626032E-15   1.0430087609918115       2.5068296277237156E-15   1.0430087609918115       2.45604714021206E-15     1.0430087609918115       2.4568592713204135E-15   1.0430087609918115       2.4365497051258614E-15   1.0430087609918115       2.4393540334031524E-15   1.0430087609918115       2.441454340191183E-15    1.0430087609918115       2.4468517299206934E-15   1.0430087609918115       2.504711650117041E-15    1.0430087609918115
1.049291946298991         2.654770736509071E-15    1.049291946298991        2.6162239155441746E-15   1.049291946298991        2.5988595771648093E-15   1.049291946298991        2.518585261634701E-15    1.049291946298991        2.493920716343383E-15    1.049291946298991        2.448610137945301E-15    1.049291946298991        2.4302948006727187E-15   1.049291946298991        2.410127092932519E-15    1.049291946298991        2.396408376307261E-15    1.049291946298991        2.43695316946822E-15     1.049291946298991
1.0555751316061706        3.0654777388056353E-15   1.0555751316061706       2.992112225437676E-15    1.0555751316061706       2.9449123028288268E-15   1.0555751316061706       2.828773286727968E-15    1.0555751316061706       2.77520906575966E-15     1.0555751316061706       2.6980676031558547E-15   1.0555751316061706       2.6529690844152426E-15   1.0555751316061706       2.6055241468548635E-15   1.0555751316061706       2.5671395296565763E-15   1.0555751316061706       2.5867321026962885E-15   1.0555751316061706
1.0618583169133502        3.5354931990093635E-15   1.0618583169133502       3.4432124563317212E-15   1.0618583169133502       3.383438437511252E-15    1.0618583169133502       3.2463867171049172E-15   1.0618583169133502       3.1815988181311176E-15   1.0618583169133502       3.0849290358953062E-15   1.0618583169133502       3.024422495056181E-15    1.0618583169133502       2.9632316314846042E-15   1.0618583169133502       2.9097864956889076E-15   1.0618583169133502       2.921550447849986E-15    1.0618583169133502
1.0681415022205296        3.8842344324151896E-15   1.0681415022205296       3.794158139365029E-15    1.0681415022205296       3.743183189463863E-15    1.0681415022205296       3.606253972612277E-15    1.0681415022205296       3.552767781315167E-15    1.0681415022205296       3.455318477075945E-15    1.0681415022205296       3.396001085497959E-15    1.0681415022205296       3.3401847620597865E-15   1.0681415022205296       3.285892366878151E-15    1.0681415022205296       3.3075599190339953E-15   1.0681415022205296
1.0744246875277093        4.066950121124843E-15    1.0744246875277093       3.986222470281976E-15    1.0744246875277093       3.9511215992347536E-15   1.0744246875277093       3.8226711301068576E-15   1.0744246875277093       3.789029558239666E-15    1.0744246875277093       3.699226648837502E-15    1.0744246875277093       3.6478193976693155E-15   1.0744246875277093       3.605745164431234E-15    1.0744246875277093       3.5560272809308614E-15   1.0744246875277093       3.594807439269751E-15    1.0744246875277093
1.080707872834889         4.172766246651881E-15    1.080707872834889        4.08804105084663E-15     1.080707872834889        4.056143562561016E-15    1.080707872834889        3.9251332902135345E-15   1.080707872834889        3.899915591750583E-15    1.080707872834889        3.8089385139529025E-15   1.080707872834889        3.7564838419252166E-15   1.080707872834889        3.719494490102539E-15    1.080707872834889        3.6659340011327404E-15   1.080707872834889        3.712957060258857E-15    1.080707872834889
1.0869910581420683        4.325869853040416E-15    1.0869910581420683       4.2141119972074314E-15   1.0869910581420683       4.1640744246675005E-15   1.0869910581420683       4.010120112643995E-15    1.0869910581420683       3.97270794167769E-15     1.0869910581420683       3.862394050392746E-15    1.0869910581420683       3.791856866248202E-15    1.0869910581420683       3.7424198381806176E-15   1.0869910581420683       3.66956731667221E-15     1.0869910581420683       3.707781232905676E-15    1.0869910581420683
1.093274243449248         4.575292949659246E-15    1.093274243449248        4.422647412765666E-15    1.093274243449248        4.3424134905792744E-15   1.093274243449248        4.153778373985341E-15    1.093274243449248        4.092288296082848E-15    1.093274243449248        3.95086992547065E-15     1.093274243449248        3.851428772472128E-15    1.093274243449248        3.778413264833372E-15    1.093274243449248        3.6763788287613695E-15   1.093274243449248        3.694833559142569E-15    1.093274243449248
1.0995574287564276        4.855330603045203E-15    1.0995574287564276       4.669166785461667E-15    1.0995574287564276       4.566591660645513E-15    1.0995574287564276       4.351704952666182E-15    1.0995574287564276       4.273702524843702E-15    1.0995574287564276       4.106810276725424E-15    1.0995574287564276       3.983475974147194E-15    1.0995574287564276       3.8922847227568E-15      1.0995574287564276       3.765137262386511E-15    1.0995574287564276       3.768156287331772E-15    1.0995574287564276
1.105840614063607         5.038446853890203E-15    1.105840614063607        4.843609344191763E-15    1.105840614063607        4.741968737367859E-15    1.105840614063607        4.525722924027109E-15    1.105840614063607        4.453824917017756E-15    1.105840614063607        4.282448541811331E-15    1.105840614063607        4.153878228491863E-15    1.105840614063607        4.063842923973017E-15    1.105840614063607        3.92771158012541E-15     1.105840614063607        3.9321650073224076E-15   1.105840614063607
1.1121237993707869        5.035596653792893E-15    1.1121237993707869       4.857844755189239E-15    1.1121237993707869       4.779966732660314E-15    1.1121237993707869       4.587670118578888E-15    1.1121237993707869       4.543833632043621E-15    1.1121237993707869       4.390874912602403E-15    1.1121237993707869       4.277243686148402E-15    1.1121237993707869       4.20854294380932E-15     1.1121237993707869       4.08112712611843E-15     1.1121237993707869       4.104341303992048E-15    1.1121237993707869
1.1184069846779665        4.870914414163846E-15    1.1184069846779665       4.7193928586599594E-15   1.1184069846779665       4.671969644223653E-15    1.1184069846779665       4.512509806491772E-15    1.1184069846779665       4.5026683077984886E-15   1.1184069846779665       4.37772805840712E-15     1.1184069846779665       4.287386649423875E-15    1.1184069846779665       4.247123015671615E-15    1.1184069846779665       4.136099672204725E-15    1.1184069846779665       4.183533079832312E-15    1.1184069846779665
1.124690169985146         4.681177506679719E-15    1.124690169985146        4.541731237054294E-15    1.124690169985146        4.51047329359484E-15     1.124690169985146        4.370231421267758E-15    1.124690169985146        4.379872053715377E-15    1.124690169985146        4.272661683936449E-15    1.124690169985146        4.1965842089233264E-15   1.124690169985146        4.173634947936432E-15    1.124690169985146        4.07159757920382E-15     1.124690169985146        4.132867153499142E-15    1.124690169985146
1.1309733552923256        4.643030786520171E-15    1.1309733552923256       4.4862418543092384E-15   1.1309733552923256       4.444517648510674E-15    1.1309733552923256       4.295734685537515E-15    1.1309733552923256       4.298791849066364E-15    1.1309733552923256       4.185270828896553E-15    1.1309733552923256       4.102548890333215E-15    1.1309733552923256       4.074206080035526E-15    1.1309733552923256       3.962962152052424E-15    1.1309733552923256       4.018329562352086E-15    1.1309733552923256
1.1372565405995052        4.875837591697064E-15    1.1372565405995052       4.673921396596092E-15    1.1372565405995052       4.598525320532832E-15    1.1372565405995052       4.4161537829432265E-15   1.1372565405995052       4.3906005235778564E-15   1.1372565405995052       4.2474529815446735E-15   1.1372565405995052       4.137755096574862E-15    1.1372565405995052       4.083184243568298E-15    1.1372565405995052       3.944194503685031E-15    1.1372565405995052       3.97639707142635E-15     1.1372565405995052
1.1435397259066846        5.37887881818908E-15     1.1435397259066846       5.12049248287821E-15     1.1435397259066846       5.004174531972719E-15    1.1435397259066846       4.780239427690752E-15    1.1435397259066846       4.7200113273868814E-15   1.1435397259066846       4.538078285805747E-15    1.1435397259066846       4.392935057405445E-15    1.1435397259066846       4.304544561888487E-15    1.1435397259066846       4.128886792886542E-15    1.1435397259066846       4.13221630657762E-15     1.1435397259066846
1.1498229112138643        6.036521072793513E-15    1.1498229112138643       5.7307468148974166E-15   1.1498229112138643       5.5840822579188865E-15   1.1498229112138643       5.330937216426935E-15    1.1498229112138643       5.247092202874901E-15    1.1498229112138643       5.035674243242029E-15    1.1498229112138643       4.86184318842956E-15     1.1498229112138643       4.747809498892252E-15    1.1498229112138643       4.539960597677349E-15    1.1498229112138643       4.521177672927102E-15    1.1498229112138643
1.156106096521044         6.683358927426908E-15    1.156106096521044        6.3513888781255855E-15   1.156106096521044        6.19376176524121E-15     1.156106096521044        5.935091421302282E-15    1.156106096521044        5.846429756847438E-15    1.156106096521044        5.6265106123845954E-15   1.156106096521044        5.4400407540280246E-15   1.156106096521044        5.317311798110216E-15    1.156106096521044        5.091146997394048E-15    1.156106096521044        5.0626077077704496E-15   1.156106096521044
1.1623892818282233        7.189160947306764E-15    1.1623892818282233       6.849559646128886E-15    1.1623892818282233       6.6955312711213704E-15   1.1623892818282233       6.4513705042145585E-15   1.1623892818282233       6.371046864920146E-15    1.1623892818282233       6.162217974954564E-15    1.1623892818282233       5.977469024500656E-15    1.1623892818282233       5.860281657042626E-15    1.1623892818282233       5.630222337396058E-15    1.1623892818282233       5.60030643951363E-15     1.1623892818282233
1.168672467135403         7.51728166915841E-15     1.168672467135403        7.173858197554412E-15    1.168672467135403        7.023215970420677E-15    1.168672467135403        6.798187761872598E-15    1.168672467135403        6.724478881993445E-15    1.168672467135403        6.533605779157602E-15    1.168672467135403        6.354008356273284E-15    1.168672467135403        6.2449556135023196E-15   1.168672467135403        6.017590587442081E-15    1.168672467135403        5.9843993959768544E-15   1.168672467135403
1.1749556524425828        7.729568455713534E-15    1.1749556524425828       7.368619750840782E-15    1.1749556524425828       7.2054381896952E-15      1.1749556524425828       6.9866951357053085E-15   1.1749556524425828       6.902782532187644E-15    1.1749556524425828       6.7207623103676845E-15   1.1749556524425828       6.536453283694568E-15    1.1749556524425828       6.424878099606925E-15    1.1749556524425828       6.19563714788938E-15     1.1749556524425828       6.147151113424291E-15    1.1749556524425828
1.1812388377497622        7.941522675075144E-15    1.1812388377497622       7.539476417801321E-15    1.1812388377497622       7.340014688522949E-15    1.1812388377497622       7.105294069272591E-15    1.1812388377497622       6.9873586841059755E-15   1.1812388377497622       6.795239841269781E-15    1.1812388377497622       6.5883604124319315E-15   1.1812388377497622       6.456320923633179E-15    1.1812388377497622       6.212702124856145E-15    1.1812388377497622       6.132520896453536E-15    1.1812388377497622
1.1875220230569419        8.25591578690481E-15     1.1875220230569419       7.79271517848381E-15     1.1875220230569419       7.537329195070556E-15    1.1875220230569419       7.267937694983732E-15    1.1875220230569419       7.096510772795652E-15    1.1875220230569419       6.877013969238643E-15    1.1875220230569419       6.6312030746467035E-15   1.1875220230569419       6.463263652094544E-15    1.1875220230569419       6.192572584025298E-15    1.1875220230569419       6.067573758674655E-15    1.1875220230569419
1.1938052083641215        8.710004849813498E-15    1.1938052083641215       8.18087686823842E-15     1.1938052083641215       7.863605351284475E-15    1.1938052083641215       7.55499959648607E-15     1.1938052083641215       7.323486048674781E-15    1.1938052083641215       7.071405271784356E-15    1.1938052083641215       6.7801468081719325E-15   1.1938052083641215       6.571720318650911E-15    1.1938052083641215       6.269079256502704E-15    1.1938052083641215       6.095008126406604E-15    1.1938052083641215
1.200088393671301         9.260506194726634E-15    1.200088393671301        8.680035377002004E-15    1.200088393671301        8.311322498197289E-15    1.200088393671301        7.975882768427116E-15    1.200088393671301        7.692366305344878E-15    1.200088393671301        7.418429306752586E-15    1.200088393671301        7.088045196095511E-15    1.200088393671301        6.848239322016316E-15    1.200088393671301        6.52068693521448E-15     1.200088393671301        6.303356548392624E-15    1.200088393671301
1.2063715789784806        9.80978455181937E-15     1.2063715789784806       9.206388962487688E-15    1.2063715789784806       8.808076927639162E-15    1.2063715789784806       8.46910546627675E-15     1.2063715789784806       8.151232405271494E-15    1.2063715789784806       7.87772327655056E-15     1.2063715789784806       7.523895247108582E-15    1.2063715789784806       7.271764706172563E-15    1.2063715789784806       6.936355518534995E-15    1.2063715789784806       6.688468651150005E-15    1.2063715789784806
1.2126547642856602        1.0257388356834118E-14   1.2126547642856602       9.661045509329308E-15    1.2126547642856602       9.256328033775029E-15    1.2126547642856602       8.936678681011707E-15    1.2126547642856602       8.602554450285921E-15    1.2126547642856602       8.353177646883314E-15    1.2126547642856602       7.993085463595846E-15    1.2126547642856602       7.74929469963646E-15     1.2126547642856602       7.426091433326795E-15    1.2126547642856602       7.161495096143532E-15    1.2126547642856602
1.2189379495928396        1.0551460155914875E-14   1.2189379495928396       9.980558708456938E-15    1.2189379495928396       9.583531544829034E-15    1.2189379495928396       9.294495805384502E-15    1.2189379495928396       8.953832943796679E-15    1.2189379495928396       8.742863209828351E-15    1.2189379495928396       8.38680081208083E-15     1.2189379495928396       8.164605294601922E-15    1.2189379495928396       7.86788380482025E-15     1.2189379495928396       7.595767085364209E-15    1.2189379495928396
1.2252211349000193        1.0717284333540232E-14   1.2252211349000193       1.017054503944928E-14    1.2252211349000193       9.779779241696612E-15    1.2252211349000193       9.515187846375126E-15    1.2252211349000193       9.16426434212164E-15     1.2252211349000193       8.989972129494834E-15    1.2252211349000193       8.636081953255364E-15    1.2252211349000193       8.435569003719242E-15    1.2252211349000193       8.167307837373202E-15    1.2252211349000193       7.88849543370378E-15     1.2252211349000193
1.231504320207199         1.08522713442931E-14     1.231504320207199        1.0309046284141361E-14   1.231504320207199        9.907626089072272E-15    1.231504320207199        9.645298835044711E-15    1.231504320207199        9.267323985413383E-15    1.231504320207199        9.112331524950658E-15    1.231504320207199        8.746341638189777E-15    1.231504320207199        8.55420047898879E-15     1.231504320207199        8.30272360857109E-15     1.231504320207199        8.009185450645091E-15    1.231504320207199
1.2377875055143783        1.1091653087752749E-14   1.2377875055143783       1.0520037728799513E-14   1.2377875055143783       1.0081734223174362E-14   1.2377875055143783       9.791009839218275E-15    1.2377875055143783       9.361268441182723E-15    1.2377875055143783       9.199211184750842E-15    1.2377875055143783       8.798808629968984E-15    1.2377875055143783       8.593387823244828E-15    1.2377875055143783       8.33754321492101E-15     1.2377875055143783       8.015022413264834E-15    1.2377875055143783
1.2440706908215582        1.1560526588962635E-14   1.2440706908215582       1.0929457484814901E-14   1.2440706908215582       1.0428307779113098E-14   1.2440706908215582       1.0079992745915535E-14   1.2440706908215582       9.57350620700716E-15     1.2440706908215582       9.37873003319251E-15     1.2440706908215582       8.920479191131211E-15    1.2440706908215582       8.679691713042492E-15    1.2440706908215582       8.396451755834124E-15    1.2440706908215582       8.029131234982649E-15    1.2440706908215582
1.2503538761287378        1.2331572421842937E-14   1.2503538761287378       1.1621778885726881E-14   1.2503538761287378       1.1041203215973012E-14   1.2503538761287378       1.0615766834528876E-14   1.2503538761287378       1.0014619913066897E-14   1.2503538761287378       9.770715275688895E-15    1.2503538761287378       9.236803488931349E-15    1.2503538761287378       8.94547227023651E-15     1.2503538761287378       8.61752925363713E-15     1.2503538761287378       8.193157149472876E-15    1.2503538761287378
1.2566370614359172        1.3403477846387852E-14   1.2566370614359172       1.2613106542996485E-14   1.2566370614359172       1.1951144427614703E-14   1.2566370614359172       1.1442257235952391E-14   1.2566370614359172       1.0740192638573989E-14   1.2566370614359172       1.0444112666404884E-14   1.2566370614359172       9.826674351490673E-15    1.2566370614359172       9.480457097098932E-15    1.2566370614359172       9.100757366746264E-15    1.2566370614359172       8.61466284523531E-15     1.2566370614359172
1.2629202467430969        1.470575623767932E-14    1.2629202467430969       1.3848980149993922E-14   1.2629202467430969       1.311793326799364E-14    1.2629202467430969       1.253065186051547E-14    1.2629202467430969       1.1733698057471555E-14   1.2629202467430969       1.1394341936131874E-14   1.2629202467430969       1.0696258249339754E-14   1.2629202467430969       1.030093714221889E-14    1.2629202467430969       9.872759533102752E-15    1.2629202467430969       9.32959405083538E-15     1.2629202467430969
1.2692034320502765        1.612568029196705E-14    1.2692034320502765       1.522540637430761E-14    1.2692034320502765       1.4446355549139955E-14   1.2692034320502765       1.3791331232666232E-14   1.2692034320502765       1.2914616020555883E-14   1.2692034320502765       1.2547004907030867E-14   1.2692034320502765       1.1779350643282005E-14   1.2692034320502765       1.1346192646676243E-14   1.2692034320502765       1.087936607870289E-14    1.2692034320502765       1.0292048502743496E-14   1.2692034320502765
1.275486617357456         1.7546219103639783E-14   1.275486617357456        1.6623991927925733E-14   1.275486617357456        1.5818434335719325E-14   1.275486617357456        1.5104687759762715E-14   1.275486617357456        1.416674527194005E-14    1.275486617357456        1.3784360099577593E-14   1.275486617357456        1.2961642388796217E-14   1.275486617357456        1.250091796269053E-14    1.275486617357456        1.2006144691145914E-14   1.275486617357456        1.139225271082898E-14    1.275486617357456
1.2817698026646356        1.888197850445011E-14    1.2817698026646356       1.7948744016894997E-14   1.2817698026646356       1.7130368816905405E-14   1.2817698026646356       1.63591984814049E-14     1.2817698026646356       1.5375698862818052E-14   1.2817698026646356       1.498379218258507E-14    1.2817698026646356       1.4118592153399442E-14   1.2817698026646356       1.3633730043266977E-14   1.2817698026646356       1.3117284451724393E-14   1.2817698026646356       1.2493891413495664E-14   1.2817698026646356
1.2880529879718152        2.010279298274564E-14    1.2880529879718152       1.9153384791331853E-14   1.2880529879718152       1.8322626727897405E-14   1.2880529879718152       1.7484373742186255E-14   1.2880529879718152       1.6463192357691338E-14   1.2880529879718152       1.6055092185224686E-14   1.2880529879718152       1.5153677578221467E-14   1.2880529879718152       1.46379488109652E-14     1.2880529879718152       1.409840419532169E-14    1.2880529879718152       1.347690487152194E-14    1.2880529879718152
1.2943361732789946        2.1239959926656298E-14   1.2943361732789946       2.0252531159888913E-14   1.2943361732789946       1.9395308561806104E-14   1.2943361732789946       1.8469498009949396E-14   1.2943361732789946       1.740847870877014E-14    1.2943361732789946       1.6965580103838982E-14   1.2943361732789946       1.6025617220053976E-14   1.2943361732789946       1.5462072985826972E-14   1.2943361732789946       1.4889674729021993E-14   1.2943361732789946       1.4272224001054062E-14   1.2943361732789946
1.3006193585861743        2.2375898433947785E-14   1.3006193585861743       2.1315766730845316E-14   1.3006193585861743       2.040627770812583E-14    1.3006193585861743       1.9364588220165253E-14   1.3006193585861743       1.8252457307884914E-14   1.3006193585861743       1.774731630559511E-14    1.3006193585861743       1.6758134732688175E-14   1.3006193585861743       1.6122314780060106E-14   1.3006193585861743       1.5500676194107264E-14   1.3006193585861743       1.4879341164001813E-14   1.3006193585861743
1.3069025438933541        2.3622442673062173E-14   1.3069025438933541       2.244856492081637E-14    1.3069025438933541       2.1454755724332287E-14   1.3069025438933541       2.026562806715968E-14    1.3069025438933541       1.9085559174823026E-14   1.3069025438933541       1.8486678357462932E-14   1.3069025438933541       1.743181053983177E-14    1.3069025438933541       1.6695954855260798E-14   1.3069025438933541       1.6005185245712364E-14   1.3069025438933541       1.5363918878589146E-14   1.3069025438933541
1.3131857292005336        2.5095070852065586E-14   1.3131857292005336       2.3766936597426592E-14   1.3131857292005336       2.265665160946392E-14    1.3131857292005336       2.129019663952842E-14    1.3131857292005336       2.002477847793352E-14    1.3131857292005336       1.93014715402261E-14     1.3131857292005336       1.8162583982386415E-14   1.3131857292005336       1.7299932837291186E-14   1.3131857292005336       1.652015026526607E-14    1.3131857292005336       1.5838645612508175E-14   1.3131857292005336
1.3194689145077132        2.689004339680397E-14    1.3194689145077132       2.5373128233772737E-14   1.3194689145077132       2.411908639613658E-14    1.3194689145077132       2.2551180539761226E-14   1.3194689145077132       2.1187189201700217E-14   1.3194689145077132       2.03132614182184E-14     1.3194689145077132       1.9074270532651173E-14   1.3194689145077132       1.8062432912552277E-14   1.3194689145077132       1.7176758205859708E-14   1.3194689145077132       1.6434620216258742E-14   1.3194689145077132
1.3257520998148928        2.906931006306068E-14    1.3257520998148928       2.733804580692164E-14    1.3257520998148928       2.592046760418412E-14    1.3257520998148928       2.4135340622808138E-14   1.3257520998148928       2.2666832439555207E-14   1.3257520998148928       2.162247289023799E-14    1.3257520998148928       2.0272674817221695E-14   1.3257520998148928       1.9095667569970144E-14   1.3257520998148928       1.8092103494601303E-14   1.3257520998148928       1.7271851479543906E-14   1.3257520998148928
1.3320352851220723        3.165516958170822E-14    1.3320352851220723       2.96932631373173E-14     1.3320352851220723       2.809984513784797E-14    1.3320352851220723       2.6090893781769446E-14   1.3320352851220723       2.451964884537065E-14    1.3320352851220723       2.3291593426954558E-14   1.3320352851220723       2.1826997582073494E-14   1.3320352851220723       2.0476054579936426E-14   1.3320352851220723       1.9348009828404432E-14   1.3320352851220723       1.8436098743748424E-14   1.3320352851220723
1.338318470429252         3.4634046826985225E-14   1.338318470429252        3.2432614326768E-14      1.338318470429252        3.0656280589957504E-14   1.338318470429252        2.842517618295386E-14    1.338318470429252        2.675826947069283E-14    1.338318470429252        2.5338714960696022E-14   1.338318470429252        2.3761313664314442E-14   1.338318470429252        2.2234734976774174E-14   1.338318470429252        2.0980268577168164E-14   1.338318470429252        1.9966201402868805E-14   1.338318470429252
1.3446016557364315        3.7967055142346064E-14   1.3446016557364315       3.55213340338698E-14     1.3446016557364315       3.355659934152069E-14    1.3446016557364315       3.111097243420799E-14    1.3446016557364315       2.935601393083107E-14    1.3446016557364315       2.7740851192012933E-14   1.3446016557364315       2.6056094562940013E-14   1.3446016557364315       2.435828902804951E-14    1.3446016557364315       2.2978364550903018E-14   1.3446016557364315       2.1852629505054635E-14   1.3446016557364315
1.350884841043611         4.160438113852445E-14    1.350884841043611        3.8909815640422113E-14   1.350884841043611        3.674867030841762E-14    1.350884841043611        3.4098780633988835E-14   1.350884841043611        3.225794397330969E-14    1.350884841043611        3.044471647465952E-14    1.350884841043611        2.865783813033058E-14    1.350884841043611        2.6797525346556624E-14   1.350884841043611        2.5293652746297966E-14   1.350884841043611        2.404542391580133E-14    1.350884841043611
1.3571680263507906        4.550069056207918E-14    1.3571680263507906       4.254909272171189E-14    1.3571680263507906       4.017717755517738E-14    1.3571680263507906       3.733205082933974E-14    1.3571680263507906       3.539625917886905E-14    1.3571680263507906       3.338202822522019E-14    1.3571680263507906       3.1494014847143675E-14   1.3571680263507906       2.9481522530984763E-14   1.3571680263507906       2.785315447497053E-14    1.3571680263507906       2.646848654904311E-14    1.3571680263507906
1.3634512116579702        4.962928639497818E-14    1.3634512116579702       4.6405648721196104E-14   1.3634512116579702       4.3799263278639423E-14   1.3634512116579702       4.0762809554755634E-14   1.3634512116579702       3.870732073758849E-14    1.3634512116579702       3.648649705888026E-14    1.3634512116579702       3.44904332719439E-14     1.3634512116579702       3.2334234963274764E-14   1.3634512116579702       3.057623123963692E-14    1.3634512116579702       2.903708271163332E-14    1.3634512116579702
1.3697343969651496        5.399335849417776E-14    1.3697343969651496       5.0473745858015386E-14   1.3697343969651496       4.759800088807163E-14    1.3697343969651496       4.436560129231631E-14    1.3697343969651496       4.2147792235502946E-14   1.3697343969651496       3.971002238510045E-14    1.3697343969651496       3.758834110141111E-14    1.3697343969651496       3.5291315136702846E-14   1.3697343969651496       3.339174038243448E-14    1.3697343969651496       3.167580628885885E-14    1.3697343969651496
1.3760175822723295        5.863327592118986E-14    1.3760175822723295       5.4784019975867934E-14   1.3760175822723295       5.159222215094027E-14    1.3760175822723295       4.814815208753205E-14    1.3760175822723295       4.570769723826632E-14    1.3760175822723295       4.303599256029515E-14    1.3760175822723295       4.075889513949177E-14    1.3760175822723295       3.83150274806173E-14     1.3760175822723295       3.625350871650448E-14    1.3760175822723295       3.4334649301863134E-14   1.3760175822723295
1.3823007675795091        6.362954239176725E-14    1.3823007675795091       5.940768553505322E-14    1.3823007675795091       5.584182571977149E-14    1.3823007675795091       5.215766980499485E-14    1.3823007675795091       4.9418733957754946E-14   1.3823007675795091       4.6488069770508403E-14   1.3823007675795091       4.401311008192876E-14    1.3823007675795091       4.140533279129042E-14    1.3823007675795091       3.915214210441124E-14    1.3823007675795091       3.7001144503420147E-14   1.3823007675795091
1.3885839528866886        6.910176330498783E-14    1.3885839528866886       6.445639117771974E-14    1.3885839528866886       6.04484134459317E-14     1.3885839528866886       5.648236603861581E-14    1.3885839528866886       5.3357060127495875E-14   1.3885839528866886       5.0133575414308924E-14   1.3885839528866886       4.7406176353734435E-14   1.3885839528866886       4.4605709291608664E-14   1.3885839528866886       4.212162564442176E-14    1.3885839528866886       3.970705713942844E-14    1.3885839528866886
1.3948671381938682        7.520461273051135E-14    1.3948671381938682       7.007845826026374E-14    1.3948671381938682       6.555185945291312E-14    1.3948671381938682       6.124858067706771E-14    1.3948671381938682       5.764084572280268E-14    1.3948671381938682       5.408156612012948E-14    1.3948671381938682       5.1036103440313844E-14   1.3948671381938682       4.8003191398215676E-14   1.3948671381938682       4.524004994956166E-14    1.3948671381938682       4.2528992446298973E-14   1.3948671381938682
1.4011503235010478        8.212211377353307E-14    1.4011503235010478       7.645269536445713E-14    1.4011503235010478       7.132398618926191E-14    1.4011503235010478       6.661458473075005E-14    1.4011503235010478       6.24238470124033E-14     1.4011503235010478       5.847664178688813E-14    1.4011503235010478       5.503772522787213E-14    1.4011503235010478       5.172324611258234E-14    1.4011503235010478       4.862496412213226E-14    1.4011503235010478       4.558344228885807E-14    1.4011503235010478
1.4074335088082273        9.006142561615738E-14    1.4074335088082273       8.378103784646872E-14    1.4074335088082273       7.796069234173716E-14    1.4074335088082273       7.276247377322326E-14    1.4074335088082273       6.788673006403681E-14    1.4074335088082273       6.349010549129537E-14    1.4074335088082273       5.957381257456804E-14    1.4074335088082273       5.592102699129074E-14    1.4074335088082273       5.242486394757282E-14    1.4074335088082273       4.9017802990104775E-14   1.4074335088082273
1.413716694115407         9.924687107882371E-14    1.413716694115407        9.228095961037416E-14    1.413716694115407        8.567364916332154E-14    1.413716694115407        7.988946526557756E-14    1.413716694115407        7.422774726538728E-14    1.413716694115407        6.931012058762243E-14    1.413716694115407        6.482513876453369E-14    1.413716694115407        6.077088143943159E-14    1.413716694115407        5.680875635546487E-14    1.413716694115407        5.299933737006948E-14    1.413716694115407
1.4199998794225865        1.0991446270183338E-13   1.4199998794225865       1.0217822147893654E-13   1.4199998794225865       9.468230410830165E-14    1.4199998794225865       8.819956124324579E-14    1.4199998794225865       8.165385986754658E-14    1.4199998794225865       7.613212021070685E-14    1.4199998794225865       7.098092462549659E-14    1.4199998794225865       6.645571940811042E-14    1.4199998794225865       6.195550773790976E-14    1.4199998794225865       5.770382634276446E-14    1.4199998794225865
1.426283064729766         1.2230704862744132E-13   1.426283064729766        1.1370039522498363E-13   1.426283064729766        1.0520674901195009E-13   1.426283064729766        9.78962645447236E-14     1.426283064729766        9.037291846968444E-14    1.426283064729766        8.41502921568314E-14     1.426283064729766        7.82305210852742E-14     1.426283064729766        7.315732521290211E-14    1.426283064729766        6.804409397763738E-14    1.426283064729766        6.330507075279734E-14    1.426283064729766
1.4325662500369456        1.3667055493291986E-13   1.4325662500369456       1.27071897991691E-13     1.4325662500369456       1.174622199224012E-13    1.4325662500369456       1.0917708997578325E-13   1.4325662500369456       1.00587410094492E-13     1.4325662500369456       9.355083952631266E-14    1.4325662500369456       8.675687412831278E-14    1.4325662500369456       8.104837025525654E-14    1.4325662500369456       7.524541827964679E-14    1.4325662500369456       6.99659709442579E-14     1.4325662500369456
1.4388494353441252        1.532524711058983E-13    1.4388494353441252       1.4251183762239536E-13   1.4388494353441252       1.3165648170770036E-13   1.4388494353441252       1.222309693336051E-13    1.4388494353441252       1.1249060555781047E-13   1.4388494353441252       1.0450798193309756E-13   1.4388494353441252       9.673243067521587E-14    1.4388494353441252       9.028700596363603E-14    1.4388494353441252       8.37163766954053E-14     1.4388494353441252       7.783196386586989E-14    1.4388494353441252
1.4451326206513049        1.7230427444405173E-13   1.4451326206513049       1.6023639997982604E-13   1.4451326206513049       1.4799172910243269E-13   1.4451326206513049       1.3724000683895437E-13   1.4451326206513049       1.2626640451414628E-13   1.4451326206513049       1.171840461134096E-13    1.4451326206513049       1.0831850113112217E-13   1.4451326206513049       1.010153236246408E-13    1.4451326206513049       9.35972527899548E-14     1.4451326206513049       8.702803815782168E-14    1.4451326206513049
1.4514158059584845        1.9408946154732853E-13   1.4514158059584845       1.8046737487607877E-13   1.4514158059584845       1.6667248214460722E-13   1.4514158059584845       1.5438698947730757E-13   1.4514158059584845       1.420943206460228E-13    1.4514158059584845       1.3173504940464697E-13   1.4514158059584845       1.216692775368677E-13    1.4514158059584845       1.1336319261785481E-13   1.4514158059584845       1.0501387016288042E-13   1.4514158059584845       9.766089416204393E-14    1.4514158059584845
1.4576989912656642        2.1889804072459737E-13   1.4576989912656642       2.0344752612010185E-13   1.4576989912656642       1.879200723873755E-13    1.4576989912656642       1.7386933622896302E-13   1.4576989912656642       1.6016053251040424E-13   1.4576989912656642       1.483225667795352E-13    1.4576989912656642       1.3694133723133923E-13   1.4576989912656642       1.2745856427423213E-13   1.4576989912656642       1.1808571258342857E-13   1.4576989912656642       1.0982752313551093E-13   1.4576989912656642
1.4639821765728436        2.4706691380830464E-13   1.4639821765728436       2.2946204865553907E-13   1.4639821765728436       2.1199288755361628E-13   1.4639821765728436       1.9591885460481252E-13   1.4639821765728436       1.8067473971704115E-13   1.4639821765728436       1.671314020236889E-13    1.4639821765728436       1.5430845752917529E-13   1.4639821765728436       1.4344411427607864E-13   1.4639821765728436       1.3294020740484214E-13   1.4639821765728436       1.236303245824702E-13    1.4639821765728436
1.4702653618800232        2.7900403886733367E-13   1.4702653618800232       2.5886382028741993E-13   1.4702653618800232       2.3921006132796013E-13   1.4702653618800232       2.2082516928537366E-13   1.4702653618800232       2.0389107769234074E-13   1.4702653618800232       1.8839105258275397E-13   1.4702653618800232       1.739802200480384E-13    1.4702653618800232       1.6149841101066288E-13   1.4702653618800232       1.4973179703149353E-13   1.4702653618800232       1.3919715332434942E-13   1.4702653618800232
1.4765485471872029        3.152132151020857E-13    1.4765485471872029       2.920991330282542E-13    1.4765485471872029       2.699753409137059E-13    1.4765485471872029       2.4895956159669623E-13   1.4765485471872029       2.301301392416509E-13    1.4765485471872029       2.1239776943065007E-13   1.4765485471872029       1.9622172881570824E-13   1.4765485471872029       1.8185828671470135E-13   1.4765485471872029       1.6866290643052227E-13   1.4765485471872029       1.5670307465950934E-13   1.4765485471872029
1.4828317324943823        3.563162026057176E-13    1.4828317324943823       3.2973049160096834E-13   1.4828317324943823       3.0479783668549684E-13   1.4828317324943823       2.807956831921923E-13    1.4828317324943823       2.597987549580836E-13    1.4828317324943823       2.3953369230566844E-13   1.4828317324943823       2.2137131933760674E-13   1.4828317324943823       2.0483841452963014E-13   1.4828317324943823       1.900031281097305E-13    1.4828317324943823       1.7638983666961676E-13   1.4828317324943823
1.489114917801562         4.030697835588442E-13    1.489114917801562        3.724539685160433E-13    1.489114917801562        3.4430731407681833E-13   1.489114917801562        3.1692436652147266E-13   1.489114917801562        2.934048363954541E-13    1.489114917801562        2.702802946197741E-13    1.489114917801562        2.4985365316203625E-13   1.489114917801562        2.308446259454387E-13    1.489114917801562        2.1410329716466927E-13   1.489114917801562        1.98579548254258E-13     1.489114917801562
1.4953981031087415        4.563770442499961E-13    1.4953981031087415       4.211102450457936E-13    1.4953981031087415       3.8926335544526516E-13   1.4953981031087415       3.580613864832797E-13    1.4953981031087415       3.315661453377195E-13    1.4953981031087415       3.052250189802752E-13    1.4953981031087415       2.8218697471524045E-13   1.4953981031087415       2.6037916449220283E-13   1.4953981031087415       2.4140257801659803E-13   1.4953981031087415       2.23680677661369E-13     1.4953981031087415
1.501681288415921         5.172941479953059E-13    1.501681288415921        4.766903886724722E-13    1.501681288415921        4.4055964183436223E-13   1.501681288415921        4.050491104832234E-13    1.501681288415921        3.750138743107741E-13    1.501681288415921        3.450620524730244E-13    1.501681288415921        3.1898516629237433E-13   1.501681288415921        2.9403840387781116E-13   1.501681288415921        2.724287915452296E-13    1.501681288415921        2.5218673068487503E-13   1.501681288415921
1.5079644737231006        5.870356764421477E-13    1.5079644737231006       5.403391532634191E-13    1.5079644737231006       4.992263197922187E-13    1.5079644737231006       4.588549872232996E-13    1.5079644737231006       4.245938388715663E-13    1.5079644737231006       3.90590116931371E-13     1.5079644737231006       3.609570632926781E-13    1.5079644737231006       3.3250591852001686E-13   1.5079644737231006       3.0779434865015234E-13   1.5079644737231006       2.8467013874932077E-13   1.5079644737231006
1.5142476590302805        6.669828340159404E-13    1.5142476590302805       6.133597892174201E-13    1.5142476590302805       5.66434575969544E-13     1.5142476590302805       5.205712936555092E-13    1.5142476590302805       4.812693856538877E-13    1.5142476590302805       4.4271145666243645E-13   1.5142476590302805       4.0890681743902526E-13   1.5142476590302805       3.7654556973778114E-13   1.5142476590302805       3.4819174706167433E-13   1.5142476590302805       3.2177540954176807E-13   1.5142476590302805
1.5205308443374599        7.586991684862453E-13    1.5205308443374599       6.972248068667524E-13    1.5205308443374599       6.435079123183759E-13    1.5205308443374599       5.914211319429713E-13    1.5205308443374599       5.46130482490152E-13     1.5205308443374599       5.02436593618989E-13     1.5205308443374599       4.637395861068578E-13    1.5205308443374599       4.2700001816361736E-13   1.5205308443374599       3.9439325383847146E-13   1.5205308443374599       3.6421616060536416E-13   1.5205308443374599
1.5268140296446395        8.639578048078393E-13    1.5268140296446395       7.935967184490649E-13    1.5268140296446395       7.319440364774517E-13    1.5268140296446395       6.727751249482984E-13    1.5268140296446395       6.204127454451699E-13    1.5268140296446395       5.708987608261325E-13    1.5268140296446395       5.264762950417123E-13    1.5268140296446395       4.847995563410475E-13    1.5268140296446395       4.472589770852261E-13    1.5268140296446395       4.1278021807416805E-13   1.5268140296446395
1.5330972149518192        9.847824601742944E-13    1.5330972149518192       9.043613959229638E-13    1.5330972149518192       8.33449643607439E-13     1.5330972149518192       7.661815208867269E-13    1.5330972149518192       7.0552840768164E-13      1.5330972149518192       6.493802362220844E-13    1.5330972149518192       5.982796290534686E-13    1.5330972149518192       5.509843434759703E-13    1.5330972149518192       5.077560382220564E-13    1.5330972149518192       4.683456106183734E-13    1.5330972149518192
1.5393804002589986        1.123501799181963E-12    1.5393804002589986       1.0316743111342205E-12   1.5393804002589986       9.4998769488159E-13      1.5393804002589986       8.734096080537705E-13    1.5393804002589986       8.03108644162483E-13     1.5393804002589986       7.393502576082545E-13    1.5393804002589986       6.804908952704584E-13    1.5393804002589986       6.267402144289978E-13    1.5393804002589986       5.769891476698057E-13    1.5393804002589986       5.319081722480323E-13    1.5393804002589986
1.5456635855661782        1.2828133835096163E-12   1.5456635855661782       1.1780168097574369E-12   1.5456635855661782       1.0838334506118794E-12   1.5456635855661782       9.965029044438975E-13    1.5456635855661782       9.150536489239732E-13    1.5456635855661782       8.425112218428669E-13    1.5456635855661782       7.746743988586401E-13    1.5456635855661782       7.134447270527976E-13    1.5456635855661782       6.562399190802973E-13    1.5456635855661782       6.046188204390393E-13    1.5456635855661782
1.5519467708733579        1.4658503732582053E-12   1.5519467708733579       1.3462563922088035E-12   1.5519467708733579       1.2376323436722497E-12   1.5519467708733579       1.1378353922039773E-12   1.5519467708733579       1.043584127691961E-12    1.5519467708733579       9.608471948054783E-13    1.5519467708733579       8.826632473443009E-13    1.5519467708733579       8.127168655819494E-13    1.5519467708733579       7.470093830049165E-13    1.5519467708733579       6.878258401370533E-13    1.5519467708733579
1.5582299561805373        1.676242430280343E-12    1.5582299561805373       1.5397028926305375E-12   1.5582299561805373       1.4144510767981278E-12   1.5582299561805373       1.3001623374194595E-12   1.5582299561805373       1.1912864088383396E-12   1.5582299561805373       1.0966673925398856E-12   1.5582299561805373       1.0065991167283745E-12   1.5582299561805373       9.26461972735282E-13     1.5582299561805373       8.510563433037413E-13    1.5582299561805373       7.831154314955347E-13    1.5582299561805373
1.564513141487717         1.918163193112275E-12    1.564513141487717        1.7621528119964372E-12   1.564513141487717        1.6178144334477937E-12   1.564513141487717        1.4866582059427303E-12   1.564513141487717        1.361144231916304E-12    1.564513141487717        1.2526382379434377E-12   1.564513141487717        1.1489595064168961E-12   1.564513141487717        1.0569041468851963E-12   1.564513141487717        9.70424530872336E-13     1.564513141487717        8.923433495492712E-13    1.564513141487717
1.5707963267948966        2.1963609279329432E-12   1.5707963267948966       2.0179177921903454E-12   1.5707963267948966       1.8517248872021484E-12   1.5707963267948966       1.7009384959638315E-12   1.5707963267948966       1.5565540628311184E-12   1.5707963267948966       1.431801342451983E-12    1.5707963267948966       1.312569875416755E-12    1.5707963267948966       1.2066020733522632E-12   1.5707963267948966       1.107454676344199E-12    1.5707963267948966       1.0176525324175402E-12   1.5707963267948966
1.5770795121020762        2.5161760086705403E-12   1.5770795121020762       2.3118400614853107E-12   1.5770795121020762       2.1206695028565267E-12   1.5770795121020762       1.947069370386658E-12    1.5770795121020762       1.781327134316196E-12    1.5770795121020762       1.6375807736099636E-12   1.5770795121020762       1.5006042221560885E-12   1.5770795121020762       1.3784505576251962E-12   1.5770795121020762       1.2647834609044857E-12   1.5770795121020762       1.1614763687300246E-12   1.5770795121020762
1.5833626974092558        2.8835567290954403E-12   1.5833626974092558       2.649305769620532E-12    1.5833626974092558       2.429626551501613E-12    1.5833626974092558       2.2295766877075747E-12   1.5833626974092558       2.039688617228668E-12    1.5833626974092558       1.8737894725235965E-12   1.5833626974092558       1.7165843130134233E-12   1.5833626974092558       1.5756771193307908E-12   1.5833626974092558       1.445338337057992E-12    1.5833626974092558       1.3265337435076819E-12   1.5833626974092558
1.5896458827164355        3.3050904177804216E-12   1.5896458827164355       3.036273236972942E-12    1.5896458827164355       2.7840893346974843E-12   1.5896458827164355       2.5534711940242388E-12   1.5896458827164355       2.3362895956635122E-12   1.5896458827164355       2.1446490298218196E-12   1.5896458827164355       1.9643921695720674E-12   1.5896458827164355       1.8018482006202453E-12   1.5896458827164355       1.6523428154872535E-12   1.5896458827164355       1.5158280678015967E-12   1.5896458827164355
1.595929068023615         3.788066641960754E-12    1.595929068023615        3.479333776527826E-12    1.595929068023615        3.1901237695237722E-12   1.595929068023615        2.924306094361027E-12    1.595929068023615        2.67624789440812E-12     1.595929068023615        2.4548366552046917E-12   1.595929068023615        2.248309994700718E-12    1.595929068023615        2.060900170728366E-12    1.595929068023615        1.8893480284172744E-12   1.595929068023615        1.7326653345229746E-12   1.595929068023615
1.6022122533307945        4.340581594550577E-12    1.6022122533307945       3.985815757930472E-12    1.6022122533307945       3.654467969618871E-12    1.6022122533307945       3.3482753895927267E-12   1.6022122533307945       3.065227562372811E-12    1.6022122533307945       2.8095668443118096E-12   1.6022122533307945       2.5730952294014495E-12   1.6022122533307945       2.357204909951952E-12    1.6022122533307945       2.16030119486334E-12     1.6022122533307945       1.9807035022024595E-12   1.6022122533307945
1.6084954386379742        4.971678407270106E-12    1.6084954386379742       4.563928556687288E-12    1.6084954386379742       4.184667884926087E-12    1.6084954386379742       3.832347428856716E-12    1.6084954386379742       3.509554637803218E-12    1.6084954386379742       3.214703934275171E-12    1.6084954386379742       2.944086961276282E-12    1.6084954386379742       2.69566899048999E-12     1.6084954386379742       2.4696502136546514E-12   1.6084954386379742       2.264036550931142E-12    1.6084954386379742
1.6147786239451536        5.691501029063402E-12    1.6147786239451536       5.222925699563993E-12    1.6147786239451536       4.789227301770348E-12    1.6147786239451536       4.384412143970916E-12    1.6147786239451536       4.0163521003663065E-12   1.6147786239451536       3.676888649374342E-12    1.6147786239451536       3.3673268414778087E-12   1.6147786239451536       3.081852236505989E-12    1.6147786239451536       2.8224689100078954E-12   1.6147786239451536       2.5873032501242507E-12   1.6147786239451536
1.6210618092523332        6.511425453185438E-12    1.6210618092523332       5.973251751390783E-12    1.6210618092523332       5.47773871407545E-12     1.6210618092523332       5.013408081105915E-12    1.6210618092523332       4.593664753036601E-12    1.6210618092523332       4.203651268046958E-12    1.6210618092523332       3.849667628490672E-12    1.6210618092523332       3.5220800391064513E-12   1.6210618092523332       3.2245744794192383E-12   1.6210618092523332       2.9557972384437367E-12   1.6210618092523332
1.6273449945595129        7.444127444712302E-12    1.6273449945595129       6.826631153644825E-12    1.6273449945595129       6.260958404379465E-12    1.6273449945595129       5.729391719100091E-12    1.6273449945595129       5.250540004408429E-12    1.6273449945595129       4.80348011231939E-12     1.6273449945595129       4.398839500747122E-12    1.6273449945595129       4.023518420089532E-12    1.6273449945595129       3.682602796981013E-12    1.6273449945595129       3.3755467261110027E-12   1.6273449945595129
1.6336281798666923        8.503553951026912E-12    1.6336281798666923       7.796062779266275E-12    1.6336281798666923       7.1507963545113454E-12   1.6336281798666923       6.543519003901307E-12    1.6336281798666923       5.9970356298193125E-12   1.6336281798666923       5.485818597455018E-12    1.6336281798666923       5.023450109904839E-12    1.6336281798666923       4.594184041715335E-12    1.6336281798666923       4.20401201709128E-12     1.6336281798666923       3.853333329054084E-12    1.6336281798666923
1.639911365173872         9.704785118575584E-12    1.639911365173872        8.895700904799563E-12    1.639911365173872        8.160207669881126E-12    1.639911365173872        7.467926059561084E-12    1.639911365173872        6.844139615391993E-12    1.639911365173872        6.260976380849277E-12    1.639911365173872        5.732907661434101E-12    1.639911365173872        5.2428731281672354E-12   1.639911365173872        4.797000171431748E-12    1.639911365173872        4.396631634077948E-12    1.639911365173872
1.6461945504810518        1.1063799662665873E-11   1.6461945504810518       1.0140627149432604E-11   1.6461945504810518       9.30299262514164E-12     1.6461945504810518       8.515517916903574E-12    1.6461945504810518       7.803606129088405E-12    1.6461945504810518       7.139957326643862E-12    1.6461945504810518       6.537273256878015E-12    1.6461945504810518       5.979010942861625E-12    1.6461945504810518       5.470344101060595E-12    1.6461945504810518       5.01347143149311E-12     1.6461945504810518
1.6524777357882312        1.2597179558176266E-11   1.6524777357882312       1.1546541766790781E-11   1.6524777357882312       1.0593531675290411E-11   1.6524777357882312       9.699694613602207E-12    1.6524777357882312       8.887730094459935E-12    1.6524777357882312       8.134225054925621E-12    1.6524777357882312       7.447064431316327E-12    1.6524777357882312       6.8124424829074595E-12   1.6524777357882312       6.233188010068666E-12    1.6524777357882312       5.712246843904912E-12    1.6524777357882312
1.6587609210954108        1.432180196432748E-11    1.6587609210954108       1.3129419403495544E-11   1.6587609210954108       1.2046494725910755E-11   1.6587609210954108       1.1034057492447798E-11   1.6587609210954108       1.0109095770775434E-11   1.6587609210954108       9.255441612862844E-12    1.6587609210954108       8.473041992694279E-12    1.6587609210954108       7.753200057986175E-12    1.6587609210954108       7.094822867931302E-12    1.6587609210954108       6.501512841862171E-12    1.6587609210954108
1.6650441064025905        1.6254561701721255E-11   1.6650441064025905       1.490517887551362E-11    1.6650441064025905       1.367656687352753E-11    1.6650441064025905       1.25321411430629E-11     1.6650441064025905       1.1480338707092097E-11   1.6650441064025905       1.0515222381669981E-11   1.6650441064025905       9.62601422633835E-12     1.6650441064025905       8.811289541564324E-12    1.6650441064025905       8.064497986814555E-12    1.6650441064025905       7.389813126376743E-12    1.6650441064025905
1.67132729170977          1.841214693812623E-11    1.67132729170977         1.6889406637714837E-11   1.67132729170977         1.5498223688622244E-11   1.67132729170977         1.420720660453376E-11    1.67132729170977         1.3013953665987136E-11   1.67132729170977         1.192494721105129E-11    1.67132729170977         1.0916685295894761E-11   1.67132729170977         9.996531169134192E-12    1.67132729170977         9.151292952754198E-12    1.67132729170977         8.385571400057517E-12    1.67132729170977
1.6776104770169495        2.0810860386842674E-11   1.6776104770169495       1.9097150921295727E-11   1.6776104770169495       1.7525568073082648E-11   1.6776104770169495       1.6072109794898262E-11   1.6776104770169495       1.4722163404090877E-11   1.6776104770169495       1.3495651528615356E-11   1.6776104770169495       1.235555874899721E-11    1.6776104770169495       1.1318472556714457E-11   1.6776104770169495       1.0364055851918034E-11   1.6776104770169495       9.49705352467445E-12     1.6776104770169495
1.6838936623241292        2.3466448311339288E-11   1.6838936623241292       2.154277273975385E-11    1.6838936623241292       1.9772211014139993E-11   1.6838936623241292       1.813922884210566E-11    1.6838936623241292       1.6616836431641764E-11   1.6838936623241292       1.523799217637344E-11    1.6838936623241292       1.3952884458246254E-11   1.6838936623241292       1.278636455802395E-11    1.6838936623241292       1.1711389381477308E-11   1.6838936623241292       1.0732378727323034E-11   1.6838936623241292
1.6901768476313086        2.639387985524723E-11    1.6901768476313086       2.423980852431684E-11    1.6901768476313086       2.2251147301947433E-11   1.6901768476313086       2.042040152063909E-11    1.6901768476313086       1.87094112425781E-11     1.6901768476313086       1.7162246276309318E-11   1.6901768476313086       1.5718612262368302E-11   1.6901768476313086       1.4409161654248035E-11   1.6901768476313086       1.3201646932271126E-11   1.6901768476313086       1.2099533679524324E-11   1.6901768476313086
1.6964600329384882        2.960701578701089E-11    1.6964600329384882       2.7200776006830104E-11   1.6964600329384882       2.4974554923110607E-11   1.6964600329384882       2.2926799123638074E-11   1.6964600329384882       2.1010759234685198E-11   1.6964600329384882       1.927826854562938E-11    1.6964600329384882       1.766229477536546E-11    1.6964600329384882       1.6195486743655816E-11   1.6964600329384882       1.484289049404747E-11    1.6964600329384882       1.3606331957643476E-11   1.6964600329384882
1.7027432182456679        3.311811926128765E-11    1.7027432182456679       3.043684874646577E-11    1.7027432182456679       2.7953444213946403E-11   1.7027432182456679       2.5668656880112776E-11   1.7027432182456679       2.353091028380923E-11    1.7027432182456679       2.1595317548311202E-11   1.7027432182456679       1.9792873810501606E-11   1.7027432182456679       1.8153493572905855E-11   1.7027432182456679       1.664276221149116E-11    1.7027432182456679       1.526026628084259E-11    1.7027432182456679
1.7090264035528475        3.6937187722758006E-11   1.7090264035528475       3.3957341038245466E-11   1.7090264035528475       3.1197106370607555E-11   1.7090264035528475       2.865480137853599E-11    1.7090264035528475       2.627858311185268E-11    1.7090264035528475       2.4121676284832036E-11   1.7090264035528475       2.2118297061997383E-11   1.7090264035528475       2.0290572785779608E-11   1.7090264035528475       1.8608230219737328E-11   1.7090264035528475       1.7068219677687626E-11   1.7090264035528475
1.7153095888600272        4.107111903035118E-11    1.7153095888600272       3.7768983881869494E-11   1.7153095888600272       3.4712358254939436E-11   1.7153095888600272       3.189196207773911E-11    1.7153095888600272       2.92605083047034E-11     1.7153095888600272       2.6864039698984863E-11   1.7153095888600272       2.4644946409760832E-11   1.7153095888600272       2.261287809234326E-11    1.7153095888600272       2.0745185583290666E-11   1.7153095888600272       1.903602855015996E-11    1.7153095888600272
1.7215927741672068        4.552276170972533E-11    1.7215927741672068       4.187502734946141E-11    1.7215927741672068       3.850263963527711E-11    1.7215927741672068       3.5383915854972514E-11   1.7215927741672068       3.2480594247258975E-11   1.7215927741672068       2.982670997744968E-11    1.7215927741672068       2.7376910492303676E-11   1.7215927741672068       2.5124690643811976E-11   1.7215927741672068       2.305789088669694E-11    1.7215927741672068       2.116791963250596E-11    1.7215927741672068
1.7278759594743862        5.028993587735037E-11    1.7278759594743862       4.627426233603607E-11    1.7278759594743862       4.256707231845892E-11    1.7278759594743862       3.9130571658143745E-11   1.7278759594743862       3.593904485209272E-11    1.7278759594743862       3.3010707640668224E-11   1.7278759594743862       3.031518798305622E-11    1.7278759594743862       2.7827682967088673E-11   1.7278759594743862       2.554831318005032E-11    1.7278759594743862       2.346587058282944E-11    1.7278759594743862
1.7341591447815659        5.536454409837687E-11    1.7341591447815659       5.096010014463761E-11    1.7341591447815659       4.689962173462332E-11    1.7341591447815659       4.3127137367810324E-11   1.7341591447815659       3.963157119001544E-11    1.7341591447815659       3.641294795838547E-11    1.7341591447815659       3.345694667036649E-11    1.7341591447815659       3.072017969289854E-11    1.7341591447815659       2.8215412952841107E-11   1.7341591447815659       2.592896883659678E-11    1.7341591447815659
1.7404423300887455        6.073191317663199E-11    1.7404423300887455       5.591986864003923E-11    1.7404423300887455       5.1488502156101095E-11   1.7404423300887455       4.736351204746283E-11    1.7404423300887455       4.3548835016270165E-11   1.7404423300887455       4.0025633120505354E-11   1.7404423300887455       3.6794972926063053E-11   1.7404423300887455       3.3796533642645495E-11   1.7404423300887455       3.105449886864887E-11    1.7404423300887455       2.8552862914088804E-11   1.7404423300887455
1.746725515395925         6.637050821226363E-11    1.746725515395925        6.113447192285477E-11    1.746725515395925        5.6315939053967965E-11   1.746725515395925        5.182401610247373E-11    1.746725515395925        4.7676224651902807E-11   1.746725515395925        4.383597261881659E-11    1.746725515395925        4.031742225684791E-11    1.746725515395925        3.704673739609961E-11    1.746725515395925        3.405678086341449E-11    1.746725515395925        3.132940862181114E-11    1.746725515395925
1.7530087007031045        7.225213005040698E-11    1.7530087007031045       6.657851798822375E-11    1.7530087007031045       6.135835605936643E-11    1.7530087007031045       5.64875225104301E-11     1.7530087007031045       5.1994010003059774E-11   1.7530087007031045       4.782628474132768E-11    1.7530087007031045       4.4007932023848057E-11   1.7530087007031045       4.045636882747453E-11    1.7530087007031045       3.720924614031326E-11    1.7530087007031045       3.424660098001518E-11    1.7530087007031045
1.7592918860102842        7.8342646229759E-11      1.7592918860102842       7.222095519238981E-11    1.7592918860102842       6.658700199642025E-11    1.7592918860102842       6.132800048269338E-11    1.7592918860102842       5.64778742307209E-11     1.7592918860102842       5.197447428740962E-11    1.7592918860102842       4.7846098279020846E-11   1.7592918860102842       4.4006924259842304E-11   1.7592918860102842       4.0494935761423185E-11   1.7592918860102842       3.728884567557383E-11    1.7592918860102842
1.7655750713174636        8.460322792831436E-11    1.7655750713174636       7.802618946427054E-11    1.7655750713174636       7.196898629289021E-11    1.7655750713174636       6.631544067235914E-11    1.7655750713174636       6.109978760258833E-11    1.7655750713174636       5.625484311593306E-11    1.7655750713174636       5.1808268118568135E-11   1.7655750713174636       4.767653163030041E-11    1.7655750713174636       4.389362259316033E-11    1.7655750713174636       4.0437565960159875E-11   1.7655750713174636
1.7718582566246432        9.099199780839008E-11    1.7718582566246432       8.395559887673769E-11    1.7718582566246432       7.746865704797487E-11    1.7718582566246432       7.141710355649656E-11    1.7718582566246432       6.58291751442974E-11     1.7718582566246432       6.063917575901138E-11    1.7718582566246432       5.5868570676588264E-11   1.7718582566246432       5.14409743291283E-11     1.7718582566246432       4.7382810558604214E-11   1.7718582566246432       4.3672080048972965E-11   1.7718582566246432
1.778141441931823         9.746596378766812E-11    1.778141441931823        8.99693369018359E-11     1.778141441931823        8.304924155242249E-11    1.778141441931823        7.659902097149045E-11    1.778141441931823        7.063432689722417E-11    1.778141441931823        6.509804577043562E-11    1.778141441931823        6.000010956876138E-11    1.778141441931823        5.527491654193827E-11    1.778141441931823        5.0938924600724636E-11   1.778141441931823        4.6970645928670515E-11   1.778141441931823
1.7844246272390025        1.0398313453000415E-10   1.7844246272390025       9.602832788252873E-11    1.7844246272390025       8.867467752792747E-11    1.7844246272390025       8.18276854474518E-11     1.7844246272390025       7.548400161917162E-11    1.7844246272390025       6.960229974280541E-11    1.7844246272390025       6.417626430061954E-11    1.7844246272390025       5.915322219447247E-11    1.7844246272390025       5.453856507021121E-11    1.7844246272390025       5.031157535464062E-11    1.7844246272390025
1.7907078125461822        1.1050477090594504E-10   1.7907078125461822       1.0209640048245077E-10   1.7907078125461822       9.431159114696668E-11    1.7907078125461822       8.707188220666604E-11    1.7907078125461822       8.034918061918896E-11    1.7907078125461822       7.412468794947155E-11    1.7907078125461822       6.837208709338867E-11    1.7907078125461822       6.305230526998363E-11    1.7907078125461822       5.815975877952256E-11    1.7907078125461822       5.367436758350826E-11    1.7907078125461822
1.7969909978533618        1.1699778698491122E-10   1.7969909978533618       1.0814255335754242E-10   1.7969909978533618       9.993141039181471E-11    1.7969909978533618       9.230464729832233E-11    1.7969909978533618       8.520493882688039E-11    1.7969909978533618       7.864161987873396E-11    1.7969909978533618       7.25658175627706E-11     1.7969909978533618       6.695151896996333E-11    1.7969909978533618       6.178322197131983E-11    1.7969909978533618       5.7040882239126887E-11   1.7969909978533618
1.8032741831605412        1.2343733000128426E-10   1.8032741831605412       1.1414336866847758E-10   1.8032741831605412       1.0551261551293882E-10   1.8032741831605412       9.75053546804057E-11     1.8032741831605412       9.003240974053277E-11    1.8032741831605412       8.313502522593229E-11    1.8032741831605412       7.674055028301246E-11    1.8032741831605412       7.083464575127568E-11    1.8032741831605412       6.53937114750497E-11     1.8032741831605412       6.039662016447772E-11    1.8032741831605412
1.8095573684677209        1.298095126605626E-10    1.8095573684677209       1.2008555479224087E-10   1.8095573684677209       1.1104309879063739E-10   1.8095573684677209       1.0266192095731746E-10   1.8095573684677209       9.482081456942425E-11    1.8095573684677209       8.759428744104559E-11    1.8095573684677209       8.088606234600424E-11    1.8095573684677209       7.469154990090479E-11    1.8095573684677209       6.898153946745279E-11    1.8095573684677209       6.37321760180008E-11     1.8095573684677209
1.8158405537749005        1.361141476463582E-10    1.8158405537749005       1.2596850234833525E-10   1.8158405537749005       1.165225250243386E-10    1.8158405537749005       1.0777305168309196E-10   1.8158405537749005       9.956948615351287E-11    1.8158405537749005       9.201817733716044E-11    1.8158405537749005       8.50007348390302E-11     1.8158405537749005       7.851998136934803E-11    1.8158405537749005       7.254425269457886E-11    1.8158405537749005       6.704485588423166E-11    1.8158405537749005
1.82212373908208          1.4236718203271966E-10   1.82212373908208         1.318066003421947E-10    1.82212373908208         1.2196446862853862E-10   1.82212373908208         1.1285034274054203E-10   1.82212373908208         1.042897395817321E-10    1.82212373908208         9.641664563451052E-11    1.82212373908208         8.90933983180677E-11     1.82212373908208         8.232739221822681E-11    1.82212373908208         7.60883523999502E-11     1.82212373908208         7.034033851922364E-11    1.82212373908208
1.8284069243892596        1.4860240542460512E-10   1.8284069243892596       1.3763092977102392E-10   1.8284069243892596       1.2739799159160718E-10   1.8284069243892596       1.179199273364961E-10    1.8284069243892596       1.0900634138575784E-10   1.8284069243892596       1.0081224860097341E-10   1.8284069243892596       9.318483048525327E-11    1.8284069243892596       8.613249374670764E-11    1.8284069243892596       7.963080454255053E-11    1.8284069243892596       7.363414377093435E-11    1.8284069243892596
1.8346901096964392        1.548719603030001E-10    1.8346901096964392       1.4348988434123596E-10   1.8346901096964392       1.328682640088306E-10    1.8346901096964392       1.2302327341851304E-10   1.8346901096964392       1.1375824575273976E-10   1.8346901096964392       1.0524090875306775E-10   1.8346901096964392       9.7308573155288E-11      1.8346901096964392       8.996619908591965E-11    1.8346901096964392       8.320001049568068E-11    1.8346901096964392       7.695260097304759E-11    1.8346901096964392
1.8409732950036186        1.6124523947980336E-10   1.8409732950036186       1.4944829825037925E-10   1.8409732950036186       1.3843584675215449E-10   1.8409732950036186       1.282167312010556E-10    1.8409732950036186       1.185982408489649E-10    1.8409732950036186       1.0975168607424986E-10   1.8409732950036186       1.0151074263055476E-10   1.8409732950036186       9.387159875056098E-11    1.8409732950036186       8.683590507038724E-11    1.8409732950036186       8.033300886683825E-11    1.8409732950036186
1.8472564803107985        1.67805904008399E-10     1.8472564803107985       1.5558479245084592E-10   1.8472564803107985       1.4417435872439153E-10   1.8472564803107985       1.3356952177058808E-10   1.8472564803107985       1.2359120513844615E-10   1.8472564803107985       1.1440527646291948E-10   1.8472564803107985       1.0584858613881649E-10   1.8472564803107985       9.790270563621902E-11    1.8472564803107985       9.058892051041293E-11    1.8472564803107985       8.382274415430004E-11    1.8472564803107985
1.8535396656179781        1.7464696223264445E-10   1.8535396656179781       1.6198725478792922E-10   1.8535396656179781       1.501664187038928E-10    1.8535396656179781       1.3916002786299977E-10   1.8535396656179781       1.2881080817920118E-10   1.8535396656179781       1.1927106408673422E-10   1.8535396656179781       1.1038766679151694E-10   1.8535396656179781       1.0212185075122583E-10   1.8535396656179781       9.451767823102554E-11    1.8535396656179781       8.747718493314591E-11    1.8535396656179781
1.8598228509251575        1.8186407840451145E-10   1.8598228509251575       1.6874660176391857E-10   1.8598228509251575       1.5649795220919714E-10   1.8598228509251575       1.4507045847457194E-10   1.8598228509251575       1.3433467552838783E-10   1.8598228509251575       1.2442271471500988E-10   1.8598228509251575       1.1519771033990821E-10   1.8598228509251575       1.0659577093783533E-10   1.8598228509251575       9.868541415228725E-11    1.8598228509251575       9.13564408404381E-11     1.8598228509251575
1.8661060362323372        1.8954749911492405E-10   1.8661060362323372       1.7594919162630815E-10   1.8661060362323372       1.6325115932851763E-10   1.8661060362323372       1.5138017179695026E-10   1.8661060362323372       1.402382394340776E-10    1.8661060362323372       1.2993248177377526E-10   1.8661060362323372       1.2034729575373584E-10   1.8661060362323372       1.113905764548682E-10    1.8661060362323372       1.0315528683280041E-10   1.8661060362323372       9.552100702476713E-11    1.8661060362323372
1.8723892215395168        1.9777318471927682E-10   1.8723892215395168       1.8366844945681235E-10   1.8723892215395168       1.7049663395329476E-10   1.8723892215395168       1.5815813324136308E-10   1.8723892215395168       1.4658769092268105E-10   1.8723892215395168       1.3586458365229281E-10   1.8723892215395168       1.2589771145660923E-10   1.8723892215395168       1.165659131635949E-10    1.8723892215395168       1.0798485289171876E-10   1.8723892215395168       1.0002658178445885E-10   1.8723892215395168
1.8786724068466962        2.0659390773696684E-10   1.8786724068466962       1.9195642166018592E-10   1.8786724068466962       1.782853006665195E-10    1.8786724068466962       1.654551503095266E-10    1.8786724068466962       1.5343262224889268E-10   1.8786724068466962       1.4226818583717512E-10   1.8786724068466962       1.3189643479597127E-10   1.8786724068466962       1.221687504402053E-10    1.8786724068466962       1.1322012304931996E-10   1.8786724068466962       1.0491841279988404E-10   1.8786724068466962
1.8849555921538759        2.1603122629709556E-10   1.8849555921538759       2.0083610237267727E-10   1.8849555921538759       1.8664098428983348E-10   1.8849555921538759       1.7329666217806796E-10   1.8849555921538759       1.607990944356123E-10    1.8849555921538759       1.49170674863289E-10     1.8849555921538759       1.3837082727297558E-10   1.8849555921538759       1.282273409742297E-10    1.8849555921538759       1.188897344559395E-10    1.8849555921538759       1.1022566474621433E-10   1.8849555921538759
1.8912387774610555        2.2606934351489293E-10   1.8912387774610555       2.1029546384323095E-10   1.8912387774610555       1.955545325782347E-10    1.8912387774610555       1.8167696022447783E-10   1.8912387774610555       1.6868397116980067E-10   1.8912387774610555       1.56572029389133E-10     1.8912387774610555       1.453227620236793E-10    1.8912387774610555       1.3474600817052349E-10   1.8912387774610555       1.249998811665571E-10    1.8912387774610555       1.1595641970930796E-10   1.8912387774610555
1.897521962768235         2.366518964284391E-10    1.897521962768235        2.202841594521134E-10    1.897521962768235        2.0498045029750397E-10   1.897521962768235        1.9055575531575187E-10   1.897521962768235        1.770514069269585E-10    1.897521962768235        1.644411559130661E-10    1.897521962768235        1.527249867014025E-10    1.897521962768235        1.4170150054598315E-10   1.897521962768235        1.3153071512738702E-10   1.897521962768235        1.2209400759608174E-10   1.897521962768235
1.9038051480754146        2.476826451027719E-10    1.9038051480754146       2.307138210148103E-10    1.9038051480754146       2.1483694474567041E-10   1.9038051480754146       1.998579592319576E-10    1.9038051480754146       1.8583233720036955E-10   1.9038051480754146       1.7271503590823114E-10   1.9038051480754146       1.605200381054927E-10    1.9038051480754146       1.4904167929066152E-10   1.9038051480754146       1.3843494096000358E-10   1.9038051480754146       1.2859538839322248E-10   1.9038051480754146
1.9100883333825942        2.590308147536477E-10    1.9100883333825942       2.414627009573027E-10    1.9100883333825942       2.2501010115745952E-10   1.9100883333825942       2.0947738106942782E-10   1.9100883333825942       1.9492766582642665E-10   1.9100883333825942       1.8130139950187227E-10   1.9100883333825942       1.6862242807410544E-10   1.9100883333825942       1.566872407102239E-10    1.9100883333825942       1.4563925593781017E-10   1.9100883333825942       1.3539224575336786E-10   1.9100883333825942
1.9163715186897738        2.705414468591064E-10    1.9163715186897738       2.523850718091674E-10    1.9163715186897738       2.353625766893323E-10    1.9163715186897738       2.192847303073529E-10    1.9163715186897738       2.0421555757947105E-10   1.9163715186897738       1.9008537382158709E-10   1.9163715186897738       1.769245840545554E-10    1.9163715186897738       1.6453698642426865E-10   1.9163715186897738       1.5304911002553304E-10   1.9163715186897738       1.4239528073127392E-10   1.9163715186897738
1.9226547039969535        2.8205052356282914E-10   1.9226547039969535       2.633252601144794E-10    1.9226547039969535       2.457467071941561E-10    1.9226547039969535       2.2913985363797815E-10   1.9226547039969535       2.1356281199560276E-10   1.9226547039969535       1.9894013695222353E-10   1.9226547039969535       1.8530663739464825E-10   1.9226547039969535       1.7247681427057762E-10   1.9226547039969535       1.6055695935165833E-10   1.9226547039969535       1.495018995952966E-10    1.9226547039969535
1.9289378893041331        2.934038692956141E-10    1.9289378893041331       2.7413546953236764E-10   1.9289378893041331       2.560212691153862E-10    1.9289378893041331       2.3890752354617444E-10   1.9289378893041331       2.228397245700792E-10    1.9289378893041331       2.077410480112257E-10    1.9289378893041331       1.9364961763377555E-10   1.9289378893041331       1.8039210525095215E-10   1.9289378893041331       1.6805374964859337E-10   1.9289378893041331       1.5660706643097132E-10   1.9289378893041331
1.9352210746113125        3.044779956890285E-10    1.9352210746113125       2.8469571939679593E-10   1.9352210746113125       2.6607038655724014E-10   1.9352210746113125       2.4847539595871243E-10   1.9352210746113125       2.3193717834253535E-10   1.9352210746113125       2.1638206700012228E-10   1.9352210746113125       2.0185098090998742E-10   1.9352210746113125       1.8818256232499154E-10   1.9352210746113125       1.754428140890083E-10    1.9352210746113125       1.6361656354392002E-10   1.9352210746113125
1.9415042599184922        3.1520030075723737E-10   1.9415042599184922       2.949334508307637E-10    1.9415042599184922       2.758223455449637E-10    1.9415042599184922       2.577720706085626E-10    1.9415042599184922       2.4078404829115747E-10   1.9415042599184922       2.2479262460056093E-10   1.9415042599184922       2.098407713833765E-10    1.9415042599184922       1.957779101735309E-10    1.9415042599184922       1.826547737329973E-10    1.9415042599184922       1.7046133804684777E-10   1.9415042599184922
1.9477874452256718        3.2556555647574744E-10   1.9477874452256718       3.048398384058971E-10    1.9477874452256718       2.8526555135534284E-10   1.9477874452256718       2.667826748034037E-10    1.9477874452256718       2.4936248464442743E-10   1.9477874452256718       2.3295259460264227E-10   1.9477874452256718       2.175962177807001E-10    1.9477874452256718       2.0315233425475817E-10   1.9477874452256718       1.8966150936917056E-10   1.9477874452256718       1.77111120051519E-10     1.9477874452256718
1.9540706305328512        3.3564558531880177E-10   1.9540706305328512       3.144797687699649E-10    1.9540706305328512       2.9445871583358604E-10   1.9540706305328512       2.755592054545716E-10    1.9540706305328512       2.5771841989045953E-10   1.9540706305328512       2.409028050871576E-10    1.9540706305328512       2.2515233248736427E-10   1.9540706305328512       2.1033526841695975E-10   1.9540706305328512       1.9648696603649402E-10   1.9540706305328512       1.8358519494162843E-10   1.9540706305328512
1.9603538158400309        3.455895086773286E-10    1.9603538158400309       3.2399288613474985E-10   1.9603538158400309       3.035326928868981E-10    1.9603538158400309       2.8422310839185654E-10   1.9603538158400309       2.6596482426538283E-10   1.9603538158400309       2.487486931232408E-10    1.9603538158400309       2.3260619209412476E-10   1.9603538158400309       2.1741622467473286E-10   1.9603538158400309       2.032125534602231E-10    1.9603538158400309       1.8995818391583165E-10   1.9603538158400309
1.9666370011472105        3.5561291390393346E-10   1.9666370011472105       3.3358401736604855E-10   1.9666370011472105       3.126821876185463E-10    1.9666370011472105       2.9295826577533636E-10   1.9666370011472105       2.7427584432482665E-10   1.9666370011472105       2.5665527757836944E-10   1.9666370011472105       2.4011305544700786E-10   1.9666370011472105       2.2454180859554116E-10   1.9666370011472105       2.0997524903050968E-10   1.9666370011472105       1.9635896405002884E-10   1.9666370011472105
1.97292018645439          3.6597563359539733E-10   1.97292018645439         3.4350256827592707E-10   1.97292018645439         3.2214676417884507E-10   1.97292018645439         3.0199365143889756E-10   1.97292018645439         2.828709620991804E-10    1.97292018645439         2.648325547367197E-10    1.97292018645439         2.4787329631484245E-10   1.97292018645439         2.319038421293536E-10    1.97292018645439         2.169571836751593E-10    1.97292018645439         2.0296144282007703E-10   1.97292018645439
1.9792033717615698        3.769494573131401E-10    1.9792033717615698       3.540120240851615E-10    1.9792033717615698       3.3218206887643163E-10   1.9792033717615698       3.115763275189809E-10    1.9792033717615698       2.919896483980805E-10    1.9792033717615698       2.73511662555599E-10     1.9792033717615698       2.5611027135686936E-10   1.9792033717615698       2.397185943961325E-10    1.9792033717615698       2.243664894484119E-10    1.9792033717615698       2.0996680858677984E-10   1.9792033717615698
1.9854865570687494        3.887789040551778E-10    1.9854865570687494       3.653524109059702E-10    1.9854865570687494       3.4302387881919914E-10   1.9854865570687494       3.2193711562344344E-10   1.9854865570687494       3.0185858674645185E-10   1.9854865570687494       2.8291367004264485E-10   1.9854865570687494       2.650406935642934E-10    1.9854865570687494       2.48198496511602E-10     1.9854865570687494       2.3241052124199012E-10   1.9854865570687494       2.1757814160264478E-10   1.9854865570687494
1.9917697423759289        4.0164001596144504E-10   1.9917697423759289       3.777003560584281E-10    1.9917697423759289       3.5484935194980395E-10   1.9917697423759289       3.3325304843165217E-10   1.9917697423759289       3.126552924826931E-10    1.9917697423759289       2.932145361440046E-10    1.9917697423759289       2.748407581906158E-10    1.9917697423759289       2.575193400047111E-10    1.9917697423759289       2.4126418879156094E-10   1.9917697423759289       2.2596986194799795E-10   1.9917697423759289
1.9980529276831085        4.156036864941943E-10    1.9980529276831085       3.9113294990092535E-10   1.9980529276831085       3.6774142717671364E-10   1.9980529276831085       3.456123191963577E-10    1.9980529276831085       3.2447358198783546E-10   1.9980529276831085       3.0451140539438505E-10   1.9980529276831085       2.856129314498892E-10    1.9980529276831085       2.6778761822148807E-10   1.9980529276831085       2.5103783462168126E-10   1.9980529276831085       2.352562041386297E-10    1.9980529276831085
2.004336112990288         4.3061084660836095E-10   2.004336112990288        4.0560251057622667E-10   2.004336112990288        3.8166327010167026E-10   2.004336112990288        3.5898845644240437E-10   2.004336112990288        3.3729742550566163E-10   2.004336112990288        3.167965338685465E-10    2.004336112990288        2.973595239946028E-10    2.004336112990288        2.790139406241141E-10    2.004336112990288        2.6175043681356147E-10   2.004336112990288        2.454643088828871E-10    2.004336112990288
2.0106192982974678        4.464663920750962E-10    2.0106192982974678       4.2092906792945614E-10   2.0106192982974678       3.9644947662675004E-10   2.0106192982974678       3.7323035331050784E-10   2.0106192982974678       3.50989736017475E-10     2.0106192982974678       3.2994525049260975E-10   2.0106192982974678       3.099694041093173E-10    2.0106192982974678       2.9109879384306127E-10   2.0106192982974678       2.733143582402292E-10    2.0106192982974678       2.565180596836996E-10    2.0106192982974678
2.016902483604647         4.628566936775951E-10    2.016902483604647        4.3681553669483503E-10   2.016902483604647        4.118190594062402E-10    2.016902483604647        3.8807320699567905E-10   2.016902483604647        3.6530122807843237E-10   2.016902483604647        3.437230678820569E-10    2.016902483604647        3.232230622662278E-10    2.016902483604647        3.0383591949294416E-10   2.016902483604647        2.8553697797265845E-10   2.016902483604647        2.6823803161710006E-10   2.016902483604647
2.0231856689118266        4.793918840162152E-10    2.0231856689118266       4.528871017208061E-10    2.0231856689118266       4.2741199860251593E-10   2.0231856689118266       4.031723329383539E-10    2.0231856689118266       3.799015674198385E-10    2.0231856689118266       3.5781430832383884E-10   2.0231856689118266       3.3681865126836583E-10   2.0231856689118266       3.1693613475323563E-10   2.0231856689118266       2.9814222608213526E-10   2.0231856689118266       2.8036075663488407E-10   2.0231856689118266
2.0294688542190062        4.956692889149043E-10    2.0294688542190062       4.687516814651431E-10    2.0294688542190062       4.4284669736286136E-10   2.0294688542190062       4.181575732849267E-10    2.0294688542190062       3.9443096174431286E-10   2.0294688542190062       3.7187074432825406E-10   2.0294688542190062       3.5041791411068017E-10   2.0294688542190062       3.3007083942295234E-10   2.0294688542190062       3.1081159193029874E-10   2.0294688542190062       2.9257722237364265E-10   2.0294688542190062
2.035752039526186         5.113492057202853E-10    2.035752039526186        4.840732716033827E-10    2.035752039526186        4.577907855148347E-10    2.035752039526186        4.327013315583948E-10    2.035752039526186        4.085657887590657E-10    2.035752039526186        3.8557441685342665E-10   2.035752039526186        3.6370668975987466E-10   2.035752039526186        3.429303337523861E-10    2.035752039526186        3.232401722700426E-10    2.035752039526186        3.0458665969593563E-10   2.035752039526186
2.0420352248333655        5.262298494086016E-10    2.0420352248333655       4.986455892859806E-10    2.0420352248333655       4.720333770361374E-10    2.0420352248333655       4.465890690739306E-10    2.0420352248333655       4.2208770181888996E-10   2.0420352248333655       3.9870479400994374E-10   2.0420352248333655       3.764607186434615E-10    2.0420352248333655       3.5528815853211407E-10   2.0420352248333655       3.3519948235380613E-10   2.0420352248333655       3.1615789649023986E-10   2.0420352248333655
2.048318410140545         5.403058846650187E-10    2.048318410140545        5.124509094500086E-10    2.048318410140545        4.855442164321475E-10    2.048318410140545        4.5977838937446405E-10   2.048318410140545        4.3494284438734667E-10   2.048318410140545        4.1119760712320024E-10   2.048318410140545        3.886045523785002E-10    2.048318410140545        3.6705972742808114E-10   2.048318410140545        3.465957906425029E-10    2.048318410140545        3.2718752658080995E-10   2.048318410140545
2.054601595447725         5.537955054069924E-10    2.054601595447725        5.256892653538619E-10    2.054601595447725        4.985050972663866E-10    2.054601595447725        4.724324869992734E-10    2.054601595447725        4.4727719374830373E-10   2.054601595447725        4.231818220860587E-10    2.054601595447725        4.0025026022444027E-10   2.054601595447725        3.7834226539111753E-10   2.054601595447725        3.57511323541257E-10     2.054601595447725        3.3774250866896365E-10   2.054601595447725
2.060884780754904         5.671249629816455E-10    2.060884780754904        5.387667431032043E-10    2.060884780754904        5.11302033585421E-10     2.060884780754904        4.849163036889295E-10    2.060884780754904        4.594362280009068E-10    2.060884780754904        4.3498287850280174E-10   2.060884780754904        4.117039460372215E-10    2.060884780754904        3.8942410116292345E-10   2.060884780754904        3.6821640856968326E-10   2.060884780754904        3.4807519030546175E-10   2.060884780754904
2.067167966062084         5.808665667048768E-10    2.067167966062084        5.522382781045039E-10    2.067167966062084        5.24472872139689E-10     2.067167966062084        4.977493304377696E-10    2.067167966062084        4.719222612609047E-10    2.067167966062084        4.4708489006591377E-10   2.067167966062084        4.2343224426695965E-10   2.067167966062084        4.00755114258584E-10     2.067167966062084        3.791439544004628E-10    2.067167966062084        3.5860169616481437E-10   2.067167966062084
2.0734511513692633        5.956356418355901E-10    2.0734511513692633       5.667094244030287E-10    2.0734511513692633       5.386137453935294E-10    2.0734511513692633       5.115172300506914E-10    2.0734511513692633       4.853106512621703E-10    2.0734511513692633       4.600518828482604E-10    2.0734511513692633       4.359879903371412E-10    2.0734511513692633       4.128767448581718E-10    2.0734511513692633       3.9082385597911845E-10   2.0734511513692633       3.6984047849039704E-10   2.0734511513692633
2.079734336676443         6.119623236944366E-10    2.079734336676443        5.827117514825647E-10    2.079734336676443        5.542578282546253E-10    2.079734336676443        5.26754358811355E-10     2.079734336676443        5.001358048813637E-10    2.079734336676443        4.744176815796739E-10    2.079734336676443        4.499036019466993E-10    2.079734336676443        4.263190328340357E-10    2.079734336676443        4.037837071043804E-10    2.079734336676443        3.823164387860804E-10    2.079734336676443
2.086017521983623         6.301633603389992E-10    2.086017521983623        6.005759182802748E-10    2.086017521983623        5.717494298245126E-10    2.086017521983623        5.438190601567426E-10    2.086017521983623        5.16767807788067E-10     2.086017521983623        4.905641246469058E-10    2.086017521983623        4.6557084297102213E-10   2.086017521983623        4.4148227980713714E-10   2.086017521983623        4.1843234297029965E-10   2.086017521983623        3.9644620717009025E-10   2.086017521983623
2.092300707290802         6.502445901398968E-10    2.092300707290802        6.203324136130868E-10    2.092300707290802        5.911428524333825E-10    2.092300707290802        5.627905598911901E-10    2.092300707290802        5.35307874373932E-10     2.092300707290802        5.08615140066937E-10     2.092300707290802        4.831338442917314E-10    2.092300707290802        4.585294503810091E-10    2.092300707290802        4.3495157936036805E-10   2.092300707290802        4.1242929567637515E-10   2.092300707290802
2.098583892597982         6.718635499307478E-10    2.098583892597982        6.416694385854001E-10    2.098583892597982        6.121555984938528E-10    2.098583892597982        5.834171894370246E-10    2.098583892597982        5.555323479481127E-10    2.098583892597982        5.28376419751538E-10     2.098583892597982        5.024250378520082E-10    2.098583892597982        4.773187818325865E-10    2.098583892597982        4.532254315354821E-10    2.098583892597982        4.3017424863907183E-10   2.098583892597982
2.1048670779051615        6.943719092115824E-10    2.1048670779051615       6.639684178245999E-10    2.1048670779051615       6.341972282406403E-10    2.1048670779051615       6.051381615280962E-10    2.1048670779051615       5.769081803434261E-10    2.1048670779051615       5.493443466157861E-10    2.1048670779051615       5.2296823998974E-10      2.1048670779051615       4.974013133463952E-10    2.1048670779051615       4.728320099037409E-10    2.1048670779051615       4.492854049428665E-10    2.1048670779051615
2.111150263212341         7.169398741858372E-10    2.111150263212341        6.86420745794921E-10     2.111150263212341        6.56478892326529E-10     2.111150263212341        6.27185485007785E-10     2.111150263212341        5.986877842866651E-10    2.111150263212341        5.707934291475722E-10    2.111150263212341        5.440593088081624E-10    2.111150263212341        5.180948347079556E-10    2.111150263212341        4.931107174269215E-10    2.111150263212341        4.691238412137626E-10    2.111150263212341
2.1174334485195203        7.387433125646539E-10    2.1174334485195203       7.082084288873788E-10    2.1174334485195203       6.781879889916708E-10    2.1174334485195203       6.487523984971272E-10    2.1174334485195203       6.200713376222809E-10    2.1174334485195203       5.919321233942985E-10    2.1174334485195203       5.649158259403085E-10    2.1174334485195203       5.386272319097067E-10    2.1174334485195203       5.132993305840682E-10    2.1174334485195203       4.889384117894058E-10    2.1174334485195203
2.1237166338267004        7.591750434877974E-10    2.1237166338267004       7.287120897880382E-10    2.1237166338267004       6.9869324881484E-10      2.1237166338267004       6.691955311532303E-10    2.1237166338267004       6.404055558502271E-10    2.1237166338267004       6.120979801662036E-10    2.1237166338267004       5.848684552130113E-10    2.1237166338267004       5.583236518357616E-10    2.1237166338267004       5.327171844623826E-10    2.1237166338267004       5.080446643394038E-10    2.1237166338267004
2.1299998191338796        7.780300075752977E-10    2.1299998191338796       7.476976875676271E-10    2.1299998191338796       7.17733045779415E-10     2.1299998191338796       6.882249820709794E-10    2.1299998191338796       6.593746480556831E-10    2.1299998191338796       6.309494099982108E-10    2.1299998191338796       6.035527874909654E-10    2.1299998191338796       5.76797965244506E-10     2.1299998191338796       5.509565079869573E-10    2.1299998191338796       5.260152242159223E-10    2.1299998191338796
2.1362830044410592        7.956131040760734E-10    2.1362830044410592       7.654313371311444E-10    2.1362830044410592       7.355368154512117E-10    2.1362830044410592       7.060325524996532E-10    2.1362830044410592       6.771343866103007E-10    2.1362830044410592       6.4860564956659E-10      2.1362830044410592       6.210540937613898E-10    2.1362830044410592       5.941019674139877E-10    2.1362830044410592       5.680361460950142E-10    2.1362830044410592       5.428369957755829E-10    2.1362830044410592
2.142566189748239         8.127293092744883E-10    2.142566189748239        7.826807810740851E-10    2.142566189748239        7.528371535081716E-10    2.142566189748239        7.233145964989842E-10    2.142566189748239        6.943450491460311E-10    2.142566189748239        6.656898865997699E-10    2.142566189748239        6.379595465788798E-10    2.142566189748239        6.107865822099107E-10    2.142566189748239        5.844714575091652E-10    2.142566189748239        5.589890256209205E-10    2.142566189748239
2.1488493750554185        8.305380378892478E-10    2.1488493750554185       8.005825863100796E-10    2.1488493750554185       7.707490382268304E-10    2.1488493750554185       7.411632939977947E-10    2.1488493750554185       7.120746522093572E-10    2.1488493750554185       6.832445288893205E-10    2.1488493750554185       6.552849120224242E-10    2.1488493750554185       6.278400652972658E-10    2.1488493750554185       6.012234195046625E-10    2.1488493750554185       5.754025325872851E-10    2.1488493750554185
2.155132560362598         8.502862062324596E-10    2.155132560362598        8.203854249973047E-10    2.155132560362598        7.90522766139287E-10     2.155132560362598        7.608292731944342E-10    2.155132560362598        7.315717407086479E-10    2.155132560362598        7.025142704782664E-10    2.155132560362598        6.7426803078119E-10      2.155132560362598        6.464920885287724E-10    2.155132560362598        6.195126956058982E-10    2.155132560362598        5.932857919838908E-10    2.155132560362598
2.161415745669778         8.729725706695483E-10    2.161415745669778        8.431180575185577E-10    2.161415745669778        8.132155035808335E-10    2.161415745669778        7.83396894365126E-10     2.161415745669778        7.539452435237853E-10    2.161415745669778        7.246307701867406E-10    2.161415745669778        6.960591907722951E-10    2.161415745669778        6.679100108777556E-10    2.161415745669778        6.405215791498456E-10    2.161415745669778        6.138330484248978E-10    2.161415745669778
2.1676989309769574        8.990296628889981E-10    2.1676989309769574       8.69266078805874E-10     2.1676989309769574       8.393633042336977E-10    2.1676989309769574       8.094518584500934E-10    2.1676989309769574       7.798285824310445E-10    2.1676989309769574       7.502736984470495E-10    2.1676989309769574       7.213804437601967E-10    2.1676989309769574       6.928566748365405E-10    2.1676989309769574       6.650506701913424E-10    2.1676989309769574       6.378813149735803E-10    2.1676989309769574
2.1739821162841366        9.281245964981696E-10    2.1739821162841366       8.985591788956524E-10    2.1739821162841366       8.687556743933763E-10    2.1739821162841366       8.388434444961931E-10    2.1739821162841366       8.091302952147745E-10    2.1739821162841366       7.79410266898923E-10     2.1739821162841366       7.502554362170437E-10    2.1739821162841366       7.214107878953143E-10    2.1739821162841366       6.932307474198999E-10    2.1739821162841366       6.656144908035731E-10    2.1739821162841366
2.1802653015913167        9.591634223008688E-10    2.1802653015913167       9.299569143223496E-10    2.1802653015913167       9.004037264082682E-10    2.1802653015913167       8.706352816437676E-10    2.1802653015913167       8.409677329949788E-10    2.1802653015913167       8.112122234008854E-10    2.1802653015913167       7.819107439447952E-10    2.1802653015913167       7.528528867415837E-10    2.1802653015913167       7.243944973471701E-10    2.1802653015913167       6.964208733770788E-10    2.1802653015913167
2.186548486898496         9.90532979279113E-10     2.186548486898496        9.618723287968023E-10    2.186548486898496        9.327463197393174E-10    2.186548486898496        9.032939595204494E-10    2.186548486898496        8.738378993779273E-10    2.186548486898496        8.442089022370102E-10    2.186548486898496        8.149114457542346E-10    2.186548486898496        7.857836920093599E-10    2.186548486898496        7.571785549266354E-10    2.186548486898496        7.28978067365356E-10     2.186548486898496
2.1928316722056755        1.0205416404897459E-9    2.1928316722056755       9.926009543378838E-10    2.1928316722056755       9.640675432145671E-10    2.1928316722056755       9.350945775743872E-10    2.1928316722056755       9.060102682987152E-10    2.1928316722056755       8.766667902200901E-10    2.1928316722056755       8.475267604384142E-10    2.1928316722056755       8.184759212935993E-10    2.1928316722056755       7.89861795287268E-10     2.1928316722056755       7.615761806339664E-10    2.1928316722056755
2.199114857512855         1.047949509430354E-9     2.199114857512855        1.020850959101273E-9     2.199114857512855        9.93026335678559E-10     2.199114857512855        9.646490928318934E-10    2.199114857512855        9.360526950316037E-10    2.199114857512855        9.071120699763284E-10    2.199114857512855        8.782475599412671E-10    2.199114857512855        8.493866235375714E-10    2.199114857512855        8.208719496014745E-10    2.199114857512855        7.926167582043164E-10    2.199114857512855
2.205398042820035         1.0724337812882137E-9    2.205398042820035        1.0462225727676853E-9    2.205398042820035        1.0191488751641515E-9    2.205398042820035        9.914107562573343E-10    2.205398042820035        9.633467574037098E-10    2.205398042820035        9.348557988532923E-10    2.205398042820035        9.063191479289681E-10    2.205398042820035        8.776971301110147E-10    2.205398042820035        8.493313291622078E-10    2.205398042820035        8.211626049822972E-10    2.205398042820035
2.211681228127214         1.0948316121971772E-9    2.211681228127214        1.06947703485282E-9      2.211681228127214        1.04312228926477E-9      2.211681228127214        1.0159917984987233E-9    2.211681228127214        9.884287398645167E-10    2.211681228127214        9.603573526006583E-10    2.211681228127214        9.32125126422138E-10     2.211681228127214        9.037167224281504E-10    2.211681228127214        8.754783576435108E-10    2.211681228127214        8.473765492582948E-10    2.211681228127214
2.217964413434394         1.117045298429222E-9     2.217964413434394        1.092472576746787E-9     2.217964413434394        1.0667605110198704E-9    2.217964413434394        1.04015888217458E-9      2.217964413434394        1.0130147784677068E-9    2.217964413434394        9.852789941354409E-10    2.217964413434394        9.572704110191745E-10    2.217964413434394        9.289934680771055E-10    2.217964413434394        9.008044346240207E-10    2.217964413434394        8.726851712199428E-10    2.217964413434394
2.2242475987415737        1.141579303101232E-9     2.2242475987415737       1.1177259113686973E-9    2.2242475987415737       1.0925902008964455E-9    2.2242475987415737       1.0664439786447223E-9    2.2242475987415737       1.039637610852096E-9     2.2242475987415737       1.0121490142862105E-9    2.2242475987415737       9.84271383406284E-10     2.2242475987415737       9.560310038662153E-10    2.2242475987415737       9.277965236204989E-10    2.2242475987415737       8.995493562583602E-10    2.2242475987415737
2.230530784048753         1.170794148946498E-9     2.230530784048753        1.1476732054761956E-9    2.230530784048753        1.1231197874976058E-9    2.230530784048753        1.0974227997729104E-9    2.230530784048753        1.070935925831505E-9     2.230530784048753        1.0436633088552467E-9    2.230530784048753        1.015871871521206E-9     2.230530784048753        9.876189820083583E-10    2.230530784048753        9.592827878327188E-10    2.230530784048753        9.308279526499587E-10    2.230530784048753
2.236813969355933         1.2060817228171175E-9    2.236813969355933        1.1838289534449687E-9    2.236813969355933        1.1599835580418121E-9    2.236813969355933        1.1348458496255897E-9    2.236813969355933        1.1087740937353761E-9    2.236813969355933        1.0817956166539953E-9    2.236813969355933        1.0541470111835313E-9    2.236813969355933        1.0259311056830637E-9    2.236813969355933        9.97527061845083E-10     2.236813969355933        9.6887133588603E-10      2.236813969355933
2.243097154663112         1.2472442043546314E-9    2.243097154663112        1.2261273457615203E-9    2.243097154663112        1.2032470997370733E-9    2.243097154663112        1.178909465492322E-9     2.243097154663112        1.1534801476896962E-9    2.243097154663112        1.1270042319900441E-9    2.243097154663112        1.0996817746855519E-9    2.243097154663112        1.0716763603235667E-9    2.243097154663112        1.043355891282429E-9     2.243097154663112        1.0146259631770279E-9    2.243097154663112
2.249380339970292         1.2923445241617708E-9    2.249380339970292        1.2727252147730705E-9    2.249380339970292        1.2511636650517374E-9    2.249380339970292        1.2279662715402165E-9    2.249380339970292        1.203510661258769E-9     2.249380339970292        1.1778523367928705E-9    2.249380339970292        1.151148741139559E-9     2.249380339970292        1.1236351479369007E-9    2.249380339970292        1.0956558177135509E-9    2.249380339970292        1.0670929703928528E-9    2.249380339970292
2.2556635252774715        1.3381688785941244E-9    2.2556635252774715       1.3204238624850277E-9    2.2556635252774715       1.3005550741162766E-9    2.2556635252774715       1.2788645736592044E-9    2.2556635252774715       1.255747505205757E-9     2.2556635252774715       1.2312617667237954E-9    2.2556635252774715       1.2055188430364305E-9    2.2556635252774715       1.178827616717131E-9     2.2556635252774715       1.1515005618196578E-9    2.2556635252774715       1.1234124573902424E-9    2.2556635252774715
2.261946710584651         1.3812342801247643E-9    2.261946710584651        1.3656598908259733E-9    2.261946710584651        1.347784265893294E-9     2.261946710584651        1.3279007927214608E-9    2.261946710584651        1.30642762000887E-9      2.261946710584651        1.283418185440594E-9     2.261946710584651        1.2589394738289344E-9    2.261946710584651        1.2333646382767369E-9    2.261946710584651        1.206973878472202E-9     2.261946710584651        1.1796545852137704E-9    2.261946710584651
2.2682298958918303        1.419062111812239E-9     2.2682298958918303       1.4057977614460722E-9    2.2682298958918303       1.3900642296902762E-9    2.2682298958918303       1.372142112624901E-9     2.2682298958918303       1.3524762146039894E-9    2.2682298958918303       1.3311117454135415E-9    2.2682298958918303       1.308078126158681E-9     2.2682298958918303       1.2837935080012323E-9    2.2682298958918303       1.2585141323302693E-9    2.2682298958918303       1.2321582112916364E-9    2.2682298958918303
2.2745130811990104        1.4512994805330415E-9    2.2745130811990104       1.4403067715382142E-9    2.2745130811990104       1.4266876665523242E-9    2.2745130811990104       1.41070623876368E-9      2.2745130811990104       1.3928341564673816E-9    2.2745130811990104       1.3731089133627968E-9    2.2745130811990104       1.3515335703962538E-9    2.2745130811990104       1.3285468919805877E-9    2.2745130811990104       1.3043965938865125E-9    2.2745130811990104       1.279042039457381E-9     2.2745130811990104
2.28079626650619          1.4802508745226272E-9    2.28079626650619         1.4713709670809173E-9    2.28079626650619         1.4597132175176395E-9    2.28079626650619         1.4455225787722405E-9    2.28079626650619         1.4292935774037685E-9    2.28079626650619         1.4110605498856254E-9    2.28079626650619         1.390812768746514E-9     2.28079626650619         1.3689869942105947E-9    2.28079626650619         1.3458407932145947E-9    2.28079626650619         1.3213729310433661E-9    2.28079626650619
2.2870794518133692        1.5105025865953338E-9    2.2870794518133692       1.5035861497576969E-9    2.2870794518133692       1.4937354911885605E-9    2.2870794518133692       1.4811761444826832E-9    2.2870794518133692       1.4664175761156374E-9    2.2870794518133692       1.4494978609702605E-9    2.2870794518133692       1.430402681394157E-9     2.2870794518133692       1.409552596139602E-9     2.2870794518133692       1.3872307435193027E-9    2.2870794518133692       1.3634608974319115E-9    2.2870794518133692
2.2933626371205493        1.54758425529904E-9      2.2933626371205493       1.542654156136281E-9     2.2933626371205493       1.534615464471724E-9     2.2933626371205493       1.523677357984564E-9     2.2933626371205493       1.5103533884741418E-9    2.2933626371205493       1.49469216981897E-9      2.2933626371205493       1.4766801678891753E-9    2.2933626371205493       1.4567201064852424E-9    2.2933626371205493       1.4351282624097515E-9    2.2933626371205493       1.4119303126929163E-9    2.2933626371205493
2.2996458224277285        1.5959790307030972E-9    2.2996458224277285       1.5933612418161126E-9    2.2996458224277285       1.5874324552407973E-9    2.2996458224277285       1.5783923765234902E-9    2.2996458224277285       1.5667459195113482E-9    2.2996458224277285       1.5525569073326618E-9    2.2996458224277285       1.5358090472662727E-9    2.2996458224277285       1.5168981887286168E-9    2.2996458224277285       1.4961696765073145E-9    2.2996458224277285       1.4736268086264383E-9    2.2996458224277285
2.305929007734908         1.657148761239026E-9     2.305929007734908        1.6575066123295869E-9    2.305929007734908        1.6543210947204995E-9    2.305929007734908        1.6477928127441796E-9    2.305929007734908        1.6384044042860244E-9    2.305929007734908        1.6262365658360094E-9    2.305929007734908        1.611258915596992E-9     2.305929007734908        1.5938793257677043E-9    2.305929007734908        1.574457052270424E-9     2.305929007734908        1.5529558739314701E-9    2.305929007734908
2.312212193042088         1.7284002762828695E-9    2.312212193042088        1.7326361476346282E-9    2.312212193042088        1.7330749288718581E-9    2.312212193042088        1.7299308670830675E-9    2.312212193042088        1.7236508256217718E-9    2.312212193042088        1.7143313907626688E-9    2.312212193042088        1.7019118330857785E-9    2.312212193042088        1.6868302804967456E-9    2.312212193042088        1.669439477320278E-9     2.312212193042088        1.649659068846003E-9     2.312212193042088
2.3184953783492674        1.8032432934661993E-9    2.3184953783492674       1.812282092616871E-9     2.3184953783492674       1.817266300597449E-9     2.3184953783492674       1.8184369116486004E-9    2.3184953783492674       1.8161929744386362E-9    2.3184953783492674       1.8106445360386335E-9    2.3184953783492674       1.8016847126190964E-9    2.3184953783492674       1.7897893103051202E-9    2.3184953783492674       1.7752889596877258E-9    2.3184953783492674       1.7580669496955772E-9    2.3184953783492674
2.3247785636564466        1.8733994783190453E-9    2.3247785636564466       1.887923204049199E-9     2.3247785636564466       1.8981519513341546E-9    2.3247785636564466       1.9043639637275315E-9    2.3247785636564466       1.906901272669364E-9     2.3247785636564466       1.9058849833808637E-9    2.3247785636564466       1.901153234993206E-9     2.3247785636564466       1.8932083380510214E-9    2.3247785636564466       1.8823583713041368E-9    2.3247785636564466       1.8684650589201606E-9    2.3247785636564466
2.3310617489636267        1.931994402339211E-9     2.3310617489636267       1.9522376522007595E-9    2.3310617489636267       1.9679783639941245E-9    2.3310617489636267       1.979536825137035E-9     2.3310617489636267       1.987192750774544E-9     2.3310617489636267       1.9910768723931092E-9    2.3310617489636267       1.990975805067699E-9     2.3310617489636267       1.987387222659089E-9     2.3310617489636267       1.9806163947632447E-9    2.3310617489636267       1.9705175639506864E-9    2.3310617489636267
2.337344934270806         1.976918555393345E-9     2.337344934270806        2.0026415257740133E-9    2.337344934270806        2.0236889612296706E-9    2.337344934270806        2.040420969483664E-9     2.337344934270806        2.053054050550081E-9     2.337344934270806        2.0617275415594583E-9    2.337344934270806        2.0661938402151476E-9    2.337344934270806        2.066901782124218E-9     2.337344934270806        2.0641897882226467E-9    2.337344934270806        2.0579110806006798E-9    2.337344934270806
2.3436281195779856        2.0130475385361877E-9    2.3436281195779856       2.0437597968719523E-9    2.3436281195779856       2.0696410051524177E-9    2.3436281195779856       2.0910840694928513E-9    2.3436281195779856       2.10824543908763E-9      2.3436281195779856       2.1212698908486263E-9    2.3436281195779856       2.1299033235682117E-9    2.3436281195779856       2.1345016573604224E-9    2.3436281195779856       2.1354768533799088E-9    2.3436281195779856       2.1326750398001196E-9    2.3436281195779856
2.3499113048851656        2.0521025194816022E-9    2.3499113048851656       2.0875170479182905E-9    2.3499113048851656       2.117930440083128E-9     2.3499113048851656       2.14376173179494E-9      2.3499113048851656       2.165112949568866E-9     2.3499113048851656       2.18212524151947E-9      2.3499113048851656       2.194568220054402E-9     2.3499113048851656       2.202675266664305E-9     2.3499113048851656       2.206962279406293E-9     2.3499113048851656       2.207246501976212E-9     2.3499113048851656
2.356194490192345         2.109533202728729E-9     2.356194490192345        2.1501144578482044E-9    2.356194490192345        2.1854773373295255E-9    2.356194490192345        2.2160653384055814E-9    2.356194490192345        2.241931265965349E-9     2.356194490192345        2.2631945898824476E-9    2.356194490192345        2.279671096172077E-9     2.356194490192345        2.2914665291421895E-9    2.356194490192345        2.299209443176517E-9     2.356194490192345        2.3026499792719826E-9    2.356194490192345
2.3624776754995245        2.198885573447583E-9     2.3624776754995245       2.246270435810806E-9     2.3624776754995245       2.2881605806965086E-9    2.3624776754995245       2.3250275501804E-9       2.3624776754995245       2.3568767195576347E-9    2.3624776754995245       2.3837782084748327E-9    2.3624776754995245       2.4055989704352316E-9    2.3624776754995245       2.422339219006915E-9     2.3624776754995245       2.434721162959831E-9     2.3624776754995245       2.4423771488155765E-9    2.3624776754995245
2.368760860806704         2.325310884499969E-9     2.368760860806704        2.3823755132290652E-9    2.368760860806704        2.433637431346237E-9     2.368760860806704        2.4795999140974998E-9    2.368760860806704        2.520218118531485E-9     2.368760860806704        2.5554783605260245E-9    2.368760860806704        2.5852796887557604E-9    2.368760860806704        2.60956074460065E-9      2.368760860806704        2.6290920959075098E-9    2.368760860806704        2.6433340409375662E-9    2.368760860806704
2.3750440461138838        2.480580383592888E-9     2.3750440461138838       2.551012628075386E-9     2.3750440461138838       2.615375886656113E-9     2.3750440461138838       2.6742012685716706E-9    2.3750440461138838       2.727387380444844E-9     2.3750440461138838       2.7748029177944608E-9    2.3750440461138838       2.8163340978700546E-9    2.3750440461138838       2.851911090361961E-9     2.3750440461138838       2.8822928135410567E-9    2.3750440461138838       2.906719432287502E-9     2.3750440461138838
2.381327231421063         2.641772735796611E-9     2.381327231421063        2.729164952705101E-9     2.381327231421063        2.810371663661127E-9     2.381327231421063        2.885934449031195E-9     2.381327231421063        2.9556864165798414E-9    2.381327231421063        3.019358485788598E-9     2.381327231421063        3.076757303407001E-9     2.381327231421063        3.1278488798450096E-9    2.381327231421063        3.1733278078584888E-9    2.381327231421063        3.2121781087607466E-9    2.381327231421063
2.387610416728243         2.7747710468068813E-9    2.387610416728243        2.881429548805043E-9     2.387610416728243        2.9820505237332252E-9    2.387610416728243        3.0771539459767406E-9    2.387610416728243        3.166494245554443E-9     2.387610416728243        3.2496743656261206E-9    2.387610416728243        3.3263437674114528E-9    2.387610416728243        3.396522074233046E-9     2.387610416728243        3.4608181525762837E-9    2.387610416728243        3.517940043560803E-9     2.387610416728243
2.3938936020354222        2.8422428710409237E-9    2.3938936020354222       2.968066305328116E-9     2.3938936020354222       3.0883483737773136E-9    2.3938936020354222       3.2035444799850412E-9    2.3938936020354222       3.313310804683598E-9     2.3938936020354222       3.4171723827095876E-9    2.3938936020354222       3.5145516923616316E-9    2.3938936020354222       3.6055043033287664E-9    2.3938936020354222       3.6905722557380306E-9    2.3938936020354222       3.768194182413745E-9     2.3938936020354222
2.400176787342602         2.8142298307998113E-9    2.400176787342602        2.9560728892090486E-9    2.400176787342602        3.093235123131224E-9     2.400176787342602        3.2260618161158375E-9    2.400176787342602        3.354088862421219E-9     2.400176787342602        3.4768452401312743E-9    2.400176787342602        3.5934889769774884E-9    2.400176787342602        3.7040656811101783E-9    2.400176787342602        3.80909227350991E-9      2.400176787342602        3.906788916647502E-9     2.400176787342602
2.4064599726497815        2.678146504054435E-9     2.4064599726497815       2.8299914772767056E-9    2.4064599726497815       2.978307620467318E-9     2.4064599726497815       3.1232938140325598E-9    2.4064599726497815       3.2643554205722853E-9    2.4064599726497815       3.4011072875836497E-9    2.4064599726497815       3.5324601882484924E-9    2.4064599726497815       3.658398022208948E-9     2.4064599726497815       3.779441653650014E-9     2.4064599726497815       3.893699102440193E-9     2.4064599726497815
2.412743157956961         2.444463114977025E-9     2.412743157956961        2.5984621692200196E-9    2.412743157956961        2.7502188812075873E-9    2.412743157956961        2.8997715887099374E-9    2.412743157956961        3.0464152793007242E-9    2.412743157956961        3.189891652895183E-9     2.412743157956961        3.3289432381752804E-9    2.412743157956961        3.4634615112284698E-9    2.412743157956961        3.593960386735782E-9     2.412743157956961        3.7185803632917017E-9    2.412743157956961
2.419026343264141         2.145362395093173E-9     2.419026343264141        2.2934842742934363E-9    2.419026343264141        2.440580017976983E-9     2.419026343264141        2.5865440282936463E-9    2.419026343264141        2.730619964848468E-9     2.419026343264141        2.872652374216153E-9     2.419026343264141        3.011338497258575E-9     2.419026343264141        3.1464850583940978E-9    2.419026343264141        3.278550014287403E-9     2.419026343264141        3.4058408082376536E-9    2.419026343264141
2.4253095285713204        1.826269020981828E-9     2.4253095285713204       1.962044338462125E-9     2.4253095285713204       2.0977458769292173E-9    2.4253095285713204       2.2331696684482067E-9    2.4253095285713204       2.3675937954066723E-9    2.4253095285713204       2.500887249248598E-9     2.4253095285713204       2.631829403226574E-9     2.4253095285713204       2.760188522102821E-9     2.4253095285713204       2.886306077553867E-9     2.4253095285713204       3.0087274188962667E-9    2.4253095285713204
2.4315927138785           1.5331417135518719E-9    2.4315927138785          1.6529625513331732E-9    2.4315927138785          1.7732769291072784E-9    2.4315927138785          1.8938428023043033E-9    2.4315927138785          2.014056693186805E-9     2.4315927138785          2.1337172643916145E-9    2.4315927138785          2.2517748836986403E-9    2.4315927138785          2.368029967236231E-9     2.4315927138785          2.482662315665935E-9     2.4315927138785          2.5944412305028144E-9    2.4315927138785
2.4378758991856793        1.300080107735336E-9     2.4378758991856793       1.4036674321205146E-9    2.4378758991856793       1.507920078359121E-9     2.4378758991856793       1.6126116275842818E-9    2.4378758991856793       1.7173112930874013E-9    2.4378758991856793       1.8216761682811873E-9    2.4378758991856793       1.9248527376337128E-9    2.4378758991856793       2.0267477780105226E-9    2.4378758991856793       2.1273579670497663E-9    2.4378758991856793       2.225602147672863E-9     2.4378758991856793
2.4441590844928593        1.14137829483629E-9      2.4441590844928593       1.2313026570850754E-9    2.4441590844928593       1.3217670471481072E-9    2.4441590844928593       1.4125897154050266E-9    2.4441590844928593       1.5035241026238817E-9    2.4441590844928593       1.5940590580839523E-9    2.4441590844928593       1.683500923369271E-9     2.4441590844928593       1.7719201884120052E-9    2.4441590844928593       1.8591267635096744E-9    2.4441590844928593       1.9441036521186795E-9    2.4441590844928593
2.4504422698000385        1.0502975601437279E-9    2.4504422698000385       1.1307405184801164E-9    2.4504422698000385       1.2114669755864878E-9    2.4504422698000385       1.2923378138267725E-9    2.4504422698000385       1.3732636954159826E-9    2.4504422698000385       1.4535840461763046E-9    2.4504422698000385       1.5326908153277143E-9    2.4504422698000385       1.610841852731985E-9     2.4504422698000385       1.687671040574401E-9     2.4504422698000385       1.7621696149101882E-9    2.4504422698000385
2.456725455107218         1.0045531240401615E-9    2.456725455107218        1.0797530519623124E-9    2.456725455107218        1.1550183370776303E-9    2.456725455107218        1.2302258380242773E-9    2.456725455107218        1.3053913416731884E-9    2.456725455107218        1.3797604728584043E-9    2.456725455107218        1.4527291715595161E-9    2.456725455107218        1.5247224440067326E-9    2.456725455107218        1.5952289495369782E-9    2.456725455107218        1.6632353294789453E-9    2.456725455107218
2.463008640414398         9.76322974555363E-10     2.463008640414398        1.0492631198831845E-9    2.463008640414398        1.1222028670313496E-9    2.463008640414398        1.1949982312492399E-9    2.463008640414398        1.2677080309416052E-9    2.463008640414398        1.3395635467576062E-9    2.463008640414398        1.4099034367742031E-9    2.463008640414398        1.4792570065303759E-9    2.463008640414398        1.5470226640522674E-9    2.463008640414398        1.612205354634509E-9     2.463008640414398
2.4692918257215775        9.42891103121583E-10     2.4692918257215775       1.0146779298850905E-9    2.4692918257215775       1.086576306949498E-9     2.4692918257215775       1.1583907136468375E-9    2.4692918257215775       1.2301650386439407E-9    2.4692918257215775       1.3011991360716317E-9    2.4692918257215775       1.370753460220299E-9     2.4692918257215775       1.4393714811877591E-9    2.4692918257215775       1.506430467436959E-9     2.4692918257215775       1.5709969812764096E-9    2.4692918257215775
2.4755750110287567        8.937131423611358E-10    2.4755750110287567       9.637847372604946E-10    2.4755750110287567       1.0341976624501982E-9    2.4755750110287567       1.1046937161739715E-9    2.4755750110287567       1.1752602054066272E-9    2.4755750110287567       1.2453245940754822E-9    2.4755750110287567       1.3140962870782019E-9    2.4755750110287567       1.3820413546891321E-9    2.4755750110287567       1.4485772707573538E-9    2.4755750110287567       1.5128783235085168E-9    2.4755750110287567
2.4818581963359367        8.313930215878115E-10    2.4818581963359367       8.983442541514634E-10    2.4818581963359367       9.658761241703622E-10    2.4818581963359367       1.0336823756838722E-9    2.4818581963359367       1.1016756354366787E-9    2.4818581963359367       1.1694237957020585E-9    2.4818581963359367       1.2361506724086408E-9    2.4818581963359367       1.3021781997494278E-9    2.4818581963359367       1.366998549399786E-9     2.4818581963359367       1.4299233234738195E-9    2.4818581963359367
2.4881413816431164        7.67034405261983E-10     2.4881413816431164       8.29621535348412E-10     2.4881413816431164       8.929361667469513E-10    2.4881413816431164       9.566592006244176E-10    2.4881413816431164       1.0206335227100137E-9    2.4881413816431164       1.0845311459139546E-9    2.4881413816431164       1.1476676179663512E-9    2.4881413816431164       1.2101949328921055E-9    2.4881413816431164       1.2716826605468416E-9    2.4881413816431164       1.3315771254713416E-9    2.4881413816431164
2.4944245669502956        7.128706786602647E-10    2.4944245669502956       7.707419153896352E-10    2.4944245669502956       8.293483723795509E-10    2.4944245669502956       8.883970850055028E-10    2.4944245669502956       9.476822829489388E-10    2.4944245669502956       1.0069130131013623E-9    2.4944245669502956       1.0655542619070662E-9    2.4944245669502956       1.1236040366498928E-9    2.4944245669502956       1.180688524407861E-9     2.4944245669502956       1.2363516678861132E-9    2.4944245669502956
2.5007077522574757        6.757782448371144E-10    2.5007077522574757       7.296446782653191E-10    2.5007077522574757       7.841427625710993E-10    2.5007077522574757       8.390276917254572E-10    2.5007077522574757       8.940738813775757E-10    2.5007077522574757       9.48956533023736E-10     2.5007077522574757       1.0033081642851664E-9    2.5007077522574757       1.057017648444189E-9     2.5007077522574757       1.1097377622844453E-9    2.5007077522574757       1.1610524906995936E-9    2.5007077522574757
2.506990937564655         6.543905768673547E-10    2.506990937564655        7.056287413913579E-10    2.506990937564655        7.573655184777461E-10    2.506990937564655        8.093974376312281E-10    2.506990937564655        8.61509305972835E-10     2.506990937564655        9.132891375707982E-10    2.506990937564655        9.64515954570757E-10     2.506990937564655        1.0150227116248383E-9    2.506990937564655        1.0644644026378728E-9    2.506990937564655        1.1124082351103115E-9    2.506990937564655
2.5132741228718345        6.407276312963792E-10    2.5132741228718345       6.906779672299133E-10    2.5132741228718345       7.410518792586116E-10    2.5132741228718345       7.916566561533369E-10    2.5132741228718345       8.423142337531083E-10    2.5132741228718345       8.925002278718707E-10    2.5132741228718345       9.42096612835907E-10     2.5132741228718345       9.90921753364093E-10     2.5132741228718345       1.0386263726503848E-9    2.5132741228718345       1.0847203998036696E-9    2.5132741228718345
2.519557308179014         6.250972015159226E-10    2.519557308179014        6.744545158911053E-10    2.519557308179014        7.242638182541327E-10    2.519557308179014        7.743074759573644E-10    2.519557308179014        8.244629584644223E-10    2.519557308179014        8.740981851812389E-10    2.519557308179014        9.23152820167651E-10     2.519557308179014        9.714478924207012E-10    2.519557308179014        1.018645341709253E-9     2.519557308179014        1.0641791956037885E-9    2.519557308179014
2.5258404934861938        6.013734124290291E-10    2.5258404934861938       6.499781304583802E-10    2.5258404934861938       6.991492630995253E-10    2.5258404934861938       7.486235391543991E-10    2.5258404934861938       7.983401102559203E-10    2.5258404934861938       8.475878087081542E-10    2.5258404934861938       8.963327400150097E-10    2.5258404934861938       9.443920057908174E-10    2.5258404934861938       9.914671213929348E-10    2.5258404934861938       1.0369197510254507E-9    2.5258404934861938
2.532123678793373         5.697243824661409E-10    2.532123678793373        6.168188235273671E-10    2.532123678793373        6.646143529128719E-10    2.532123678793373        7.128064551004596E-10    2.532123678793373        7.61389861695544E-10     2.532123678793373        8.096126423018619E-10    2.532123678793373        8.574575237317061E-10    2.532123678793373        9.047180921844739E-10    2.532123678793373        9.511571143876867E-10    2.532123678793373        9.96088679928122E-10     2.532123678793373
2.538406864100553         5.356011272515234E-10    2.538406864100553        5.803683405907196E-10    2.538406864100553        6.259166297650389E-10    2.538406864100553        6.719258875971007E-10    2.538406864100553        7.184330662277204E-10    2.538406864100553        7.646757621632247E-10    2.538406864100553        8.106633748302204E-10    2.538406864100553        8.561481067999525E-10    2.538406864100553        9.009503438622774E-10    2.538406864100553        9.443790801141615E-10    2.538406864100553
2.5446900494077322        5.060160691204157E-10    2.5446900494077322       5.480932479178656E-10    2.5446900494077322       5.909350369813331E-10    2.5446900494077322       6.342374665633164E-10    2.5446900494077322       6.780662651070531E-10    2.5446900494077322       7.216602160251336E-10    2.5446900494077322       7.65074550126061E-10     2.5446900494077322       8.080153370031636E-10    2.5446900494077322       8.503253808610932E-10    2.5446900494077322       8.913610718597802E-10    2.5446900494077322
2.550973234714912         4.85395033672569E-10     2.550973234714912        5.250876852023598E-10    2.550973234714912        5.654471537058563E-10    2.550973234714912        6.062035649057223E-10    2.550973234714912        6.474431479001699E-10    2.550973234714912        6.884026799719669E-10    2.550973234714912        7.291952685984352E-10    2.550973234714912        7.694929229781298E-10    2.550973234714912        8.091037877614178E-10    2.550973234714912        8.474851547710628E-10    2.550973234714912
2.557256420022092         4.732325040231571E-10    2.557256420022092        5.113282674189474E-10    2.557256420022092        5.499757037917283E-10    2.557256420022092        5.889283243720306E-10    2.557256420022092        6.282912423827812E-10    2.557256420022092        6.672941842098932E-10    2.557256420022092        7.061013652386668E-10    2.557256420022092        7.443742895189101E-10    2.557256420022092        7.818291939882853E-10    2.557256420022092        8.180703460210962E-10    2.557256420022092
2.563539605329271         4.6473875110123564E-10   2.563539605329271        5.020521861582521E-10    2.563539605329271        5.398607604024034E-10    2.563539605329271        5.779021175029212E-10    2.563539605329271        6.163036047214101E-10    2.563539605329271        6.542905483332114E-10    2.563539605329271        6.92054765634592E-10     2.563539605329271        7.29269924451176E-10     2.563539605329271        7.655289083655168E-10    2.563539605329271        8.00610300990473E-10     2.563539605329271
2.569822790636451         4.539870647446312E-10    2.569822790636451        4.909215109553993E-10    2.569822790636451        5.283958705087649E-10    2.569822790636451        5.660827384828002E-10    2.569822790636451        6.041359177108294E-10    2.569822790636451        6.417862828372311E-10    2.569822790636451        6.792270027245191E-10    2.569822790636451        7.161528318194691E-10    2.569822790636451        7.520472301554577E-10    2.569822790636451        7.868561777521476E-10    2.569822790636451
2.5761059759436304        4.3752123308672563E-10   2.5761059759436304       4.73904128498858E-10     2.5761059759436304       5.109563966564217E-10    2.5761059759436304       5.482546526689897E-10    2.5761059759436304       5.859783687219025E-10    2.5761059759436304       6.233756880196037E-10    2.5761059759436304       6.606255398903625E-10    2.5761059759436304       6.974341475989264E-10    2.5761059759436304       7.332363673034134E-10    2.5761059759436304       7.680939554912166E-10    2.5761059759436304
2.58238916125081          4.161507264775213E-10    2.58238916125081         4.514147105326524E-10    2.58238916125081         4.874960065020447E-10    2.58238916125081         5.238832491102388E-10    2.58238916125081         5.607704047498567E-10    2.58238916125081         5.974329316878527E-10    2.58238916125081         6.340332673344335E-10    2.58238916125081         6.702676646832119E-10    2.58238916125081         7.056088491882959E-10    2.58238916125081         7.401458642483278E-10    2.58238916125081
2.5886723465579893        3.940190298296507E-10    2.5886723465579893       4.2759768631852613E-10   2.5886723465579893       4.6208353261609174E-10   2.5886723465579893       4.9692468557366E-10      2.5886723465579893       5.323068754502848E-10    2.5886723465579893       5.675409060276758E-10    2.5886723465579893       6.027771902353256E-10    2.5886723465579893       6.376816583248591E-10    2.5886723465579893       6.7184234023257E-10      2.5886723465579893       7.052774560024706E-10    2.5886723465579893
2.5949555318651694        3.7579652022043406E-10   2.5949555318651694       4.0749383080969076E-10   2.5949555318651694       4.400872110124114E-10    2.5949555318651694       4.730520492050184E-10    2.5949555318651694       5.065362133265669E-10    2.5949555318651694       5.398926945570708E-10    2.5949555318651694       5.732622269454576E-10    2.5949555318651694       6.062720044430067E-10    2.5949555318651694       6.386638919739109E-10    2.5949555318651694       6.703105332136458E-10    2.5949555318651694
2.6012387171723486        3.637817902168041E-10    2.6012387171723486       3.9389836523680114E-10   2.6012387171723486       4.248118164282106E-10    2.6012387171723486       4.5608522015918525E-10   2.6012387171723486       4.87800125923009E-10     2.6012387171723486       5.193604021295158E-10    2.6012387171723486       5.508893489179909E-10    2.6012387171723486       5.81984527132252E-10     2.6012387171723486       6.125296977273772E-10    2.6012387171723486       6.422241334998603E-10    2.6012387171723486
2.607521902479528         3.5659502019355135E-10   2.607521902479528        3.857416359712298E-10    2.607521902479528        4.155557924388078E-10    2.607521902479528        4.457180607741682E-10    2.607521902479528        4.76224328842147E-10     2.607521902479528        5.065453189614104E-10    2.607521902479528        5.367631325753228E-10    2.607521902479528        5.664733104732784E-10    2.607521902479528        5.956472668420256E-10    2.607521902479528        6.238376511488792E-10    2.607521902479528
2.6138050877867083        3.502389087755649E-10    2.6138050877867083       3.7896574850191767E-10   2.6138050877867083       4.0826837337470934E-10   2.6138050877867083       4.379340628185814E-10    2.6138050877867083       4.678691481171285E-10    2.6138050877867083       4.976356060981496E-10    2.6138050877867083       5.272370852290585E-10    2.6138050877867083       5.563075224964462E-10    2.6138050877867083       5.848316630489554E-10    2.6138050877867083       6.122869413013043E-10    2.6138050877867083
2.6200882730938875        3.408197923078406E-10    2.6200882730938875       3.693048748177187E-10    2.6200882730938875       3.983510828208991E-10    2.6200882730938875       4.2780740099045686E-10   2.6200882730938875       4.5750581309700377E-10   2.6200882730938875       4.871220254876272E-10    2.6200882730938875       5.165474740518212E-10    2.6200882730938875       5.454916586031512E-10    2.6200882730938875       5.738878432757008E-10    2.6200882730938875       6.01227294198262E-10     2.6200882730938875
2.626371458401067         3.270383201976104E-10    2.626371458401067        3.55025206018147E-10     2.626371458401067        3.8362741217336163E-10   2.626371458401067        4.12696665205847E-10     2.626371458401067        4.4202268730927993E-10   2.626371458401067        4.713982670161361E-10    2.626371458401067        5.005963161213969E-10    2.626371458401067        5.2941387635587E-10      2.626371458401067        5.577051862324631E-10    2.626371458401067        5.850451740934584E-10    2.626371458401067
2.6326546437082468        3.1079120597607954E-10   2.6326546437082468       3.37796498886353E-10     2.6326546437082468       3.6549303484952413E-10   2.6326546437082468       3.936882251559309E-10    2.6326546437082468       4.2216819040087644E-10   2.6326546437082468       4.5081745302364485E-10   2.6326546437082468       4.793235378935084E-10    2.6326546437082468       5.07544313059369E-10     2.6326546437082468       5.352775451173295E-10    2.6326546437082468       5.622025817051862E-10    2.6326546437082468
2.6389378290154264        2.956881958597698E-10    2.6389378290154264       3.21336986126555E-10     2.6389378290154264       3.4772006003933396E-10   2.6389378290154264       3.7458440775187024E-10   2.6389378290154264       4.0174361181921274E-10   2.6389378290154264       4.2912622463655776E-10   2.6389378290154264       4.5639645360423417E-10   2.6389378290154264       4.834135801829127E-10    2.6389378290154264       5.099807303433976E-10    2.6389378290154264       5.358467332953417E-10    2.6389378290154264
2.6452210143226056        2.8461549723352025E-10   2.6452210143226056       3.0889196701662153E-10   2.6452210143226056       3.338854490366839E-10    2.6452210143226056       3.5929925372538833E-10   2.6452210143226056       3.8498845772215335E-10   2.6452210143226056       4.1087234597318156E-10   2.6452210143226056       4.3665859255188403E-10   2.6452210143226056       4.6213755717428796E-10   2.6452210143226056       4.871902517395138E-10    2.6452210143226056       5.115636112224036E-10    2.6452210143226056
2.6515041996297857        2.778817513412445E-10    2.6515041996297857       3.011355584649544E-10    2.6515041996297857       3.250440966010031E-10    2.6515041996297857       3.4930137004072016E-10   2.6515041996297857       3.7380053938267906E-10   2.6515041996297857       3.9841009860037287E-10   2.6515041996297857       4.229303549287848E-10    2.6515041996297857       4.4702634313188487E-10   2.6515041996297857       4.707109855128832E-10    2.6515041996297857       4.936545326604899E-10    2.6515041996297857
2.657787384936965         2.7310540705903587E-10   2.657787384936965        2.9581619476321534E-10   2.657787384936965        3.191185066087014E-10    2.657787384936965        3.4272836865376484E-10   2.657787384936965        3.665613057609617E-10    2.657787384936965        3.9041874933053114E-10   2.657787384936965        4.1421092089678416E-10   2.657787384936965        4.374547683152996E-10    2.657787384936965        4.6031393862776135E-10   2.657787384936965        4.823339440100553E-10    2.657787384936965
2.6640705702441445        2.6695192531139616E-10   2.6640705702441445       2.8942167126510426E-10   2.6640705702441445       3.1245882983121326E-10   2.6640705702441445       3.358169693541847E-10    2.6640705702441445       3.5941171379258844E-10   2.6640705702441445       3.829936843595201E-10    2.6640705702441445       4.065614249243167E-10    2.6640705702441445       4.2950682174867356E-10   2.6640705702441445       4.5212453198112957E-10   2.6640705702441445       4.738299811688321E-10    2.6640705702441445
2.670353755551324         2.5747464322210333E-10   2.670353755551324        2.7965710264139604E-10   2.670353755551324        3.024303658555521E-10    2.670353755551324        3.2558470946325725E-10   2.670353755551324        3.490128531832573E-10    2.670353755551324        3.724591067738895E-10    2.670353755551324        3.9595357516024667E-10   2.670353755551324        4.188313088134986E-10    2.670353755551324        4.4146593317120454E-10   2.670353755551324        4.631783166422513E-10    2.670353755551324
2.676636940858504         2.453298390107769E-10    2.676636940858504        2.668966265013658E-10    2.676636940858504        2.890984626296509E-10    2.676636940858504        3.117523949813471E-10    2.676636940858504        3.3471117466501195E-10   2.676636940858504        3.577667799361011E-10    2.676636940858504        3.8090850412128933E-10   2.676636940858504        4.0350772512067436E-10   2.676636940858504        4.2594796658932807E-10   2.676636940858504        4.475143958799888E-10    2.676636940858504
2.6829201261656834        2.331196335779143E-10    2.6829201261656834       2.537052648285339E-10    2.6829201261656834       2.749502626192511E-10    2.6829201261656834       2.9668863836234304E-10   2.6829201261656834       3.1872725623890094E-10   2.6829201261656834       3.409439447532687E-10    2.6829201261656834       3.6322870590435425E-10   2.6829201261656834       3.850717002380739E-10    2.6829201261656834       4.06802957387966E-10     2.6829201261656834       4.2772838705200527E-10   2.6829201261656834
2.689203311472863         2.2351065021281802E-10   2.689203311472863        2.4297220251384434E-10   2.689203311472863        2.63071996960154E-10     2.689203311472863        2.8365780926992713E-10   2.689203311472863        3.0449653181054175E-10   2.689203311472863        3.255578967751318E-10    2.689203311472863        3.4660998013954125E-10   2.689203311472863        3.6730207760902475E-10   2.689203311472863        3.878727987865387E-10    2.689203311472863        4.076821026631668E-10    2.689203311472863
2.6954864967800427        2.1741523239815602E-10   2.6954864967800427       2.359323777965164E-10    2.6954864967800427       2.550287603982412E-10    2.6954864967800427       2.745687496059425E-10    2.6954864967800427       2.94294172780114E-10     2.6954864967800427       3.1424221787872164E-10   2.6954864967800427       3.3407414320966716E-10   2.6954864967800427       3.5358845746650386E-10   2.6954864967800427       3.7292461667795813E-10   2.6954864967800427       3.915031437822973E-10    2.6954864967800427
2.701769682087222         2.134007222327586E-10    2.701769682087222        2.313478692589876E-10    2.701769682087222        2.4981221834084273E-10   2.701769682087222        2.6867617261246576E-10   2.701769682087222        2.87677427234122E-10     2.701769682087222        3.0687975274706315E-10   2.701769682087222        3.2587704089782697E-10   2.701769682087222        3.4457246598984976E-10   2.701769682087222        3.630186481793901E-10    2.701769682087222        3.80689094882263E-10     2.701769682087222
2.708052867394402         2.08786076346723E-10     2.708052867394402        2.2647516384458006E-10   2.708052867394402        2.4465303409662024E-10   2.708052867394402        2.6321333486820173E-10   2.708052867394402        2.819142709544046E-10    2.708052867394402        3.008028587213944E-10    2.708052867394402        3.1945446519085585E-10   2.708052867394402        3.3782227069863944E-10   2.708052867394402        3.5589167166628363E-10   2.708052867394402        3.73182341683514E-10     2.708052867394402
2.714336052701581         2.0164644663219532E-10   2.714336052701581        2.1912922071633907E-10   2.714336052701581        2.3711777805622807E-10   2.714336052701581        2.555029239201245E-10    2.714336052701581        2.740880050131449E-10    2.714336052701581        2.928651216833839E-10    2.714336052701581        3.114389779655888E-10    2.714336052701581        3.297682252778111E-10    2.714336052701581        3.477913276064297E-10    2.714336052701581        3.650725448775167E-10    2.714336052701581
2.720619238008761         1.92143362845928E-10     2.720619238008761        2.092026172210092E-10    2.720619238008761        2.2680912239598016E-10   2.720619238008761        2.4483718297125153E-10   2.720619238008761        2.6315381995815373E-10   2.720619238008761        2.8166754506411673E-10   2.720619238008761        3.000497980071168E-10    2.720619238008761        3.182427671127108E-10    2.720619238008761        3.361559662050163E-10    2.720619238008761        3.533970079649237E-10    2.720619238008761
2.7269024233159405        1.822385613576059E-10    2.7269024233159405       1.9856083663694445E-10   2.7269024233159405       2.1545853500794273E-10   2.7269024233159405       2.327849209754051E-10    2.7269024233159405       2.5047654049189287E-10   2.7269024233159405       2.6834323291616284E-10   2.7269024233159405       2.861406412527001E-10    2.7269024233159405       3.03798406541501E-10     2.7269024233159405       3.212093554412483E-10    2.7269024233159405       3.380177105191956E-10    2.7269024233159405
2.73318560862312          1.7419768014330497E-10   2.73318560862312         1.8960614571879984E-10   2.73318560862312         2.0557740916523987E-10   2.73318560862312         2.2195344760881054E-10   2.73318560862312         2.387300285302327E-10    2.73318560862312         2.556182046331949E-10    2.73318560862312         2.7245327844895695E-10   2.73318560862312         2.8917249429100633E-10   2.73318560862312         3.0565750418286566E-10   2.73318560862312         3.2157489154291004E-10   2.73318560862312
2.7394687939302993        1.689835489194199E-10    2.7394687939302993       1.8356867874954213E-10   2.7394687939302993       1.9866489086766891E-10   2.7394687939302993       2.1412488625475407E-10   2.7394687939302993       2.2998022371159414E-10   2.7394687939302993       2.458545283044656E-10    2.7394687939302993       2.6164539412206553E-10   2.7394687939302993       2.773150699460458E-10    2.7394687939302993       2.927366235869661E-10    2.7394687939302993       3.0758032217208314E-10   2.7394687939302993
2.7457519792374794        1.6558392810951926E-10   2.7457519792374794       1.7963585051321639E-10   2.7457519792374794       1.9413726068345341E-10   2.7457519792374794       2.0897474103850261E-10   2.7457519792374794       2.241886454659208E-10    2.7457519792374794       2.393336522475511E-10    2.7457519792374794       2.5435102178398224E-10   2.7457519792374794       2.692295110301748E-10    2.7457519792374794       2.8383636342177565E-10   2.7457519792374794       2.978312360798493E-10    2.7457519792374794
2.752035164544659         1.6180822261756542E-10   2.752035164544659        1.7560658390108625E-10   2.752035164544659        1.8981832706274586E-10   2.752035164544659        2.0437414438601854E-10   2.752035164544659        2.1930336241261105E-10   2.752035164544659        2.3411654552242285E-10   2.752035164544659        2.487819929996038E-10    2.752035164544659        2.633048397456725E-10    2.752035164544659        2.7754613548376726E-10   2.752035164544659        2.911557003222382E-10    2.752035164544659
2.758318349851838         1.5600469199892327E-10   2.758318349851838        1.6963014492932247E-10   2.758318349851838        1.8367383829909125E-10   2.758318349851838        1.9810199382423934E-10   2.758318349851838        2.1292557445164312E-10   2.758318349851838        2.276419383133444E-10    2.758318349851838        2.4222925856854613E-10   2.758318349851838        2.5670139126074985E-10   2.758318349851838        2.709048422531431E-10    2.758318349851838        2.8449856641853386E-10   2.758318349851838
2.7646015351590183        1.4826871918657218E-10   2.7646015351590183       1.6156693257453722E-10   2.7646015351590183       1.753143109831974E-10    2.7646015351590183       1.8949070336653845E-10   2.7646015351590183       2.040925271608753E-10    2.7646015351590183       2.1863511732070992E-10   2.7646015351590183       2.3309007747210597E-10   2.7646015351590183       2.474822682063826E-10    2.7646015351590183       2.6162940371253095E-10   2.7646015351590183       2.7522716781970917E-10   2.7646015351590183
2.7708847204661975        1.4022072092154384E-10   2.7708847204661975       1.529313098631712E-10    2.7708847204661975       1.6611656479796058E-10   2.7708847204661975       1.7974447106700545E-10   2.7708847204661975       1.9380725321591796E-10   2.7708847204661975       2.0786053297109716E-10   2.7708847204661975       2.2185812563970144E-10   2.7708847204661975       2.3584510237974605E-10   2.7708847204661975       2.4959775383076136E-10   2.7708847204661975       2.628690865793963E-10    2.7708847204661975
2.777167905773377         1.337242506345697E-10    2.777167905773377        1.4568145642821103E-10   2.777167905773377        1.58110920699845E-10     2.777167905773377        1.7094813581126489E-10   2.777167905773377        1.8419178242611394E-10   2.777167905773377        1.9744812884697769E-10   2.777167905773377        2.1064612804217836E-10   2.777167905773377        2.238618992495457E-10    2.777167905773377        2.36823978225711E-10     2.777167905773377        2.493464648595151E-10    2.777167905773377
2.7834510910805568        1.2952702476538276E-10   2.7834510910805568       1.4078859804591772E-10   2.7834510910805568       1.5249406641506922E-10   2.7834510910805568       1.6453824642428326E-10   2.7834510910805568       1.7692961081733538E-10   2.7834510910805568       1.8932953266333502E-10   2.7834510910805568       2.016332833423414E-10    2.7834510910805568       2.1395562377899214E-10   2.7834510910805568       2.259783248467601E-10    2.7834510910805568       2.375646802906112E-10    2.7834510910805568
2.7897342763877364        1.2671036335368338E-10   2.7897342763877364       1.3751513943057119E-10   2.7897342763877364       1.4873056942029605E-10   2.7897342763877364       1.602199370632779E-10    2.7897342763877364       1.7199285082669847E-10   2.7897342763877364       1.8377057976934702E-10   2.7897342763877364       1.9540514044565104E-10   2.7897342763877364       2.0704568002407306E-10   2.7897342763877364       2.18339118423879E-10     2.7897342763877364       2.2917818783374243E-10   2.7897342763877364
2.7960174616949156        1.2342292654227546E-10   2.7960174616949156       1.340140408120648E-10    2.7960174616949156       1.4499919941458535E-10   2.7960174616949156       1.5623318210558108E-10   2.7960174616949156       1.6771002867818424E-10   2.7960174616949156       1.792139964006778E-10    2.7960174616949156       1.9055442532243745E-10   2.7960174616949156       2.0189034146322298E-10   2.7960174616949156       2.1286215996011507E-10   2.7960174616949156       2.2337210005146718E-10   2.7960174616949156
2.8023006470020957        1.1839436510144747E-10   2.8023006470020957       1.2885192238170196E-10   2.8023006470020957       1.3970842792757785E-10   2.8023006470020957       1.5083530922151439E-10   2.8023006470020957       1.621967863446866E-10    2.8023006470020957       1.736353034015086E-10    2.8023006470020957       1.8493611807945523E-10   2.8023006470020957       1.962269641738886E-10    2.8023006470020957       2.0718426631430376E-10   2.8023006470020957       2.177046273951963E-10    2.8023006470020957
2.808583832309275         1.1189338665543843E-10   2.808583832309275        1.2209559907636348E-10   2.808583832309275        1.3270758609287986E-10   2.808583832309275        1.4363292981033402E-10   2.808583832309275        1.548021358341478E-10    2.808583832309275        1.6610220663551655E-10   2.808583832309275        1.7732483594156565E-10   2.808583832309275        1.8852599974039338E-10   2.808583832309275        1.9946069804543934E-10   2.808583832309275        2.1001281225087724E-10   2.808583832309275
2.8148670176164545        1.0537623104807347E-10   2.8148670176164545       1.1510533592359577E-10   2.8148670176164545       1.252373867844418E-10    2.8148670176164545       1.3570958764968065E-10   2.8148670176164545       1.4642529148797523E-10   2.8148670176164545       1.5729863307139357E-10   2.8148670176164545       1.681556037301092E-10    2.8148670176164545       1.7895864518982467E-10   2.8148670176164545       1.8956717599036376E-10   2.8148670176164545       1.9985320457971813E-10   2.8148670176164545
2.8211502029236346        1.0031880262238252E-10   2.8211502029236346       1.0943443911808997E-10   2.8211502029236346       1.189176062185813E-10    2.8211502029236346       1.2872922902337077E-10   2.8211502029236346       1.3875760329065386E-10   2.8211502029236346       1.4892776401788905E-10   2.8211502029236346       1.591142144949123E-10    2.8211502029236346       1.6918913908226002E-10   2.8211502029236346       1.7911774570537018E-10   2.8211502029236346       1.8876378526264133E-10   2.8211502029236346
2.827433388230814         9.712543121583713E-11    2.827433388230814        1.0567579170490967E-10   2.827433388230814        1.1454330946514664E-10   2.827433388230814        1.236970342381434E-10    2.827433388230814        1.3302167082462038E-10   2.827433388230814        1.4244175180858266E-10   2.827433388230814        1.518776697971937E-10    2.827433388230814        1.6113470292493245E-10   2.827433388230814        1.7026378016385308E-10   2.827433388230814        1.7912030213225427E-10   2.827433388230814
2.8337165735379934        9.481085998234628E-11    2.8337165735379934       1.0299063605427754E-10   2.8337165735379934       1.114515197385642E-10    2.8337165735379934       1.2015615787096155E-10   2.8337165735379934       1.289903467042858E-10    2.8337165735379934       1.3787618314282139E-10   2.8337165735379934       1.4676287562264853E-10   2.8337165735379934       1.5542280734737382E-10   2.8337165735379934       1.6395867014397535E-10   2.8337165735379934       1.7221380072598994E-10   2.8337165735379934
2.839999758845173         9.180287435124093E-11    2.839999758845173        9.979888346965126E-11    2.839999758845173        1.0807548265179412E-10   2.839999758845173        1.165824105402142E-10    2.839999758845173        1.252010466587403E-10    2.839999758845173        1.3386142117461905E-10   2.839999758845173        1.4251675222753125E-10   2.839999758845173        1.509416162297612E-10    2.839999758845173        1.5925018439404343E-10   2.839999758845173        1.6727463597717012E-10   2.839999758845173
2.8462829441523527        8.727915977237123E-11    2.8462829441523527       9.513584897837806E-11    2.8462829441523527       1.0330293874330609E-10   2.8462829441523527       1.1172236052890347E-10   2.8462829441523527       1.2025871934347806E-10   2.8462829441523527       1.2886802615401775E-10   2.8462829441523527       1.3748487344167352E-10   2.8462829441523527       1.4591365288028427E-10   2.8462829441523527       1.5424132111364023E-10   2.8462829441523527       1.6230296314570612E-10   2.8462829441523527
2.852566129459532         8.177786066034842E-11    2.852566129459532        8.937721571414689E-11    2.852566129459532        9.731817617255963E-11    2.852566129459532        1.0554862114361172E-10   2.852566129459532        1.1390597218983618E-10   2.852566129459532        1.2238662170673708E-10   2.852566129459532        1.308949467982382E-10    2.852566129459532        1.392798058765775E-10    2.852566129459532        1.4757187281216088E-10   2.852566129459532        1.5563638676774418E-10   2.852566129459532
2.858849314766712         7.663216525853221E-11    2.858849314766712        8.379244407102008E-11    2.858849314766712        9.129556557925485E-11    2.858849314766712        9.911090757778445E-11    2.858849314766712        1.0704745235741731E-10   2.858849314766712        1.1514210744100077E-10   2.858849314766712        1.2327165887411553E-10   2.858849314766712        1.3133115753580507E-10   2.858849314766712        1.3927990021852406E-10   2.858849314766712        1.4704408419956352E-10   2.858849314766712
2.865132500073891         7.291227166201079E-11    2.865132500073891        7.953641124708578E-11    2.865132500073891        8.646407827183662E-11    2.865132500073891        9.369756837994237E-11    2.865132500073891        1.0102635977657722E-10   2.865132500073891        1.0851109137673457E-10   2.865132500073891        1.1601395504641725E-10   2.865132500073891        1.234694816809468E-10    2.865132500073891        1.3076303372145272E-10   2.865132500073891        1.3790366938898965E-10   2.865132500073891
2.871415685381071         7.062870160050833E-11    2.871415685381071        7.678717851591207E-11    2.871415685381071        8.318758728661354E-11    2.871415685381071        8.986759022764021E-11    2.871415685381071        9.661333360420678E-11    2.871415685381071        1.0348282820598469E-10   2.871415685381071        1.103392073395919E-10    2.871415685381071        1.1714516997582882E-10   2.871415685381071        1.2371911870919295E-10   2.871415685381071        1.3015851673855078E-10   2.871415685381071
2.8776988706882505        6.86954783560961E-11     2.8776988706882505       7.457042279966835E-11    2.8776988706882505       8.063782349437604E-11    2.8776988706882505       8.695972233107146E-11    2.8776988706882505       9.333889687958258E-11    2.8776988706882505       9.980667391634513E-11    2.8776988706882505       1.0623931874408959E-10   2.8776988706882505       1.1261242176227217E-10   2.8776988706882505       1.1869424318935532E-10   2.8776988706882505       1.246586001493188E-10    2.8776988706882505
2.88398205599543          6.584574878500846E-11    2.88398205599543         7.159018006227059E-11    2.88398205599543         7.751560537200492E-11    2.88398205599543         8.368476661536261E-11    2.88398205599543         8.993667542325377E-11    2.88398205599543         9.626166936465691E-11    2.88398205599543         1.0255774913498832E-10   2.88398205599543         1.0879569767542622E-10   2.88398205599543         1.1472128040328406E-10   2.88398205599543         1.2055626980369482E-10   2.88398205599543
2.8902652413026098        6.174679340086808E-11    2.8902652413026098       6.73791309497018E-11     2.8902652413026098       7.321789513640942E-11    2.8902652413026098       7.929966825246676E-11    2.8902652413026098       8.551339636057159E-11    2.8902652413026098       9.180380862639543E-11    2.8902652413026098       9.809782393378771E-11    2.8902652413026098       1.0434787338381838E-10   2.8902652413026098       1.1031034191841131E-10   2.8902652413026098       1.1621423073568861E-10   2.8902652413026098
2.8965484266097894        5.718487398533328E-11    2.8965484266097894       6.258789717418111E-11    2.8965484266097894       6.82340319576839E-11     2.8965484266097894       7.411511238815505E-11    2.8965484266097894       8.017436083430996E-11    2.8965484266097894       8.631240232378381E-11    2.8965484266097894       9.249030999432024E-11    2.8965484266097894       9.864023524620278E-11    2.8965484266097894       1.0455563563528765E-10   2.8965484266097894       1.1043055155040075E-10   2.8965484266097894
2.902831611916969         5.330801355580844E-11    2.902831611916969        5.832703933862793E-11    2.902831611916969        6.360915213243109E-11    2.902831611916969        6.909444986746005E-11    2.902831611916969        7.477804649977018E-11    2.902831611916969        8.05200693588148E-11     2.902831611916969        8.631684783494444E-11    2.902831611916969        9.209005830367638E-11    2.902831611916969        9.768001749940053E-11    2.902831611916969        1.0321689095485214E-10   2.902831611916969
2.9091147972241482        5.0748373893808774E-11   2.9091147972241482       5.532082744119082E-11    2.9091147972241482       6.015220419050374E-11    2.9091147972241482       6.51306425623209E-11     2.9091147972241482       7.02998524416184E-11     2.9091147972241482       7.548205318412201E-11    2.9091147972241482       8.070517112959061E-11    2.9091147972241482       8.589419091720065E-11    2.9091147972241482       9.092975270355445E-11    2.9091147972241482       9.587018350363209E-11    2.9091147972241482
2.9153979825313283        4.914356947537187E-11    2.9153979825313283       5.335168636842605E-11    2.9153979825313283       5.7806408712143254E-11   2.9153979825313283       6.234653635026945E-11    2.9153979825313283       6.706135340691887E-11    2.9153979825313283       7.173833753387817E-11    2.9153979825313283       7.642772986362065E-11    2.9153979825313283       8.106861439769138E-11    2.9153979825313283       8.556784121067613E-11    2.9153979825313283       8.991998000675364E-11    2.9153979825313283
2.9216811678385075        4.738981997420595E-11    2.9216811678385075       5.1389812292114967E-11   2.9216811678385075       5.5636723530988687E-11   2.9216811678385075       5.992823536098934E-11    2.9216811678385075       6.43913240547149E-11     2.9216811678385075       6.878877768807163E-11    2.9216811678385075       7.317623411495523E-11    2.9216811678385075       7.751418695532177E-11    2.9216811678385075       8.172245631819796E-11    2.9216811678385075       8.574541964815611E-11    2.9216811678385075
2.927964353145687         4.46296927488363E-11     2.927964353145687        4.8531712370403277E-11   2.927964353145687        5.269809346709164E-11    2.927964353145687        5.6903744432801985E-11   2.927964353145687        6.1296659997369E-11      2.927964353145687        6.563465962260694E-11    2.927964353145687        6.995694746180558E-11    2.927964353145687        7.425030721886783E-11    2.927964353145687        7.843926097078665E-11    2.927964353145687        8.243113363662703E-11    2.927964353145687
2.934247538452867         4.101666001441795E-11    2.934247538452867        4.481407521634886E-11    2.934247538452867        4.889444565496409E-11    2.934247538452867        5.303568660775696E-11    2.934247538452867        5.7384461526010294E-11   2.934247538452867        6.171749935270355E-11    2.934247538452867        6.604076652150314E-11    2.934247538452867        7.036622241960829E-11    2.934247538452867        7.462252400666774E-11    2.934247538452867        7.869312368520893E-11    2.934247538452867
2.9405307237600464        3.744394052359452E-11    2.9405307237600464       4.102969775739728E-11    2.9405307237600464       4.489613082488026E-11    2.9405307237600464       4.8847222800844614E-11   2.9405307237600464       5.300708808759359E-11    2.9405307237600464       5.719142601025518E-11    2.9405307237600464       6.136970136444136E-11    2.9405307237600464       6.556780941359837E-11    2.9405307237600464       6.972760743483677E-11    2.9405307237600464       7.372189061491941E-11    2.9405307237600464
2.9468139090672256        3.4746814196787016E-11   2.9468139090672256       3.800668054140871E-11    2.9468139090672256       4.151506966194316E-11    2.9468139090672256       4.511405151429521E-11    2.9468139090672256       4.889000073388349E-11    2.9468139090672256       5.270929365876677E-11    2.9468139090672256       5.651407924931407E-11    2.9468139090672256       6.032565087220255E-11    2.9468139090672256       6.41140383805271E-11     2.9468139090672256       6.775090179432254E-11    2.9468139090672256
2.9530970943744057        3.311581452595837E-11    2.9530970943744057       3.603239370476401E-11    2.9530970943744057       3.91476549302424E-11     2.9530970943744057       4.2341910747584463E-11   2.9530970943744057       4.565707261792971E-11    2.9530970943744057       4.90123550212542E-11     2.9530970943744057       5.2336584183606304E-11   2.9530970943744057       5.562802468715378E-11    2.9530970943744057       5.889643795390616E-11    2.9530970943744057       6.201742142665093E-11    2.9530970943744057
2.9593802796815853        3.191926059628148E-11    2.9593802796815853       3.458890227101788E-11    2.9593802796815853       3.741450594583354E-11    2.9593802796815853       4.030620161739124E-11    2.9593802796815853       4.326427380724407E-11    2.9593802796815853       4.6254871782080886E-11   2.9593802796815853       4.9206192553694025E-11   2.9593802796815853       5.20790464134992E-11     2.9593802796815853       5.4924778270362014E-11   2.9593802796815853       5.762989552574001E-11    2.9593802796815853
2.9656634649887645        3.019852662863685E-11    2.9656634649887645       3.274931168434578E-11    2.9656634649887645       3.5439559355361463E-11   2.9656634649887645       3.819597559791243E-11    2.9656634649887645       4.098849506020135E-11    2.9656634649887645       4.381923957970382E-11    2.9656634649887645       4.662647455395001E-11    2.9656634649887645       4.932301185998645E-11    2.9656634649887645       5.199572238076006E-11    2.9656634649887645       5.455550024541374E-11    2.9656634649887645
2.9719466502959446        2.759996798996928E-11    2.9719466502959446       3.009771368413025E-11    2.9719466502959446       3.2744141646318206E-11   2.9719466502959446       3.5468820018066444E-11   2.9719466502959446       3.822759300892788E-11    2.9719466502959446       4.1044445554239485E-11   2.9719466502959446       4.387845984458028E-11    2.9719466502959446       4.658934310064877E-11    2.9719466502959446       4.929031430224163E-11    2.9719466502959446       5.193133306395116E-11    2.9719466502959446
2.978229835603124         2.465227996777466E-11    2.978229835603124        2.706120024214E-11       2.978229835603124        2.9634673647070127E-11   2.978229835603124        3.2295210545002185E-11   2.978229835603124        3.5001139382293644E-11   2.978229835603124        3.7783540790041016E-11   2.978229835603124        4.06311964166044E-11     2.978229835603124        4.335530496059312E-11    2.978229835603124        4.608526411257219E-11    2.978229835603124        4.88169808418337E-11     2.978229835603124
2.9845130209103035        2.2148787282850637E-11   2.9845130209103035       2.4364038791024863E-11   2.9845130209103035       2.674382865010275E-11    2.9845130209103035       2.920033914835252E-11    2.9845130209103035       3.1705901252981815E-11   2.9845130209103035       3.42887776226326E-11     2.9845130209103035       3.6967641002296704E-11   2.9845130209103035       3.9521294265811647E-11   2.9845130209103035       4.208474405823363E-11    2.9845130209103035       4.469534995783219E-11    2.9845130209103035
2.990796206217483         2.0530893376248117E-11   2.990796206217483        2.2471469055505734E-11   2.990796206217483        2.4552538465524224E-11   2.990796206217483        2.668013859380694E-11    2.990796206217483        2.8843179411553927E-11   2.990796206217483        3.1064309206187544E-11   2.990796206217483        3.3382364468448634E-11   2.990796206217483        3.556613114063368E-11    2.990796206217483        3.774696502273609E-11    2.990796206217483        3.998943008423906E-11    2.990796206217483
2.9970793915246627        1.9613699763970585E-11   2.9970793915246627       2.1297927515020943E-11   2.9970793915246627       2.3087059567437337E-11   2.9970793915246627       2.4889993546497102E-11   2.9970793915246627       2.67071044770965E-11     2.9970793915246627       2.855346328000501E-11    2.9970793915246627       3.047847136278521E-11    2.9970793915246627       3.225964448896867E-11    2.9970793915246627       3.401832463787593E-11    2.9970793915246627       3.582646803873933E-11    2.9970793915246627
3.003362576831842         1.8643253036538035E-11   3.003362576831842        2.016694709707691E-11    3.003362576831842        2.1769929994834245E-11   3.003362576831842        2.3373136602174422E-11   3.003362576831842        2.4980499864031193E-11   3.003362576831842        2.659285858665946E-11    3.003362576831842        2.8268476900176942E-11   3.003362576831842        2.9804037630810236E-11   3.003362576831842        3.130602568288504E-11    3.003362576831842        3.283499879277032E-11    3.003362576831842
3.009645762139022         1.6975590865543918E-11   3.009645762139022        1.8429751045547437E-11   3.009645762139022        1.9958853047170642E-11   3.009645762139022        2.1503229129435852E-11   3.009645762139022        2.3062617459989243E-11   3.009645762139022        2.4617575774387723E-11   3.009645762139022        2.6234369586798403E-11   3.009645762139022        2.7736992129500312E-11   3.009645762139022        2.921001684735037E-11    3.009645762139022        3.0691187323451614E-11   3.009645762139022
3.015928947446201         1.4763425953273055E-11   3.015928947446201        1.6174158457948E-11      3.015928947446201        1.7669330191400498E-11   3.015928947446201        1.9213797448189124E-11   3.015928947446201        2.0796428957416256E-11   3.015928947446201        2.238061614067692E-11    3.015928947446201        2.4030063012828312E-11   3.015928947446201        2.5609242507082784E-11   3.015928947446201        2.717060388624344E-11    3.015928947446201        2.872731185124129E-11    3.015928947446201
3.022212132753381         1.2671152500576082E-11   3.022212132753381        1.398529345115911E-11    3.022212132753381        1.538993366281347E-11    3.022212132753381        1.6874167389114462E-11   3.022212132753381        1.841333901099933E-11    3.022212132753381        1.996434054994316E-11    3.022212132753381        2.157102969154293E-11    3.022212132753381        2.3153825345033907E-11   3.022212132753381        2.4724703852655792E-11   3.022212132753381        2.6277483352808403E-11   3.022212132753381
3.028495318060561         1.1187698032674196E-11   3.028495318060561        1.2315955460034553E-11   3.028495318060561        1.352536595694035E-11    3.028495318060561        1.4822488691618598E-11   3.028495318060561        1.617322161229671E-11    3.028495318060561        1.7536008141395705E-11   3.028495318060561        1.892287924205199E-11    3.028495318060561        2.0319288625855737E-11   3.028495318060561        2.169607659032149E-11    3.028495318060561        2.3034122876722606E-11   3.028495318060561
3.03477850336774          1.0391522918939133E-11   3.03477850336774         1.1295999993617499E-11   3.03477850336774         1.2258535032770137E-11   3.03477850336774         1.3295969879210447E-11   3.03477850336774         1.4372539356552356E-11   3.03477850336774         1.544847516430531E-11    3.03477850336774         1.6502483396963633E-11   3.03477850336774         1.758344335492316E-11    3.03477850336774         1.8627757714459562E-11   3.03477850336774         1.9606914819296347E-11   3.03477850336774
3.0410616886749198        9.880267830173804E-12    3.0410616886749198       1.0613214569418766E-11   3.0410616886749198       1.1380593487926836E-11   3.0410616886749198       1.2206035456230468E-11   3.0410616886749198       1.3057540432075297E-11   3.0410616886749198       1.3895658998691741E-11   3.0410616886749198       1.4669882738998855E-11   3.0410616886749198       1.5480902760188413E-11   3.0410616886749198       1.6240377714000657E-11   3.0410616886749198       1.691286760450888E-11    3.0410616886749198
3.0473448739820994        8.977616521828782E-12    3.0473448739820994       9.629167334218876E-12    3.0473448739820994       1.0305746376458758E-11   3.0473448739820994       1.1033134933157656E-11   3.0473448739820994       1.1784712036173553E-11   3.0473448739820994       1.2525747042634548E-11   3.0473448739820994       1.3181401712646741E-11   3.0473448739820994       1.3884613431826216E-11   3.0473448739820994       1.4533250189508167E-11   3.0473448739820994       1.5089264756259085E-11   3.0473448739820994
3.053628059289279         7.489681470184792E-12    3.053628059289279        8.123267281623768E-12    3.053628059289279        8.790513902629554E-12    3.053628059289279        9.510398437880814E-12    3.053628059289279        1.0262698481207982E-11   3.053628059289279        1.1024020929455505E-11   3.053628059289279        1.170406513718593E-11    3.053628059289279        1.2443406632974489E-11   3.053628059289279        1.3139511819420395E-11   3.053628059289279        1.3756321042822553E-11   3.053628059289279
3.0599112445964582        5.9175625143918835E-12   3.0599112445964582       6.53875568125215E-12     3.0599112445964582       7.208493208610644E-12    3.0599112445964582       7.932217402288283E-12    3.0599112445964582       8.697485938765875E-12    3.0599112445964582       9.4912124951537E-12      3.0599112445964582       1.0226457296562737E-11   3.0599112445964582       1.1025043068344757E-11   3.0599112445964582       1.1799918247993491E-11   3.0599112445964582       1.251950410317668E-11    3.0599112445964582
3.0661944299036383        4.739126913882443E-12    3.0661944299036383       5.291423060853316E-12    3.0661944299036383       5.895936313149566E-12    3.0661944299036383       6.546851959311365E-12    3.0661944299036383       7.2377011191983555E-12   3.0661944299036383       7.957993429836435E-12    3.0661944299036383       8.648023883077867E-12    3.0661944299036383       9.387214785879423E-12    3.0661944299036383       1.011964284652995E-11    3.0661944299036383       1.0818911712879262E-11   3.0661944299036383
3.0724776152108175        4.074447663438937E-12    3.0724776152108175       4.492891883363258E-12    3.0724776152108175       4.949160328076032E-12    3.0724776152108175       5.4347510087410795E-12   3.0724776152108175       5.942474730847861E-12    3.0724776152108175       6.462074959970188E-12    3.0724776152108175       6.974174226221244E-12    3.0724776152108175       7.502111497098913E-12    3.0724776152108175       8.031187573174671E-12    3.0724776152108175       8.539850842883153E-12    3.0724776152108175
3.078760800517997         3.823853797697421E-12    3.078760800517997        4.1103168844365E-12      3.078760800517997        4.411876021943183E-12    3.078760800517997        4.723450159331904E-12    3.078760800517997        5.030723713911146E-12    3.078760800517997        5.330412431889468E-12    3.078760800517997        5.639088458920892E-12    3.078760800517997        5.9237443150848344E-12   3.078760800517997        6.210636516796134E-12    3.078760800517997        6.483984378883196E-12    3.078760800517997
3.0850439858251772        3.5303189732130347E-12   3.0850439858251772       3.743409487447751E-12    3.0850439858251772       3.956639042196962E-12    3.0850439858251772       4.1673040782329075E-12   3.0850439858251772       4.35430433192509E-12     3.0850439858251772       4.525291436345814E-12    3.0850439858251772       4.723273634394636E-12    3.0850439858251772       4.866309124843207E-12    3.0850439858251772       5.0129140336391585E-12   3.0850439858251772       5.156905536954487E-12    3.0850439858251772
3.0913271711323564        2.7366189852481627E-12   3.0913271711323564       2.928674592130298E-12    3.0913271711323564       3.1209130902425626E-12   3.0913271711323564       3.3099997951613074E-12   3.0913271711323564       3.4741768948391453E-12   3.0913271711323564       3.622291180843253E-12    3.0913271711323564       3.8218331604717765E-12   3.0913271711323564       3.951643787794099E-12    3.0913271711323564       4.093157587771673E-12    3.0913271711323564       4.249356971742299E-12    3.0913271711323564
3.097610356439536         1.7313285165794108E-12   3.097610356439536        1.930120972255758E-12    3.097610356439536        2.137417952171457E-12    3.097610356439536        2.3515374754145783E-12   3.097610356439536        2.5557330578442723E-12   3.097610356439536        2.7425645252425705E-12   3.097610356439536        3.005279097010684E-12    3.097610356439536        3.1981388202056124E-12   3.097610356439536        3.418232025825377E-12    3.097610356439536        3.667259511319675E-12    3.097610356439536
3.1038935417467157        1.0602006605625455E-12   3.1038935417467157       1.258729492626824E-12    3.1038935417467157       1.4704939890496843E-12   3.1038935417467157       1.6989674886824744E-12   3.1038935417467157       1.9345447079633544E-12   3.1038935417467157       2.146958853734787E-12    3.1038935417467157       2.446977335350803E-12    3.1038935417467157       2.6847345765742877E-12   3.1038935417467157       2.9622210487614425E-12   3.1038935417467157       3.2725802378719594E-12   3.1038935417467157
3.1101767270538954        6.892736843996985E-13    3.1101767270538954       8.344658930405094E-13    3.1101767270538954       9.89122045388434E-13     3.1101767270538954       1.1572672466731351E-12   3.1101767270538954       1.3354036424567526E-12   3.1101767270538954       1.4867963090915857E-12   3.1101767270538954       1.7173929043610572E-12   3.1101767270538954       1.8932487854140633E-12   3.1101767270538954       2.1049905953313505E-12   3.1101767270538954       2.3460398383015924E-12   3.1101767270538954
3.1164599123610746        5.304592502668175E-13    3.1164599123610746       5.902536899246446E-13    3.1164599123610746       6.519052188461057E-13    3.1164599123610746       7.114729101729334E-13    3.1164599123610746       7.675950082478399E-13    3.1164599123610746       8.042132480029647E-13    3.1164599123610746       8.957451155144537E-13    3.1164599123610746       9.392336559337532E-13    3.1164599123610746       1.0003115614708836E-12   3.1164599123610746       1.0831103919513023E-12   3.1164599123610746
3.1227430976682546        7.15716449129993E-13     3.1227430976682546       7.354355433313307E-13    3.1227430976682546       7.523082159348782E-13    3.1227430976682546       7.547648285930279E-13    3.1227430976682546       7.394787647970936E-13    3.1227430976682546       7.202192513459767E-13    3.1227430976682546       7.283816342232207E-13    3.1227430976682546       7.000218599878232E-13    3.1227430976682546       6.729063595546717E-13    3.1227430976682546       6.565209125810102E-13    3.1227430976682546
3.129026282975434         8.174788197100449E-13    3.129026282975434        8.423789270649992E-13    3.129026282975434        8.643919240380627E-13    3.129026282975434        8.732120513658683E-13    3.129026282975434        8.642447552589785E-13    3.129026282975434        8.611976659042824E-13    3.129026282975434        8.667425465930077E-13    3.129026282975434        8.525566992268513E-13    3.129026282975434        8.349253195041491E-13    3.129026282975434        8.187366439350776E-13    3.129026282975434
3.1353094682826135        3.664092656609363E-13    3.1353094682826135       3.8125315969683503E-13   3.1353094682826135       3.9512557464903477E-13   3.1353094682826135       4.0448114008265695E-13   3.1353094682826135       4.072226787019831E-13    3.1353094682826135       4.1365493109082143E-13   3.1353094682826135       4.2130116898735313E-13   3.1353094682826135       4.235943705683317E-13    3.1353094682826135       4.2446899020691577E-13   3.1353094682826135       4.245275350451366E-13    3.1353094682826135
3.141592653589793         1.6861605793722696E-40   3.141592653589793        1.7602687091764714E-40   3.141592653589793        1.8303887569699904E-40   3.141592653589793        1.8817574125259696E-40   3.141592653589793        1.904746495336424E-40    3.141592653589793        1.945528802346696E-40    3.141592653589793        1.989413070460689E-40    3.141592653589793        2.0126168873309396E-40   3.141592653589793        2.029894630600773E-40    3.141592653589793        2.041893671340226E-40    3.141592653589793
3.1478758388969728        3.6640926566093796E-13   3.135309468282614        3.812531596968184E-13    3.135309468282614        3.951255746490163E-13    3.135309468282614        4.0448114008263863E-13   3.135309468282614        4.0722267870195917E-13   3.135309468282614        4.1365493109079785E-13   3.135309468282614        4.2130116898733763E-13   3.135309468282614        4.2359437056829163E-13   3.135309468282614        4.2446899020689774E-13   3.135309468282614        4.245275350451304E-13    3.135309468282614
3.1541590242041524        8.174788197100632E-13    3.1290262829754343       8.423789270650368E-13    3.1290262829754343       8.643919240380482E-13    3.1290262829754343       8.732120513657962E-13    3.1290262829754343       8.642447552589744E-13    3.1290262829754343       8.611976659042653E-13    3.1290262829754343       8.667425465929895E-13    3.1290262829754343       8.525566992269227E-13    3.1290262829754343       8.34925319504116E-13     3.1290262829754343       8.187366439350904E-13    3.1290262829754343
3.160442209511332         7.157164491299858E-13    3.1227430976682546       7.354355433313018E-13    3.1227430976682546       7.523082159347977E-13    3.1227430976682546       7.547648285929992E-13    3.1227430976682546       7.394787647970439E-13    3.1227430976682546       7.202192513459669E-13    3.1227430976682546       7.283816342231875E-13    3.1227430976682546       7.000218599877975E-13    3.1227430976682546       6.729063595546997E-13    3.1227430976682546       6.565209125809697E-13    3.1227430976682546
3.1667253948185117        5.304592502669395E-13    3.116459912361075        5.902536899248586E-13    3.116459912361075        6.519052188462658E-13    3.116459912361075        7.114729101731937E-13    3.116459912361075        7.675950082483887E-13    3.116459912361075        8.04213248003008E-13     3.116459912361075        8.957451155147854E-13    3.116459912361075        9.392336559342441E-13    3.116459912361075        1.000311561471187E-12    3.116459912361075        1.083110391951256E-12    3.116459912361075
3.173008580125691         6.892736843996584E-13    3.110176727053896        8.34465893040543E-13     3.110176727053896        9.891220453884345E-13    3.110176727053896        1.157267246673075E-12    3.110176727053896        1.3354036424567674E-12   3.110176727053896        1.486796309091578E-12    3.110176727053896        1.7173929043609962E-12   3.110176727053896        1.893248785413927E-12    3.110176727053896        2.1049905953313246E-12   3.110176727053896        2.3460398383015924E-12   3.110176727053896
3.179291765432871         1.060200660562543E-12    3.1038935417467157       1.2587294926268012E-12   3.1038935417467157       1.4704939890497156E-12   3.1038935417467157       1.6989674886823888E-12   3.1038935417467157       1.9345447079633496E-12   3.1038935417467157       2.146958853734841E-12    3.1038935417467157       2.4469773353507843E-12   3.1038935417467157       2.6847345765743527E-12   3.1038935417467157       2.9622210487614187E-12   3.1038935417467157       3.2725802378720276E-12   3.1038935417467157
3.18557495074005          1.7313285165793662E-12   3.0976103564395365       1.930120972255786E-12    3.0976103564395365       2.1374179521715123E-12   3.0976103564395365       2.3515374754145205E-12   3.0976103564395365       2.5557330578441673E-12   3.0976103564395365       2.7425645252425773E-12   3.0976103564395365       3.0052790970107056E-12   3.0976103564395365       3.1981388202056713E-12   3.0976103564395365       3.4182320258253134E-12   3.0976103564395365       3.667259511319665E-12    3.0976103564395365
3.19185813604723          2.736618985248689E-12    3.091327171132357        2.9286745921303504E-12   3.091327171132357        3.120913090242817E-12    3.091327171132357        3.3099997951620017E-12   3.091327171132357        3.474176894839301E-12    3.091327171132357        3.6222911808433745E-12   3.091327171132357        3.821833160471748E-12    3.091327171132357        3.9516437877949215E-12   3.091327171132357        4.0931575877723635E-12   3.091327171132357        4.2493569717414854E-12   3.091327171132357
3.1981413213544094        3.5303189732131235E-12   3.0850439858251772       3.7434094874478745E-12   3.0850439858251772       3.956639042196974E-12    3.0850439858251772       4.167304078232911E-12    3.0850439858251772       4.354304331925143E-12    3.0850439858251772       4.525291436345854E-12    3.0850439858251772       4.723273634394595E-12    3.0850439858251772       4.866309124843153E-12    3.0850439858251772       5.012914033639191E-12    3.0850439858251772       5.156905536954614E-12    3.0850439858251772
3.204424506661589         3.823853797697489E-12    3.0787608005179976       4.110316884436624E-12    3.0787608005179976       4.411876021943149E-12    3.0787608005179976       4.723450159331974E-12    3.0787608005179976       5.030723713911247E-12    3.0787608005179976       5.330412431889356E-12    3.0787608005179976       5.6390884589206694E-12   3.0787608005179976       5.92374431508488E-12     3.0787608005179976       6.210636516796088E-12    3.0787608005179976       6.48398437888322E-12     3.0787608005179976
3.2107076919687683        4.07444766343891E-12     3.0724776152108184       4.492891883363114E-12    3.0724776152108184       4.949160328076106E-12    3.0724776152108184       5.4347510087410835E-12   3.0724776152108184       5.9424747308477805E-12   3.0724776152108184       6.4620749599700655E-12   3.0724776152108184       6.974174226220886E-12    3.0724776152108184       7.502111497098632E-12    3.0724776152108184       8.031187573174522E-12    3.0724776152108184       8.539850842882915E-12    3.0724776152108184
3.2169908772759483        4.739126913882472E-12    3.0661944299036383       5.291423060853339E-12    3.0661944299036383       5.895936313149585E-12    3.0661944299036383       6.546851959311326E-12    3.0661944299036383       7.237701119198431E-12    3.0661944299036383       7.957993429836494E-12    3.0661944299036383       8.648023883078071E-12    3.0661944299036383       9.38721478587936E-12     3.0661944299036383       1.011964284652986E-11    3.0661944299036383       1.0818911712879111E-11   3.0661944299036383
3.223274062583128         5.917562514391976E-12    3.0599112445964587       6.538755681251996E-12    3.0599112445964587       7.208493208610593E-12    3.0599112445964587       7.932217402288278E-12    3.0599112445964587       8.69748593876578E-12     3.0599112445964587       9.491212495153634E-12    3.0599112445964587       1.0226457296562662E-11   3.0599112445964587       1.102504306834479E-11    3.0599112445964587       1.1799918247993616E-11   3.0599112445964587       1.2519504103176592E-11   3.0599112445964587
3.229557247890307         7.489681470184932E-12    3.0536280592892795       8.123267281623833E-12    3.0536280592892795       8.790513902629402E-12    3.0536280592892795       9.510398437881055E-12    3.0536280592892795       1.0262698481207693E-11   3.0536280592892795       1.1024020929455432E-11   3.0536280592892795       1.1704065137185901E-11   3.0536280592892795       1.2443406632974178E-11   3.0536280592892795       1.3139511819420627E-11   3.0536280592892795       1.375632104282248E-11    3.0536280592892795
3.2358404331974873        8.977616521828715E-12    3.0473448739820994       9.629167334218836E-12    3.0473448739820994       1.0305746376458748E-11   3.0473448739820994       1.1033134933157927E-11   3.0473448739820994       1.178471203617355E-11    3.0473448739820994       1.2525747042634404E-11   3.0473448739820994       1.3181401712646727E-11   3.0473448739820994       1.3884613431826311E-11   3.0473448739820994       1.453325018950807E-11    3.0473448739820994       1.508926475625933E-11    3.0473448739820994
3.2421236185046665        9.880267830173573E-12    3.04106168867492         1.0613214569418447E-11   3.04106168867492         1.1380593487926674E-11   3.04106168867492         1.2206035456230578E-11   3.04106168867492         1.3057540432075238E-11   3.04106168867492         1.3895658998691783E-11   3.04106168867492         1.4669882738998874E-11   3.04106168867492         1.5480902760188245E-11   3.04106168867492         1.624037771400054E-11    3.04106168867492         1.6912867604508904E-11   3.04106168867492
3.248406803811846         1.0391522918938888E-11   3.0347785033677406       1.1295999993617547E-11   3.0347785033677406       1.2258535032770386E-11   3.0347785033677406       1.3295969879210383E-11   3.0347785033677406       1.4372539356552322E-11   3.0347785033677406       1.544847516430511E-11    3.0347785033677406       1.6502483396963688E-11   3.0347785033677406       1.7583443354923167E-11   3.0347785033677406       1.8627757714459204E-11   3.0347785033677406       1.9606914819296188E-11   3.0347785033677406
3.2546899891190257        1.1187698032674204E-11   3.028495318060561        1.2315955460034661E-11   3.028495318060561        1.3525365956940179E-11   3.028495318060561        1.482248869161863E-11    3.028495318060561        1.6173221612297044E-11   3.028495318060561        1.7536008141396132E-11   3.028495318060561        1.8922879242052175E-11   3.028495318060561        2.03192886258563E-11     3.028495318060561        2.1696076590321758E-11   3.028495318060561        2.30341228767226E-11     3.028495318060561
3.2609731744262054        1.2671152500575965E-11   3.0222121327533813       1.3985293451159208E-11   3.0222121327533813       1.5389933662813412E-11   3.0222121327533813       1.687416738911414E-11    3.0222121327533813       1.8413339010999324E-11   3.0222121327533813       1.99643405499425E-11     3.0222121327533813       2.157102969154271E-11    3.0222121327533813       2.3153825345033784E-11   3.0222121327533813       2.472470385265575E-11    3.0222121327533813       2.62774833528085E-11     3.0222121327533813
3.2672563597333846        1.476342595327289E-11    3.015928947446202        1.617415845794797E-11    3.015928947446202        1.7669330191400255E-11   3.015928947446202        1.9213797448188805E-11   3.015928947446202        2.0796428957416156E-11   3.015928947446202        2.2380616140677106E-11   3.015928947446202        2.4030063012827814E-11   3.015928947446202        2.5609242507082726E-11   3.015928947446202        2.717060388624339E-11    3.015928947446202        2.8727311851240688E-11   3.015928947446202
3.2735395450405647        1.6975590865544147E-11   3.009645762139022        1.8429751045547582E-11   3.009645762139022        1.995885304717055E-11    3.009645762139022        2.1503229129435978E-11   3.009645762139022        2.3062617459989087E-11   3.009645762139022        2.4617575774388017E-11   3.009645762139022        2.6234369586798697E-11   3.009645762139022        2.773699212950049E-11    3.009645762139022        2.921001684735047E-11    3.009645762139022        3.0691187323451355E-11   3.009645762139022
3.279822730347744         1.864325303653734E-11    3.003362576831843        2.0166947097077983E-11   3.003362576831843        2.1769929994833053E-11   3.003362576831843        2.33731366021747E-11     3.003362576831843        2.4980499864030457E-11   3.003362576831843        2.659285858665933E-11    3.003362576831843        2.8268476900178528E-11   3.003362576831843        2.980403763081062E-11    3.003362576831843        3.130602568288415E-11    3.003362576831843        3.283499879276917E-11    3.003362576831843
3.2861059156549235        1.961369976397025E-11    2.997079391524663        2.1297927515021295E-11   2.997079391524663        2.308705956743925E-11    2.997079391524663        2.488999354649743E-11    2.997079391524663        2.6707104477096677E-11   2.997079391524663        2.855346328000292E-11    2.997079391524663        3.047847136278602E-11    2.997079391524663        3.225964448896873E-11    2.997079391524663        3.401832463787543E-11    2.997079391524663        3.582646803873891E-11    2.997079391524663
3.2923891009621036        2.0530893376248163E-11   2.990796206217483        2.2471469055505983E-11   2.990796206217483        2.455253846552424E-11    2.990796206217483        2.6680138593807068E-11   2.990796206217483        2.8843179411553862E-11   2.990796206217483        3.106430920618786E-11    2.990796206217483        3.3382364468448537E-11   2.990796206217483        3.55661311406334E-11     2.990796206217483        3.77469650227364E-11     2.990796206217483        3.998943008423947E-11    2.990796206217483
3.2986722862692828        2.214878728285086E-11    2.984513020910304        2.436403879102469E-11    2.984513020910304        2.674382865010235E-11    2.984513020910304        2.920033914835252E-11    2.984513020910304        3.170590125298207E-11    2.984513020910304        3.4288777622632525E-11   2.984513020910304        3.6967641002296755E-11   2.984513020910304        3.952129426581178E-11    2.984513020910304        4.2084744058233415E-11   2.984513020910304        4.469534995783189E-11    2.984513020910304
3.3049554715764624        2.4652279967774557E-11   2.9782298356031243       2.7061200242140402E-11   2.9782298356031243       2.963467364707003E-11    2.9782298356031243       3.229521054500179E-11    2.9782298356031243       3.500113938229313E-11    2.9782298356031243       3.7783540790039995E-11   2.9782298356031243       4.063119641660473E-11    2.9782298356031243       4.3355304960593235E-11   2.9782298356031243       4.6085264112572295E-11   2.9782298356031243       4.881698084183412E-11    2.9782298356031243
3.311238656883642         2.7599967989969154E-11   2.9719466502959446       3.00977136841301E-11     2.9719466502959446       3.274414164631769E-11    2.9719466502959446       3.546882001806639E-11    2.9719466502959446       3.8227593008927825E-11   2.9719466502959446       4.104444555423929E-11    2.9719466502959446       4.3878459844580496E-11   2.9719466502959446       4.658934310064884E-11    2.9719466502959446       4.929031430224102E-11    2.9719466502959446       5.193133306395165E-11    2.9719466502959446
3.3175218421908217        3.019852662863664E-11    2.965663464988765        3.274931168434588E-11    2.965663464988765        3.543955935536064E-11    2.965663464988765        3.8195975597912136E-11   2.965663464988765        4.098849506020185E-11    2.965663464988765        4.3819239579703835E-11   2.965663464988765        4.6626474553949665E-11   2.965663464988765        4.9323011859986606E-11   2.965663464988765        5.199572238075969E-11    2.965663464988765        5.455550024541441E-11    2.965663464988765
3.323805027498001         3.19192605962815E-11     2.959380279681586        3.4588902271018696E-11   2.959380279681586        3.741450594583361E-11    2.959380279681586        4.0306201617391504E-11   2.959380279681586        4.3264273807244745E-11   2.959380279681586        4.625487178208103E-11    2.959380279681586        4.920619255369373E-11    2.959380279681586        5.207904641349851E-11    2.959380279681586        5.4924778270362447E-11   2.959380279681586        5.7629895525740155E-11   2.959380279681586
3.330088212805181         3.3115814525958254E-11   2.9530970943744057       3.6032393704763707E-11   2.9530970943744057       3.9147654930242514E-11   2.9530970943744057       4.234191074758433E-11    2.9530970943744057       4.565707261792921E-11    2.9530970943744057       4.9012355021254486E-11   2.9530970943744057       5.233658418360676E-11    2.9530970943744057       5.56280246871541E-11     2.9530970943744057       5.889643795390655E-11    2.9530970943744057       6.201742142665136E-11    2.9530970943744057
3.33637139811236          3.474681419678651E-11    2.9468139090672265       3.8006680541407175E-11   2.9468139090672265       4.1515069661943245E-11   2.9468139090672265       4.511405151429569E-11    2.9468139090672265       4.8890000733883744E-11   2.9468139090672265       5.270929365876517E-11    2.9468139090672265       5.651407924931193E-11    2.9468139090672265       6.032565087220194E-11    2.9468139090672265       6.411403838052564E-11    2.9468139090672265       6.77509017943226E-11     2.9468139090672265
3.34265458341954          3.7443940523594725E-11   2.940530723760047        4.102969775739729E-11    2.940530723760047        4.4896130824879975E-11   2.940530723760047        4.8847222800844374E-11   2.940530723760047        5.300708808759369E-11    2.940530723760047        5.7191426010254475E-11   2.940530723760047        6.136970136444109E-11    2.940530723760047        6.556780941359829E-11    2.940530723760047        6.9727607434837E-11      2.940530723760047        7.372189061492022E-11    2.940530723760047
3.3489377687267194        4.1016660014418264E-11   2.9342475384528672       4.4814075216348377E-11   2.9342475384528672       4.889444565496551E-11    2.9342475384528672       5.303568660775764E-11    2.9342475384528672       5.738446152601105E-11    2.9342475384528672       6.171749935270381E-11    2.9342475384528672       6.604076652150304E-11    2.9342475384528672       7.036622241960907E-11    2.9342475384528672       7.462252400666793E-11    2.9342475384528672       7.869312368520987E-11    2.9342475384528672
3.355220954033899         4.462969274883645E-11    2.9279643531456876       4.853171237040319E-11    2.9279643531456876       5.2698093467091296E-11   2.9279643531456876       5.69037444328021E-11     2.9279643531456876       6.129665999736911E-11    2.9279643531456876       6.56346596226066E-11     2.9279643531456876       6.995694746180631E-11    2.9279643531456876       7.425030721886792E-11    2.9279643531456876       7.843926097078638E-11    2.9279643531456876       8.243113363662665E-11    2.9279643531456876
3.3615041393410787        4.738981997420593E-11    2.921681167838508        5.138981229211494E-11    2.921681167838508        5.56367235309885E-11     2.921681167838508        5.992823536098863E-11    2.921681167838508        6.43913240547145E-11     2.921681167838508        6.878877768807152E-11    2.921681167838508        7.317623411495511E-11    2.921681167838508        7.751418695532204E-11    2.921681167838508        8.172245631819729E-11    2.921681167838508        8.574541964815576E-11    2.921681167838508
3.3677873246482584        4.914356947537194E-11    2.9153979825313283       5.3351686368426244E-11   2.9153979825313283       5.780640871214363E-11    2.9153979825313283       6.23465363502694E-11     2.9153979825313283       6.706135340691881E-11    2.9153979825313283       7.173833753387892E-11    2.9153979825313283       7.642772986362074E-11    2.9153979825313283       8.10686143976916E-11     2.9153979825313283       8.556784121067588E-11    2.9153979825313283       8.991998000675441E-11    2.9153979825313283
3.374070509955438         5.074837389380876E-11    2.9091147972241487       5.5320827441191574E-11   2.9091147972241487       6.015220419050344E-11    2.9091147972241487       6.51306425623197E-11     2.9091147972241487       7.029985244161928E-11    2.9091147972241487       7.548205318412448E-11    2.9091147972241487       8.070517112959097E-11    2.9091147972241487       8.589419091720019E-11    2.9091147972241487       9.092975270355368E-11    2.9091147972241487       9.58701835036314E-11     2.9091147972241487
3.380353695262617         5.330801355580878E-11    2.9028316119169695       5.832703933862746E-11    2.9028316119169695       6.360915213243095E-11    2.9028316119169695       6.909444986746062E-11    2.9028316119169695       7.477804649976998E-11    2.9028316119169695       8.052006935881322E-11    2.9028316119169695       8.631684783494361E-11    2.9028316119169695       9.209005830367771E-11    2.9028316119169695       9.768001749940043E-11    2.9028316119169695       1.0321689095485162E-10   2.9028316119169695
3.3866368805697973        5.718487398533313E-11    2.8965484266097894       6.258789717418107E-11    2.8965484266097894       6.823403195768284E-11    2.8965484266097894       7.411511238815494E-11    2.8965484266097894       8.017436083431016E-11    2.8965484266097894       8.631240232378271E-11    2.8965484266097894       9.249030999432135E-11    2.8965484266097894       9.864023524620224E-11    2.8965484266097894       1.0455563563528796E-10   2.8965484266097894       1.1043055155040285E-10   2.8965484266097894
3.3929200658769765        6.174679340086797E-11    2.89026524130261         6.737913094970238E-11    2.89026524130261         7.321789513640998E-11    2.89026524130261         7.9299668252467E-11      2.89026524130261         8.55133963605709E-11     2.89026524130261         9.180380862639406E-11    2.89026524130261         9.809782393378657E-11    2.89026524130261         1.0434787338381731E-10   2.89026524130261         1.1031034191841145E-10   2.89026524130261         1.1621423073568825E-10   2.89026524130261
3.399203251184156         6.584574878500873E-11    2.8839820559954306       7.159018006226982E-11    2.8839820559954306       7.751560537200543E-11    2.8839820559954306       8.368476661536184E-11    2.8839820559954306       8.993667542325133E-11    2.8839820559954306       9.626166936465735E-11    2.8839820559954306       1.0255774913498771E-10   2.8839820559954306       1.0879569767542724E-10   2.8839820559954306       1.147212804032842E-10    2.8839820559954306       1.2055626980369492E-10   2.8839820559954306
3.4054864364913358        6.869547835609599E-11    2.877698870688251        7.457042279966863E-11    2.877698870688251        8.063782349437595E-11    2.877698870688251        8.695972233107095E-11    2.877698870688251        9.333889687958181E-11    2.877698870688251        9.980667391634448E-11    2.877698870688251        1.0623931874409035E-10   2.877698870688251        1.1261242176227142E-10   2.877698870688251        1.1869424318935543E-10   2.877698870688251        1.2465860014931797E-10   2.877698870688251
3.4117696217985154        7.062870160050819E-11    2.8714156853810713       7.678717851591184E-11    2.8714156853810713       8.31875872866133E-11     2.8714156853810713       8.986759022763976E-11    2.8714156853810713       9.661333360420668E-11    2.8714156853810713       1.0348282820598386E-10   2.8714156853810713       1.1033920733959151E-10   2.8714156853810713       1.1714516997582905E-10   2.8714156853810713       1.2371911870919176E-10   2.8714156853810713       1.3015851673855055E-10   2.8714156853810713
3.418052807105695         7.291227166201032E-11    2.8651325000738916       7.953641124708537E-11    2.8651325000738916       8.646407827183778E-11    2.8651325000738916       9.369756837994267E-11    2.8651325000738916       1.0102635977657682E-10   2.8651325000738916       1.085110913767339E-10    2.8651325000738916       1.1601395504641703E-10   2.8651325000738916       1.234694816809449E-10    2.8651325000738916       1.3076303372145171E-10   2.8651325000738916       1.3790366938898965E-10   2.8651325000738916
3.4243359924128747        7.663216525853265E-11    2.858849314766712        8.379244407102145E-11    2.858849314766712        9.129556557925504E-11    2.858849314766712        9.91109075777832E-11     2.858849314766712        1.0704745235741661E-10   2.858849314766712        1.1514210744100255E-10   2.858849314766712        1.232716588741164E-10    2.858849314766712        1.313311575358063E-10    2.858849314766712        1.3927990021852434E-10   2.858849314766712        1.470440841995635E-10    2.858849314766712
3.4306191777200543        8.177786066034907E-11    2.8525661294595324       8.937721571414638E-11    2.8525661294595324       9.731817617255896E-11    2.8525661294595324       1.0554862114361141E-10   2.8525661294595324       1.1390597218983773E-10   2.8525661294595324       1.223866217067359E-10    2.8525661294595324       1.3089494679823968E-10   2.8525661294595324       1.3927980587657738E-10   2.8525661294595324       1.475718728121621E-10    2.8525661294595324       1.556363867677447E-10    2.8525661294595324
3.4369023630272335        8.727915977237117E-11    2.846282944152353        9.513584897837872E-11    2.846282944152353        1.033029387433065E-10    2.846282944152353        1.11722360528903E-10     2.846282944152353        1.202587193434777E-10    2.846282944152353        1.2886802615401646E-10   2.846282944152353        1.374848734416725E-10    2.846282944152353        1.4591365288028336E-10   2.846282944152353        1.5424132111364002E-10   2.846282944152353        1.6230296314570593E-10   2.846282944152353
3.4431855483344136        9.180287435124061E-11    2.839999758845173        9.979888346965072E-11    2.839999758845173        1.0807548265179455E-10   2.839999758845173        1.1658241054021486E-10   2.839999758845173        1.2520104665874086E-10   2.839999758845173        1.3386142117461912E-10   2.839999758845173        1.4251675222753268E-10   2.839999758845173        1.5094161622976012E-10   2.839999758845173        1.59250184394044E-10     2.839999758845173        1.672746359771691E-10    2.839999758845173
3.449468733641593         9.481085998234648E-11    2.833716573537994        1.029906360542786E-10    2.833716573537994        1.1145151973856556E-10   2.833716573537994        1.2015615787096204E-10   2.833716573537994        1.2899034670428703E-10   2.833716573537994        1.3787618314282216E-10   2.833716573537994        1.4676287562264832E-10   2.833716573537994        1.5542280734737382E-10   2.833716573537994        1.639586701439756E-10    2.833716573537994        1.7221380072599E-10      2.833716573537994
3.4557519189487724        9.712543121583732E-11    2.8274333882308142       1.0567579170491102E-10   2.8274333882308142       1.145433094651456E-10    2.8274333882308142       1.236970342381429E-10    2.8274333882308142       1.3302167082461924E-10   2.8274333882308142       1.424417518085827E-10    2.8274333882308142       1.518776697971939E-10    2.8274333882308142       1.6113470292493305E-10   2.8274333882308142       1.702637801638517E-10    2.8274333882308142       1.791203021322541E-10    2.8274333882308142
3.462035104255952         1.0031880262238207E-10   2.8211502029236346       1.0943443911808863E-10   2.8211502029236346       1.1891760621857993E-10   2.8211502029236346       1.2872922902337066E-10   2.8211502029236346       1.3875760329065184E-10   2.8211502029236346       1.489277640178895E-10    2.8211502029236346       1.5911421449491105E-10   2.8211502029236346       1.6918913908225958E-10   2.8211502029236346       1.7911774570536956E-10   2.8211502029236346       1.8876378526264012E-10   2.8211502029236346
3.4683182895631317        1.0537623104807166E-10   2.814867017616455        1.1510533592359406E-10   2.814867017616455        1.2523738678444022E-10   2.814867017616455        1.3570958764967953E-10   2.814867017616455        1.4642529148797176E-10   2.814867017616455        1.5729863307139207E-10   2.814867017616455        1.6815560373010858E-10   2.814867017616455        1.7895864518982384E-10   2.814867017616455        1.8956717599036063E-10   2.814867017616455        1.9985320457971594E-10   2.814867017616455
3.474601474870311         1.1189338665543736E-10   2.8085838323092758       1.2209559907636368E-10   2.8085838323092758       1.3270758609287826E-10   2.8085838323092758       1.4363292981033193E-10   2.8085838323092758       1.54802135834147E-10     2.8085838323092758       1.6610220663551547E-10   2.8085838323092758       1.7732483594156415E-10   2.8085838323092758       1.8852599974039137E-10   2.8085838323092758       1.994606980454394E-10    2.8085838323092758       2.1001281225087434E-10   2.8085838323092758
3.480884660177491         1.1839436510144719E-10   2.8023006470020952       1.2885192238170258E-10   2.8023006470020952       1.3970842792757868E-10   2.8023006470020952       1.5083530922151682E-10   2.8023006470020952       1.6219678634468685E-10   2.8023006470020952       1.7363530340150966E-10   2.8023006470020952       1.849361180794561E-10    2.8023006470020952       1.962269641738888E-10    2.8023006470020952       2.0718426631430317E-10   2.8023006470020952       2.177046273951952E-10    2.8023006470020952
3.4871678454846706        1.2342292654227432E-10   2.796017461694916        1.340140408120641E-10    2.796017461694916        1.449991994145844E-10    2.796017461694916        1.5623318210557991E-10   2.796017461694916        1.6771002867818581E-10   2.796017461694916        1.792139964006784E-10    2.796017461694916        1.9055442532243724E-10   2.796017461694916        2.018903414632238E-10    2.796017461694916        2.1286215996011486E-10   2.796017461694916        2.233721000514642E-10    2.796017461694916
3.49345103079185          1.2671036335368356E-10   2.789734276387737        1.3751513943057235E-10   2.789734276387737        1.4873056942029623E-10   2.789734276387737        1.6021993706327645E-10   2.789734276387737        1.7199285082669787E-10   2.789734276387737        1.837705797693473E-10    2.789734276387737        1.954051404456511E-10    2.789734276387737        2.0704568002407335E-10   2.789734276387737        2.183391184238781E-10    2.789734276387737        2.2917818783374232E-10   2.789734276387737
3.49973421609903          1.2952702476538105E-10   2.7834510910805568       1.4078859804591893E-10   2.7834510910805568       1.5249406641507007E-10   2.7834510910805568       1.6453824642428497E-10   2.7834510910805568       1.7692961081733644E-10   2.7834510910805568       1.893295326633345E-10    2.7834510910805568       2.0163328334233947E-10   2.7834510910805568       2.1395562377899627E-10   2.7834510910805568       2.2597832484675826E-10   2.7834510910805568       2.37564680290616E-10     2.7834510910805568
3.506017401406209         1.3372425063457025E-10   2.7771679057733776       1.4568145642821054E-10   2.7771679057733776       1.581109206998457E-10    2.7771679057733776       1.709481358112632E-10    2.7771679057733776       1.8419178242611301E-10   2.7771679057733776       1.974481288469765E-10    2.7771679057733776       2.1064612804217748E-10   2.7771679057733776       2.2386189924954737E-10   2.7771679057733776       2.368239782257113E-10    2.7771679057733776       2.493464648595155E-10    2.7771679057733776
3.5123005867133887        1.4022072092154384E-10   2.770884720466198        1.5293130986316988E-10   2.770884720466198        1.6611656479796012E-10   2.770884720466198        1.797444710670055E-10    2.770884720466198        1.9380725321591935E-10   2.770884720466198        2.078605329710972E-10    2.770884720466198        2.218581256397032E-10    2.770884720466198        2.358451023797445E-10    2.770884720466198        2.4959775383076115E-10   2.770884720466198        2.628690865793963E-10    2.770884720466198
3.5185837720205684        1.4826871918657176E-10   2.7646015351590183       1.615669325745374E-10    2.7646015351590183       1.7531431098319756E-10   2.7646015351590183       1.89490703366537E-10     2.7646015351590183       2.0409252716087542E-10   2.7646015351590183       2.1863511732071116E-10   2.7646015351590183       2.330900774721068E-10    2.7646015351590183       2.4748226820638166E-10   2.7646015351590183       2.6162940371252976E-10   2.7646015351590183       2.7522716781970974E-10   2.7646015351590183
3.524866957327748         1.560046919989218E-10    2.758318349851838        1.6963014492932216E-10   2.758318349851838        1.8367383829908951E-10   2.758318349851838        1.981019938242404E-10    2.758318349851838        2.129255744516453E-10    2.758318349851838        2.2764193831334294E-10   2.758318349851838        2.4222925856854473E-10   2.758318349851838        2.567013912607482E-10    2.758318349851838        2.7090484225314286E-10   2.758318349851838        2.844985664185348E-10    2.758318349851838
3.531150142634927         1.618082226175656E-10    2.7520351645446595       1.7560658390108594E-10   2.7520351645446595       1.8981832706274482E-10   2.7520351645446595       2.0437414438601888E-10   2.7520351645446595       2.1930336241261196E-10   2.7520351645446595       2.3411654552242213E-10   2.7520351645446595       2.4878199299960326E-10   2.7520351645446595       2.633048397456728E-10    2.7520351645446595       2.7754613548376587E-10   2.7520351645446595       2.9115570032223656E-10   2.7520351645446595
3.5374333279421073        1.6558392810952053E-10   2.7457519792374794       1.796358505132159E-10    2.7457519792374794       1.9413726068345388E-10   2.7457519792374794       2.0897474103850295E-10   2.7457519792374794       2.2418864546592095E-10   2.7457519792374794       2.3933365224755143E-10   2.7457519792374794       2.543510217839847E-10    2.7457519792374794       2.6922951103017415E-10   2.7457519792374794       2.838363634217777E-10    2.7457519792374794       2.9783123607984884E-10   2.7457519792374794
3.5437165132492865        1.6898354891941924E-10   2.7394687939303          1.83568678749543E-10     2.7394687939303          1.9866489086766723E-10   2.7394687939303          2.1412488625475412E-10   2.7394687939303          2.299802237115928E-10    2.7394687939303          2.45854528304468E-10     2.7394687939303          2.6164539412206486E-10   2.7394687939303          2.773150699460439E-10    2.7394687939303          2.927366235869654E-10    2.7394687939303          3.075803221720804E-10    2.7394687939303
3.549999698556466         1.7419768014330628E-10   2.7331856086231205       1.896061457187995E-10    2.7331856086231205       2.0557740916523716E-10   2.7331856086231205       2.219534476088115E-10    2.7331856086231205       2.387300285302315E-10    2.7331856086231205       2.556182046331956E-10    2.7331856086231205       2.724532784489564E-10    2.7331856086231205       2.89172494291007E-10     2.7331856086231205       3.0565750418286483E-10   2.7331856086231205       3.2157489154291086E-10   2.7331856086231205
3.556282883863646         1.8223856135760623E-10   2.7269024233159405       1.9856083663694575E-10   2.7269024233159405       2.1545853500794382E-10   2.7269024233159405       2.3278492097540499E-10   2.7269024233159405       2.5047654049189287E-10   2.7269024233159405       2.6834323291616305E-10   2.7269024233159405       2.8614064125270043E-10   2.7269024233159405       3.037984065415007E-10    2.7269024233159405       3.2120935544124915E-10   2.7269024233159405       3.380177105191942E-10    2.7269024233159405
3.5625660691708254        1.92143362845928E-10     2.7206192380087613       2.0920261722100872E-10   2.7206192380087613       2.2680912239597952E-10   2.7206192380087613       2.448371829712509E-10    2.7206192380087613       2.631538199581562E-10    2.7206192380087613       2.816675450641149E-10    2.7206192380087613       3.000497980071169E-10    2.7206192380087613       3.1824276711270923E-10   2.7206192380087613       3.3615596620501704E-10   2.7206192380087613       3.533970079649228E-10    2.7206192380087613
3.568849254478005         2.016464466321946E-10    2.714336052701581        2.191292207163388E-10    2.714336052701581        2.3711777805622714E-10   2.714336052701581        2.5550292392012367E-10   2.714336052701581        2.740880050131446E-10    2.714336052701581        2.9286512168338484E-10   2.714336052701581        3.1143897796559206E-10   2.714336052701581        3.2976822527780984E-10   2.714336052701581        3.477913276064272E-10    2.714336052701581        3.650725448775172E-10    2.714336052701581
3.5751324397851847        2.0878607634672443E-10   2.708052867394402        2.2647516384458006E-10   2.708052867394402        2.4465303409661853E-10   2.708052867394402        2.632133348682028E-10    2.708052867394402        2.819142709544045E-10    2.708052867394402        3.0080285872139173E-10   2.708052867394402        3.194544651908583E-10    2.708052867394402        3.3782227069863856E-10   2.708052867394402        3.558916716662853E-10    2.708052867394402        3.731823416835105E-10    2.708052867394402
3.5814156250923643        2.1340072223275908E-10   2.7017696820872223       2.3134786925898915E-10   2.7017696820872223       2.498122183408438E-10    2.7017696820872223       2.686761726124652E-10    2.7017696820872223       2.8767742723412295E-10   2.7017696820872223       3.0687975274706206E-10   2.7017696820872223       3.2587704089782893E-10   2.7017696820872223       3.445724659898533E-10    2.7017696820872223       3.6301864817939045E-10   2.7017696820872223       3.806890948822622E-10    2.7017696820872223
3.5876988103995435        2.1741523239815597E-10   2.695486496780043        2.3593237779651744E-10   2.695486496780043        2.550287603982422E-10    2.695486496780043        2.7456874960594147E-10   2.695486496780043        2.942941727801152E-10    2.695486496780043        3.142422178787209E-10    2.695486496780043        3.340741432096691E-10    2.695486496780043        3.535884574665042E-10    2.695486496780043        3.7292461667795813E-10   2.695486496780043        3.9150314378229914E-10   2.695486496780043
3.5939819957067236        2.2351065021281818E-10   2.689203311472863        2.4297220251384486E-10   2.689203311472863        2.630719969601545E-10    2.689203311472863        2.8365780926992646E-10   2.689203311472863        3.044965318105445E-10    2.689203311472863        3.255578967751292E-10    2.689203311472863        3.466099801395411E-10    2.689203311472863        3.673020776090262E-10    2.689203311472863        3.8787279878653777E-10   2.689203311472863        4.0768210266316886E-10   2.689203311472863
3.600265181013903         2.3311963357791264E-10   2.682920126165684        2.537052648285343E-10    2.682920126165684        2.749502626192509E-10    2.682920126165684        2.966886383623402E-10    2.682920126165684        3.187272562389012E-10    2.682920126165684        3.409439447532687E-10    2.682920126165684        3.6322870590435477E-10   2.682920126165684        3.850717002380734E-10    2.682920126165684        4.0680295738796327E-10   2.682920126165684        4.27728387052003E-10     2.682920126165684
3.6065483663210824        2.453298390107772E-10    2.6766369408585042       2.6689662650136635E-10   2.6766369408585042       2.890984626296493E-10    2.6766369408585042       3.1175239498134817E-10   2.6766369408585042       3.347111746650132E-10    2.6766369408585042       3.577667799361015E-10    2.6766369408585042       3.809085041212934E-10    2.6766369408585042       4.035077251206717E-10    2.6766369408585042       4.2594796658932683E-10   2.6766369408585042       4.4751439587998666E-10   2.6766369408585042
3.612831551628262         2.5747464322210054E-10   2.6703537555513246       2.796571026413966E-10    2.6703537555513246       3.024303658555526E-10    2.6703537555513246       3.2558470946325224E-10   2.6703537555513246       3.49012853183255E-10     2.6703537555513246       3.724591067738902E-10    2.6703537555513246       3.959535751602484E-10    2.6703537555513246       4.1883130881350023E-10   2.6703537555513246       4.4146593317120015E-10   2.6703537555513246       4.631783166422507E-10    2.6703537555513246
3.6191147369354417        2.6695192531139663E-10   2.664070570244145        2.8942167126510343E-10   2.664070570244145        3.124588298312123E-10    2.664070570244145        3.3581696935418285E-10   2.664070570244145        3.594117137925892E-10    2.664070570244145        3.8299368435951934E-10   2.664070570244145        4.0656142492431683E-10   2.664070570244145        4.29506821748674E-10     2.664070570244145        4.5212453198113086E-10   2.664070570244145        4.73829981168833E-10     2.664070570244145
3.6253979222426214        2.731054070590377E-10    2.6577873849369653       2.958161947632171E-10    2.6577873849369653       3.1911850660870286E-10   2.6577873849369653       3.427283686537636E-10    2.6577873849369653       3.665613057609609E-10    2.6577873849369653       3.904187493305326E-10    2.6577873849369653       4.142109208967843E-10    2.6577873849369653       4.374547683153029E-10    2.6577873849369653       4.603139386277647E-10    2.6577873849369653       4.82333944010049E-10     2.6577873849369653
3.631681107549801         2.7788175134124505E-10   2.6515041996297857       3.0113555846495227E-10   2.6515041996297857       3.250440966010022E-10    2.6515041996297857       3.493013700407208E-10    2.6515041996297857       3.7380053938267973E-10   2.6515041996297857       3.9841009860037463E-10   2.6515041996297857       4.229303549287869E-10    2.6515041996297857       4.470263431318816E-10    2.6515041996297857       4.707109855128821E-10    2.6515041996297857       4.936545326604944E-10    2.6515041996297857
3.6379642928569806        2.846154972335192E-10    2.645221014322606        3.0889196701662107E-10   2.645221014322606        3.338854490366845E-10    2.645221014322606        3.5929925372538884E-10   2.645221014322606        3.849884577221552E-10    2.645221014322606        4.1087234597318394E-10   2.645221014322606        4.366585925518823E-10    2.645221014322606        4.621375571742849E-10    2.645221014322606        4.871902517395114E-10    2.645221014322606        5.11563611222403E-10     2.645221014322606
3.64424747816416          2.9568819585976875E-10   2.638937829015427        3.213369861265548E-10    2.638937829015427        3.4772006003933143E-10   2.638937829015427        3.745844077518679E-10    2.638937829015427        4.0174361181920964E-10   2.638937829015427        4.2912622463655946E-10   2.638937829015427        4.563964536042316E-10    2.638937829015427        4.834135801829099E-10    2.638937829015427        5.099807303433978E-10    2.638937829015427        5.358467332953389E-10    2.638937829015427
3.65053066347134          3.1079120597607825E-10   2.6326546437082468       3.3779649888635514E-10   2.6326546437082468       3.654930348495261E-10    2.6326546437082468       3.9368822515593426E-10   2.6326546437082468       4.2216819040087654E-10   2.6326546437082468       4.50817453023646E-10     2.6326546437082468       4.793235378935069E-10    2.6326546437082468       5.075443130593676E-10    2.6326546437082468       5.352775451173298E-10    2.6326546437082468       5.622025817051862E-10    2.6326546437082468
3.656813848778519         3.2703832019761066E-10   2.6263714584010676       3.5502520601814457E-10   2.6263714584010676       3.836274121733629E-10    2.6263714584010676       4.12696665205847E-10     2.6263714584010676       4.420226873092809E-10    2.6263714584010676       4.713982670161362E-10    2.6263714584010676       5.005963161213963E-10    2.6263714584010676       5.294138763558724E-10    2.6263714584010676       5.577051862324626E-10    2.6263714584010676       5.850451740934589E-10    2.6263714584010676
3.6630970340856988        3.408197923078406E-10    2.620088273093888        3.6930487481771717E-10   2.620088273093888        3.9835108282090047E-10   2.620088273093888        4.278074009904574E-10    2.620088273093888        4.575058130969997E-10    2.620088273093888        4.871220254876257E-10    2.620088273093888        5.165474740518195E-10    2.620088273093888        5.454916586031516E-10    2.620088273093888        5.738878432757008E-10    2.620088273093888        6.012272941982602E-10    2.620088273093888
3.6693802193928784        3.5023890877556375E-10   2.6138050877867083       3.789657485019204E-10    2.6138050877867083       4.0826837337471224E-10   2.6138050877867083       4.379340628185827E-10    2.6138050877867083       4.678691481171246E-10    2.6138050877867083       4.976356060981489E-10    2.6138050877867083       5.272370852290603E-10    2.6138050877867083       5.563075224964448E-10    2.6138050877867083       5.848316630489533E-10    2.6138050877867083       6.122869413013023E-10    2.6138050877867083
3.675663404700058         3.565950201935515E-10    2.6075219024795286       3.857416359712309E-10    2.6075219024795286       4.1555579243880904E-10   2.6075219024795286       4.457180607741678E-10    2.6075219024795286       4.762243288421435E-10    2.6075219024795286       5.065453189614101E-10    2.6075219024795286       5.367631325753254E-10    2.6075219024795286       5.664733104732808E-10    2.6075219024795286       5.956472668420234E-10    2.6075219024795286       6.238376511488808E-10    2.6075219024795286
3.6819465900072372        3.6378179021680385E-10   2.601238717172349        3.9389836523680047E-10   2.601238717172349        4.2481181642821E-10      2.601238717172349        4.560852201591848E-10    2.601238717172349        4.878001259230115E-10    2.601238717172349        5.193604021295149E-10    2.601238717172349        5.508893489179867E-10    2.601238717172349        5.819845271322487E-10    2.601238717172349        6.125296977273732E-10    2.601238717172349        6.422241334998612E-10    2.601238717172349
3.6882297753144173        3.757965202204309E-10    2.5949555318651694       4.074938308096891E-10    2.5949555318651694       4.400872110124139E-10    2.5949555318651694       4.730520492050213E-10    2.5949555318651694       5.065362133265659E-10    2.5949555318651694       5.398926945570731E-10    2.5949555318651694       5.732622269454562E-10    2.5949555318651694       6.06272004443004E-10     2.5949555318651694       6.386638919739108E-10    2.5949555318651694       6.703105332136479E-10    2.5949555318651694
3.694512960621597         3.9401902982964905E-10   2.5886723465579897       4.2759768631852334E-10   2.5886723465579897       4.6208353261609127E-10   2.5886723465579897       4.969246855736583E-10    2.5886723465579897       5.32306875450281E-10     2.5886723465579897       5.675409060276744E-10    2.5886723465579897       6.0277719023532E-10      2.5886723465579897       6.376816583248621E-10    2.5886723465579897       6.718423402325691E-10    2.5886723465579897       7.05277456002466E-10     2.5886723465579897
3.700796145928776         4.161507264775161E-10    2.58238916125081         4.5141471053264924E-10   2.58238916125081         4.874960065020445E-10    2.58238916125081         5.238832491102375E-10    2.58238916125081         5.607704047498554E-10    2.58238916125081         5.97432931687854E-10     2.58238916125081         6.34033267334435E-10     2.58238916125081         6.702676646832157E-10    2.58238916125081         7.056088491882889E-10    2.58238916125081         7.401458642483236E-10    2.58238916125081
3.7070793312359562        4.375212330867258E-10    2.5761059759436304       4.739041284988578E-10    2.5761059759436304       5.109563966564252E-10    2.5761059759436304       5.482546526689896E-10    2.5761059759436304       5.859783687219011E-10    2.5761059759436304       6.233756880196055E-10    2.5761059759436304       6.606255398903625E-10    2.5761059759436304       6.974341475989237E-10    2.5761059759436304       7.33236367303412E-10     2.5761059759436304       7.680939554912191E-10    2.5761059759436304
3.7133625165431354        4.5398706474463017E-10   2.5698227906364512       4.909215109553975E-10    2.5698227906364512       5.28395870508765E-10     2.5698227906364512       5.660827384827981E-10    2.5698227906364512       6.041359177108299E-10    2.5698227906364512       6.417862828372351E-10    2.5698227906364512       6.792270027245161E-10    2.5698227906364512       7.161528318194675E-10    2.5698227906364512       7.520472301554558E-10    2.5698227906364512       7.868561777521505E-10    2.5698227906364512
3.719645701850315         4.647387511012346E-10    2.563539605329271        5.020521861582499E-10    2.563539605329271        5.39860760402404E-10     2.563539605329271        5.779021175029197E-10    2.563539605329271        6.163036047214106E-10    2.563539605329271        6.542905483332128E-10    2.563539605329271        6.920547656345916E-10    2.563539605329271        7.292699244511754E-10    2.563539605329271        7.655289083655129E-10    2.563539605329271        8.006103009904764E-10    2.563539605329271
3.7259288871574947        4.732325040231589E-10    2.557256420022092        5.113282674189488E-10    2.557256420022092        5.499757037917277E-10    2.557256420022092        5.889283243720322E-10    2.557256420022092        6.282912423827846E-10    2.557256420022092        6.672941842098932E-10    2.557256420022092        7.061013652386702E-10    2.557256420022092        7.443742895189119E-10    2.557256420022092        7.818291939882881E-10    2.557256420022092        8.180703460210953E-10    2.557256420022092
3.7322120724646743        4.85395033672569E-10     2.5509732347149123       5.250876852023583E-10    2.5509732347149123       5.654471537058533E-10    2.5509732347149123       6.062035649057221E-10    2.5509732347149123       6.474431479001655E-10    2.5509732347149123       6.884026799719637E-10    2.5509732347149123       7.291952685984329E-10    2.5509732347149123       7.694929229781314E-10    2.5509732347149123       8.091037877614174E-10    2.5509732347149123       8.474851547710575E-10    2.5509732347149123
3.7384952577718535        5.060160691204133E-10    2.544690049407733        5.480932479178597E-10    2.544690049407733        5.909350369813295E-10    2.544690049407733        6.342374665633136E-10    2.544690049407733        6.780662651070511E-10    2.544690049407733        7.216602160251316E-10    2.544690049407733        7.650745501260606E-10    2.544690049407733        8.080153370031582E-10    2.544690049407733        8.503253808610908E-10    2.544690049407733        8.913610718597738E-10    2.544690049407733
3.7447784430790336        5.35601127251523E-10     2.538406864100553        5.803683405907243E-10    2.538406864100553        6.259166297650411E-10    2.538406864100553        6.719258875971047E-10    2.538406864100553        7.184330662277236E-10    2.538406864100553        7.646757621632264E-10    2.538406864100553        8.106633748302235E-10    2.538406864100553        8.561481067999512E-10    2.538406864100553        9.009503438622793E-10    2.538406864100553        9.44379080114161E-10     2.538406864100553
3.751061628386213         5.697243824661339E-10    2.5321236787933734       6.168188235273603E-10    2.5321236787933734       6.646143529128651E-10    2.5321236787933734       7.128064551004548E-10    2.5321236787933734       7.613898616955387E-10    2.5321236787933734       8.0961264230186E-10      2.5321236787933734       8.574575237317078E-10    2.5321236787933734       9.047180921844699E-10    2.5321236787933734       9.511571143876789E-10    2.5321236787933734       9.960886799281121E-10    2.5321236787933734
3.7573448136933925        6.013734124290254E-10    2.5258404934861938       6.499781304583783E-10    2.5258404934861938       6.991492630995276E-10    2.5258404934861938       7.486235391543919E-10    2.5258404934861938       7.983401102559176E-10    2.5258404934861938       8.475878087081581E-10    2.5258404934861938       8.963327400150117E-10    2.5258404934861938       9.443920057908194E-10    2.5258404934861938       9.914671213929309E-10    2.5258404934861938       1.0369197510254493E-9    2.5258404934861938
3.7636279990005725        6.250972015159217E-10    2.519557308179014        6.744545158911045E-10    2.519557308179014        7.242638182541327E-10    2.519557308179014        7.743074759573619E-10    2.519557308179014        8.244629584644219E-10    2.519557308179014        8.740981851812377E-10    2.519557308179014        9.231528201676545E-10    2.519557308179014        9.714478924207016E-10    2.519557308179014        1.0186453417092543E-9    2.519557308179014        1.0641791956037907E-9    2.519557308179014
3.7699111843077517        6.407276312963785E-10    2.5132741228718345       6.906779672299177E-10    2.5132741228718345       7.410518792586098E-10    2.5132741228718345       7.916566561533347E-10    2.5132741228718345       8.423142337531106E-10    2.5132741228718345       8.925002278718703E-10    2.5132741228718345       9.42096612835906E-10     2.5132741228718345       9.909217533640942E-10    2.5132741228718345       1.038626372650384E-9     2.5132741228718345       1.08472039980367E-9      2.5132741228718345
3.7761943696149314        6.543905768673531E-10    2.5069909375646553       7.056287413913552E-10    2.5069909375646553       7.573655184777465E-10    2.5069909375646553       8.093974376312244E-10    2.5069909375646553       8.615093059728314E-10    2.5069909375646553       9.132891375707943E-10    2.5069909375646553       9.64515954570756E-10     2.5069909375646553       1.0150227116248389E-9    2.5069909375646553       1.0644644026378684E-9    2.5069909375646553       1.112408235110308E-9     2.5069909375646553
3.782477554922111         6.757782448371175E-10    2.5007077522574757       7.296446782653214E-10    2.5007077522574757       7.841427625710942E-10    2.5007077522574757       8.390276917254636E-10    2.5007077522574757       8.940738813775774E-10    2.5007077522574757       9.489565330237385E-10    2.5007077522574757       1.0033081642851668E-9    2.5007077522574757       1.0570176484441829E-9    2.5007077522574757       1.1097377622844515E-9    2.5007077522574757       1.1610524906995882E-9    2.5007077522574757
3.7887607402292907        7.128706786602619E-10    2.494424566950296        7.707419153896346E-10    2.494424566950296        8.293483723795559E-10    2.494424566950296        8.883970850054996E-10    2.494424566950296        9.476822829489342E-10    2.494424566950296        1.0069130131013619E-9    2.494424566950296        1.065554261907063E-9     2.494424566950296        1.1236040366498932E-9    2.494424566950296        1.1806885244078565E-9    2.494424566950296        1.2363516678861089E-9    2.494424566950296
3.79504392553647          7.67034405261979E-10     2.488141381643117        8.296215353484049E-10    2.488141381643117        8.929361667469452E-10    2.488141381643117        9.566592006244155E-10    2.488141381643117        1.0206335227100062E-9    2.488141381643117        1.0845311459139552E-9    2.488141381643117        1.1476676179663504E-9    2.488141381643117        1.210194932892097E-9     2.488141381643117        1.2716826605468348E-9    2.488141381643117        1.3315771254713395E-9    2.488141381643117
3.80132711084365          8.313930215878143E-10    2.4818581963359367       8.983442541514616E-10    2.4818581963359367       9.658761241703614E-10    2.4818581963359367       1.0336823756838722E-9    2.4818581963359367       1.101675635436685E-9     2.4818581963359367       1.169423795702058E-9     2.4818581963359367       1.236150672408647E-9     2.4818581963359367       1.3021781997494356E-9    2.4818581963359367       1.3669985493997885E-9    2.4818581963359367       1.4299233234738226E-9    2.4818581963359367
3.807610296150829         8.937131423611322E-10    2.4755750110287575       9.637847372604876E-10    2.4755750110287575       1.0341976624501922E-9    2.4755750110287575       1.1046937161739688E-9    2.4755750110287575       1.1752602054066212E-9    2.4755750110287575       1.245324594075478E-9     2.4755750110287575       1.3140962870781949E-9    2.4755750110287575       1.3820413546891216E-9    2.4755750110287575       1.4485772707573461E-9    2.4755750110287575       1.5128783235085104E-9    2.4755750110287575
3.8138934814580088        9.428911031215792E-10    2.4692918257215775       1.014677929885091E-9     2.4692918257215775       1.086576306949498E-9     2.4692918257215775       1.1583907136468348E-9    2.4692918257215775       1.2301650386439355E-9    2.4692918257215775       1.3011991360716317E-9    2.4692918257215775       1.3707534602203007E-9    2.4692918257215775       1.4393714811877575E-9    2.4692918257215775       1.506430467436949E-9     2.4692918257215775       1.5709969812764146E-9    2.4692918257215775
3.8201766667651884        9.763229745553601E-10    2.4630086404143983       1.049263119883188E-9     2.4630086404143983       1.1222028670313492E-9    2.4630086404143983       1.1949982312492351E-9    2.4630086404143983       1.2677080309416075E-9    2.4630086404143983       1.3395635467576042E-9    2.4630086404143983       1.4099034367742015E-9    2.4630086404143983       1.4792570065303728E-9    2.4630086404143983       1.5470226640522573E-9    2.4630086404143983       1.61220535463451E-9      2.4630086404143983
3.826459852072368         1.0045531240401638E-9    2.4567254551072186       1.0797530519623142E-9    2.4567254551072186       1.155018337077628E-9     2.4567254551072186       1.2302258380242773E-9    2.4567254551072186       1.3053913416731864E-9    2.4567254551072186       1.3797604728584033E-9    2.4567254551072186       1.452729171559513E-9     2.4567254551072186       1.5247224440067274E-9    2.4567254551072186       1.5952289495369792E-9    2.4567254551072186       1.6632353294789426E-9    2.4567254551072186
3.8327430373795477        1.050297560143725E-9     2.450442269800039        1.13074051848011E-9      2.450442269800039        1.2114669755864868E-9    2.450442269800039        1.2923378138267686E-9    2.450442269800039        1.3732636954159714E-9    2.450442269800039        1.4535840461763098E-9    2.450442269800039        1.53269081532771E-9      2.450442269800039        1.6108418527319854E-9    2.450442269800039        1.6876710405743997E-9    2.450442269800039        1.7621696149101818E-9    2.450442269800039
3.8390262226867273        1.1413782948362952E-9    2.444159084492859        1.2313026570850802E-9    2.444159084492859        1.3217670471481155E-9    2.444159084492859        1.4125897154050321E-9    2.444159084492859        1.5035241026238875E-9    2.444159084492859        1.5940590580839556E-9    2.444159084492859        1.6835009233692733E-9    2.444159084492859        1.7719201884120136E-9    2.444159084492859        1.8591267635096843E-9    2.444159084492859        1.944103652118689E-9     2.444159084492859
3.845309407993907         1.3000801077353273E-9    2.4378758991856797       1.403667432120503E-9     2.4378758991856797       1.5079200783591142E-9    2.4378758991856797       1.6126116275842688E-9    2.4378758991856797       1.7173112930873911E-9    2.4378758991856797       1.8216761682811722E-9    2.4378758991856797       1.924852737633699E-9     2.4378758991856797       2.026747778010511E-9     2.4378758991856797       2.127357967049753E-9     2.4378758991856797       2.225602147672842E-9     2.4378758991856797
3.851592593301086         1.5331417135518671E-9    2.4315927138785005       1.6529625513331656E-9    2.4315927138785005       1.7732769291072664E-9    2.4315927138785005       1.8938428023042917E-9    2.4315927138785005       2.0140566931867955E-9    2.4315927138785005       2.1337172643916062E-9    2.4315927138785005       2.251774883698621E-9     2.4315927138785005       2.3680299672362128E-9    2.4315927138785005       2.48266231566592E-9      2.4315927138785005       2.5944412305027892E-9    2.4315927138785005
3.8578757786082662        1.8262690209818437E-9    2.4253095285713204       1.9620443384621334E-9    2.4253095285713204       2.0977458769292284E-9    2.4253095285713204       2.233169668448214E-9     2.4253095285713204       2.3675937954066756E-9    2.4253095285713204       2.500887249248612E-9     2.4253095285713204       2.631829403226594E-9     2.4253095285713204       2.760188522102832E-9     2.4253095285713204       2.886306077553893E-9     2.4253095285713204       3.0087274188962816E-9    2.4253095285713204
3.8641589639154454        2.1453623950931547E-9    2.4190263432641412       2.2934842742934293E-9    2.4190263432641412       2.440580017976976E-9     2.4190263432641412       2.586544028293635E-9     2.4190263432641412       2.7306199648484576E-9    2.4190263432641412       2.872652374216147E-9     2.4190263432641412       3.011338497258569E-9     2.4190263432641412       3.146485058394081E-9     2.4190263432641412       3.2785500142873845E-9    2.4190263432641412       3.4058408082376313E-9    2.4190263432641412
3.870442149222625         2.4444631149770143E-9    2.4127431579569616       2.5984621692200085E-9    2.4127431579569616       2.7502188812075712E-9    2.4127431579569616       2.8997715887099346E-9    2.4127431579569616       3.0464152793007155E-9    2.4127431579569616       3.189891652895179E-9     2.4127431579569616       3.3289432381752626E-9    2.4127431579569616       3.463461511228456E-9     2.4127431579569616       3.593960386735777E-9     2.4127431579569616       3.718580363291685E-9     2.4127431579569616
3.8767253345298047        2.678146504054426E-9     2.406459972649782        2.829991477276701E-9     2.406459972649782        2.9783076204673173E-9    2.406459972649782        3.1232938140325552E-9    2.406459972649782        3.2643554205722807E-9    2.406459972649782        3.4011072875836435E-9    2.406459972649782        3.53246018824849E-9      2.406459972649782        3.6583980222089465E-9    2.406459972649782        3.7794416536500085E-9    2.406459972649782        3.8936991024401845E-9    2.406459972649782
3.8830085198369844        2.8142298307998042E-9    2.4001767873426023       2.956072889209045E-9     2.4001767873426023       3.0932351231312212E-9    2.4001767873426023       3.2260618161158355E-9    2.4001767873426023       3.354088862421215E-9     2.4001767873426023       3.476845240131271E-9     2.4001767873426023       3.5934889769774826E-9    2.4001767873426023       3.704065681110184E-9     2.4001767873426023       3.8090922735099065E-9    2.4001767873426023       3.906788916647506E-9     2.4001767873426023
3.889291705144164         2.8422428710409275E-9    2.3938936020354227       2.968066305328112E-9     2.3938936020354227       3.08834837377731E-9      2.3938936020354227       3.2035444799850412E-9    2.3938936020354227       3.3133108046836015E-9    2.3938936020354227       3.4171723827095918E-9    2.3938936020354227       3.5145516923616427E-9    2.3938936020354227       3.6055043033287825E-9    2.3938936020354227       3.6905722557380414E-9    2.3938936020354227       3.76819418241376E-9      2.3938936020354227
3.8955748904513436        2.774771046806873E-9     2.387610416728243        2.8814295488050345E-9    2.387610416728243        2.98205052373322E-9      2.387610416728243        3.077153945976745E-9     2.387610416728243        3.1664942455544328E-9    2.387610416728243        3.24967436562611E-9      2.387610416728243        3.3263437674114458E-9    2.387610416728243        3.3965220742330415E-9    2.387610416728243        3.460818152576276E-9     2.387610416728243        3.5179400435608013E-9    2.387610416728243
3.9018580757585233        2.64177273579662E-9      2.3813272314210634       2.729164952705106E-9     2.3813272314210634       2.8103716636611254E-9    2.3813272314210634       2.8859344490312027E-9    2.3813272314210634       2.955686416579845E-9     2.3813272314210634       3.0193584857886054E-9    2.3813272314210634       3.076757303407008E-9     2.3813272314210634       3.1278488798450183E-9    2.3813272314210634       3.1733278078584995E-9    2.3813272314210634       3.212178108760766E-9     2.3813272314210634
3.9081412610657025        2.4805803835928976E-9    2.375044046113884        2.5510126280753953E-9    2.375044046113884        2.6153758866561226E-9    2.375044046113884        2.6742012685716797E-9    2.375044046113884        2.7273873804448535E-9    2.375044046113884        2.7748029177944695E-9    2.375044046113884        2.8163340978700624E-9    2.375044046113884        2.8519110903619705E-9    2.375044046113884        2.882292813541063E-9     2.375044046113884        2.9067194322875103E-9    2.375044046113884
3.9144244463728826        2.3253108844999662E-9    2.368760860806704        2.3823755132290636E-9    2.368760860806704        2.4336374313462313E-9    2.368760860806704        2.4795999140974936E-9    2.368760860806704        2.5202181185314766E-9    2.368760860806704        2.555478360526015E-9     2.368760860806704        2.585279688755754E-9     2.368760860806704        2.6095607446006402E-9    2.368760860806704        2.6290920959074986E-9    2.368760860806704        2.6433340409375546E-9    2.368760860806704
3.9207076316800618        2.1988855734475804E-9    2.3624776754995245       2.246270435810813E-9     2.3624776754995245       2.2881605806965115E-9    2.3624776754995245       2.325027550180399E-9     2.3624776754995245       2.356876719557637E-9     2.3624776754995245       2.3837782084748377E-9    2.3624776754995245       2.405598970435236E-9     2.3624776754995245       2.42233921900692E-9      2.3624776754995245       2.4347211629598332E-9    2.3624776754995245       2.442377148815579E-9     2.3624776754995245
3.9269908169872414        2.1095332027287266E-9    2.3561944901923453       2.150114457848212E-9     2.3561944901923453       2.1854773373295213E-9    2.3561944901923453       2.216065338405586E-9     2.3561944901923453       2.241931265965349E-9     2.3561944901923453       2.2631945898824493E-9    2.3561944901923453       2.2796710961720863E-9    2.3561944901923453       2.291466529142193E-9     2.3561944901923453       2.2992094431765207E-9    2.3561944901923453       2.3026499792719843E-9    2.3561944901923453
3.933274002294421         2.052102519481604E-9     2.3499113048851656       2.0875170479182942E-9    2.3499113048851656       2.1179304400831187E-9    2.3499113048851656       2.143761731794945E-9     2.3499113048851656       2.165112949568867E-9     2.3499113048851656       2.1821252415194705E-9    2.3499113048851656       2.194568220054398E-9     2.3499113048851656       2.2026752666642985E-9    2.3499113048851656       2.2069622794062913E-9    2.3499113048851656       2.2072465019762117E-9    2.3499113048851656
3.9395571876016007        2.01304753853619E-9      2.343628119577986        2.0437597968719523E-9    2.343628119577986        2.0696410051524164E-9    2.343628119577986        2.091084069492856E-9     2.343628119577986        2.108245439087636E-9     2.343628119577986        2.1212698908486275E-9    2.343628119577986        2.129903323568209E-9     2.343628119577986        2.1345016573604224E-9    2.343628119577986        2.13547685337991E-9      2.343628119577986        2.132675039800125E-9     2.343628119577986
3.94584037290878          1.9769185553933456E-9    2.3373449342708064       2.0026415257740166E-9    2.3373449342708064       2.023688961229673E-9     2.3373449342708064       2.0404209694836733E-9    2.3373449342708064       2.053054050550089E-9     2.3373449342708064       2.0617275415594653E-9    2.3373449342708064       2.0661938402151584E-9    2.3373449342708064       2.0669017821242317E-9    2.3373449342708064       2.064189788222657E-9     2.3373449342708064       2.0579110806006835E-9    2.3373449342708064
3.95212355821596          1.931994402339206E-9     2.3310617489636263       1.9522376522007628E-9    2.3310617489636263       1.967978363994121E-9     2.3310617489636263       1.979536825137026E-9     2.3310617489636263       1.987192750774543E-9     2.3310617489636263       1.991076872393111E-9     2.3310617489636263       1.9909758050676955E-9    2.3310617489636263       1.987387222659086E-9     2.3310617489636263       1.980616394763241E-9     2.3310617489636263       1.970517563950681E-9     2.3310617489636263
3.9584067435231396        1.8733994783190486E-9    2.324778563656447        1.887923204049208E-9     2.324778563656447        1.8981519513341595E-9    2.324778563656447        1.9043639637275377E-9    2.324778563656447        1.9069012726693683E-9    2.324778563656447        1.9058849833808785E-9    2.324778563656447        1.9011532349932074E-9    2.324778563656447        1.8932083380510276E-9    2.324778563656447        1.8823583713041397E-9    2.324778563656447        1.8684650589201676E-9    2.324778563656447
3.964689928830319         1.8032432934661993E-9    2.318495378349268        1.8122820926168716E-9    2.318495378349268        1.8172663005974535E-9    2.318495378349268        1.8184369116486033E-9    2.318495378349268        1.8161929744386378E-9    2.318495378349268        1.8106445360386422E-9    2.318495378349268        1.8016847126190983E-9    2.318495378349268        1.7897893103051243E-9    2.318495378349268        1.7752889596877276E-9    2.318495378349268        1.7580669496955824E-9    2.318495378349268
3.970973114137499         1.7284002762828627E-9    2.312212193042088        1.7326361476346315E-9    2.312212193042088        1.7330749288718548E-9    2.312212193042088        1.7299308670830669E-9    2.312212193042088        1.7236508256217708E-9    2.312212193042088        1.7143313907626649E-9    2.312212193042088        1.7019118330857769E-9    2.312212193042088        1.68683028049674E-9      2.312212193042088        1.669439477320273E-9     2.312212193042088        1.6496590688459965E-9    2.312212193042088
3.977256299444678         1.65714876123903E-9      2.305929007734908        1.6575066123295859E-9    2.305929007734908        1.6543210947204985E-9    2.305929007734908        1.6477928127441806E-9    2.305929007734908        1.6384044042860233E-9    2.305929007734908        1.6262365658360127E-9    2.305929007734908        1.6112589155969948E-9    2.305929007734908        1.5938793257677103E-9    2.305929007734908        1.5744570522704278E-9    2.305929007734908        1.5529558739314738E-9    2.305929007734908
3.9835394847518577        1.5959790307030966E-9    2.2996458224277285       1.5933612418161149E-9    2.2996458224277285       1.587432455240801E-9     2.2996458224277285       1.5783923765234918E-9    2.2996458224277285       1.5667459195113493E-9    2.2996458224277285       1.5525569073326645E-9    2.2996458224277285       1.5358090472662704E-9    2.2996458224277285       1.5168981887286168E-9    2.2996458224277285       1.4961696765073172E-9    2.2996458224277285       1.47362680862644E-9      2.2996458224277285
3.9898226700590373        1.5475842552990373E-9    2.2933626371205493       1.5426541561362784E-9    2.2933626371205493       1.534615464471725E-9     2.2933626371205493       1.5236773579845603E-9    2.2933626371205493       1.5103533884741418E-9    2.2933626371205493       1.4946921698189652E-9    2.2933626371205493       1.4766801678891691E-9    2.2933626371205493       1.456720106485241E-9     2.2933626371205493       1.4351282624097536E-9    2.2933626371205493       1.4119303126929087E-9    2.2933626371205493
3.996105855366217         1.5105025865953317E-9    2.2870794518133697       1.503586149757699E-9     2.2870794518133697       1.4937354911885626E-9    2.2870794518133697       1.4811761444826911E-9    2.2870794518133697       1.4664175761156409E-9    2.2870794518133697       1.4494978609702663E-9    2.2870794518133697       1.4304026813941535E-9    2.2870794518133697       1.4095525961396045E-9    2.2870794518133697       1.3872307435192992E-9    2.2870794518133697       1.363460897431913E-9     2.2870794518133697
4.002389040673396         1.480250874522631E-9     2.2807962665061905       1.4713709670809167E-9    2.2807962665061905       1.4597132175176388E-9    2.2807962665061905       1.4455225787722422E-9    2.2807962665061905       1.4292935774037706E-9    2.2807962665061905       1.411060549885625E-9     2.2807962665061905       1.390812768746514E-9     2.2807962665061905       1.3689869942105932E-9    2.2807962665061905       1.345840793214595E-9     2.2807962665061905       1.321372931043368E-9     2.2807962665061905
4.008672225980576         1.4512994805330415E-9    2.2745130811990104       1.440306771538212E-9     2.2745130811990104       1.4266876665523231E-9    2.2745130811990104       1.4107062387636778E-9    2.2745130811990104       1.3928341564673852E-9    2.2745130811990104       1.3731089133628003E-9    2.2745130811990104       1.3515335703962517E-9    2.2745130811990104       1.3285468919805799E-9    2.2745130811990104       1.304396593886516E-9     2.2745130811990104       1.2790420394573815E-9    2.2745130811990104
4.0149554112877555        1.4190621118122458E-9    2.268229895891831        1.4057977614460798E-9    2.268229895891831        1.3900642296902811E-9    2.268229895891831        1.372142112624904E-9     2.268229895891831        1.352476214603999E-9     2.268229895891831        1.3311117454135475E-9    2.268229895891831        1.308078126158685E-9     2.268229895891831        1.2837935080012348E-9    2.268229895891831        1.2585141323302745E-9    2.268229895891831        1.2321582112916435E-9    2.268229895891831
4.0212385965949355        1.3812342801247629E-9    2.2619467105846507       1.365659890825975E-9     2.2619467105846507       1.3477842658932921E-9    2.2619467105846507       1.3279007927214597E-9    2.2619467105846507       1.306427620008873E-9     2.2619467105846507       1.2834181854405936E-9    2.2619467105846507       1.2589394738289358E-9    2.2619467105846507       1.2333646382767288E-9    2.2619467105846507       1.2069738784722017E-9    2.2619467105846507       1.1796545852137666E-9    2.2619467105846507
4.027521781902115         1.338168878594129E-9     2.255663525277472        1.3204238624850351E-9    2.255663525277472        1.3005550741162776E-9    2.255663525277472        1.2788645736592044E-9    2.255663525277472        1.2557475052057544E-9    2.255663525277472        1.2312617667237975E-9    2.255663525277472        1.2055188430364324E-9    2.255663525277472        1.1788276167171353E-9    2.255663525277472        1.1515005618196634E-9    2.255663525277472        1.1234124573902482E-9    2.255663525277472
4.033804967209294         1.2923445241617752E-9    2.2493803399702923       1.2727252147730817E-9    2.2493803399702923       1.2511636650517436E-9    2.2493803399702923       1.2279662715402235E-9    2.2493803399702923       1.2035106612587705E-9    2.2493803399702923       1.1778523367928765E-9    2.2493803399702923       1.1511487411395646E-9    2.2493803399702923       1.1236351479368994E-9    2.2493803399702923       1.0956558177135554E-9    2.2493803399702923       1.0670929703928617E-9    2.2493803399702923
4.040088152516474         1.2472442043546353E-9    2.243097154663112        1.2261273457615275E-9    2.243097154663112        1.2032470997370803E-9    2.243097154663112        1.1789094654923228E-9    2.243097154663112        1.1534801476896943E-9    2.243097154663112        1.1270042319900435E-9    2.243097154663112        1.0996817746855587E-9    2.243097154663112        1.071676360323569E-9     2.243097154663112        1.0433558912824326E-9    2.243097154663112        1.0146259631770326E-9    2.243097154663112
4.046371337823653         1.2060817228171226E-9    2.2368139693559335       1.1838289534449706E-9    2.2368139693559335       1.1599835580418163E-9    2.2368139693559335       1.1348458496255897E-9    2.2368139693559335       1.1087740937353757E-9    2.2368139693559335       1.0817956166540007E-9    2.2368139693559335       1.0541470111835299E-9    2.2368139693559335       1.0259311056830684E-9    2.2368139693559335       9.975270618450873E-10    2.2368139693559335       9.688713358860296E-10    2.2368139693559335
4.052654523130833         1.1707941489465017E-9    2.2305307840487534       1.147673205476197E-9     2.2305307840487534       1.1231197874976095E-9    2.2305307840487534       1.0974227997729104E-9    2.2305307840487534       1.0709359258315076E-9    2.2305307840487534       1.0436633088552459E-9    2.2305307840487534       1.0158718715212095E-9    2.2305307840487534       9.876189820083587E-10    2.2305307840487534       9.592827878327188E-10    2.2305307840487534       9.308279526499653E-10    2.2305307840487534
4.0589377084380125        1.1415793031012311E-9    2.224247598741574        1.1177259113687006E-9    2.224247598741574        1.0925902008964463E-9    2.224247598741574        1.0664439786447219E-9    2.224247598741574        1.0396376108521003E-9    2.224247598741574        1.0121490142862136E-9    2.224247598741574        9.842713834062819E-10    2.224247598741574        9.560310038662198E-10    2.224247598741574        9.277965236205034E-10    2.224247598741574        8.995493562583585E-10    2.224247598741574
4.065220893745193         1.1170452984292206E-9    2.2179644134343937       1.092472576746788E-9     2.2179644134343937       1.0667605110198735E-9    2.2179644134343937       1.040158882174576E-9     2.2179644134343937       1.013014778467706E-9     2.2179644134343937       9.852789941354433E-10    2.2179644134343937       9.572704110191733E-10    2.2179644134343937       9.289934680771053E-10    2.2179644134343937       9.008044346240201E-10    2.2179644134343937       8.726851712199435E-10    2.2179644134343937
4.071504079052372         1.0948316121971803E-9    2.2116812281272145       1.069477034852822E-9     2.2116812281272145       1.043122289264771E-9     2.2116812281272145       1.015991798498728E-9     2.2116812281272145       9.884287398645207E-10    2.2116812281272145       9.603573526006622E-10    2.2116812281272145       9.321251264221376E-10    2.2116812281272145       9.037167224281512E-10    2.2116812281272145       8.754783576435138E-10    2.2116812281272145       8.473765492582966E-10    2.2116812281272145
4.077787264359552         1.0724337812882127E-9    2.2053980428200344       1.046222572767685E-9     2.2053980428200344       1.019148875164152E-9     2.2053980428200344       9.91410756257332E-10     2.2053980428200344       9.633467574037134E-10    2.2053980428200344       9.348557988532943E-10    2.2053980428200344       9.063191479289717E-10    2.2053980428200344       8.776971301110145E-10    2.2053980428200344       8.493313291622074E-10    2.2053980428200344       8.211626049822965E-10    2.2053980428200344
4.084070449666731         1.047949509430354E-9     2.1991148575128556       1.0208509591012734E-9    2.1991148575128556       9.930263356785598E-10    2.1991148575128556       9.64649092831895E-10     2.1991148575128556       9.360526950316012E-10    2.1991148575128556       9.071120699763277E-10    2.1991148575128556       8.782475599412686E-10    2.1991148575128556       8.493866235375738E-10    2.1991148575128556       8.208719496014752E-10    2.1991148575128556       7.926167582043174E-10    2.1991148575128556
4.09035363497391          1.0205416404897467E-9    2.1928316722056764       9.926009543378906E-10    2.1928316722056764       9.640675432145752E-10    2.1928316722056764       9.350945775743901E-10    2.1928316722056764       9.06010268298717E-10     2.1928316722056764       8.766667902200921E-10    2.1928316722056764       8.475267604384195E-10    2.1928316722056764       8.184759212936034E-10    2.1928316722056764       7.898617952872698E-10    2.1928316722056764       7.615761806339713E-10    2.1928316722056764
4.09663682028109          9.905329792791143E-10    2.1865484868984963       9.618723287968056E-10    2.1865484868984963       9.327463197393137E-10    2.1865484868984963       9.032939595204517E-10    2.1865484868984963       8.738378993779295E-10    2.1865484868984963       8.442089022370116E-10    2.1865484868984963       8.149114457542341E-10    2.1865484868984963       7.857836920093633E-10    2.1865484868984963       7.571785549266352E-10    2.1865484868984963       7.289780673653544E-10    2.1865484868984963
4.10292000558827          9.591634223008676E-10    2.1802653015913163       9.299569143223469E-10    2.1802653015913163       9.00403726408266E-10     2.1802653015913163       8.706352816437648E-10    2.1802653015913163       8.409677329949761E-10    2.1802653015913163       8.112122234008809E-10    2.1802653015913163       7.819107439447923E-10    2.1802653015913163       7.52852886741579E-10     2.1802653015913163       7.24394497347167E-10     2.1802653015913163       6.964208733770767E-10    2.1802653015913163
4.10920319089545          9.281245964981708E-10    2.1739821162841366       8.98559178895652E-10     2.1739821162841366       8.687556743933769E-10    2.1739821162841366       8.388434444961949E-10    2.1739821162841366       8.091302952147734E-10    2.1739821162841366       7.794102668989259E-10    2.1739821162841366       7.502554362170453E-10    2.1739821162841366       7.214107878953172E-10    2.1739821162841366       6.932307474199043E-10    2.1739821162841366       6.656144908035779E-10    2.1739821162841366
4.115486376202629         8.990296628890001E-10    2.167698930976958        8.692660788058721E-10    2.167698930976958        8.393633042337003E-10    2.167698930976958        8.094518584500952E-10    2.167698930976958        7.798285824310472E-10    2.167698930976958        7.502736984470488E-10    2.167698930976958        7.213804437601946E-10    2.167698930976958        6.928566748365427E-10    2.167698930976958        6.650506701913476E-10    2.167698930976958        6.378813149735811E-10    2.167698930976958
4.121769561509808         8.729725706695513E-10    2.1614157456697787       8.431180575185577E-10    2.1614157456697787       8.13215503580835E-10     2.1614157456697787       7.833968943651256E-10    2.1614157456697787       7.539452435237835E-10    2.1614157456697787       7.246307701867435E-10    2.1614157456697787       6.960591907722997E-10    2.1614157456697787       6.679100108777581E-10    2.1614157456697787       6.405215791498462E-10    2.1614157456697787       6.13833048424902E-10     2.1614157456697787
4.128052746816988         8.502862062324591E-10    2.1551325603625986       8.203854249973041E-10    2.1551325603625986       7.905227661392884E-10    2.1551325603625986       7.608292731944335E-10    2.1551325603625986       7.315717407086462E-10    2.1551325603625986       7.025142704782664E-10    2.1551325603625986       6.742680307811927E-10    2.1551325603625986       6.46492088528773E-10     2.1551325603625986       6.195126956058998E-10    2.1551325603625986       5.932857919838913E-10    2.1551325603625986
4.134335932124168         8.305380378892481E-10    2.1488493750554185       8.00582586310083E-10     2.1488493750554185       7.707490382268316E-10    2.1488493750554185       7.411632939977933E-10    2.1488493750554185       7.120746522093556E-10    2.1488493750554185       6.83244528889322E-10     2.1488493750554185       6.552849120224259E-10    2.1488493750554185       6.278400652972676E-10    2.1488493750554185       6.012234195046626E-10    2.1488493750554185       5.754025325872855E-10    2.1488493750554185
4.140619117431347         8.12729309274487E-10     2.142566189748239        7.826807810740834E-10    2.142566189748239        7.528371535081692E-10    2.142566189748239        7.233145964989831E-10    2.142566189748239        6.943450491460281E-10    2.142566189748239        6.65689886599769E-10     2.142566189748239        6.379595465788804E-10    2.142566189748239        6.1078658220991E-10      2.142566189748239        5.844714575091643E-10    2.142566189748239        5.589890256209232E-10    2.142566189748239
4.146902302738527         7.956131040760747E-10    2.13628300444106         7.654313371311455E-10    2.13628300444106         7.355368154512143E-10    2.13628300444106         7.060325524996532E-10    2.13628300444106         6.771343866103025E-10    2.13628300444106         6.486056495665913E-10    2.13628300444106         6.210540937613917E-10    2.13628300444106         5.941019674139918E-10    2.13628300444106         5.680361460950176E-10    2.13628300444106         5.428369957755851E-10    2.13628300444106
4.153185488045707         7.780300075752973E-10    2.1299998191338796       7.476976875676267E-10    2.1299998191338796       7.177330457794152E-10    2.1299998191338796       6.882249820709801E-10    2.1299998191338796       6.593746480556854E-10    2.1299998191338796       6.309494099982127E-10    2.1299998191338796       6.035527874909645E-10    2.1299998191338796       5.767979652445051E-10    2.1299998191338796       5.50956507986956E-10     2.1299998191338796       5.260152242159227E-10    2.1299998191338796
4.159468673352886         7.591750434877966E-10    2.123716633826701        7.287120897880373E-10    2.123716633826701        6.986932488148388E-10    2.123716633826701        6.691955311532326E-10    2.123716633826701        6.404055558502271E-10    2.123716633826701        6.120979801662022E-10    2.123716633826701        5.848684552130116E-10    2.123716633826701        5.583236518357623E-10    2.123716633826701        5.327171844623841E-10    2.123716633826701        5.080446643394059E-10    2.123716633826701
4.165751858660065         7.387433125646581E-10    2.117433448519521        7.082084288873788E-10    2.117433448519521        6.781879889916758E-10    2.117433448519521        6.487523984971321E-10    2.117433448519521        6.200713376222856E-10    2.117433448519521        5.919321233943018E-10    2.117433448519521        5.649158259403132E-10    2.117433448519521        5.386272319097119E-10    2.117433448519521        5.132993305840708E-10    2.117433448519521        4.889384117894103E-10    2.117433448519521
4.172035043967246         7.169398741858337E-10    2.1111502632123407       6.864207457949194E-10    2.1111502632123407       6.564788923265274E-10    2.1111502632123407       6.271854850077834E-10    2.1111502632123407       5.986877842866608E-10    2.1111502632123407       5.707934291475659E-10    2.1111502632123407       5.440593088081618E-10    2.1111502632123407       5.180948347079519E-10    2.1111502632123407       4.931107174269192E-10    2.1111502632123407       4.69123841213763E-10     2.1111502632123407
4.178318229274425         6.943719092115824E-10    2.104867077905161        6.639684178245974E-10    2.104867077905161        6.341972282406383E-10    2.104867077905161        6.05138161528096E-10     2.104867077905161        5.769081803434256E-10    2.104867077905161        5.493443466157868E-10    2.104867077905161        5.229682399897408E-10    2.104867077905161        4.974013133463953E-10    2.104867077905161        4.728320099037417E-10    2.104867077905161        4.4928540494286504E-10   2.104867077905161
4.184601414581604         6.718635499307474E-10    2.0985838925979823       6.416694385854019E-10    2.0985838925979823       6.121555984938524E-10    2.0985838925979823       5.834171894370269E-10    2.0985838925979823       5.55532347948117E-10     2.0985838925979823       5.283764197515394E-10    2.0985838925979823       5.024250378520105E-10    2.0985838925979823       4.773187818325883E-10    2.0985838925979823       4.5322543153548235E-10   2.0985838925979823       4.3017424863907307E-10   2.0985838925979823
4.190884599888784         6.502445901398973E-10    2.092300707290803        6.20332413613091E-10     2.092300707290803        5.911428524333845E-10    2.092300707290803        5.627905598911944E-10    2.092300707290803        5.353078743739324E-10    2.092300707290803        5.086151400669408E-10    2.092300707290803        4.831338442917339E-10    2.092300707290803        4.585294503810094E-10    2.092300707290803        4.3495157936036935E-10   2.092300707290803        4.1242929567637665E-10   2.092300707290803
4.197167785195964         6.301633603389984E-10    2.086017521983623        6.005759182802756E-10    2.086017521983623        5.717494298245124E-10    2.086017521983623        5.438190601567413E-10    2.086017521983623        5.167678077880665E-10    2.086017521983623        4.905641246469037E-10    2.086017521983623        4.655708429710214E-10    2.086017521983623        4.41482279807137E-10     2.086017521983623        4.184323429702976E-10    2.086017521983623        3.96446207170088E-10     2.086017521983623
4.203450970503143         6.11962323694439E-10     2.079734336676444        5.827117514825658E-10    2.079734336676444        5.542578282546284E-10    2.079734336676444        5.267543588113604E-10    2.079734336676444        5.001358048813628E-10    2.079734336676444        4.744176815796752E-10    2.079734336676444        4.499036019467003E-10    2.079734336676444        4.2631903283403597E-10   2.079734336676444        4.037837071043824E-10    2.079734336676444        3.823164387860813E-10    2.079734336676444
4.209734155810323         5.95635641835592E-10     2.0734511513692637       5.667094244030283E-10    2.0734511513692637       5.386137453935302E-10    2.0734511513692637       5.115172300506909E-10    2.0734511513692637       4.853106512621731E-10    2.0734511513692637       4.600518828482611E-10    2.0734511513692637       4.359879903371416E-10    2.0734511513692637       4.128767448581709E-10    2.0734511513692637       3.908238559791213E-10    2.0734511513692637       3.6984047849039694E-10   2.0734511513692637
4.216017341117502         5.808665667048788E-10    2.0671679660620845       5.522382781045047E-10    2.0671679660620845       5.244728721396899E-10    2.0671679660620845       4.977493304377702E-10    2.0671679660620845       4.719222612609057E-10    2.0671679660620845       4.470848900659123E-10    2.0671679660620845       4.234322442669609E-10    2.0671679660620845       4.007551142585848E-10    2.0671679660620845       3.7914395440046304E-10   2.0671679660620845       3.58601696164815E-10     2.0671679660620845
4.222300526424682         5.671249629816471E-10    2.0608847807549044       5.387667431032079E-10    2.0608847807549044       5.113020335854225E-10    2.0608847807549044       4.849163036889313E-10    2.0608847807549044       4.594362280009056E-10    2.0608847807549044       4.3498287850280034E-10   2.0608847807549044       4.11703946037224E-10     2.0608847807549044       3.894241011629241E-10    2.0608847807549044       3.6821640856968403E-10   2.0608847807549044       3.480751903054628E-10    2.0608847807549044
4.228583711731861         5.537955054069935E-10    2.054601595447725        5.256892653538635E-10    2.054601595447725        4.985050972663871E-10    2.054601595447725        4.724324869992736E-10    2.054601595447725        4.4727719374830476E-10   2.054601595447725        4.2318182208606133E-10   2.054601595447725        4.0025026022444135E-10   2.054601595447725        3.7834226539111805E-10   2.054601595447725        3.575113235412583E-10    2.054601595447725        3.377425086689624E-10    2.054601595447725
4.234866897039041         5.403058846650174E-10    2.0483184101405456       5.124509094500078E-10    2.0483184101405456       4.855442164321479E-10    2.0483184101405456       4.597783893744648E-10    2.0483184101405456       4.349428443873487E-10    2.0483184101405456       4.1119760712320065E-10   2.0483184101405456       3.88604552378501E-10     2.0483184101405456       3.670597274280831E-10    2.0483184101405456       3.465957906425009E-10    2.0483184101405456       3.271875265808104E-10    2.0483184101405456
4.241150082346221         5.262298494085995E-10    2.042035224833366        4.986455892859817E-10    2.042035224833366        4.72033377036136E-10     2.042035224833366        4.465890690739312E-10    2.042035224833366        4.220877018188901E-10    2.042035224833366        3.987047940099436E-10    2.042035224833366        3.7646071864346176E-10   2.042035224833366        3.552881585321152E-10    2.042035224833366        3.3519948235380426E-10   2.042035224833366        3.161578964902394E-10    2.042035224833366
4.247433267653401         5.113492057202861E-10    2.035752039526186        4.840732716033832E-10    2.035752039526186        4.577907855148341E-10    2.035752039526186        4.3270133155839353E-10   2.035752039526186        4.085657887590653E-10    2.035752039526186        3.855744168534265E-10    2.035752039526186        3.637066897598731E-10    2.035752039526186        3.4293033375238594E-10   2.035752039526186        3.232401722700437E-10    2.035752039526186        3.045866596959337E-10    2.035752039526186
4.25371645296058          4.956692889149041E-10    2.0294688542190067       4.687516814651435E-10    2.0294688542190067       4.4284669736285904E-10   2.0294688542190067       4.1815757328492835E-10   2.0294688542190067       3.9443096174431245E-10   2.0294688542190067       3.7187074432825535E-10   2.0294688542190067       3.5041791411068006E-10   2.0294688542190067       3.300708394229534E-10    2.0294688542190067       3.10811591930299E-10     2.0294688542190067       2.925772223736436E-10    2.0294688542190067
4.259999638267759         4.793918840162179E-10    2.0231856689118275       4.5288710172081054E-10   2.0231856689118275       4.2741199860251847E-10   2.0231856689118275       4.031723329383554E-10    2.0231856689118275       3.7990156741984103E-10   2.0231856689118275       3.5781430832384065E-10   2.0231856689118275       3.3681865126836666E-10   2.0231856689118275       3.1693613475323625E-10   2.0231856689118275       2.981422260821361E-10    2.0231856689118275       2.803607566348848E-10    2.0231856689118275
4.266282823574939         4.62856693677597E-10     2.0169024836046474       4.3681553669483487E-10   2.0169024836046474       4.1181905940624074E-10   2.0169024836046474       3.8807320699568013E-10   2.0169024836046474       3.653012280784316E-10    2.0169024836046474       3.4372306788205926E-10   2.0169024836046474       3.2322306226622815E-10   2.0169024836046474       3.038359194929446E-10    2.0169024836046474       2.8553697797265985E-10   2.0169024836046474       2.68238031617099E-10     2.0169024836046474
4.2725660088821185        4.4646639207509693E-10   2.010619298297468        4.2092906792945614E-10   2.010619298297468        3.9644947662675004E-10   2.010619298297468        3.7323035331050784E-10   2.010619298297468        3.50989736017476E-10     2.010619298297468        3.2994525049261073E-10   2.010619298297468        3.0996940410931813E-10   2.010619298297468        2.9109879384306173E-10   2.010619298297468        2.733143582402292E-10    2.010619298297468        2.565180596836998E-10    2.010619298297468
4.278849194189298         4.306108466083618E-10    2.004336112990289        4.056025105762316E-10    2.004336112990289        3.8166327010167315E-10   2.004336112990289        3.5898845644240474E-10   2.004336112990289        3.372974255056635E-10    2.004336112990289        3.167965338685491E-10    2.004336112990289        2.973595239946055E-10    2.004336112990289        2.7901394062411493E-10   2.004336112990289        2.617504368135617E-10    2.004336112990289        2.454643088828866E-10    2.004336112990289
4.285132379496478         4.1560368649419514E-10   1.9980529276831087       3.911329499009246E-10    1.9980529276831087       3.6774142717671457E-10   1.9980529276831087       3.4561231919635847E-10   1.9980529276831087       3.2447358198783567E-10   1.9980529276831087       3.0451140539438614E-10   1.9980529276831087       2.856129314498902E-10    1.9980529276831087       2.677876182214899E-10    1.9980529276831087       2.5103783462168126E-10   1.9980529276831087       2.35256204138632E-10     1.9980529276831087
4.291415564803658         4.016400159614456E-10    1.9917697423759286       3.777003560584278E-10    1.9917697423759286       3.5484935194980333E-10   1.9917697423759286       3.3325304843165093E-10   1.9917697423759286       3.126552924826922E-10    1.9917697423759286       2.9321453614400423E-10   1.9917697423759286       2.748407581906156E-10    1.9917697423759286       2.57519340004712E-10     1.9917697423759286       2.4126418879156104E-10   1.9917697423759286       2.2596986194799847E-10   1.9917697423759286
4.297698750110837         3.88778904055178E-10     1.9854865570687494       3.653524109059701E-10    1.9854865570687494       3.430238788191995E-10    1.9854865570687494       3.2193711562344334E-10   1.9854865570687494       3.0185858674645195E-10   1.9854865570687494       2.8291367004264485E-10   1.9854865570687494       2.650406935642935E-10    1.9854865570687494       2.481984965116021E-10    1.9854865570687494       2.3241052124199012E-10   1.9854865570687494       2.1757814160264473E-10   1.9854865570687494
4.303981935418016         3.769494573131417E-10    1.9792033717615702       3.5401202408516407E-10   1.9792033717615702       3.32182068876431E-10     1.9792033717615702       3.115763275189822E-10    1.9792033717615702       2.919896483980807E-10    1.9792033717615702       2.7351166255560125E-10   1.9792033717615702       2.5611027135686936E-10   1.9792033717615702       2.397185943961329E-10    1.9792033717615702       2.2436648944841237E-10   1.9792033717615702       2.0996680858678077E-10   1.9792033717615702
4.310265120725196         3.659756335953998E-10    1.9729201864543902       3.4350256827592645E-10   1.9729201864543902       3.2214676417884435E-10   1.9729201864543902       3.019936514388986E-10    1.9729201864543902       2.8287096209918237E-10   1.9729201864543902       2.6483255473671923E-10   1.9729201864543902       2.4787329631484183E-10   1.9729201864543902       2.3190384212935345E-10   1.9729201864543902       2.1695718367516126E-10   1.9729201864543902       2.0296144282007765E-10   1.9729201864543902
4.3165483060323755        3.556129139039338E-10    1.966637001147211        3.335840173660493E-10    1.966637001147211        3.1268218761854617E-10   1.966637001147211        2.9295826577533646E-10   1.966637001147211        2.7427584432482665E-10   1.966637001147211        2.5665527757836856E-10   1.966637001147211        2.401130554470087E-10    1.966637001147211        2.2454180859554131E-10   1.966637001147211        2.0997524903051017E-10   1.966637001147211        1.9635896405003008E-10   1.966637001147211
4.322831491339556         3.45589508677329E-10     1.9603538158400309       3.239928861347495E-10    1.9603538158400309       3.035326928868974E-10    1.9603538158400309       2.8422310839185586E-10   1.9603538158400309       2.6596482426538185E-10   1.9603538158400309       2.487486931232405E-10    1.9603538158400309       2.3260619209412456E-10   1.9603538158400309       2.1741622467473185E-10   1.9603538158400309       2.0321255346022283E-10   1.9603538158400309       1.8995818391583134E-10   1.9603538158400309
4.329114676646735         3.356455853188038E-10    1.9540706305328517       3.144797687699673E-10    1.9540706305328517       2.944587158335853E-10    1.9540706305328517       2.7555920545457215E-10   1.9540706305328517       2.577184198904589E-10    1.9540706305328517       2.4090280508715883E-10   1.9540706305328517       2.2515233248736473E-10   1.9540706305328517       2.1033526841695993E-10   1.9540706305328517       1.9648696603649552E-10   1.9540706305328517       1.835851949416291E-10    1.9540706305328517
4.335397861953915         3.2556555647574723E-10   1.9477874452256716       3.048398384058964E-10    1.9477874452256716       2.852655513553419E-10    1.9477874452256716       2.667826748034033E-10    1.9477874452256716       2.4936248464442743E-10   1.9477874452256716       2.3295259460264145E-10   1.9477874452256716       2.1759621778069959E-10   1.9477874452256716       2.0315233425475822E-10   1.9477874452256716       1.896615093691698E-10    1.9477874452256716       1.7711112005151849E-10   1.9477874452256716
4.341681047261094         3.1520030075723737E-10   1.9415042599184924       2.9493345083076406E-10   1.9415042599184924       2.7582234554496436E-10   1.9415042599184924       2.5777207060856303E-10   1.9415042599184924       2.407840482911583E-10    1.9415042599184924       2.2479262460056093E-10   1.9415042599184924       2.0984077138337754E-10   1.9415042599184924       1.9577791017353013E-10   1.9415042599184924       1.826547737329974E-10    1.9415042599184924       1.7046133804684798E-10   1.9415042599184924
4.347964232568273         3.044779956890298E-10    1.9352210746113132       2.846957193967962E-10    1.9352210746113132       2.660703865572409E-10    1.9352210746113132       2.484753959587139E-10    1.9352210746113132       2.3193717834253545E-10   1.9352210746113132       2.163820670001224E-10    1.9352210746113132       2.018509809099881E-10    1.9352210746113132       1.881825623249921E-10    1.9352210746113132       1.7544281408901014E-10   1.9352210746113132       1.6361656354392128E-10   1.9352210746113132
4.354247417875452         2.9340386929561586E-10   1.928937889304134        2.7413546953236914E-10   1.928937889304134        2.560212691153867E-10    1.928937889304134        2.3890752354617547E-10   1.928937889304134        2.2283972457008042E-10   1.928937889304134        2.0774104801122718E-10   1.928937889304134        1.9364961763377643E-10   1.928937889304134        1.8039210525095352E-10   1.928937889304134        1.6805374964859456E-10   1.928937889304134        1.5660706643097285E-10   1.928937889304134
4.360530603182633         2.8205052356282837E-10   1.922654703996953        2.6332526011447775E-10   1.922654703996953        2.4574670719415526E-10   1.922654703996953        2.291398536379773E-10    1.922654703996953        2.1356281199560227E-10   1.922654703996953        1.9894013695222358E-10   1.922654703996953        1.8530663739464737E-10   1.922654703996953        1.7247681427057772E-10   1.922654703996953        1.605569593516576E-10    1.922654703996953        1.4950189959529598E-10   1.922654703996953
4.366813788489813         2.705414468591064E-10    1.9163715186897738       2.523850718091674E-10    1.9163715186897738       2.353625766893323E-10    1.9163715186897738       2.192847303073529E-10    1.9163715186897738       2.0421555757947105E-10   1.9163715186897738       1.9008537382158709E-10   1.9163715186897738       1.769245840545554E-10    1.9163715186897738       1.6453698642426865E-10   1.9163715186897738       1.5304911002553304E-10   1.9163715186897738       1.4239528073127392E-10   1.9163715186897738
4.373096973796992         2.590308147536485E-10    1.9100883333825946       2.414627009573034E-10    1.9100883333825946       2.2501010115745932E-10   1.9100883333825946       2.0947738106942875E-10   1.9100883333825946       1.949276658264266E-10    1.9100883333825946       1.813013995018734E-10    1.9100883333825946       1.6862242807410594E-10   1.9100883333825946       1.566872407102231E-10    1.9100883333825946       1.4563925593781063E-10   1.9100883333825946       1.353922457533693E-10    1.9100883333825946
4.379380159104172         2.476826451027719E-10    1.9038051480754146       2.307138210148103E-10    1.9038051480754146       2.1483694474567041E-10   1.9038051480754146       1.998579592319576E-10    1.9038051480754146       1.8583233720036955E-10   1.9038051480754146       1.7271503590823114E-10   1.9038051480754146       1.605200381054927E-10    1.9038051480754146       1.4904167929066152E-10   1.9038051480754146       1.3843494096000358E-10   1.9038051480754146       1.2859538839322248E-10   1.9038051480754146
4.385663344411351         2.366518964284399E-10    1.8975219627682354       2.202841594521134E-10    1.8975219627682354       2.0498045029750503E-10   1.8975219627682354       1.9055575531575216E-10   1.8975219627682354       1.7705140692695917E-10   1.8975219627682354       1.6444115591306696E-10   1.8975219627682354       1.527249867014024E-10    1.8975219627682354       1.4170150054598374E-10   1.8975219627682354       1.3153071512738813E-10   1.8975219627682354       1.2209400759608228E-10   1.8975219627682354
4.39194652971853          2.260693435148931E-10    1.8912387774610562       2.1029546384323237E-10   1.8912387774610562       1.9555453257823455E-10   1.8912387774610562       1.8167696022447892E-10   1.8912387774610562       1.6868397116980147E-10   1.8912387774610562       1.5657202938913426E-10   1.8912387774610562       1.453227620236796E-10    1.8912387774610562       1.3474600817052426E-10   1.8912387774610562       1.249998811665568E-10    1.8912387774610562       1.159564197093082E-10    1.8912387774610562
4.39822971502571          2.160312262970968E-10    1.884955592153876        2.0083610237267807E-10   1.884955592153876        1.8664098428983443E-10   1.884955592153876        1.7329666217806876E-10   1.884955592153876        1.6079909443561307E-10   1.884955592153876        1.4917067486328816E-10   1.884955592153876        1.383708272729754E-10    1.884955592153876        1.2822734097423006E-10   1.884955592153876        1.188897344559404E-10    1.884955592153876        1.1022566474621568E-10   1.884955592153876
4.4045129003328904        2.0659390773696723E-10   1.878672406846696        1.9195642166018502E-10   1.878672406846696        1.7828530066652005E-10   1.878672406846696        1.6545515030952643E-10   1.878672406846696        1.5343262224889214E-10   1.878672406846696        1.4226818583717494E-10   1.878672406846696        1.3189643479597106E-10   1.878672406846696        1.221687504402056E-10    1.878672406846696        1.1322012304932034E-10   1.878672406846696        1.0491841279988408E-10   1.878672406846696
4.41079608564007          1.9777318471927682E-10   1.8723892215395168       1.8366844945681235E-10   1.8723892215395168       1.7049663395329476E-10   1.8723892215395168       1.5815813324136308E-10   1.8723892215395168       1.4658769092268105E-10   1.8723892215395168       1.3586458365229281E-10   1.8723892215395168       1.2589771145660923E-10   1.8723892215395168       1.165659131635949E-10    1.8723892215395168       1.0798485289171876E-10   1.8723892215395168       1.0002658178445885E-10   1.8723892215395168
4.417079270947249         1.8954749911492552E-10   1.8661060362323376       1.759491916263081E-10    1.8661060362323376       1.632511593285179E-10    1.8661060362323376       1.5138017179695094E-10   1.8661060362323376       1.4023823943407843E-10   1.8661060362323376       1.2993248177377586E-10   1.8661060362323376       1.2034729575373646E-10   1.8661060362323376       1.113905764548689E-10    1.8661060362323376       1.0315528683280128E-10   1.8661060362323376       9.552100702476752E-11    1.8661060362323376
4.423362456254428         1.8186407840451256E-10   1.8598228509251584       1.687466017639205E-10    1.8598228509251584       1.5649795220919828E-10   1.8598228509251584       1.4507045847457116E-10   1.8598228509251584       1.3433467552838732E-10   1.8598228509251584       1.2442271471501084E-10   1.8598228509251584       1.1519771033990959E-10   1.8598228509251584       1.0659577093783481E-10   1.8598228509251584       9.868541415228761E-11    1.8598228509251584       9.13564408404389E-11     1.8598228509251584
4.429645641561608         1.7464696223264628E-10   1.8535396656179783       1.6198725478792945E-10   1.8535396656179783       1.5016641870389267E-10   1.8535396656179783       1.3916002786300088E-10   1.8535396656179783       1.2881080817920162E-10   1.8535396656179783       1.1927106408673473E-10   1.8535396656179783       1.1038766679151794E-10   1.8535396656179783       1.0212185075122723E-10   1.8535396656179783       9.45176782310269E-11     1.8535396656179783       8.747718493314637E-11    1.8535396656179783
4.435928826868788         1.6780590400839878E-10   1.8472564803107983       1.5558479245084566E-10   1.8472564803107983       1.4417435872439117E-10   1.8472564803107983       1.3356952177058764E-10   1.8472564803107983       1.2359120513844615E-10   1.8472564803107983       1.1440527646291948E-10   1.8472564803107983       1.0584858613881625E-10   1.8472564803107983       9.790270563621902E-11    1.8472564803107983       9.05889205104126E-11     1.8472564803107983       8.382274415429985E-11    1.8472564803107983
4.442212012175967         1.6124523947980287E-10   1.840973295003619        1.4944829825037904E-10   1.840973295003619        1.3843584675215555E-10   1.840973295003619        1.2821673120105556E-10   1.840973295003619        1.185982408489655E-10    1.840973295003619        1.0975168607425078E-10   1.840973295003619        1.0151074263055507E-10   1.840973295003619        9.387159875055989E-11    1.840973295003619        8.683590507038684E-11    1.840973295003619        8.033300886683843E-11    1.840973295003619
4.4484951974831475        1.5487196030300019E-10   1.834690109696439        1.43489884341235E-10     1.834690109696439        1.328682640088307E-10    1.834690109696439        1.2302327341851226E-10   1.834690109696439        1.1375824575273832E-10   1.834690109696439        1.0524090875306824E-10   1.834690109696439        9.730857315528692E-11    1.834690109696439        8.996619908591949E-11    1.834690109696439        8.320001049568099E-11    1.834690109696439        7.695260097304702E-11    1.834690109696439
4.454778382790327         1.4860240542460693E-10   1.8284069243892598       1.3763092977102428E-10   1.8284069243892598       1.2739799159160702E-10   1.8284069243892598       1.179199273364974E-10    1.8284069243892598       1.0900634138575927E-10   1.8284069243892598       1.0081224860097393E-10   1.8284069243892598       9.318483048525429E-11    1.8284069243892598       8.613249374670788E-11    1.8284069243892598       7.963080454255132E-11    1.8284069243892598       7.363414377093392E-11    1.8284069243892598
4.461061568097506         1.423671820327205E-10    1.8221237390820806       1.318066003421951E-10    1.8221237390820806       1.2196446862853937E-10   1.8221237390820806       1.1285034274054322E-10   1.8221237390820806       1.0428973958173301E-10   1.8221237390820806       9.641664563451061E-11    1.8221237390820806       8.909339831806803E-11    1.8221237390820806       8.232739221822804E-11    1.8221237390820806       7.608835239995096E-11    1.8221237390820806       7.034033851922352E-11    1.8221237390820806
4.467344753404685         1.3611414764635969E-10   1.8158405537749014       1.259685023483356E-10    1.8158405537749014       1.1652252502433948E-10   1.8158405537749014       1.077730516830934E-10    1.8158405537749014       9.956948615351354E-11    1.8158405537749014       9.201817733716141E-11    1.8158405537749014       8.500073483902967E-11    1.8158405537749014       7.851998136934887E-11    1.8158405537749014       7.254425269457954E-11    1.8158405537749014       6.70448558842318E-11     1.8158405537749014
4.473627938711866         1.298095126605626E-10    1.8095573684677204       1.2008555479224092E-10   1.8095573684677204       1.1104309879063654E-10   1.8095573684677204       1.0266192095731783E-10   1.8095573684677204       9.482081456942261E-11    1.8095573684677204       8.759428744104517E-11    1.8095573684677204       8.088606234600381E-11    1.8095573684677204       7.469154990090474E-11    1.8095573684677204       6.898153946745307E-11    1.8095573684677204       6.373217601800062E-11    1.8095573684677204
4.479911124019045         1.234373300012846E-10    1.8032741831605412       1.1414336866847765E-10   1.8032741831605412       1.0551261551293892E-10   1.8032741831605412       9.750535468040576E-11    1.8032741831605412       9.003240974053277E-11    1.8032741831605412       8.313502522593233E-11    1.8032741831605412       7.67405502830126E-11     1.8032741831605412       7.083464575127568E-11    1.8032741831605412       6.539371147504987E-11    1.8032741831605412       6.039662016447778E-11    1.8032741831605412
4.486194309326224         1.169977869849103E-10    1.796990997853362        1.081425533575427E-10    1.796990997853362        9.993141039181542E-11    1.796990997853362        9.230464729832254E-11    1.796990997853362        8.520493882688008E-11    1.796990997853362        7.864161987873348E-11    1.796990997853362        7.256581756277043E-11    1.796990997853362        6.69515189699641E-11     1.796990997853362        6.178322197131938E-11    1.796990997853362        5.7040882239126835E-11   1.796990997853362
4.4924774946334045        1.1050477090594494E-10   1.790707812546182        1.0209640048245046E-10   1.790707812546182        9.431159114696659E-11    1.790707812546182        8.707188220666588E-11    1.790707812546182        8.034918061918878E-11    1.790707812546182        7.412468794947137E-11    1.790707812546182        6.837208709338847E-11    1.790707812546182        6.305230526998334E-11    1.790707812546182        5.81597587795225E-11     1.790707812546182        5.3674367583508185E-11   1.790707812546182
4.498760679940584         1.0398313453000376E-10   1.7844246272390027       9.60283278825282E-11     1.7844246272390027       8.867467752792878E-11    1.7844246272390027       8.182768544745242E-11    1.7844246272390027       7.548400161917247E-11    1.7844246272390027       6.960229974280539E-11    1.7844246272390027       6.417626430061935E-11    1.7844246272390027       5.915322219447268E-11    1.7844246272390027       5.4538565070211096E-11   1.7844246272390027       5.031157535464119E-11    1.7844246272390027
4.505043865247763         9.746596378766836E-11    1.7781414419318236       8.996933690183645E-11    1.7781414419318236       8.304924155242329E-11    1.7781414419318236       7.659902097149107E-11    1.7781414419318236       7.063432689722497E-11    1.7781414419318236       6.509804577043617E-11    1.7781414419318236       6.000010956876173E-11    1.7781414419318236       5.527491654193857E-11    1.7781414419318236       5.093892460072477E-11    1.7781414419318236       4.6970645928671083E-11   1.7781414419318236
4.511327050554943         9.099199780839018E-11    1.7718582566246435       8.395559887673789E-11    1.7718582566246435       7.74686570479752E-11     1.7718582566246435       7.141710355649682E-11    1.7718582566246435       6.582917514429759E-11    1.7718582566246435       6.063917575901155E-11    1.7718582566246435       5.5868570676588406E-11   1.7718582566246435       5.144097432912851E-11    1.7718582566246435       4.7382810558604304E-11   1.7718582566246435       4.3672080048973126E-11   1.7718582566246435
4.517610235862123         8.460322792831348E-11    1.7655750713174634       7.802618946427114E-11    1.7655750713174634       7.196898629289064E-11    1.7655750713174634       6.631544067236006E-11    1.7655750713174634       6.109978760258907E-11    1.7655750713174634       5.6254843115933606E-11   1.7655750713174634       5.1808268118568614E-11   1.7655750713174634       4.7676531630300936E-11   1.7655750713174634       4.3893622593159915E-11   1.7655750713174634       4.043756596015959E-11    1.7655750713174634
4.523893421169302         7.8342646229759E-11      1.7592918860102842       7.222095519238976E-11    1.7592918860102842       6.65870019964203E-11     1.7592918860102842       6.132800048269332E-11    1.7592918860102842       5.647787423072085E-11    1.7592918860102842       5.197447428740953E-11    1.7592918860102842       4.784609827902094E-11    1.7592918860102842       4.4006924259842213E-11   1.7592918860102842       4.049493576142322E-11    1.7592918860102842       3.728884567557393E-11    1.7592918860102842
4.5301766064764815        7.2252130050407E-11      1.753008700703105        6.657851798822487E-11    1.753008700703105        6.135835605936672E-11    1.753008700703105        5.648752251043083E-11    1.753008700703105        5.19940100030602E-11     1.753008700703105        4.782628474132802E-11    1.753008700703105        4.4007932023849007E-11   1.753008700703105        4.04563688274751E-11     1.753008700703105        3.720924614031319E-11    1.753008700703105        3.424660098001577E-11    1.753008700703105
4.536459791783661         6.637050821226401E-11    1.7467255153959258       6.113447192285541E-11    1.7467255153959258       5.631593905396855E-11    1.7467255153959258       5.182401610247378E-11    1.7467255153959258       4.767622465190343E-11    1.7467255153959258       4.383597261881727E-11    1.7467255153959258       4.0317422256848363E-11   1.7467255153959258       3.704673739609993E-11    1.7467255153959258       3.405678086341466E-11    1.7467255153959258       3.132940862181132E-11    1.7467255153959258
4.542742977090841         6.073191317663232E-11    1.7404423300887457       5.591986864003946E-11    1.7404423300887457       5.148850215610126E-11    1.7404423300887457       4.736351204746312E-11    1.7404423300887457       4.3548835016270294E-11   1.7404423300887457       4.002563312050551E-11    1.7404423300887457       3.679497292606315E-11    1.7404423300887457       3.379653364264561E-11    1.7404423300887457       3.105449886864897E-11    1.7404423300887457       2.855286291408903E-11    1.7404423300887457
4.549026162398021         5.536454409837684E-11    1.7341591447815656       5.0960100144637536E-11   1.7341591447815656       4.689962173462311E-11    1.7341591447815656       4.312713736781027E-11    1.7341591447815656       3.963157119001517E-11    1.7341591447815656       3.64129479583853E-11     1.7341591447815656       3.3456946670366395E-11   1.7341591447815656       3.0720179692898437E-11   1.7341591447815656       2.821541295284109E-11    1.7341591447815656       2.5928968836596703E-11   1.7341591447815656
4.5553093477052           5.028993587735062E-11    1.7278759594743864       4.6274262336036305E-11   1.7278759594743864       4.256707231845902E-11    1.7278759594743864       3.913057165814392E-11    1.7278759594743864       3.593904485209289E-11    1.7278759594743864       3.301070764066838E-11    1.7278759594743864       3.031518798305637E-11    1.7278759594743864       2.782768296708879E-11    1.7278759594743864       2.5548313180050482E-11   1.7278759594743864       2.346587058282949E-11    1.7278759594743864
4.56159253301238          4.55227617097244E-11     1.7215927741672064       4.18750273494615E-11     1.7215927741672064       3.8502639635277E-11      1.7215927741672064       3.538391585497222E-11    1.7215927741672064       3.2480594247258607E-11   1.7215927741672064       2.982670997744924E-11    1.7215927741672064       2.7376910492303728E-11   1.7215927741672064       2.5124690643811705E-11   1.7215927741672064       2.3057890886696457E-11   1.7215927741672064       2.1167919632505288E-11   1.7215927741672064
4.567875718319559         4.107111903035118E-11    1.7153095888600272       3.7768983881869494E-11   1.7153095888600272       3.4712358254939436E-11   1.7153095888600272       3.189196207773911E-11    1.7153095888600272       2.92605083047034E-11     1.7153095888600272       2.6864039698984863E-11   1.7153095888600272       2.4644946409760832E-11   1.7153095888600272       2.261287809234326E-11    1.7153095888600272       2.0745185583290666E-11   1.7153095888600272       1.903602855015996E-11    1.7153095888600272
4.5741589036267385        3.693718772275831E-11    1.709026403552848        3.3957341038245763E-11   1.709026403552848        3.119710637060781E-11    1.709026403552848        2.8654801378536135E-11   1.709026403552848        2.627858311185288E-11    1.709026403552848        2.4121676284832278E-11   1.709026403552848        2.211829706199763E-11    1.709026403552848        2.0290572785779792E-11   1.709026403552848        1.8608230219737444E-11   1.709026403552848        1.7068219677687807E-11   1.709026403552848
4.580442088933918         3.3118119261288213E-11   1.7027432182456688       3.0436848746465857E-11   1.7027432182456688       2.7953444213946474E-11   1.7027432182456688       2.5668656880113813E-11   1.7027432182456688       2.3530910283809236E-11   1.7027432182456688       2.1595317548311713E-11   1.7027432182456688       1.9792873810501712E-11   1.7027432182456688       1.8153493572906423E-11   1.7027432182456688       1.664276221149151E-11    1.7027432182456688       1.52602662808423E-11     1.7027432182456688
4.586725274241099         2.96070157870106E-11     1.6964600329384878       2.72007760068299E-11     1.6964600329384878       2.4974554923110403E-11   1.6964600329384878       2.2926799123637903E-11   1.6964600329384878       2.1010759234684997E-11   1.6964600329384878       1.9278268545629304E-11   1.6964600329384878       1.7662294775365318E-11   1.6964600329384878       1.6195486743655706E-11   1.6964600329384878       1.4842890494047316E-11   1.6964600329384878       1.3606331957643358E-11   1.6964600329384878
4.593008459548278         2.6393879855247205E-11   1.6901768476313086       2.423980852431684E-11    1.6901768476313086       2.2251147301947423E-11   1.6901768476313086       2.0420401520639108E-11   1.6901768476313086       1.8709411242578122E-11   1.6901768476313086       1.7162246276309298E-11   1.6901768476313086       1.5718612262368328E-11   1.6901768476313086       1.4409161654248026E-11   1.6901768476313086       1.3201646932271149E-11   1.6901768476313086       1.2099533679524339E-11   1.6901768476313086
4.599291644855457         2.3466448311339576E-11   1.6838936623241294       2.1542772739753966E-11   1.6838936623241294       1.9772211014140304E-11   1.6838936623241294       1.8139228842105747E-11   1.6838936623241294       1.66168364316416E-11     1.6838936623241294       1.52379921763734E-11     1.6838936623241294       1.3952884458246346E-11   1.6838936623241294       1.2786364558024046E-11   1.6838936623241294       1.1711389381477436E-11   1.6838936623241294       1.0732378727322995E-11   1.6838936623241294
4.605574830162636         2.081086038684296E-11    1.6776104770169502       1.909715092129595E-11    1.6776104770169502       1.7525568073082904E-11   1.6776104770169502       1.6072109794898453E-11   1.6776104770169502       1.472216340409106E-11    1.6776104770169502       1.3495651528615537E-11   1.6776104770169502       1.2355558748997391E-11   1.6776104770169502       1.1318472556714596E-11   1.6776104770169502       1.036405585191817E-11    1.6776104770169502       9.497053524674607E-12    1.6776104770169502
4.611858015469816         1.8412146938126318E-11   1.6713272917097701       1.6889406637714928E-11   1.6713272917097701       1.5498223688622315E-11   1.6713272917097701       1.4207206604533804E-11   1.6713272917097701       1.3013953665987212E-11   1.6713272917097701       1.1924947211051345E-11   1.6713272917097701       1.0916685295894811E-11   1.6713272917097701       9.996531169134249E-12    1.6713272917097701       9.151292952754279E-12    1.6713272917097701       8.385571400057583E-12    1.6713272917097701
4.6181412007769955        1.625456170172144E-11    1.665044106402591        1.4905178875513773E-11   1.665044106402591        1.3676566873527667E-11   1.665044106402591        1.2532141143063046E-11   1.665044106402591        1.148033870709221E-11    1.665044106402591        1.0515222381670107E-11   1.665044106402591        9.626014226338442E-12    1.665044106402591        8.811289541564403E-12    1.665044106402591        8.064497986814642E-12    1.665044106402591        7.389813126376829E-12    1.665044106402591
4.624424386084176         1.4321801964327495E-11   1.6587609210954108       1.3129419403495533E-11   1.6587609210954108       1.2046494725910752E-11   1.6587609210954108       1.1034057492447793E-11   1.6587609210954108       1.010909577077544E-11    1.6587609210954108       9.255441612862834E-12    1.6587609210954108       8.473041992694283E-12    1.6587609210954108       7.753200057986143E-12    1.6587609210954108       7.094822867931313E-12    1.6587609210954108       6.501512841862171E-12    1.6587609210954108
4.630707571391356         1.2597179558176164E-11   1.6524777357882308       1.1546541766790696E-11   1.6524777357882308       1.0593531675290339E-11   1.6524777357882308       9.699694613602106E-12    1.6524777357882308       8.88773009445987E-12     1.6524777357882308       8.134225054925568E-12    1.6524777357882308       7.447064431316243E-12    1.6524777357882308       6.812442482907367E-12    1.6524777357882308       6.233188010068594E-12    1.6524777357882308       5.712246843904874E-12    1.6524777357882308
4.636990756698535         1.1063799662665859E-11   1.6461945504810516       1.0140627149432566E-11   1.6461945504810516       9.302992625141602E-12    1.6461945504810516       8.515517916903551E-12    1.6461945504810516       7.80360612908836E-12     1.6461945504810516       7.139957326643843E-12    1.6461945504810516       6.5372732568779805E-12   1.6461945504810516       5.979010942861603E-12    1.6461945504810516       5.470344101060555E-12    1.6461945504810516       5.0134714314930944E-12   1.6461945504810516
4.643273942005714         9.704785118575673E-12    1.6399113651738724       8.895700904799645E-12    1.6399113651738724       8.160207669881206E-12    1.6399113651738724       7.46792605956116E-12     1.6399113651738724       6.844139615392068E-12    1.6399113651738724       6.26097638084933E-12     1.6399113651738724       5.732907661434144E-12    1.6399113651738724       5.242873128167288E-12    1.6399113651738724       4.797000171431809E-12    1.6399113651738724       4.3966316340779855E-12   1.6399113651738724
4.649557127312893         8.503553951027085E-12    1.6336281798666932       7.796062779266347E-12    1.6336281798666932       7.1507963545114835E-12   1.6336281798666932       6.543519003901354E-12    1.6336281798666932       5.997035629819495E-12    1.6336281798666932       5.485818597455036E-12    1.6336281798666932       5.023450109904906E-12    1.6336281798666932       4.594184041715348E-12    1.6336281798666932       4.204012017091362E-12    1.6336281798666932       3.8533333290541455E-12   1.6336281798666932
4.655840312620073         7.444127444712379E-12    1.627344994559513        6.8266311536448545E-12   1.627344994559513        6.26095840437951E-12     1.627344994559513        5.729391719100119E-12    1.627344994559513        5.2505400044084465E-12   1.627344994559513        4.8034801123194276E-12   1.627344994559513        4.3988395007471335E-12   1.627344994559513        4.0235184200895656E-12   1.627344994559513        3.682602796981036E-12    1.627344994559513        3.3755467261110294E-12   1.627344994559513
4.6621234979272534        6.511425453185537E-12    1.621061809252333        5.973251751390855E-12    1.621061809252333        5.477738714075466E-12    1.621061809252333        5.013408081105974E-12    1.621061809252333        4.593664753036651E-12    1.621061809252333        4.203651268047101E-12    1.621061809252333        3.8496676284907E-12      1.621061809252333        3.522080039106507E-12    1.621061809252333        3.224574479419265E-12    1.621061809252333        2.9557972384438486E-12   1.621061809252333
4.668406683234433         5.691501029063454E-12    1.6147786239451538       5.222925699564014E-12    1.6147786239451538       4.789227301770368E-12    1.6147786239451538       4.384412143970937E-12    1.6147786239451538       4.0163521003663234E-12   1.6147786239451538       3.676888649374373E-12    1.6147786239451538       3.3673268414778212E-12   1.6147786239451538       3.0818522365060043E-12   1.6147786239451538       2.822468910007916E-12    1.6147786239451538       2.5873032501242576E-12   1.6147786239451538
4.674689868541612         4.971678407270146E-12    1.6084954386379746       4.5639285566873274E-12   1.6084954386379746       4.184667884926123E-12    1.6084954386379746       3.832347428856759E-12    1.6084954386379746       3.5095546378032534E-12   1.6084954386379746       3.214703934275196E-12    1.6084954386379746       2.944086961276311E-12    1.6084954386379746       2.6956689904900178E-12   1.6084954386379746       2.469650213654675E-12    1.6084954386379746       2.2640365509311672E-12   1.6084954386379746
4.680973053848792         4.340581594550575E-12    1.6022122533307945       3.98581575793049E-12     1.6022122533307945       3.6544679696188726E-12   1.6022122533307945       3.3482753895927267E-12   1.6022122533307945       3.065227562372818E-12    1.6022122533307945       2.8095668443118165E-12   1.6022122533307945       2.5730952294014507E-12   1.6022122533307945       2.3572049099519417E-12   1.6022122533307945       2.160301194863348E-12    1.6022122533307945       1.980703502202451E-12    1.6022122533307945
4.687256239155971         3.788066641960693E-12    1.5959290680236153       3.4793337765277655E-12   1.5959290680236153       3.1901237695237246E-12   1.5959290680236153       2.9243060943609634E-12   1.5959290680236153       2.676247894408006E-12    1.5959290680236153       2.4548366552046666E-12   1.5959290680236153       2.248309994700675E-12    1.5959290680236153       2.060900170728311E-12    1.5959290680236153       1.8893480284172268E-12   1.5959290680236153       1.7326653345229762E-12   1.5959290680236153
4.69353942446315          3.305090417780478E-12    1.5896458827164361       3.036273236972992E-12    1.5896458827164361       2.7840893346975288E-12   1.5896458827164361       2.5534711940242747E-12   1.5896458827164361       2.3362895956635465E-12   1.5896458827164361       2.144649029821845E-12    1.5896458827164361       1.96439216957209E-12     1.5896458827164361       1.801848200620264E-12    1.5896458827164361       1.6523428154872758E-12   1.5896458827164361       1.5158280678016244E-12   1.5896458827164361
4.699822609770331         2.8835567290954007E-12   1.5833626974092552       2.6493057696204956E-12   1.5833626974092552       2.4296265515015695E-12   1.5833626974092552       2.229576687707543E-12    1.5833626974092552       2.039688617228645E-12    1.5833626974092552       1.8737894725235638E-12   1.5833626974092552       1.7165843130134033E-12   1.5833626974092552       1.575677119330768E-12    1.5833626974092552       1.4453383370579812E-12   1.5833626974092552       1.3265337435076712E-12   1.5833626974092552
4.7061057950775105        2.516176008670538E-12    1.577079512102076        2.311840061485306E-12    1.577079512102076        2.1206695028565267E-12   1.577079512102076        1.94706937038665E-12     1.577079512102076        1.781327134316189E-12    1.577079512102076        1.6375807736099581E-12   1.577079512102076        1.500604222156085E-12    1.577079512102076        1.3784505576251952E-12   1.577079512102076        1.2647834609044857E-12   1.577079512102076        1.1614763687300133E-12   1.577079512102076
4.71238898038469          2.1963609279329598E-12   1.5707963267948968       2.017917792190358E-12    1.5707963267948968       1.8517248872021598E-12   1.5707963267948968       1.7009384959638443E-12   1.5707963267948968       1.5565540628311249E-12   1.5707963267948968       1.431801342451987E-12    1.5707963267948968       1.31256987541676E-12     1.5707963267948968       1.2066020733522703E-12   1.5707963267948968       1.1074546763442024E-12   1.5707963267948968       1.0176525324175471E-12   1.5707963267948968
4.718672165691869         1.9181631931123007E-12   1.5645131414877176       1.7621528119964677E-12   1.5645131414877176       1.6178144334478141E-12   1.5645131414877176       1.4866582059427515E-12   1.5645131414877176       1.3611442319163239E-12   1.5645131414877176       1.2526382379434528E-12   1.5645131414877176       1.148959506416918E-12    1.5645131414877176       1.056904146885216E-12    1.5645131414877176       9.704245308723458E-13    1.5645131414877176       8.923433495492831E-13    1.5645131414877176
4.724955350999049         1.6762424302803471E-12   1.5582299561805375       1.5397028926305458E-12   1.5582299561805375       1.4144510767981349E-12   1.5582299561805375       1.3001623374194651E-12   1.5582299561805375       1.1912864088383396E-12   1.5582299561805375       1.0966673925398874E-12   1.5582299561805375       1.0065991167283826E-12   1.5582299561805375       9.264619727352857E-13    1.5582299561805375       8.510563433037429E-13    1.5582299561805375       7.831154314955402E-13    1.5582299561805375
4.731238536306228         1.4658503732582166E-12   1.5519467708733583       1.346256392208823E-12    1.5519467708733583       1.2376323436722628E-12   1.5519467708733583       1.13783539220399E-12     1.5519467708733583       1.0435841276919715E-12   1.5519467708733583       9.608471948054884E-13    1.5519467708733583       8.826632473443062E-13    1.5519467708733583       8.127168655819593E-13    1.5519467708733583       7.470093830049225E-13    1.5519467708733583       6.8782584013706E-13      1.5519467708733583
4.737521721613408         1.2828133835096173E-12   1.5456635855661782       1.1780168097574415E-12   1.5456635855661782       1.0838334506118764E-12   1.5456635855661782       9.96502904443896E-13     1.5456635855661782       9.150536489239749E-13    1.5456635855661782       8.425112218428701E-13    1.5456635855661782       7.746743988586379E-13    1.5456635855661782       7.134447270528043E-13    1.5456635855661782       6.562399190802976E-13    1.5456635855661782       6.046188204390385E-13    1.5456635855661782
4.743804906920587         1.1235017991819697E-12   1.539380400258999        1.0316743111342277E-12   1.539380400258999        9.49987694881601E-13     1.539380400258999        8.734096080537812E-13    1.539380400258999        8.031086441624904E-13    1.539380400258999        7.393502576082641E-13    1.539380400258999        6.804908952704632E-13    1.539380400258999        6.267402144290012E-13    1.539380400258999        5.769891476698118E-13    1.539380400258999        5.319081722480383E-13    1.539380400258999
4.7500880922277675        9.847824601742878E-13    1.533097214951819        9.043613959229364E-13    1.533097214951819        8.334496436074206E-13    1.533097214951819        7.66181520886728E-13     1.533097214951819        7.055284076816384E-13    1.533097214951819        6.493802362220739E-13    1.533097214951819        5.982796290534514E-13    1.533097214951819        5.509843434759733E-13    1.533097214951819        5.077560382220558E-13    1.533097214951819        4.683456106183694E-13    1.533097214951819
4.756371277534947         8.639578048078435E-13    1.5268140296446397       7.935967184490749E-13    1.5268140296446397       7.319440364774563E-13    1.5268140296446397       6.727751249482978E-13    1.5268140296446397       6.204127454451714E-13    1.5268140296446397       5.708987608261355E-13    1.5268140296446397       5.264762950417162E-13    1.5268140296446397       4.847995563410474E-13    1.5268140296446397       4.4725897708522924E-13   1.5268140296446397       4.127802180741704E-13    1.5268140296446397
4.762654462842126         7.586991684862833E-13    1.5205308443374606       6.972248068668062E-13    1.5205308443374606       6.4350791231841E-13      1.5205308443374606       5.914211319429675E-13    1.5205308443374606       5.461304824901465E-13    1.5205308443374606       5.024365936190041E-13    1.5205308443374606       4.637395861069022E-13    1.5205308443374606       4.2700001816362427E-13   1.5205308443374606       3.9439325383850115E-13   1.5205308443374606       3.642161606054296E-13    1.5205308443374606
4.768937648149306         6.669828340159395E-13    1.5142476590302805       6.133597892174277E-13    1.5142476590302805       5.664345759695433E-13    1.5142476590302805       5.20571293655508E-13     1.5142476590302805       4.812693856538855E-13    1.5142476590302805       4.427114566624369E-13    1.5142476590302805       4.0890681743902445E-13   1.5142476590302805       3.765455697377856E-13    1.5142476590302805       3.4819174706167337E-13   1.5142476590302805       3.217754095417683E-13    1.5142476590302805
4.775220833456486         5.870356764421453E-13    1.5079644737231004       5.403391532634184E-13    1.5079644737231004       4.992263197922172E-13    1.5079644737231004       4.588549872232977E-13    1.5079644737231004       4.245938388715635E-13    1.5079644737231004       3.9059011693137004E-13   1.5079644737231004       3.609570632926766E-13    1.5079644737231004       3.3250591852001585E-13   1.5079644737231004       3.0779434865015154E-13   1.5079644737231004       2.846701387493235E-13    1.5079644737231004
4.781504018763665         5.17294147995306E-13     1.5016812884159212       4.766903886724754E-13    1.5016812884159212       4.405596418343656E-13    1.5016812884159212       4.050491104832226E-13    1.5016812884159212       3.7501387431077336E-13   1.5016812884159212       3.450620524730249E-13    1.5016812884159212       3.1898516629237287E-13   1.5016812884159212       2.9403840387781475E-13   1.5016812884159212       2.7242879154523256E-13   1.5016812884159212       2.521867306848747E-13    1.5016812884159212
4.7877872040708445        4.563770442499971E-13    1.495398103108742        4.211102450457991E-13    1.495398103108742        3.892633554452422E-13    1.495398103108742        3.5806138648326374E-13   1.495398103108742        3.315661453377163E-13    1.495398103108742        3.0522501898026313E-13   1.495398103108742        2.821869747152454E-13    1.495398103108742        2.603791644921939E-13    1.495398103108742        2.414025780165999E-13    1.495398103108742        2.2368067766137216E-13   1.495398103108742
4.7940703893780245        4.030697835588422E-13    1.489114917801562        3.724539685160468E-13    1.489114917801562        3.443073140768185E-13    1.489114917801562        3.1692436652147206E-13   1.489114917801562        2.9340483639545176E-13   1.489114917801562        2.702802946197774E-13    1.489114917801562        2.498536531620346E-13    1.489114917801562        2.308446259454384E-13    1.489114917801562        2.1410329716466723E-13   1.489114917801562        1.9857954825425752E-13   1.489114917801562
4.800353574685204         3.563162026057239E-13    1.4828317324943827       3.297304916009709E-13    1.4828317324943827       3.0479783668549926E-13   1.4828317324943827       2.8079568319219565E-13   1.4828317324943827       2.5979875495808767E-13   1.4828317324943827       2.395336923056704E-13    1.4828317324943827       2.2137131933761148E-13   1.4828317324943827       2.048384145296321E-13    1.4828317324943827       1.9000312810973443E-13   1.4828317324943827       1.7638983666961823E-13   1.4828317324943827
4.806636759992383         3.1521321510211246E-13   1.4765485471872035       2.9209913302828685E-13   1.4765485471872035       2.6997534091373396E-13   1.4765485471872035       2.489595615967065E-13    1.4765485471872035       2.3013013924163966E-13   1.4765485471872035       2.1239776943065023E-13   1.4765485471872035       1.9622172881574093E-13   1.4765485471872035       1.8185828671470668E-13   1.4765485471872035       1.686629064305404E-13    1.4765485471872035       1.567030746595282E-13    1.4765485471872035
4.812919945299563         2.790040388673356E-13    1.4702653618800234       2.588638202874211E-13    1.4702653618800234       2.3921006132796053E-13   1.4702653618800234       2.208251692853727E-13    1.4702653618800234       2.038910776923409E-13    1.4702653618800234       1.8839105258275516E-13   1.4702653618800234       1.739802200480401E-13    1.4702653618800234       1.6149841101066356E-13   1.4702653618800234       1.4973179703149399E-13   1.4702653618800234       1.3919715332434868E-13   1.4702653618800234
4.819203130606743         2.4706691380830116E-13   1.4639821765728434       2.2946204865553407E-13   1.4639821765728434       2.1199288755361618E-13   1.4639821765728434       1.9591885460481307E-13   1.4639821765728434       1.8067473971703913E-13   1.4639821765728434       1.671314020236846E-13    1.4639821765728434       1.54308457529173E-13     1.4639821765728434       1.4344411427607854E-13   1.4639821765728434       1.3294020740484148E-13   1.4639821765728434       1.2363032458246936E-13   1.4639821765728434
4.825486315913922         2.1889804072459934E-13   1.4576989912656642       2.0344752612010324E-13   1.4576989912656642       1.8792007238737827E-13   1.4576989912656642       1.7386933622896456E-13   1.4576989912656642       1.601605325104083E-13    1.4576989912656642       1.4832256677953614E-13   1.4576989912656642       1.3694133723133923E-13   1.4576989912656642       1.2745856427423234E-13   1.4576989912656642       1.1808571258343104E-13   1.4576989912656642       1.098275231355123E-13    1.4576989912656642
4.8317695012211015        1.940894615473451E-13    1.451415805958485        1.8046737487608975E-13   1.451415805958485        1.6667248214461681E-13   1.451415805958485        1.5438698947732933E-13   1.451415805958485        1.4209432064600181E-13   1.451415805958485        1.317350494046317E-13    1.451415805958485        1.216692775368738E-13    1.451415805958485        1.1336319261787E-13      1.451415805958485        1.0501387016289312E-13   1.451415805958485        9.766089416204589E-14    1.451415805958485
4.838052686528282         1.72304274444052E-13     1.4451326206513049       1.6023639997982432E-13   1.4451326206513049       1.4799172910243337E-13   1.4451326206513049       1.3724000683895616E-13   1.4451326206513049       1.2626640451414782E-13   1.4451326206513049       1.1718404611340622E-13   1.4451326206513049       1.0831850113112063E-13   1.4451326206513049       1.0101532362464433E-13   1.4451326206513049       9.35972527899559E-14     1.4451326206513049       8.702803815782165E-14    1.4451326206513049
4.844335871835461         1.532524711058825E-13    1.4388494353441257       1.425118376224158E-13    1.4388494353441257       1.3165648170770086E-13   1.4388494353441257       1.2223096933358878E-13   1.4388494353441257       1.124906055578192E-13    1.4388494353441257       1.0450798193309932E-13   1.4388494353441257       9.673243067523083E-14    1.4388494353441257       9.028700596363304E-14    1.4388494353441257       8.371637669539633E-14    1.4388494353441257       7.783196386587157E-14    1.4388494353441257
4.850619057142641         1.3667055493292019E-13   1.4325662500369456       1.2707189799169518E-13   1.4325662500369456       1.174622199223984E-13    1.4325662500369456       1.0917708997578339E-13   1.4325662500369456       1.00587410094492E-13     1.4325662500369456       9.355083952631133E-14    1.4325662500369456       8.675687412831405E-14    1.4325662500369456       8.104837025525578E-14    1.4325662500369456       7.524541827964562E-14    1.4325662500369456       6.996597094425774E-14    1.4325662500369456
4.85690224244982          1.2230704862742557E-13   1.4262830647297664       1.1370039522497664E-13   1.4262830647297664       1.052067490119411E-13    1.4262830647297664       9.789626454473031E-14    1.4262830647297664       9.037291846966823E-14    1.4262830647297664       8.41502921568534E-14     1.4262830647297664       7.823052108526845E-14    1.4262830647297664       7.315732521289773E-14    1.4262830647297664       6.804409397762667E-14    1.4262830647297664       6.330507075280936E-14    1.4262830647297664
4.863185427757            1.0991446270184363E-13   1.4199998794225863       1.0217822147889616E-13   1.4199998794225863       9.468230410829533E-14    1.4199998794225863       8.819956124326315E-14    1.4199998794225863       8.165385986755112E-14    1.4199998794225863       7.613212021071193E-14    1.4199998794225863       7.09809246254642E-14     1.4199998794225863       6.645571940812906E-14    1.4199998794225863       6.195550773791347E-14    1.4199998794225863       5.770382634277373E-14    1.4199998794225863
4.869468613064179         9.924687107882237E-14    1.4137166941154071       9.22809596103759E-14     1.4137166941154071       8.567364916332275E-14    1.4137166941154071       7.988946526557992E-14    1.4137166941154071       7.422774726538731E-14    1.4137166941154071       6.931012058762254E-14    1.4137166941154071       6.48251387645358E-14     1.4137166941154071       6.077088143943337E-14    1.4137166941154071       5.680875635546318E-14    1.4137166941154071       5.299933737006769E-14    1.4137166941154071
4.8757517983713585        9.006142561617114E-14    1.407433508808228        8.378103784645312E-14    1.407433508808228        7.796069234172147E-14    1.407433508808228        7.276247377323211E-14    1.407433508808228        6.7886730064046E-14      1.407433508808228        6.349010549130481E-14    1.407433508808228        5.95738125745618E-14     1.407433508808228        5.5921026991299137E-14   1.407433508808228        5.242486394758618E-14    1.407433508808228        4.901780299011132E-14    1.407433508808228
4.882034983678538         8.212211377352263E-14    1.4011503235010487       7.645269536444987E-14    1.4011503235010487       7.132398618927404E-14    1.4011503235010487       6.661458473073057E-14    1.4011503235010487       6.242384701240118E-14    1.4011503235010487       5.84766417868893E-14     1.4011503235010487       5.503772522787175E-14    1.4011503235010487       5.172324611257009E-14    1.4011503235010487       4.862496412212655E-14    1.4011503235010487       4.5583442288868524E-14   1.4011503235010487
4.888318168985719         7.52046127305198E-14     1.3948671381938678       7.007845826026467E-14    1.3948671381938678       6.555185945290115E-14    1.3948671381938678       6.124858067706781E-14    1.3948671381938678       5.764084572280018E-14    1.3948671381938678       5.408156612013432E-14    1.3948671381938678       5.103610344031858E-14    1.3948671381938678       4.80031913982146E-14     1.3948671381938678       4.5240049949568673E-14   1.3948671381938678       4.2528992446295856E-14   1.3948671381938678
4.894601354292898         6.910176330498783E-14    1.3885839528866886       6.445639117771974E-14    1.3885839528866886       6.04484134459317E-14     1.3885839528866886       5.648236603861581E-14    1.3885839528866886       5.3357060127495875E-14   1.3885839528866886       5.0133575414308924E-14   1.3885839528866886       4.7406176353734435E-14   1.3885839528866886       4.4605709291608664E-14   1.3885839528866886       4.212162564442176E-14    1.3885839528866886       3.970705713942844E-14    1.3885839528866886
4.900884539600077         6.36295423917673E-14     1.3823007675795094       5.940768553505169E-14    1.3823007675795094       5.5841825719772964E-14   1.3823007675795094       5.2157669804994574E-14   1.3823007675795094       4.941873395775338E-14    1.3823007675795094       4.6488069770506535E-14   1.3823007675795094       4.401311008193015E-14    1.3823007675795094       4.1405332791290936E-14   1.3823007675795094       3.915214210441008E-14    1.3823007675795094       3.70011445034194E-14     1.3823007675795094
4.907167724907257         5.863327592118986E-14    1.3760175822723293       5.4784019975868975E-14   1.3760175822723293       5.159222215094188E-14    1.3760175822723293       4.8148152087532934E-14   1.3760175822723293       4.570769723826627E-14    1.3760175822723293       4.303599256029456E-14    1.3760175822723293       4.0758895139492896E-14   1.3760175822723293       3.8315027480615577E-14   1.3760175822723293       3.625350871650401E-14    1.3760175822723293       3.433464930186327E-14    1.3760175822723293
4.913450910214436         5.39933584941648E-14     1.36973439696515         5.04737458580204E-14     1.36973439696515         4.759800088807241E-14    1.36973439696515         4.436560129231709E-14    1.36973439696515         4.2147792235498055E-14   1.36973439696515         3.971002238510323E-14    1.36973439696515         3.7588341101421205E-14   1.36973439696515         3.529131513670394E-14    1.36973439696515         3.339174038242444E-14    1.36973439696515         3.1675806288850434E-14   1.36973439696515
4.919734095521616         4.962928639496943E-14    1.363451211657971        4.640564872119465E-14    1.363451211657971        4.379926327864812E-14    1.363451211657971        4.076280955474932E-14    1.363451211657971        3.87073207375859E-14     1.363451211657971        3.648649705888359E-14    1.363451211657971        3.44904332719431E-14     1.363451211657971        3.233423496326811E-14    1.363451211657971        3.057623123963072E-14    1.363451211657971        2.903708271164022E-14    1.363451211657971
4.926017280828796         4.550069056208228E-14    1.3571680263507908       4.254909272171436E-14    1.3571680263507908       4.017717755517738E-14    1.3571680263507908       3.733205082934866E-14    1.3571680263507908       3.5396259178866275E-14   1.3571680263507908       3.338202822522236E-14    1.3571680263507908       3.149401484714329E-14    1.3571680263507908       2.948152253098373E-14    1.3571680263507908       2.7853154474974763E-14   1.3571680263507908       2.6468486549033992E-14   1.3571680263507908
4.932300466135976         4.160438113853213E-14    1.3508848410436107       3.890981564043848E-14    1.3508848410436107       3.674867030840951E-14    1.3508848410436107       3.409878063398065E-14    1.3508848410436107       3.22579439733212E-14     1.3508848410436107       3.0444716474668143E-14   1.3508848410436107       2.865783813034045E-14    1.3508848410436107       2.6797525346547325E-14   1.3508848410436107       2.529365274630141E-14    1.3508848410436107       2.4045423915798088E-14   1.3508848410436107
4.938583651443155         3.796705514234338E-14    1.3446016557364315       3.5521334033870364E-14   1.3446016557364315       3.355659934152025E-14    1.3446016557364315       3.111097243420656E-14    1.3446016557364315       2.935601393082912E-14    1.3446016557364315       2.7740851192013173E-14   1.3446016557364315       2.6056094562940833E-14   1.3446016557364315       2.435828902804874E-14    1.3446016557364315       2.297836455090163E-14    1.3446016557364315       2.1852629505055206E-14   1.3446016557364315
4.944866836750334         3.463404682698296E-14    1.3383184704292523       3.243261432677599E-14    1.3383184704292523       3.065628058994558E-14    1.3383184704292523       2.8425176182963466E-14   1.3383184704292523       2.675826947068852E-14    1.3383184704292523       2.533871496069866E-14    1.3383184704292523       2.3761313664316932E-14   1.3383184704292523       2.2234734976780917E-14   1.3383184704292523       2.098026857716602E-14    1.3383184704292523       1.996620140285252E-14    1.3383184704292523
4.951150022057513         3.16551695817147E-14     1.3320352851220731       2.96932631373317E-14     1.3320352851220731       2.8099845137838623E-14   1.3320352851220731       2.6090893781778366E-14   1.3320352851220731       2.451964884536181E-14    1.3320352851220731       2.329159342695926E-14    1.3320352851220731       2.1826997582085876E-14   1.3320352851220731       2.047605457994694E-14    1.3320352851220731       1.934800982840965E-14    1.3320352851220731       1.8436098743746376E-14   1.3320352851220731
4.957433207364693         2.9069310063060866E-14   1.325752099814893        2.733804580692024E-14    1.325752099814893        2.5920467604183755E-14   1.325752099814893        2.4135340622809643E-14   1.325752099814893        2.266683243955598E-14    1.325752099814893        2.1622472890240926E-14   1.325752099814893        2.0272674817220445E-14   1.325752099814893        1.909566756997061E-14    1.325752099814893        1.809210349460131E-14    1.325752099814893        1.7271851479543432E-14   1.325752099814893
4.9637163926718735        2.6890043396808188E-14   1.319468914507713        2.5373128233766902E-14   1.319468914507713        2.411908639613528E-14    1.319468914507713        2.2551180539764062E-14   1.319468914507713        2.1187189201698475E-14   1.319468914507713        2.031326141821624E-14    1.319468914507713        1.907427053265281E-14    1.319468914507713        1.8062432912550062E-14   1.319468914507713        1.7176758205862725E-14   1.319468914507713        1.6434620216252337E-14   1.319468914507713
4.969999577979053         2.509507085206541E-14    1.3131857292005338       2.37669365974258E-14     1.3131857292005338       2.2656651609466127E-14   1.3131857292005338       2.1290196639530722E-14   1.3131857292005338       2.0024778477934343E-14   1.3131857292005338       1.930147154022911E-14    1.3131857292005338       1.8162583982385866E-14   1.3131857292005338       1.7299932837292884E-14   1.3131857292005338       1.6520150265265397E-14   1.3131857292005338       1.5838645612507654E-14   1.3131857292005338
4.976282763286233         2.3622442673059734E-14   1.3069025438933537       2.2448564920816472E-14   1.3069025438933537       2.1454755724332025E-14   1.3069025438933537       2.026562806715999E-14    1.3069025438933537       1.9085559174823604E-14   1.3069025438933537       1.8486678357463286E-14   1.3069025438933537       1.7431810539831165E-14   1.3069025438933537       1.669595485525993E-14    1.3069025438933537       1.6005185245709638E-14   1.3069025438933537       1.536391887858931E-14    1.3069025438933537
4.982565948593412         2.2375898433946977E-14   1.3006193585861745       2.131576673084699E-14    1.3006193585861745       2.0406277708124658E-14   1.3006193585861745       1.9364588220165263E-14   1.3006193585861745       1.8252457307884952E-14   1.3006193585861745       1.7747316305595568E-14   1.3006193585861745       1.675813473268742E-14    1.3006193585861745       1.6122314780060516E-14   1.3006193585861745       1.550067619410635E-14    1.3006193585861745       1.4879341164001406E-14   1.3006193585861745
4.988849133900591         2.1239959926659933E-14   1.2943361732789953       2.0252531159881567E-14   1.2943361732789953       1.93953085618098E-14     1.2943361732789953       1.846949800995759E-14    1.2943361732789953       1.740847870877841E-14    1.2943361732789953       1.6965580103832804E-14   1.2943361732789953       1.6025617220043374E-14   1.2943361732789953       1.5462072985822583E-14   1.2943361732789953       1.488967472902303E-14    1.2943361732789953       1.4272224001055732E-14   1.2943361732789953
4.99513231920777          2.0102792982743882E-14   1.288052987971816        1.915338479133397E-14    1.288052987971816        1.8322626727895698E-14   1.288052987971816        1.7484373742183958E-14   1.288052987971816        1.6463192357692004E-14   1.288052987971816        1.605509218521378E-14    1.288052987971816        1.515367757822047E-14    1.288052987971816        1.4637948810965032E-14   1.288052987971816        1.4098404195320961E-14   1.288052987971816        1.347690487150978E-14    1.288052987971816
5.001415504514951         1.8881978504449476E-14   1.2817698026646351       1.7948744016900614E-14   1.2817698026646351       1.713036881689641E-14    1.2817698026646351       1.635919848140438E-14    1.2817698026646351       1.5375698862819068E-14   1.2817698026646351       1.4983792182582524E-14   1.2817698026646351       1.4118592153406871E-14   1.2817698026646351       1.3633730043264944E-14   1.2817698026646351       1.311728445172365E-14    1.2817698026646351       1.2493891413488788E-14   1.2817698026646351
5.0076986898221305        1.7546219103639783E-14   1.275486617357456        1.6623991927925733E-14   1.275486617357456        1.5818434335719325E-14   1.275486617357456        1.5104687759762715E-14   1.275486617357456        1.416674527194005E-14    1.275486617357456        1.3784360099577593E-14   1.275486617357456        1.2961642388796217E-14   1.275486617357456        1.250091796269053E-14    1.275486617357456        1.2006144691145914E-14   1.275486617357456        1.139225271082898E-14    1.275486617357456
5.01398187512931          1.6125680291969814E-14   1.2692034320502767       1.5225406374309014E-14   1.2692034320502767       1.444635554914251E-14    1.2692034320502767       1.3791331232667034E-14   1.2692034320502767       1.291461602055314E-14    1.2692034320502767       1.2547004907029305E-14   1.2692034320502767       1.1779350643281668E-14   1.2692034320502767       1.1346192646676393E-14   1.2692034320502767       1.0879366078704833E-14   1.2692034320502767       1.029204850274145E-14    1.2692034320502767
5.020265060436489         1.4705756237678457E-14   1.2629202467430976       1.3848980149994381E-14   1.2629202467430976       1.311793326799076E-14    1.2629202467430976       1.2530651860515321E-14   1.2629202467430976       1.1733698057474018E-14   1.2629202467430976       1.139434193613375E-14    1.2629202467430976       1.0696258249346853E-14   1.2629202467430976       1.0300937142214805E-14   1.2629202467430976       9.872759533101822E-15    1.2629202467430976       9.329594050839356E-15    1.2629202467430976
5.026548245743669         1.3403477846388425E-14   1.2566370614359175       1.261310654299589E-14    1.2566370614359175       1.1951144427613178E-14   1.2566370614359175       1.1442257235952464E-14   1.2566370614359175       1.0740192638574891E-14   1.2566370614359175       1.0444112666406622E-14   1.2566370614359175       9.826674351491966E-15    1.2566370614359175       9.480457097097426E-15    1.2566370614359175       9.100757366747069E-15    1.2566370614359175       8.614662845234457E-15    1.2566370614359175
5.032831431050848         1.2331572421841115E-14   1.2503538761287383       1.1621778885723568E-14   1.2503538761287383       1.1041203215970605E-14   1.2503538761287383       1.0615766834525553E-14   1.2503538761287383       1.0014619913065379E-14   1.2503538761287383       9.770715275688887E-15    1.2503538761287383       9.236803488925616E-15    1.2503538761287383       8.945472270235564E-15    1.2503538761287383       8.617529253635619E-15    1.2503538761287383       8.193157149471677E-15    1.2503538761287383
5.039114616358028         1.1560526588962635E-14   1.2440706908215582       1.0929457484814901E-14   1.2440706908215582       1.0428307779113098E-14   1.2440706908215582       1.0079992745915535E-14   1.2440706908215582       9.57350620700716E-15     1.2440706908215582       9.37873003319251E-15     1.2440706908215582       8.920479191131211E-15    1.2440706908215582       8.679691713042492E-15    1.2440706908215582       8.396451755834124E-15    1.2440706908215582       8.029131234982649E-15    1.2440706908215582
5.045397801665208         1.1091653087749276E-14   1.237787505514378        1.0520037728802503E-14   1.237787505514378        1.008173422316791E-14    1.237787505514378        9.79100983922131E-15     1.237787505514378        9.361268441175752E-15    1.237787505514378        9.19921118475049E-15     1.237787505514378        8.798808629965952E-15    1.237787505514378        8.593387823246412E-15    1.237787505514378        8.337543214918792E-15    1.237787505514378        8.015022413264744E-15    1.237787505514378
5.0516809869723875        1.08522713442931E-14     1.231504320207199        1.0309046284141361E-14   1.231504320207199        9.907626089072272E-15    1.231504320207199        9.645298835044711E-15    1.231504320207199        9.267323985413383E-15    1.231504320207199        9.112331524950658E-15    1.231504320207199        8.746341638189777E-15    1.231504320207199        8.55420047898879E-15     1.231504320207199        8.30272360857109E-15     1.231504320207199        8.009185450645091E-15    1.231504320207199
5.057964172279567         1.0717284333542497E-14   1.2252211349000197       1.0170545039446174E-14   1.2252211349000197       9.779779241699101E-15    1.2252211349000197       9.515187846382101E-15    1.2252211349000197       9.164264342116584E-15    1.2252211349000197       8.989972129493704E-15    1.2252211349000197       8.63608195324601E-15     1.2252211349000197       8.435569003721802E-15    1.2252211349000197       8.167307837374518E-15    1.2252211349000197       7.888495433704421E-15    1.2252211349000197
5.064247357586746         1.055146015591894E-14    1.2189379495928405       9.980558708457442E-15    1.2189379495928405       9.583531544831057E-15    1.2189379495928405       9.294495805377978E-15    1.2189379495928405       8.953832943802016E-15    1.2189379495928405       8.7428632098269E-15      1.2189379495928405       8.38680081207787E-15     1.2189379495928405       8.164605294601373E-15    1.2189379495928405       7.867883804825116E-15    1.2189379495928405       7.595767085371432E-15    1.2189379495928405
5.070530542893926         1.0257388356832705E-14   1.2126547642856604       9.661045509322586E-15    1.2126547642856604       9.256328033765968E-15    1.2126547642856604       8.936678681012204E-15    1.2126547642856604       8.602554450287922E-15    1.2126547642856604       8.353177646879157E-15    1.2126547642856604       7.99308546358844E-15     1.2126547642856604       7.749294699638075E-15    1.2126547642856604       7.426091433326421E-15    1.2126547642856604       7.1614950961438E-15      1.2126547642856604
5.076813728201106         9.80978455182032E-15     1.2063715789784804       9.20638896248782E-15     1.2063715789784804       8.808076927637739E-15    1.2063715789784804       8.46910546627455E-15     1.2063715789784804       8.151232405270942E-15    1.2063715789784804       7.877723276552351E-15    1.2063715789784804       7.523895247109576E-15    1.2063715789784804       7.271764706172352E-15    1.2063715789784804       6.936355518536181E-15    1.2063715789784804       6.688468651151267E-15    1.2063715789784804
5.083096913508285         9.260506194728649E-15    1.2000883936713012       8.680035377000625E-15    1.2000883936713012       8.31132249820232E-15     1.2000883936713012       7.975882768427683E-15    1.2000883936713012       7.69236630534181E-15     1.2000883936713012       7.418429306753544E-15    1.2000883936713012       7.0880451960932466E-15   1.2000883936713012       6.848239322021545E-15    1.2000883936713012       6.520686935215899E-15    1.2000883936713012       6.303356548393931E-15    1.2000883936713012
5.0893800988154645        8.710004849811804E-15    1.193805208364122        8.180876868244453E-15    1.193805208364122        7.863605351279865E-15    1.193805208364122        7.554999596486247E-15    1.193805208364122        7.323486048674271E-15    1.193805208364122        7.071405271782667E-15    1.193805208364122        6.780146808178788E-15    1.193805208364122        6.571720318656503E-15    1.193805208364122        6.269079256501635E-15    1.193805208364122        6.0950081264111585E-15   1.193805208364122
5.095663284122645         8.25591578690481E-15     1.1875220230569419       7.79271517848381E-15     1.1875220230569419       7.537329195070556E-15    1.1875220230569419       7.267937694983732E-15    1.1875220230569419       7.096510772795652E-15    1.1875220230569419       6.877013969238643E-15    1.1875220230569419       6.6312030746467035E-15   1.1875220230569419       6.463263652094544E-15    1.1875220230569419       6.192572584025298E-15    1.1875220230569419       6.067573758674655E-15    1.1875220230569419
5.101946469429824         7.941522675076627E-15    1.1812388377497627       7.539476417799703E-15    1.1812388377497627       7.340014688523808E-15    1.1812388377497627       7.105294069273042E-15    1.1812388377497627       6.987358684109337E-15    1.1812388377497627       6.795239841268886E-15    1.1812388377497627       6.588360412433141E-15    1.1812388377497627       6.456320923632122E-15    1.1812388377497627       6.2127021248576885E-15   1.1812388377497627       6.132520896455254E-15    1.1812388377497627
5.108229654737003         7.729568455713872E-15    1.1749556524425835       7.368619750844192E-15    1.1749556524425835       7.205438189697264E-15    1.1749556524425835       6.986695135708378E-15    1.1749556524425835       6.902782532189115E-15    1.1749556524425835       6.7207623103683266E-15   1.1749556524425835       6.536453283698116E-15    1.1749556524425835       6.424878099605034E-15    1.1749556524425835       6.1956371478908324E-15   1.1749556524425835       6.147151113421989E-15    1.1749556524425835
5.114512840044184         7.517281669163416E-15    1.1686724671354025       7.173858197557056E-15    1.1686724671354025       7.023215970417805E-15    1.1686724671354025       6.798187761873486E-15    1.1686724671354025       6.724478881990128E-15    1.1686724671354025       6.5336057791569476E-15   1.1686724671354025       6.354008356273115E-15    1.1686724671354025       6.244955613501113E-15    1.1686724671354025       6.017590587444841E-15    1.1686724671354025       5.9843993959751426E-15   1.1686724671354025
5.120796025351363         7.189160947309817E-15    1.1623892818282233       6.8495596461319926E-15   1.1623892818282233       6.695531271120478E-15    1.1623892818282233       6.4513705042111246E-15   1.1623892818282233       6.371046864915468E-15    1.1623892818282233       6.162217974952698E-15    1.1623892818282233       5.977469024497652E-15    1.1623892818282233       5.860281657044112E-15    1.1623892818282233       5.630222337397372E-15    1.1623892818282233       5.600306439512281E-15    1.1623892818282233
5.127079210658542         6.683358927428868E-15    1.1561060965210441       6.351388878126047E-15    1.1561060965210441       6.1937617652410605E-15   1.1561060965210441       5.935091421303828E-15    1.1561060965210441       5.846429756844568E-15    1.1561060965210441       5.6265106123873714E-15   1.1561060965210441       5.440040754029299E-15    1.1561060965210441       5.317311798107263E-15    1.1561060965210441       5.091146997395579E-15    1.1561060965210441       5.0626077077727215E-15   1.1561060965210441
5.1333623959657215        6.0365210727907E-15      1.149822911213865        5.730746814894215E-15    1.149822911213865        5.584082257923474E-15    1.149822911213865        5.330937216424657E-15    1.149822911213865        5.247092202871632E-15    1.149822911213865        5.035674243245395E-15    1.149822911213865        4.861843188435058E-15    1.149822911213865        4.747809498895125E-15    1.149822911213865        4.5399605976757724E-15   1.149822911213865        4.521177672930366E-15    1.149822911213865
5.139645581272902         5.378878818188969E-15    1.1435397259066848       5.120492482874786E-15    1.1435397259066848       5.004174531972254E-15    1.1435397259066848       4.78023942768942E-15     1.1435397259066848       4.720011327389982E-15    1.1435397259066848       4.5380782858075625E-15   1.1435397259066848       4.392935057405362E-15    1.1435397259066848       4.304544561888607E-15    1.1435397259066848       4.128886792885861E-15    1.1435397259066848       4.132216306575227E-15    1.1435397259066848
5.145928766580081         4.87583759169707E-15     1.1372565405995056       4.673921396596573E-15    1.1372565405995056       4.5985253205337025E-15   1.1372565405995056       4.4161537829455434E-15   1.1372565405995056       4.39060052357921E-15     1.1372565405995056       4.247452981543876E-15    1.1372565405995056       4.137755096575899E-15    1.1372565405995056       4.0831842435717455E-15   1.1372565405995056       3.944194503685247E-15    1.1372565405995056       3.976397071426854E-15    1.1372565405995056
5.152211951887261         4.643030786518836E-15    1.1309733552923256       4.486241854308501E-15    1.1309733552923256       4.444517648511777E-15    1.1309733552923256       4.29573468553841E-15     1.1309733552923256       4.29879184906744E-15     1.1309733552923256       4.1852708288970905E-15   1.1309733552923256       4.102548890333391E-15    1.1309733552923256       4.07420608003543E-15     1.1309733552923256       3.962962152051319E-15    1.1309733552923256       4.018329562353014E-15    1.1309733552923256
5.15849513719444          4.681177506677002E-15    1.1246901699851464       4.541731237050992E-15    1.1246901699851464       4.510473293592293E-15    1.1246901699851464       4.37023142126821E-15     1.1246901699851464       4.379872053715104E-15    1.1246901699851464       4.2726616839323746E-15   1.1246901699851464       4.196584208920415E-15    1.1246901699851464       4.173634947934342E-15    1.1246901699851464       4.071597579200949E-15    1.1246901699851464       4.132867153500023E-15    1.1246901699851464
5.16477832250162          4.870914414165156E-15    1.1184069846779663       4.7193928586596415E-15   1.1184069846779663       4.671969644224134E-15    1.1184069846779663       4.5125098064912205E-15   1.1184069846779663       4.502668307798557E-15    1.1184069846779663       4.377728058406789E-15    1.1184069846779663       4.287386649424916E-15    1.1184069846779663       4.2471230156725226E-15   1.1184069846779663       4.136099672205816E-15    1.1184069846779663       4.1835330798322075E-15   1.1184069846779663
5.171061507808799         5.035596653789143E-15    1.112123799370787        4.857844755191473E-15    1.112123799370787        4.7799667326593046E-15   1.112123799370787        4.5876701185774186E-15   1.112123799370787        4.543833632041343E-15    1.112123799370787        4.39087491260313E-15     1.112123799370787        4.277243686153687E-15    1.112123799370787        4.208542943808216E-15    1.112123799370787        4.081127126116058E-15    1.112123799370787        4.104341303991593E-15    1.112123799370787
5.177344693115979         5.038446853889746E-15    1.105840614063608        4.8436093441946384E-15   1.105840614063608        4.741968737366452E-15    1.105840614063608        4.525722924028236E-15    1.105840614063608        4.453824917020686E-15    1.105840614063608        4.2824485418131844E-15   1.105840614063608        4.1538782284932156E-15   1.105840614063608        4.0638429239707965E-15   1.105840614063608        3.927711580125587E-15    1.105840614063608        3.932165007325494E-15    1.105840614063608
5.183627878423159         4.855330603047063E-15    1.0995574287564278       4.6691667854623166E-15   1.0995574287564278       4.566591660641499E-15    1.0995574287564278       4.351704952666795E-15    1.0995574287564278       4.273702524843378E-15    1.0995574287564278       4.106810276724235E-15    1.0995574287564278       3.983475974146609E-15    1.0995574287564278       3.892284722759594E-15    1.0995574287564278       3.76513726238829E-15     1.0995574287564278       3.7681562873333574E-15   1.0995574287564278
5.189911063730339         4.575292949660835E-15    1.0932742434492477       4.4226474127655474E-15   1.0932742434492477       4.3424134905809405E-15   1.0932742434492477       4.153778373988828E-15    1.0932742434492477       4.092288296083117E-15    1.0932742434492477       3.9508699254690475E-15   1.0932742434492477       3.851428772473983E-15    1.0932742434492477       3.7784132648327915E-15   1.0932742434492477       3.6763788287622845E-15   1.0932742434492477       3.694833559141723E-15    1.0932742434492477
5.196194249037518         4.325869853039184E-15    1.0869910581420685       4.214111997206126E-15    1.0869910581420685       4.16407442466922E-15     1.0869910581420685       4.010120112646859E-15    1.0869910581420685       3.9727079416781535E-15   1.0869910581420685       3.8623940503930966E-15   1.0869910581420685       3.791856866250032E-15    1.0869910581420685       3.74241983818338E-15     1.0869910581420685       3.66956731667091E-15     1.0869910581420685       3.707781232906379E-15    1.0869910581420685
5.202477434344697         4.1727662466459536E-15   1.0807078728348893       4.0880410508475205E-15   1.0807078728348893       4.05614356256163E-15     1.0807078728348893       3.925133290213679E-15    1.0807078728348893       3.8999155917528754E-15   1.0807078728348893       3.808938513951096E-15    1.0807078728348893       3.756483841927365E-15    1.0807078728348893       3.719494490101907E-15    1.0807078728348893       3.665934001127857E-15    1.0807078728348893       3.712957060255897E-15    1.0807078728348893
5.208760619651877         4.066950121124843E-15    1.0744246875277093       3.986222470281976E-15    1.0744246875277093       3.9511215992347536E-15   1.0744246875277093       3.8226711301068576E-15   1.0744246875277093       3.789029558239666E-15    1.0744246875277093       3.699226648837502E-15    1.0744246875277093       3.6478193976693155E-15   1.0744246875277093       3.605745164431234E-15    1.0744246875277093       3.5560272809308614E-15   1.0744246875277093       3.594807439269751E-15    1.0744246875277093
5.215043804959056         3.884234432412771E-15    1.06814150222053         3.7941581393662146E-15   1.06814150222053         3.743183189464627E-15    1.06814150222053         3.6062539726122946E-15   1.06814150222053         3.552767781315045E-15    1.06814150222053         3.4553184770767795E-15   1.06814150222053         3.3960010855005935E-15   1.06814150222053         3.3401847620619433E-15   1.06814150222053         3.2858923668762467E-15   1.06814150222053         3.3075599190366763E-15   1.06814150222053
5.221326990266236         3.535493199007968E-15    1.0618583169133509       3.4432124563294067E-15   1.0618583169133509       3.383438437513706E-15    1.0618583169133509       3.246386717101863E-15    1.0618583169133509       3.181598818131944E-15    1.0618583169133509       3.084929035898102E-15    1.0618583169133509       3.0244224950496843E-15   1.0618583169133509       2.96323163148542E-15     1.0618583169133509       2.9097864956872242E-15   1.0618583169133509       2.921550447853064E-15    1.0618583169133509
5.227610175573417         3.0654777388042362E-15   1.05557513160617         2.9921122254386698E-15   1.05557513160617         2.9449123028313038E-15   1.05557513160617         2.8287732867286986E-15   1.05557513160617         2.7752090657616813E-15   1.05557513160617         2.6980676031594314E-15   1.05557513160617         2.652969084414781E-15    1.05557513160617         2.605524146853971E-15    1.05557513160617         2.5671395296552084E-15   1.05557513160617         2.5867321026933638E-15   1.05557513160617
5.233893360880596         2.6547707365091483E-15   1.0492919462989907       2.6162239155441265E-15   1.0492919462989907       2.5988595771650215E-15   1.0492919462989907       2.5185852616359968E-15   1.0492919462989907       2.4939207163450622E-15   1.0492919462989907       2.4486101379453E-15      1.0492919462989907       2.4302948006745698E-15   1.0492919462989907       2.4101270929325625E-15   1.0492919462989907       2.3964083763068803E-15   1.0492919462989907       2.4369531694692943E-15   1.0492919462989907
5.240176546187775         2.506508761874326E-15    1.0430087609918115       2.4974969837626032E-15   1.0430087609918115       2.5068296277237156E-15   1.0430087609918115       2.45604714021206E-15     1.0430087609918115       2.4568592713204135E-15   1.0430087609918115       2.4365497051258614E-15   1.0430087609918115       2.4393540334031524E-15   1.0430087609918115       2.441454340191183E-15    1.0430087609918115       2.4468517299206934E-15   1.0430087609918115       2.504711650117041E-15    1.0430087609918115
5.246459731494954         2.6938762186979955E-15   1.0367255756846323       2.689542921190969E-15    1.0367255756846323       2.7024135140813224E-15   1.0367255756846323       2.655575828426119E-15    1.0367255756846323       2.6582097030983584E-15   1.0367255756846323       2.6399445995869473E-15   1.0367255756846323       2.6434955659913856E-15   1.0367255756846323       2.6464492478805946E-15   1.0367255756846323       2.6523917230138646E-15   1.0367255756846323       2.7089473893069708E-15   1.0367255756846323
5.252742916802134         3.0896149132335405E-15   1.0304423903774522       3.0645993644909073E-15   1.0304423903774522       3.0557669227082046E-15   1.0304423903774522       2.9872876079772633E-15   1.0304423903774522       2.9663107585120665E-15   1.0304423903774522       2.928367027403758E-15    1.0304423903774522       2.913207561779956E-15    1.0304423903774522       2.8956971708821163E-15   1.0304423903774522       2.88471781880156E-15     1.0304423903774522       2.9213620939390324E-15   1.0304423903774522
5.259026102109313         3.4458315528423013E-15   1.024159205070273        3.394867325810221E-15    1.024159205070273        3.3575468751874934E-15   1.024159205070273        3.262138747170491E-15    1.024159205070273        3.210988990335851E-15    1.024159205070273        3.150175970328038E-15    1.024159205070273        3.1136284189293244E-15   1.024159205070273        3.071573111502244E-15    1.024159205070273        3.041616654495995E-15    1.024159205070273        3.0551585024386467E-15   1.024159205070273
5.2653092874164935        3.5709804384568715E-15   1.017876019763093        3.5124994891487484E-15   1.017876019763093        3.4630639947142852E-15   1.017876019763093        3.35917952371894E-15     1.017876019763093        3.294569113945231E-15    1.017876019763093        3.2279822290946646E-15   1.017876019763093        3.185887055113646E-15    1.017876019763093        3.134911059360515E-15    1.017876019763093        3.100765770038858E-15    1.017876019763093        3.1052434745994568E-15   1.017876019763093
5.271592472723673         3.460059136219904E-15    1.0115928344559137       3.418793528718757E-15    1.0115928344559137       3.3808067883304907E-15   1.0115928344559137       3.2934652211347184E-15   1.0115928344559137       3.2391405986205772E-15   1.0115928344559137       3.188209321046443E-15    1.0115928344559137       3.1603112550416653E-15   1.0115928344559137       3.1208566421181024E-15   1.0115928344559137       3.1007060600254413E-15   1.0115928344559137       3.1135853820679667E-15   1.0115928344559137
5.277875658030853         3.2632658070023876E-15   1.0053096491487337       3.2473751833698083E-15   1.0053096491487337       3.229464227251019E-15    1.0053096491487337       3.1678284884494615E-15   1.0053096491487337       3.1325745881144847E-15   1.0053096491487337       3.1037165516668143E-15   1.0053096491487337       3.095790893009263E-15    1.0053096491487337       3.0743739758743115E-15   1.0053096491487337       3.0734609800815385E-15   1.0053096491487337       3.0989980179662736E-15   1.0053096491487337
5.284158843338032         3.1187453762818454E-15   0.9990264638415545       3.1130293946841824E-15   0.9990264638415545       3.1017422615121953E-15   0.9990264638415545       3.052465447382505E-15    0.9990264638415545       3.0233755339709024E-15   0.9990264638415545       3.0034427069295148E-15   0.9990264638415545       3.003040809827859E-15    0.9990264638415545       2.987439302035001E-15    0.9990264638415545       2.994256110482679E-15    0.9990264638415545       3.020105847093067E-15    0.9990264638415545
5.290442028645211         3.0073603374430205E-15   0.9927432785343753       2.989380512244076E-15    0.9927432785343753       2.9642741139366104E-15   0.9927432785343753       2.9070282134174604E-15   0.9927432785343753       2.864757593823925E-15    0.9927432785343753       2.835721865524833E-15    0.9927432785343753       2.8257834063770566E-15   0.9927432785343753       2.7989675921299787E-15   0.9927432785343753       2.797765089850734E-15    0.9927432785343753       2.808416480524929E-15    0.9927432785343753
5.296725213952391         2.7791262353017757E-15   0.9864600932271953       2.742510825157913E-15    0.9864600932271953       2.698560908273563E-15    0.9864600932271953       2.6282324901629696E-15   0.9864600932271953       2.568983197753651E-15    0.9864600932271953       2.5272605809178383E-15   0.9864600932271953       2.5041138291270383E-15   0.9864600932271953       2.4630816094564037E-15   0.9864600932271953       2.4502841334418862E-15   0.9864600932271953       2.4440060017945296E-15   0.9864600932271953
5.303008399259571         2.3390356399923925E-15   0.9801769079200151       2.3002852614200792E-15   0.9801769079200151       2.2544913172314195E-15   0.9801769079200151       2.187154423878019E-15    0.9801769079200151       2.1285288919478448E-15   0.9801769079200151       2.0890759758491247E-15   0.9801769079200151       2.066351450759224E-15    0.9801769079200151       2.026390336021704E-15    0.9801769079200151       2.01406498315644E-15     0.9801769079200151       2.005848933231035E-15    0.9801769079200151
5.3092915845667505        1.8084408550001015E-15   0.9738937226128359       1.789703934244944E-15    0.9738937226128359       1.7642822785783146E-15   0.9738937226128359       1.72013147032835E-15     0.9738937226128359       1.6839044795165273E-15   0.9738937226128359       1.6643540083328849E-15   0.9738937226128359       1.6583523555846915E-15   0.9738937226128359       1.6376250514689435E-15   0.9738937226128359       1.6401105263354956E-15   0.9738937226128359       1.6469862386389367E-15   0.9738937226128359
5.31557476987393          1.4769110992948199E-15   0.9676105373056567       1.4823245556080964E-15   0.9676105373056567       1.4815283159199536E-15   0.9676105373056567       1.4623011538122355E-15   0.9676105373056567       1.4515408358200666E-15   0.9676105373056567       1.452737691376705E-15    0.9676105373056567       1.4644194587494343E-15   0.9676105373056567       1.46453632757325E-15     0.9676105373056567       1.4822301477638223E-15   0.9676105373056567       1.5059126611469968E-15   0.9676105373056567
5.32185795518111          1.5580661756431962E-15   0.9613273519984766       1.5690117106379671E-15   0.9613273519984766       1.5744090781744298E-15   0.9613273519984766       1.5598015609200352E-15   0.9613273519984766       1.5549053878993355E-15   0.9613273519984766       1.5589509729488718E-15   0.9613273519984766       1.5721408348145343E-15   0.9613273519984766       1.5756282452679165E-15   0.9613273519984766       1.5937120613346586E-15   0.9613273519984766       1.6191140226287013E-15   0.9613273519984766
5.328141140488289         1.9783028209883178E-15   0.9550441666912975       1.9734204919383357E-15   0.9550441666912975       1.963476371482643E-15    0.9550441666912975       1.9315563487326118E-15   0.9550441666912975       1.9104057621650913E-15   0.9550441666912975       1.8991892517561686E-15   0.9550441666912975       1.89771386596901E-15     0.9550441666912975       1.8859562438918483E-15   0.9550441666912975       1.890200729521495E-15    0.9550441666912975       1.901868138334533E-15    0.9550441666912975
5.334424325795468         2.4248397130653516E-15   0.9487609813841184       2.4033946116630665E-15   0.9487609813841184       2.3765081493416813E-15   0.9487609813841184       2.326697466413431E-15    0.9487609813841184       2.2877047234767565E-15   0.9487609813841184       2.262244755203221E-15    0.9487609813841184       2.247687529195065E-15    0.9487609813841184       2.220428862273199E-15    0.9487609813841184       2.2131236245908037E-15   0.9487609813841184       2.21194447312759E-15     0.9487609813841184
5.340707511102648         2.6267205245813564E-15   0.9424777960769383       2.6091077263147084E-15   0.9424777960769383       2.5844662237734E-15      0.9424777960769383       2.5375971776899453E-15   0.9424777960769383       2.500205231779845E-15    0.9424777960769383       2.4791846244043577E-15   0.9424777960769383       2.469255519050866E-15    0.9424777960769383       2.444059416082604E-15    0.9424777960769383       2.441993422155994E-15    0.9424777960769383       2.443551820271529E-15    0.9424777960769383
5.346990696409828         2.5858862389005872E-15   0.9361946107697581       2.5899685938495205E-15   0.9361946107697581       2.5848334605686804E-15   0.9361946107697581       2.5595514126615734E-15   0.9361946107697581       2.54128261767638E-15     0.9361946107697581       2.539794626848815E-15    0.9361946107697581       2.5484590842338237E-15   0.9361946107697581       2.540304555240487E-15    0.9361946107697581       2.5563160850489303E-15   0.9361946107697581       2.5724780120399867E-15   0.9361946107697581
5.353273881717008         2.5084583068028265E-15   0.9299114254625789       2.5283822821921394E-15   0.9299114254625789       2.537624652444248E-15    0.9299114254625789       2.5295180097879835E-15   0.9299114254625789       2.5256079109522632E-15   0.9299114254625789       2.537952573785802E-15    0.9299114254625789       2.5595893161529206E-15   0.9299114254625789       2.5636408119872615E-15   0.9299114254625789       2.5923238691003455E-15   0.9299114254625789       2.6170834165731856E-15   0.9299114254625789
5.359557067024187         2.5118520481906773E-15   0.9236282401553997       2.524223256287528E-15    0.9236282401553997       2.526172921735615E-15    0.9236282401553997       2.51374794981789E-15     0.9236282401553997       2.5031889613392793E-15   0.9236282401553997       2.509710607618925E-15    0.9236282401553997       2.5257350831806647E-15   0.9236282401553997       2.523420808205371E-15    0.9236282401553997       2.547542422544628E-15    0.9236282401553997       2.5638693915691395E-15   0.9236282401553997
5.365840252331367         2.4550147596627986E-15   0.9173450548482197       2.4457617019871326E-15   0.9173450548482197       2.427832549209545E-15    0.9173450548482197       2.3984106639310467E-15   0.9173450548482197       2.3694868743118975E-15   0.9173450548482197       2.3596232031537922E-15   0.9173450548482197       2.360014046407704E-15    0.9173450548482197       2.3414723857793415E-15   0.9173450548482197       2.351702687283654E-15    0.9173450548482197       2.3516238689235167E-15   0.9173450548482197
5.372123437638546         2.1185797959835796E-15   0.9110618695410405       2.0986812895251438E-15   0.9110618695410405       2.072075499508246E-15    0.9110618695410405       2.0365115035876946E-15   0.9110618695410405       2.0010490079361993E-15   0.9110618695410405       1.985051327221659E-15    0.9110618695410405       1.979101548279502E-15    0.9110618695410405       1.9549952667038536E-15   0.9110618695410405       1.9594337017514863E-15   0.9110618695410405       1.9532775478564453E-15   0.9110618695410405
5.378406622945726         1.54118489250485E-15     0.9047786842338603       1.532102099245708E-15    0.9047786842338603       1.5174309643495368E-15   0.9047786842338603       1.4954731974591106E-15   0.9047786842338603       1.4739814880121923E-15   0.9047786842338603       1.4689702540891144E-15   0.9047786842338603       1.4722116854368197E-15   0.9047786842338603       1.4601315191910336E-15   0.9047786842338603       1.4722109600171322E-15   0.9047786842338603       1.4755230413777756E-15   0.9047786842338603
5.384689808252905         1.0855501526269897E-15   0.8984954989266811       1.0923464038243763E-15   0.8984954989266811       1.093866894812024E-15    0.8984954989266811       1.088279463902701E-15    0.8984954989266811       1.0841232586963432E-15   0.8984954989266811       1.091863537447839E-15    0.8984954989266811       1.1056219716285174E-15   0.8984954989266811       1.10770844081676E-15     0.8984954989266811       1.1279360897790115E-15   0.8984954989266811       1.1421582404155825E-15   0.8984954989266811
5.390972993560085         1.0938223952896828E-15   0.892212313619501        1.0999825705155207E-15   0.892212313619501        1.1011357775981057E-15   0.892212313619501        1.0937128705328346E-15   0.892212313619501        1.089122634408583E-15    0.892212313619501        1.0939664444277082E-15   0.892212313619501        1.1038542101178109E-15   0.892212313619501        1.1041340903602467E-15   0.892212313619501        1.1193810590824959E-15   0.892212313619501        1.1308229760604036E-15   0.892212313619501
5.397256178867265         1.5065391987812424E-15   0.8859291283123218       1.4974022866143766E-15   0.8859291283123218       1.4837577860597933E-15   0.8859291283123218       1.4592167354441832E-15   0.8859291283123218       1.4389041789613834E-15   0.8859291283123218       1.4291026091617878E-15   0.8859291283123218       1.4249195993280757E-15   0.8859291283123218       1.4104444240361614E-15   0.8859291283123218       1.4122432929421897E-15   0.8859291283123218       1.4110048723405428E-15   0.8859291283123218
5.403539364174444         1.919777069249432E-15    0.8796459430051426       1.904038076250339E-15    0.8796459430051426       1.8838754740952824E-15   0.8796459430051426       1.851069511172378E-15    0.8796459430051426       1.8231568971479917E-15   0.8796459430051426       1.8079623982180696E-15   0.8796459430051426       1.7991302015997193E-15   0.8796459430051426       1.777849040037534E-15    0.8796459430051426       1.7758061244687032E-15   0.8796459430051426       1.770118830156683E-15    0.8796459430051426
5.409822549481623         2.0428152177496492E-15   0.8733627576979635       2.042883391339543E-15    0.8733627576979635       2.037640666940482E-15    0.8733627576979635       2.0195853433000132E-15   0.8733627576979635       2.0058522533927074E-15   0.8733627576979635       2.0051516406379695E-15   0.8733627576979635       2.0105015409988197E-15   0.8733627576979635       2.001909983841998E-15    0.8733627576979635       2.0136298591741273E-15   0.8733627576979635       2.0202157080227634E-15   0.8733627576979635
5.416105734788804         1.9941142097738797E-15   0.8670795723907825       2.0169401460115192E-15   0.8670795723907825       2.0332814654867654E-15   0.8670795723907825       2.038015333490082E-15    0.8670795723907825       2.0455293956648398E-15   0.8670795723907825       2.0646710228679617E-15   0.8670795723907825       2.0889975468403406E-15   0.8670795723907825       2.09911202314103E-15     0.8670795723907825       2.1288328703236734E-15   0.8670795723907825       2.1513949083052143E-15   0.8670795723907825
5.422388920095983         2.0496614995968274E-15   0.8607963870836033       2.0767835532436753E-15   0.8607963870836033       2.0974404929079885E-15   0.8607963870836033       2.108076158375872E-15    0.8607963870836033       2.1198943908953214E-15   0.8607963870836033       2.1429300063967357E-15   0.8607963870836033       2.171172302342136E-15    0.8607963870836033       2.1849872139732894E-15   0.8607963870836033       2.218908927581641E-15    0.8607963870836033       2.2433848052978144E-15   0.8607963870836033
5.428672105403162         2.1823421026561297E-15   0.8545132017764241       2.193086049375239E-15    0.8545132017764241       2.199087469866357E-15    0.8545132017764241       2.196444103282873E-15    0.8545132017764241       2.1941008201606375E-15   0.8545132017764241       2.2046063623784188E-15   0.8545132017764241       2.221471405761529E-15    0.8545132017764241       2.2231397956360374E-15   0.8545132017764241       2.247522513823302E-15    0.8545132017764241       2.260602979168379E-15    0.8545132017764241
5.4349552907103424        2.0531213001187235E-15   0.8482300164692441       2.049723808428734E-15    0.8482300164692441       2.0437365973389676E-15   0.8482300164692441       2.030534794747054E-15    0.8482300164692441       2.017499772038663E-15    0.8482300164692441       2.0185367039088177E-15   0.8482300164692441       2.026725613318645E-15    0.8482300164692441       2.0197172502012653E-15   0.8482300164692441       2.0368622056996996E-15   0.8482300164692441       2.042337905820832E-15    0.8482300164692441
5.441238476017522         1.519016298971258E-15    0.8419468311620648       1.519474386690557E-15    0.8419468311620648       1.518302579008251E-15    0.8419468311620648       1.51158194950783E-15     0.8419468311620648       1.5052442987196498E-15   0.8419468311620648       1.5111845031859467E-15   0.8419468311620648       1.5234236225798272E-15   0.8419468311620648       1.522709503103067E-15    0.8419468311620648       1.5431930024101253E-15   0.8419468311620648       1.5536040130868239E-15   0.8419468311620648
5.447521661324701         9.555918780668365E-16    0.8356636458548856       9.654704548310487E-16    0.8356636458548856       9.734440342303604E-16    0.8356636458548856       9.76921167926464E-16     0.8356636458548856       9.812280335740153E-16    0.8356636458548856       9.941495660286126E-16    0.8356636458548856       1.0116009811268698E-15   0.8356636458548856       1.0196262485859051E-15   0.8356636458548856       1.0432895440897067E-15   0.8356636458548856       1.0595306009572403E-15   0.8356636458548856
5.453804846631881         8.678124902003078E-16    0.8293804605477055       8.725295985532758E-16    0.8293804605477055       8.751559918725413E-16    0.8293804605477055       8.725573149486444E-16    0.8293804605477055       8.716872388930197E-16    0.8293804605477055       8.7754550645158E-16      0.8293804605477055       8.870670448815265E-16    0.8293804605477055       8.891235403279992E-16    0.8293804605477055       9.038091518340497E-16    0.8293804605477055       9.130723934453078E-16    0.8293804605477055
5.460088031939061         1.2548724631669933E-15   0.8230972752405256       1.2440580334709183E-15   0.8230972752405256       1.2316669968689206E-15   0.8230972752405256       1.2117731336871014E-15   0.8230972752405256       1.1948285590991548E-15   0.8230972752405256       1.1857268604725303E-15   0.8230972752405256       1.1807734658747768E-15   0.8230972752405256       1.1674247063803203E-15   0.8230972752405256       1.1681863624701318E-15   0.8230972752405256       1.1639307764688634E-15   0.8230972752405256
5.46637121724624          1.6194545021879478E-15   0.8168140899333463       1.6067356911545478E-15   0.8168140899333463       1.5926876997786863E-15   0.8168140899333463       1.569164095936209E-15    0.8168140899333463       1.5493386268720532E-15   0.8168140899333463       1.5387292961348517E-15   0.8168140899333463       1.5326965918436926E-15   0.8168140899333463       1.5162637020427374E-15   0.8168140899333463       1.5163320987260805E-15   0.8168140899333463       1.510658939077202E-15    0.8168140899333463
5.472654402553419         1.646783298109241E-15    0.8105309046261671       1.6537600893848059E-15   0.8105309046261671       1.6585816145989285E-15   0.8105309046261671       1.6537337317301044E-15   0.8105309046261671       1.6521803518366574E-15   0.8105309046261671       1.658954373990799E-15    0.8105309046261671       1.6696307448037617E-15   0.8105309046261671       1.6691827210028398E-15   0.8105309046261671       1.6849241499941064E-15   0.8105309046261671       1.6939065754011598E-15   0.8105309046261671
5.478937587860599         1.584866342151868E-15    0.8042477193189879       1.6115119507440164E-15   0.8042477193189879       1.6351175062534042E-15   0.8042477193189879       1.650104390677351E-15    0.8042477193189879       1.6671678142278259E-15   0.8042477193189879       1.6908551706415235E-15   0.8042477193189879       1.7176140581980305E-15   0.8042477193189879       1.7335948189328352E-15   0.8042477193189879       1.7643565277981474E-15   0.8042477193189879       1.7871322725309315E-15   0.8042477193189879
5.485220773167779         1.7555795139508372E-15   0.7979645340118078       1.7808895638657877E-15   0.7979645340118078       1.8038121510620123E-15   0.7979645340118078       1.818994243016661E-15    0.7979645340118078       1.8352494766812907E-15   0.7979645340118078       1.8586049104104275E-15   0.7979645340118078       1.8854960206684574E-15   0.7979645340118078       1.9012618911319784E-15   0.7979645340118078       1.9330732263152582E-15   0.7979645340118078       1.9553103881325297E-15   0.7979645340118078
5.491503958474959         1.948522035730584E-15    0.7916813487046277       1.9601236464682036E-15   0.7916813487046277       1.9712264120933546E-15   0.7916813487046277       1.975202711261171E-15    0.7916813487046277       1.979974529617772E-15    0.7916813487046277       1.9940843672186435E-15   0.7916813487046277       2.013056283099115E-15    0.7916813487046277       2.019998993634536E-15    0.7916813487046277       2.0461048780409E-15      0.7916813487046277       2.0615062551077613E-15   0.7916813487046277
5.497787143782138         1.694393122419848E-15    0.7853981633974485       1.701918729692547E-15    0.7853981633974485       1.7100902317807775E-15   0.7853981633974485       1.7125062352651233E-15   0.7853981633974485       1.7157847512952352E-15   0.7853981633974485       1.7288790354447418E-15   0.7853981633974485       1.7471765429557728E-15   0.7853981633974485       1.7542152890615056E-15   0.7853981633974485       1.7804452839860846E-15   0.7853981633974485       1.796635980848459E-15    0.7853981633974485
5.504070329089318         1.0625319757665931E-15   0.7791149780902684       1.0759017937158917E-15   0.7791149780902684       1.0894924436285677E-15   0.7791149780902684       1.099225259611384E-15    0.7791149780902684       1.1098910161939532E-15   0.7791149780902684       1.1278474447945891E-15   0.7791149780902684       1.1498501822248496E-15   0.7791149780902684       1.163628632552053E-15    0.7791149780902684       1.192120392823511E-15    0.7791149780902684       1.2129720010025678E-15   0.7791149780902684
5.510353514396497         7.049351783828184E-16    0.7728317927830892       7.148654016444921E-16    0.7728317927830892       7.244173713509536E-16    0.7728317927830892       7.305924553964867E-16    0.7728317927830892       7.381121665129147E-16    0.7728317927830892       7.505010880115681E-16    0.7728317927830892       7.658624847987058E-16    0.7728317927830892       7.755608448216529E-16    0.7728317927830892       7.959356042420579E-16    0.7728317927830892       8.109152778329234E-16    0.7728317927830892
5.516636699703676         9.611334782240056E-16    0.76654860747591         9.550231894687486E-16    0.76654860747591         9.489400232506345E-16    0.76654860747591         9.376392939897138E-16    0.76654860747591         9.28669420504123E-16     0.76654860747591         9.249806031473073E-16    0.76654860747591         9.244454976002363E-16    0.76654860747591         9.178643628040287E-16    0.76654860747591         9.225394303433473E-16    0.76654860747591         9.22351589141946E-16     0.76654860747591
5.522919885010856         1.3730041453599098E-15   0.7602654221687308       1.3601609401533053E-15   0.7602654221687308       1.3477719650618633E-15   0.7602654221687308       1.3279101119076752E-15   0.7602654221687308       1.3111976126368738E-15   0.7602654221687308       1.3012353283300253E-15   0.7602654221687308       1.294838428695078E-15    0.7602654221687308       1.2804121522515937E-15   0.7602654221687308       1.2796856548168769E-15   0.7602654221687308       1.2734163178766891E-15   0.7602654221687308
5.529203070318037         1.4116509573727445E-15   0.7539822368615499       1.4144625008662285E-15   0.7539822368615499       1.416889745362774E-15    0.7539822368615499       1.4114664600006233E-15   0.7539822368615499       1.4088845344135345E-15   0.7539822368615499       1.4124592994798632E-15   0.7539822368615499       1.4188928033443491E-15   0.7539822368615499       1.4166367440041304E-15   0.7539822368615499       1.4275883497197393E-15   0.7539822368615499       1.4323858119275402E-15   0.7539822368615499
5.535486255625216         1.2772634864739406E-15   0.7476990515543707       1.3002220680472642E-15   0.7476990515543707       1.3216349559339883E-15   0.7476990515543707       1.3362598092142162E-15   0.7476990515543707       1.3525556361241351E-15   0.7476990515543707       1.3731847491042931E-15   0.7476990515543707       1.3956376053655603E-15   0.7476990515543707       1.410056923059824E-15    0.7476990515543707       1.4354610854404434E-15   0.7476990515543707       1.4541572197414548E-15   0.7476990515543707
5.541769440932395         1.452322449417898E-15    0.7414158662471915       1.4780554673435729E-15   0.7414158662471915       1.5026422364941417E-15   0.7414158662471915       1.5209739816846012E-15   0.7414158662471915       1.540193037307931E-15    0.7414158662471915       1.564013010684555E-15    0.7414158662471915       1.590048702828347E-15    0.7414158662471915       1.6077335269041692E-15   0.7414158662471915       1.6372883850804178E-15   0.7414158662471915       1.6589851552004297E-15   0.7414158662471915
5.548052626239574         1.7528476211322143E-15   0.7351326809400123       1.769964376846271E-15    0.7351326809400123       1.7875743747030506E-15   0.7351326809400123       1.79893499555472E-15     0.7351326809400123       1.811294228522862E-15    0.7351326809400123       1.8305266547925422E-15   0.7351326809400123       1.853498820451417E-15    0.7351326809400123       1.8668835357842404E-15   0.7351326809400123       1.895602578362834E-15    0.7351326809400123       1.9155018331081224E-15   0.7351326809400123
5.554335811546754         1.5545589213585955E-15   0.7288494956328322       1.5700653877205974E-15   0.7288494956328322       1.5868118242001569E-15   0.7288494956328322       1.598502230085433E-15    0.7288494956328322       1.6114628746331292E-15   0.7288494956328322       1.631873300365753E-15    0.7288494956328322       1.6565874118829022E-15   0.7288494956328322       1.6723364521568736E-15   0.7288494956328322       1.7036443974971128E-15   0.7288494956328322       1.727001325960137E-15    0.7288494956328322
5.5606189968539335        9.088381191486942E-16    0.722566310325653        9.269635238841672E-16    0.722566310325653        9.456406475265146E-16    0.722566310325653        9.613939464793543E-16    0.722566310325653        9.783577023573016E-16    0.722566310325653        1.0005023439731482E-15   0.722566310325653        1.025948999143243E-15    0.722566310325653        1.0454636119118777E-15   0.722566310325653        1.076191861412347E-15    0.722566310325653        1.101406826912912E-15    0.722566310325653
5.5669021821611135        6.112416880498594E-16    0.7162831250184729       6.201098614194174E-16    0.7162831250184729       6.290652219483569E-16    0.7162831250184729       6.355440511534897E-16    0.7162831250184729       6.434396424183145E-16    0.7162831250184729       6.548196730400964E-16    0.7162831250184729       6.686430776411142E-16    0.7162831250184729       6.786212088531927E-16    0.7162831250184729       6.967733515622965E-16    0.7162831250184729       7.11104604090391E-16     0.7162831250184729
5.573185367468294         9.64908015030619E-16     0.7099999397112928       9.574025273197911E-16    0.7099999397112928       9.504575882315802E-16    0.7099999397112928       9.389878587160217E-16    0.7099999397112928       9.297738378887152E-16    0.7099999397112928       9.250591930117885E-16    0.7099999397112928       9.230653627451489E-16    0.7099999397112928       9.161759593856574E-16    0.7099999397112928       9.19135713252655E-16     0.7099999397112928       9.18050541972162E-16     0.7099999397112928
5.579468552775473         1.309210966151322E-15    0.7037167544041137       1.3008757917398498E-15   0.7037167544041137       1.2930790617710037E-15   0.7037167544041137       1.278896635927352E-15    0.7037167544041137       1.2675101019900495E-15   0.7037167544041137       1.2616126076747316E-15   0.7037167544041137       1.2585435659341242E-15   0.7037167544041137       1.2487642244690966E-15   0.7037167544041137       1.2506686124673377E-15   0.7037167544041137       1.2477270437323514E-15   0.7037167544041137
5.585751738082652         1.1768481554617178E-15   0.6974335690969344       1.1863423831239839E-15   0.6974335690969344       1.1951830172176019E-15   0.6974335690969344       1.1980053883341387E-15   0.6974335690969344       1.2029917588797573E-15   0.6974335690969344       1.211948529217939E-15    0.6974335690969344       1.2227172803577928E-15   0.6974335690969344       1.22689193326065E-15     0.6974335690969344       1.2407480653969192E-15   0.6974335690969344       1.2495570950449663E-15   0.6974335690969344
5.592034923389831         1.0628384025352195E-15   0.6911503837897552       1.0865624204043283E-15   0.6911503837897552       1.1089540856105283E-15   0.6911503837897552       1.1263359692228705E-15   0.6911503837897552       1.1448270265883027E-15   0.6911503837897552       1.1657586829499362E-15   0.6911503837897552       1.187796793684164E-15    0.6911503837897552       1.2038977763343846E-15   0.6911503837897552       1.2277357114725042E-15   0.6911503837897552       1.246113180190531E-15    0.6911503837897552
5.598318108697011         1.4032284303920244E-15   0.6848671984825753       1.4261350070610023E-15   0.6848671984825753       1.4487326642548415E-15   0.6848671984825753       1.466142322709173E-15    0.6848671984825753       1.4844432784960068E-15   0.6848671984825753       1.5066559138623985E-15   0.6848671984825753       1.5309411064079609E-15   0.6848671984825753       1.548307304341633E-15    0.6848671984825753       1.5758747054337716E-15   0.6848671984825753       1.5968328981585464E-15   0.6848671984825753
5.604601294004191         1.6313275610523656E-15   0.6785840131753951       1.6512564262409882E-15   0.6785840131753951       1.6721118534741278E-15   0.6785840131753951       1.687832123222266E-15    0.6785840131753951       1.7048587813066294E-15   0.6785840131753951       1.7280385090750656E-15   0.6785840131753951       1.754604095486618E-15    0.6785840131753951       1.7733944218342572E-15   0.6785840131753951       1.8053316660248764E-15   0.6785840131753951       1.8303917091160615E-15   0.6785840131753951
5.610884479311371         1.161947096691177E-15    0.6723008278682159       1.1837722986686961E-15   0.6723008278682159       1.2063586795099097E-15   0.6723008278682159       1.2257154089372606E-15   0.6723008278682159       1.2464135400467984E-15   0.6723008278682159       1.2725314622353284E-15   0.6723008278682159       1.301827220015952E-15    0.6723008278682159       1.3252812202530294E-15   0.6723008278682159       1.3597436999077508E-15   0.6723008278682159       1.389126785621792E-15    0.6723008278682159
5.61716766461855          5.761229405495271E-16    0.6660176425610367       5.922085631514322E-16    0.6660176425610367       6.084002641910937E-16    0.6660176425610367       6.230519849422581E-16    0.6660176425610367       6.388842350537925E-16    0.6660176425610367       6.578724899106849E-16    0.6660176425610367       6.790459253272271E-16    0.6660176425610367       6.972022125125609E-16    0.6660176425610367       7.222677732084013E-16    0.6660176425610367       7.443540896785784E-16    0.6660176425610367
5.62345084992573          7.074225860425681E-16    0.6597344572538566       7.070053748622522E-16    0.6597344572538566       7.069167637878582E-16    0.6597344572538566       7.041232928002689E-16    0.6597344572538566       7.030469811047883E-16    0.6597344572538566       7.051936959197246E-16    0.6597344572538566       7.094938948312369E-16    0.6597344572538566       7.107411926547605E-16    0.6597344572538566       7.191657724444787E-16    0.6597344572538566       7.248275048337186E-16    0.6597344572538566
5.629734035232909         1.182940274396511E-15    0.6534512719466774       1.1748897816197928E-15   0.6534512719466774       1.1674014008044515E-15   0.6534512719466774       1.154860981176047E-15    0.6534512719466774       1.1448000860691388E-15   0.6534512719466774       1.1394264755370635E-15   0.6534512719466774       1.136583197444637E-15    0.6534512719466774       1.1286378453508967E-15   0.6534512719466774       1.1304893601281801E-15   0.6534512719466774       1.1286528944460916E-15   0.6534512719466774
5.636017220540088         1.1524439482683927E-15   0.6471680866394982       1.15638438617519E-15     0.6471680866394982       1.1599226231165858E-15   0.6471680866394982       1.1581956556790646E-15   0.6471680866394982       1.158623409957649E-15    0.6471680866394982       1.1629131462642465E-15   0.6471680866394982       1.1689614038882127E-15   0.6471680866394982       1.1695103590567368E-15   0.6471680866394982       1.178710886700862E-15    0.6471680866394982       1.1839899212531576E-15   0.6471680866394982
5.642300405847269         8.815402738495762E-16    0.6408849013323172       9.006856055967674E-16    0.6408849013323172       9.184468671393574E-16    0.6408849013323172       9.32178279495531E-16     0.6408849013323172       9.469396648586452E-16    0.6408849013323172       9.635008037086347E-16    0.6408849013323172       9.807253735861628E-16    0.6408849013323172       9.934431725905733E-16    0.6408849013323172       1.0118129522306579E-15   0.6408849013323172       1.0262418722557438E-15   0.6408849013323172
5.648583591154448         1.140820141966406E-15    0.6346017160251382       1.1638404694227283E-15   0.6346017160251382       1.1861065492588708E-15   0.6346017160251382       1.2042618588334992E-15   0.6346017160251382       1.223093254273167E-15    0.6346017160251382       1.244470662849554E-15    0.6346017160251382       1.2670287477978769E-15   0.6346017160251382       1.2844413952614348E-15   0.6346017160251382       1.3089353001428495E-15   0.6346017160251382       1.3284742547916055E-15   0.6346017160251382
5.654866776461628         1.5479615596455507E-15   0.6283185307179588       1.5709998824684224E-15   0.6283185307179588       1.5945641023858004E-15   0.6283185307179588       1.6134558005957282E-15   0.6283185307179588       1.6335818292303452E-15   0.6283185307179588       1.6588428114437125E-15   0.6283185307179588       1.6867311757237232E-15   0.6283185307179588       1.7080930188477814E-15   0.6283185307179588       1.7402748178852557E-15   0.6283185307179588       1.7667945863504548E-15   0.6283185307179588
5.661149961768807         1.209600561869881E-15    0.6220353454107796       1.2344487153771126E-15   0.6220353454107796       1.2599371857971485E-15   0.6220353454107796       1.2822672767379343E-15   0.6220353454107796       1.306007396849818E-15    0.6220353454107796       1.3348073953192555E-15   0.6220353454107796       1.366398472693239E-15    0.6220353454107796       1.3927868694647962E-15   0.6220353454107796       1.4289825995577905E-15   0.6220353454107796       1.460929712107095E-15    0.6220353454107796
5.667433147075987         5.45725937980149E-16     0.6157521601035997       5.636898468481185E-16    0.6157521601035997       5.817402139176547E-16    0.6157521601035997       5.986528349235518E-16    0.6157521601035997       6.166968910520113E-16    0.6157521601035997       6.375476754550684E-16    0.6157521601035997       6.60311041569067E-16     0.6157521601035997       6.8074481357632775E-16   0.6157521601035997       7.069066148968296E-16    0.6157521601035997       7.309242192688638E-16    0.6157521601035997
5.673716332383166         6.256660045430005E-16    0.6094689747964204       6.272112871762065E-16    0.6094689747964204       6.289799704051248E-16    0.6094689747964204       6.287357211550336E-16    0.6094689747964204       6.300249017469132E-16    0.6094689747964204       6.340272466125339E-16    0.6094689747964204       6.398960202298983E-16    0.6094689747964204       6.435756673965257E-16    0.6094689747964204       6.530827648530226E-16    0.6094689747964204       6.606625815660161E-16    0.6094689747964204
5.679999517690346         1.1511307410800868E-15   0.6031857894892403       1.1457510638980965E-15   0.6031857894892403       1.1407528565494006E-15   0.6031857894892403       1.1313303899916863E-15   0.6031857894892403       1.1241959353637628E-15   0.6031857894892403       1.1213326134120584E-15   0.6031857894892403       1.1207506711013104E-15   0.6031857894892403       1.115869016112533E-15    0.6031857894892403       1.1196475700523459E-15   0.6031857894892403       1.120455427431381E-15    0.6031857894892403
5.686282702997525         1.0884427685389319E-15   0.5969026041820611       1.093514884932415E-15    0.5969026041820611       1.0980491122879411E-15   0.5969026041820611       1.0980290664720866E-15   0.5969026041820611       1.0999203636633837E-15   0.5969026041820611       1.1052112435259695E-15   0.5969026041820611       1.111992236248648E-15    0.5969026041820611       1.1141572350523082E-15   0.5969026041820611       1.1236936995466636E-15   0.5969026041820611       1.1300805698228858E-15   0.5969026041820611
5.6925658883047054        7.479146935851442E-16    0.5906194188748811       7.653461507905119E-16    0.5906194188748811       7.814159296633252E-16    0.5906194188748811       7.942741221948812E-16    0.5906194188748811       8.078979425071838E-16    0.5906194188748811       8.227655634989229E-16    0.5906194188748811       8.379937052723464E-16    0.5906194188748811       8.497144320265188E-16    0.5906194188748811       8.655748431192543E-16    0.5906194188748811       8.783805756977831E-16    0.5906194188748811
5.698849073611885         1.0631715496720739E-15   0.5843362335677018       1.0853024370975834E-15   0.5843362335677018       1.1067902437059318E-15   0.5843362335677018       1.1246920934354482E-15   0.5843362335677018       1.1432158118433134E-15   0.5843362335677018       1.1639679445692985E-15   0.5843362335677018       1.1856460592972192E-15   0.5843362335677018       1.2029738674109605E-15   0.5843362335677018       1.2262496019006864E-15   0.5843362335677018       1.2453804230881233E-15   0.5843362335677018
5.705132258919064         1.5047371837614645E-15   0.5780530482605226       1.5304501031486153E-15   0.5780530482605226       1.5566594681923659E-15   0.5780530482605226       1.5785289216550598E-15   0.5780530482605226       1.6017572569701779E-15   0.5780530482605226       1.6298288513814304E-15   0.5780530482605226       1.6602043352589927E-15   0.5780530482605226       1.6848155735453038E-15   0.5780530482605226       1.7191776047534937E-15   0.5780530482605226       1.7486873476253834E-15   0.5780530482605226
5.711415444226244         1.0649734280270758E-15   0.5717698629533425       1.0915233833916807E-15   0.5717698629533425       1.1185469566090218E-15   0.5717698629533425       1.1429817099397342E-15   0.5717698629533425       1.1688362841879355E-15   0.5717698629533425       1.1990021992848098E-15   0.5717698629533425       1.2314626695051734E-15   0.5717698629533425       1.2598322775070707E-15   0.5717698629533425       1.2962807026833119E-15   0.5717698629533425       1.3294517545791903E-15   0.5717698629533425
5.717698629533424         4.3139458216792694E-16   0.5654866776461625       4.464169005935737E-16    0.5654866776461625       4.614934586601647E-16    0.5654866776461625       4.758361225906274E-16    0.5654866776461625       4.912522308613544E-16    0.5654866776461625       5.088196075526698E-16    0.5654866776461625       5.279395378078771E-16    0.5654866776461625       5.45608853221596E-16     0.5654866776461625       5.676128189827524E-16    0.5654866776461625       5.8823657402764955E-16   0.5654866776461625
5.723981814840603         7.163356300549088E-16    0.5592034923389833       7.160118181427543E-16    0.5592034923389833       7.159731190492597E-16    0.5592034923389833       7.137003501204738E-16    0.5592034923389833       7.130411796432202E-16    0.5592034923389833       7.151646312390925E-16    0.5592034923389833       7.191012068853219E-16    0.5592034923389833       7.208834345919894E-16    0.5592034923389833       7.284174650563022E-16    0.5592034923389833       7.342659086750943E-16    0.5592034923389833
5.730265000147782         1.2118298234680722E-15   0.5529203070318041       1.2105199485982374E-15   0.5529203070318041       1.2093945579406789E-15   0.5529203070318041       1.2038442253550015E-15   0.5529203070318041       1.2005064661026026E-15   0.5529203070318041       1.201333338793256E-15    0.5529203070318041       1.2042276890074417E-15   0.5529203070318041       1.2029018734584125E-15   0.5529203070318041       1.2098496753755922E-15   0.5529203070318041       1.2140474655780417E-15   0.5529203070318041
5.7365481854549625        9.138022072807412E-16    0.546637121724624        9.231276627527531E-16    0.546637121724624        9.316081619102226E-16    0.546637121724624        9.364073712173915E-16    0.546637121724624        9.42628400230584E-16     0.546637121724624        9.512915469198262E-16    0.546637121724624        9.608935430269142E-16    0.546637121724624        9.667889271144822E-16    0.546637121724624        9.782198405036597E-16    0.546637121724624        9.870699967904854E-16    0.546637121724624
5.742831370762142         6.522824883025002E-16    0.5403539364174448       6.697292125023378E-16    0.5403539364174448       6.859574652369411E-16    0.5403539364174448       6.996527295401714E-16    0.5403539364174448       7.137634403043663E-16    0.5403539364174448       7.286573589310848E-16    0.5403539364174448       7.436873497661727E-16    0.5403539364174448       7.559015968148183E-16    0.5403539364174448       7.711942158279285E-16    0.5403539364174448       7.838118965038756E-16    0.5403539364174448
5.749114556069321         1.205126206534969E-15    0.5340707511102656       1.2285482675045954E-15   0.5340707511102656       1.2517902152703927E-15   0.5340707511102656       1.2713475951137305E-15   0.5340707511102656       1.2917509842957006E-15   0.5340707511102656       1.3150724551550465E-15   0.5340707511102656       1.3395971442935775E-15   0.5340707511102656       1.3596834232859068E-15   0.5340707511102656       1.3863992712961797E-15   0.5340707511102656       1.4090726671806036E-15   0.5340707511102656
5.755397741376501         1.4394581622587678E-15   0.5277875658030855       1.468686861402706E-15    0.5277875658030855       1.4985144821296769E-15   0.5277875658030855       1.5244378864340986E-15   0.5277875658030855       1.5519232992315789E-15   0.5277875658030855       1.584242275023513E-15    0.5277875658030855       1.6187923837104915E-15   0.5277875658030855       1.6482166203208542E-15   0.5277875658030855       1.6867958278880958E-15   0.5277875658030855       1.7212631683624649E-15   0.5277875658030855
5.761680926683681         7.0900918101887165E-16   0.5215043804959054       7.327949352802723E-16    0.5215043804959054       7.568567730198373E-16    0.5215043804959054       7.79475432922519E-16     0.5215043804959054       8.033047135880023E-16    0.5215043804959054       8.301466904318605E-16    0.5215043804959054       8.586873960927418E-16    0.5215043804959054       8.847891709730485E-16    0.5215043804959054       9.164224264935578E-16    0.5215043804959054       9.46079147673095E-16     0.5215043804959054
5.76796411199086          3.958181491580444E-16    0.5152211951887262       4.030718123045395E-16    0.5152211951887262       4.104287881314181E-16    0.5152211951887262       4.17011885000385E-16     0.5152211951887262       4.246839677194733E-16    0.5152211951887262       4.341405161690919E-16    0.5152211951887262       4.449229167726335E-16    0.5152211951887262       4.547617374920085E-16    0.5152211951887262       4.682193799438325E-16    0.5152211951887262       4.807694915055696E-16    0.5152211951887262
5.774247297298039         1.0260269412961267E-15   0.508938009881547        1.025277563219297E-15    0.508938009881547        1.0248369218207208E-15   0.508938009881547        1.0210432498966142E-15   0.508938009881547        1.0191904241809695E-15   0.508938009881547        1.0209391166403007E-15   0.508938009881547        1.024593603073575E-15    0.508938009881547        1.0252421213393291E-15   0.508938009881547        1.032902037009589E-15    0.508938009881547        1.0384935398838868E-15   0.508938009881547
5.7805304826052195        1.1603624602617497E-15   0.5026548245743669       1.1659546387794855E-15   0.5026548245743669       1.1712628514780669E-15   0.5026548245743669       1.1723535805143166E-15   0.5026548245743669       1.1753653095678818E-15   0.5026548245743669       1.1820169741230286E-15   0.5026548245743669       1.1901852066212228E-15   0.5026548245743669       1.1943725119747303E-15   0.5026548245743669       1.2057411404485046E-15   0.5026548245743669       1.2145342616372716E-15   0.5026548245743669
5.786813667912399         6.05916782928238E-16     0.4963716392671878       6.188363074713707E-16    0.4963716392671878       6.306268801009717E-16    0.4963716392671878       6.39967664062599E-16     0.4963716392671878       6.499649817248598E-16    0.4963716392671878       6.609740208846316E-16    0.4963716392671878       6.721748470812563E-16    0.4963716392671878       6.808778497973362E-16    0.4963716392671878       6.925620801715028E-16    0.4963716392671878       7.022142158690774E-16    0.4963716392671878
5.793096853219579         8.168306830681363E-16    0.4900884539600077       8.361787796261166E-16    0.4900884539600077       8.548813316344867E-16    0.4900884539600077       8.709131746429291E-16    0.4900884539600077       8.873728847473244E-16    0.4900884539600077       9.052170571705566E-16    0.4900884539600077       9.234559221228067E-16    0.4900884539600077       9.386553435293434E-16    0.4900884539600077       9.577116824158984E-16    0.4900884539600077       9.737990052297904E-16    0.4900884539600077
5.799380038526758         1.4745802896432946E-15   0.4838052686528285       1.5036674773033753E-15   0.4838052686528285       1.5331947057827582E-15   0.4838052686528285       1.558532064344318E-15    0.4838052686528285       1.5852819465056975E-15   0.4838052686528285       1.6163785267444674E-15   0.4838052686528285       1.649242524863274E-15    0.4838052686528285       1.6770882833791483E-15   0.4838052686528285       1.7134086514775073E-15   0.4838052686528285       1.7454989098788044E-15   0.4838052686528285
5.805663223833938         1.0526945127505652E-15   0.4775220833456484       1.0817157040792663E-15   0.4775220833456484       1.11122351312531E-15     0.4775220833456484       1.1381771366741676E-15   0.4775220833456484       1.1665722152739301E-15   0.4775220833456484       1.1988562315009909E-15   0.4775220833456484       1.2329444579668397E-15   0.4775220833456484       1.2635119362818851E-15   0.4775220833456484       1.301071725881019E-15    0.4775220833456484       1.3358231050442663E-15   0.4775220833456484
5.811946409141117         3.291297251778824E-16    0.4712388980384692       3.4195981112710215E-16   0.4712388980384692       3.548944580036866E-16    0.4712388980384692       3.6742982832164815E-16   0.4712388980384692       3.8085715162596865E-16   0.4712388980384692       3.958824423726513E-16    0.4712388980384692       4.120317377190464E-16    0.4712388980384692       4.2739622464743577E-16   0.4712388980384692       4.45793711123705E-16     0.4712388980384692       4.634050591278991E-16    0.4712388980384692
5.8182295944482965        7.820994231699919E-16    0.46495571273129         7.835074238978647E-16    0.46495571273129         7.851917054031223E-16    0.46495571273129         7.845852598456007E-16    0.46495571273129         7.855468012187105E-16    0.46495571273129         7.892703837326051E-16    0.46495571273129         7.945839854720584E-16    0.46495571273129         7.979219342610274E-16    0.46495571273129         8.066877308664296E-16    0.46495571273129         8.140077956262607E-16    0.46495571273129
5.824512779755476         1.2855195162778209E-15   0.4586725274241108       1.2911605822135464E-15   0.4586725274241108       1.2968527933496E-15      0.4586725274241108       1.2981779335167602E-15   0.4586725274241108       1.301637744471056E-15    0.4586725274241108       1.309207166090158E-15    0.4586725274241108       1.3185687181780351E-15   0.4586725274241108       1.3239691410215692E-15   0.4586725274241108       1.3372805032347531E-15   0.4586725274241108       1.3480220992132891E-15   0.4586725274241108
5.830795965062657         7.187299469142888E-16    0.4523893421169298       7.296970846483816E-16    0.4523893421169298       7.398196072375526E-16    0.4523893421169298       7.471950864202671E-16    0.4523893421169298       7.55563835884319E-16     0.4523893421169298       7.655839787209815E-16    0.4523893421169298       7.761083790487057E-16    0.4523893421169298       7.839819757115392E-16    0.4523893421169298       7.956936719318909E-16    0.4523893421169298       8.055028224227707E-16    0.4523893421169298
5.837079150369836         5.719959029686496E-16    0.44610615680975063      5.87538728208815E-16     0.44610615680975063      6.022862305721368E-16    0.44610615680975063      6.15047355165438E-16     0.44610615680975063      6.280614417626345E-16    0.44610615680975063      6.417063906339919E-16    0.44610615680975063      6.554237789556493E-16    0.44610615680975063      6.669624474445508E-16    0.44610615680975063      6.808455631153399E-16    0.44610615680975063      6.925610661577622E-16    0.44610615680975063
5.843362335677015         1.3790586788976894E-15   0.43982297150257144      1.4070518102141893E-15   0.43982297150257144      1.435322714420453E-15    0.43982297150257144      1.45960097054106E-15     0.43982297150257144      1.4851221970513752E-15   0.43982297150257144      1.5143288999217656E-15   0.43982297150257144      1.5449305496043044E-15   0.43982297150257144      1.5709949901951125E-15   0.43982297150257144      1.6044085355505804E-15   0.43982297150257144      1.6339050896574686E-15   0.43982297150257144
5.849645520984195         1.2809404163969165E-15   0.4335397861953914       1.3132395251256516E-15   0.4335397861953914       1.3461294554853906E-15   0.4335397861953914       1.3756911885116378E-15   0.4335397861953914       1.4068649233564511E-15   0.4335397861953914       1.4423672217309572E-15   0.4335397861953914       1.4796965560774467E-15   0.4335397861953914       1.5128925648753927E-15   0.4335397861953914       1.5538466603133434E-15   0.4335397861953914       1.5915187016070541E-15   0.4335397861953914
5.855928706291374         3.669577281136913E-16    0.4272566008882122       3.8285692794331107E-16   0.4272566008882122       3.9891799756734495E-16   0.4272566008882122       4.1447860770783437E-16   0.4272566008882122       4.3089201837018277E-16   0.4272566008882122       4.489833435399747E-16    0.4272566008882122       4.6810639722021035E-16   0.4272566008882122       4.862861873676546E-16    0.4272566008882122       5.074756654542625E-16    0.4272566008882122       5.27785462236009E-16     0.4272566008882122
5.8622118915985535        6.30209849077196E-16     0.420973415581033        6.331535092293065E-16    0.420973415581033        6.363345485112551E-16    0.420973415581033        6.37819240965849E-16     0.420973415581033        6.406126509620025E-16    0.420973415581033        6.45656140195744E-16     0.420973415581033        6.520009706493441E-16    0.420973415581033        6.569546360300503E-16    0.420973415581033        6.663066981699336E-16    0.420973415581033        6.745439693279191E-16    0.420973415581033
5.868495076905734         1.3525451047741917E-15   0.4146902302738529       1.360234739142488E-15    0.4146902302738529       1.3681242213199265E-15   0.4146902302738529       1.3715949752219785E-15   0.4146902302738529       1.3772694187856955E-15   0.4146902302738529       1.3872606767910943E-15   0.4146902302738529       1.39905951191712E-15     0.4146902302738529       1.4070004919334956E-15   0.4146902302738529       1.4231242809352017E-15   0.4146902302738529       1.4366322553691704E-15   0.4146902302738529
5.874778262212914         8.209391922669709E-16    0.40840704496667285      8.320908701074447E-16    0.40840704496667285      8.42628655750057E-16     0.40840704496667285      8.501847315675472E-16    0.40840704496667285      8.589349204428518E-16    0.40840704496667285      8.698310946710905E-16    0.40840704496667285      8.813966593556568E-16    0.40840704496667285      8.902096598002801E-16    0.40840704496667285      9.035296083775655E-16    0.40840704496667285      9.14920930226442E-16     0.40840704496667285
5.881061447520093         4.491635192640148E-16    0.4021238596594936       4.621159176849812E-16    0.4021238596594936       4.743034200493706E-16    0.4021238596594936       4.848920655684483E-16    0.4021238596594936       4.956595501876809E-16    0.4021238596594936       5.068139052108215E-16    0.4021238596594936       5.179197051179925E-16    0.4021238596594936       5.273061949156038E-16    0.4021238596594936       5.384041664394024E-16    0.4021238596594936       5.477727837202699E-16    0.4021238596594936
5.887344632827272         1.329931317101465E-15    0.3958406743523144       1.3576982811714526E-15   0.3958406743523144       1.3856662909855998E-15   0.3958406743523144       1.4097873118915544E-15   0.3958406743523144       1.4351010377211897E-15   0.3958406743523144       1.4638458455221473E-15   0.3958406743523144       1.4937825683688529E-15   0.3958406743523144       1.519461172245534E-15    0.3958406743523144       1.5519923318408481E-15   0.3958406743523144       1.5807795950536679E-15   0.3958406743523144
5.893627818134451         1.4052296005497848E-15   0.3895574890451352       1.439955510372175E-15    0.3895574890451352       1.4752565148106865E-15   0.3895574890451352       1.506829698797905E-15    0.3895574890451352       1.5401347996267652E-15   0.3895574890451352       1.5779882674409926E-15   0.3895574890451352       1.6176038777325773E-15   0.3895574890451352       1.6528147026376228E-15   0.3895574890451352       1.6961747571557546E-15   0.3895574890451352       1.7359773598680395E-15   0.3895574890451352
5.899911003441631         3.7884661987140734E-16   0.3832743037379552       3.9526892622408494E-16   0.3832743037379552       4.118434547457398E-16    0.3832743037379552       4.2785438697302173E-16   0.3832743037379552       4.44682692489593E-16     0.3832743037379552       4.631460149131207E-16    0.3832743037379552       4.82528256622038E-16     0.3832743037379552       5.009260884851796E-16    0.3832743037379552       5.22205415159355E-16     0.3832743037379552       5.425737898253695E-16    0.3832743037379552
5.906194188748811         5.994819537479882E-16    0.3769911184307751       6.032416425358772E-16    0.3769911184307751       6.072246539542914E-16    0.3769911184307751       6.096240154767362E-16    0.3769911184307751       6.132445248896734E-16    0.3769911184307751       6.189329095907839E-16    0.3769911184307751       6.258006239583276E-16    0.3769911184307751       6.31422817677645E-16     0.3769911184307751       6.410765704772564E-16    0.3769911184307751       6.497216089585123E-16    0.3769911184307751
5.912477374055991         1.4477556159874687E-15   0.37070793312359585      1.4589473625652063E-15   0.37070793312359585      1.4704012432518649E-15   0.37070793312359585      1.4772195537117768E-15   0.37070793312359585      1.4863414233679948E-15   0.37070793312359585      1.4999832407895663E-15   0.37070793312359585      1.5154690325704566E-15   0.37070793312359585      1.5269905020070882E-15   0.37070793312359585      1.547019434074117E-15    0.37070793312359585      1.5643112255162907E-15   0.37070793312359585
5.918760559363171         8.436154347330569E-16    0.36442474781641576      8.557564042072782E-16    0.36442474781641576      8.674107510077439E-16    0.36442474781641576      8.760839959828491E-16    0.36442474781641576      8.859962919621479E-16    0.36442474781641576      8.981593414960872E-16    0.36442474781641576      9.11042458421284E-16     0.36442474781641576      9.21244702184276E-16     0.36442474781641576      9.36031581337805E-16     0.36442474781641576      9.489470233752259E-16    0.36442474781641576
5.92504374467035          3.958448513730501E-16    0.3581415625092366       4.0738519451754034E-16   0.3581415625092366       4.183107701866602E-16    0.3581415625092366       4.2783247450800717E-16   0.3581415625092366       4.375041881662323E-16    0.3581415625092366       4.4751386094479035E-16   0.3581415625092366       4.574793860539468E-16    0.3581415625092366       4.65956201155056E-16     0.3581415625092366       4.758969900761428E-16    0.3581415625092366       4.84332644185968E-16     0.3581415625092366
5.931326929977529         1.4099090832092004E-15   0.35185837720205737      1.439682296675106E-15    0.35185837720205737      1.4697879950214037E-15   0.35185837720205737      1.4958017758961267E-15   0.35185837720205737      1.5231569353753125E-15   0.35185837720205737      1.5542341975789339E-15   0.35185837720205737      1.5865415750375808E-15   0.35185837720205737      1.6144631538960533E-15   0.35185837720205737      1.6496188150771407E-15   0.35185837720205737      1.6809490343208675E-15   0.35185837720205737
5.937610115284708         1.4521951006792963E-15   0.3455751918948782       1.4886508121360266E-15   0.3455751918948782       1.5257250520279698E-15   0.3455751918948782       1.558878380657636E-15    0.3455751918948782       1.593840928209294E-15    0.3455751918948782       1.6334558578206774E-15   0.3455751918948782       1.6747502163098022E-15   0.3455751918948782       1.7116045028672797E-15   0.3455751918948782       1.756711409927562E-15    0.3455751918948782       1.7982157242480703E-15   0.3455751918948782
5.943893300591889         3.1507666571475383E-16   0.3392920065876972       3.292151652837265E-16    0.3392920065876972       3.434941592202108E-16    0.3392920065876972       3.57323140089307E-16     0.3392920065876972       3.7184862994850145E-16   0.3392920065876972       3.87742533113013E-16     0.3392920065876972       4.0437415430637166E-16   0.3392920065876972       4.2024606574434065E-16   0.3392920065876972       4.3850118132440646E-16   0.3392920065876972       4.560208971842259E-16    0.3392920065876972
5.9501764858990684        7.129940681302031E-16    0.333008821280518        7.180478796953821E-16    0.333008821280518        7.233248786542421E-16    0.333008821280518        7.266521149408947E-16    0.333008821280518        7.312864892406017E-16    0.333008821280518        7.382395275736087E-16    0.333008821280518        7.463754725857909E-16    0.333008821280518        7.529830692858387E-16    0.333008821280518        7.64081215105924E-16     0.333008821280518        7.739586677398211E-16    0.333008821280518
5.956459671206248         1.59629410630591E-15     0.32672563597333887      1.6125801172467219E-15   0.32672563597333887      1.629096311252998E-15    0.32672563597333887      1.6406043672239276E-15   0.32672563597333887      1.6545553192516107E-15   0.32672563597333887      1.6733843016942285E-15   0.32672563597333887      1.69408994351937E-15     0.32672563597333887      1.710483711170568E-15    0.32672563597333887      1.7360265386886887E-15   0.32672563597333887      1.7585131381462894E-15   0.32672563597333887
5.962742856513427         7.494066469794943E-16    0.3204424506661596       7.618117544721656E-16    0.3204424506661596       7.737331951844955E-16    0.3204424506661596       7.83074652024777E-16     0.3204424506661596       7.934828181246486E-16    0.3204424506661596       8.058351843185035E-16    0.3204424506661596       8.187827073963795E-16    0.3204424506661596       8.293898179479952E-16    0.3204424506661596       8.439948731516673E-16    0.3204424506661596       8.569150406859345E-16    0.3204424506661596
5.969026041820607         4.2673797292384405E-16   0.3141592653589796       4.38430482849175E-16     0.3141592653589796       4.496835496479152E-16    0.3141592653589796       4.595390386149401E-16    0.3141592653589796       4.695884931360626E-16    0.3141592653589796       4.801456543178332E-16    0.3141592653589796       4.90740465048826E-16     0.3141592653589796       4.998497502860025E-16    0.3141592653589796       5.106068924225638E-16    0.3141592653589796       5.198334982482902E-16    0.3141592653589796
5.975309227127786         1.6484186624213872E-15   0.30787608005180034      1.6835221231633456E-15   0.30787608005180034      1.7191146567993136E-15   0.30787608005180034      1.749961948215389E-15    0.30787608005180034      1.7825639760602614E-15   0.30787608005180034      1.8196837796969273E-15   0.30787608005180034      1.858265802332858E-15    0.30787608005180034      1.8919445355254276E-15   0.30787608005180034      1.9341110513001942E-15   0.30787608005180034      1.972048085561723E-15    0.30787608005180034
5.981592412434966         1.3877552494896265E-15   0.30159289474462025      1.4241585753984303E-15   0.30159289474462025      1.4611147436963209E-15   0.30159289474462025      1.4943330814575686E-15   0.30159289474462025      1.5293771091468116E-15   0.30159289474462025      1.568834885913253E-15    0.30159289474462025      1.6098318600654122E-15   0.30159289474462025      1.6467402275435366E-15   0.30159289474462025      1.691402717466968E-15    0.30159289474462025      1.7327162200081765E-15   0.30159289474462025
5.987875597742146         2.0442898925347305E-16   0.2953097094374402       2.137991945184124E-16    0.2953097094374402       2.232657900198756E-16    0.2953097094374402       2.3250489039043106E-16   0.2953097094374402       2.4229356914054387E-16   0.2953097094374402       2.529959296832049E-16    0.2953097094374402       2.6425792741705503E-16   0.2953097094374402       2.7515779312158544E-16   0.2953097094374402       2.876785137888091E-16    0.2953097094374402       2.997924618439585E-16    0.2953097094374402
5.9941587830493255        1.0318653762927539E-15   0.28902652413026103      1.0411015063637189E-15   0.28902652413026103      1.050664060124037E-15    0.28902652413026103      1.0571910083460539E-15   0.28902652413026103      1.0653947228021967E-15   0.28902652413026103      1.0767990279901578E-15   0.28902652413026103      1.0895993207405802E-15   0.28902652413026103      1.0999734911719045E-15   0.28902652413026103      1.1164248519181895E-15   0.28902652413026103      1.1310080226552512E-15   0.28902652413026103
6.000441968356505         1.7363817849559237E-15   0.28274333882308184      1.7586754604915188E-15   0.28274333882308184      1.781206144294318E-15    0.28274333882308184      1.798266817451391E-15    0.28274333882308184      1.8179056895896326E-15   0.28274333882308184      1.842807796402681E-15    0.28274333882308184      1.8695768262741595E-15   0.28274333882308184      1.891625770094742E-15    0.28274333882308184      1.923438824003188E-15    0.28274333882308184      1.9518336173253834E-15   0.28274333882308184
6.006725153663684         5.218370940879692E-16    0.2764601535159026       5.3233766367936965E-16   0.2764601535159026       5.423710849784002E-16    0.2764601535159026       5.505742505075826E-16    0.2764601535159026       5.594666040954805E-16    0.2764601535159026       5.696086895804633E-16    0.2764601535159026       5.800632612613526E-16    0.2764601535159026       5.888416948351408E-16    0.2764601535159026       6.003076756437978E-16    0.2764601535159026       6.104856850299473E-16    0.2764601535159026
6.013008338970864         6.505954042508821E-16    0.2701769682087225       6.659664249428622E-16    0.2701769682087225       6.811584778408678E-16    0.2701769682087225       6.944301914336218E-16    0.2701769682087225       7.081514977881519E-16    0.2701769682087225       7.231460877965139E-16    0.2701769682087225       7.384394896828681E-16    0.2701769682087225       7.516961611771668E-16    0.2701769682087225       7.678583921140365E-16    0.2701769682087225       7.820268201360963E-16    0.2701769682087225
6.019291524278044         2.007060677325441E-15    0.2638937829015425       2.0506245705956986E-15   0.2638937829015425       2.09482108944943E-15     0.2638937829015425       2.1333552572440053E-15   0.2638937829015425       2.174181142300487E-15    0.2638937829015425       2.220741697075247E-15    0.2638937829015425       2.2691176232173208E-15   0.2638937829015425       2.3116970245761665E-15   0.2638937829015425       2.3647777315560523E-15   0.2638937829015425       2.412986351860554E-15    0.2638937829015425
6.025574709585223         1.1258152033435048E-15   0.2576105975943633       1.1577135101739592E-15   0.2576105975943633       1.1899963717968491E-15   0.2576105975943633       1.2193612156205142E-15   0.2576105975943633       1.250257543223582E-15    0.2576105975943633       1.2847738926853317E-15   0.2576105975943633       1.3205281516885898E-15   0.2576105975943633       1.353044958710885E-15    0.2576105975943633       1.3918758837341327E-15   0.2576105975943633       1.4280545157194482E-15   0.2576105975943633
6.031857894892402         1.8933049338997865E-16   0.251327412287184        1.9394145608037566E-16   0.251327412287184        1.9862708149349165E-16   0.251327412287184        2.030085461600585E-16    0.251327412287184        2.0789273174908891E-16   0.251327412287184        2.135034417608081E-16    0.251327412287184        2.1961459422266025E-16   0.251327412287184        2.2549384129114816E-16   0.251327412287184        2.327821351716534E-16    0.251327412287184        2.3978716031455667E-16   0.251327412287184
6.0381410801995825        1.6101920667721828E-15   0.24504422698000397      1.6294052600776457E-15   0.24504422698000397      1.6490822874832359E-15   0.24504422698000397      1.6638626973716187E-15   0.24504422698000397      1.6810674724190469E-15   0.24504422698000397      1.7030947187324395E-15   0.24504422698000397      1.7269770576235706E-15   0.24504422698000397      1.7468397503167583E-15   0.24504422698000397      1.7757113735043526E-15   0.24504422698000397      1.8014792660051693E-15   0.24504422698000397
6.044424265506762         1.7053442908226577E-15   0.23876104167282475      1.731684576478768E-15    0.23876104167282475      1.7581876274111211E-15   0.23876104167282475      1.7793085096045077E-15   0.23876104167282475      1.8029373846739407E-15   0.23876104167282475      1.8316596405078477E-15   0.23876104167282475      1.8620862166811598E-15   0.23876104167282475      1.8878641195250193E-15   0.23876104167282475      1.92303583167464E-15     0.23876104167282475      1.9547528351305797E-15   0.23876104167282475
6.050707450813941         2.464207934020558E-16    0.23247785636564555      2.532221452846456E-16    0.23247785636564555      2.59601645398882E-16     0.23247785636564555      2.650739998304829E-16    0.23247785636564555      2.7078424744956537E-16   0.23247785636564555      2.7687452558001735E-16   0.23247785636564555      2.829723287071496E-16    0.23247785636564555      2.8821064518103696E-16   0.23247785636564555      2.945223297871681E-16    0.23247785636564555      3.0005057218651102E-16   0.23247785636564555
6.056990636121122         1.2398794607313826E-15   0.2261946710584646       1.2662600974104004E-15   0.2261946710584646       1.2928470171793896E-15   0.2261946710584646       1.3158629502070834E-15   0.2261946710584646       1.340127159160098E-15    0.2261946710584646       1.36752227304795E-15     0.2261946710584646       1.3958029126349319E-15   0.2261946710584646       1.420544630567489E-15    0.2261946710584646       1.4513695101981282E-15   0.2261946710584646       1.4790026836248144E-15   0.2261946710584646
6.063273821428301         2.3083461005160078E-15   0.21991148575128538      2.3601667967787236E-15   0.21991148575128538      2.4127371328617913E-15   0.21991148575128538      2.458763260551053E-15    0.21991148575128538      2.5076496569285725E-15   0.21991148575128538      2.56330401211074E-15     0.21991148575128538      2.6210535196021783E-15   0.21991148575128538      2.6723112759138816E-15   0.21991148575128538      2.735750380286074E-15    0.21991148575128538      2.793830701014922E-15    0.21991148575128538
6.06955700673548          6.334069281056983E-16    0.21362830044410622      6.542099016187973E-16    0.21362830044410622      6.752131878388968E-16    0.21362830044410622      6.946569995642177E-16    0.21362830044410622      7.150655154455667E-16    0.21362830044410622      7.375723976214295E-16    0.21362830044410622      7.60836641349958E-16     0.21362830044410622      7.823376019994274E-16    0.21362830044410622      8.0748597506174135E-16   0.21362830044410622      8.311704048738357E-16    0.21362830044410622
6.0758401920426595        5.602772129522008E-16    0.20734511513692702      5.666618038318627E-16    0.20734511513692702      5.732090619709177E-16    0.20734511513692702      5.782327948455722E-16    0.20734511513692702      5.841831313960216E-16    0.20734511513692702      5.918297779342454E-16    0.20734511513692702      6.002892935039133E-16    0.20734511513692702      6.075519087709086E-16    0.20734511513692702      6.181048711895811E-16    0.20734511513692702      6.276417787691162E-16    0.20734511513692702
6.0821233773498395        2.359999336456927E-15    0.20106192982974694      2.3952158090523527E-15   0.20106192982974694      2.430967273541016E-15    0.20106192982974694      2.4596227149923905E-15   0.20106192982974694      2.4916099400555317E-15   0.20106192982974694      2.530605408018234E-15    0.20106192982974694      2.5720318760221438E-15   0.20106192982974694      2.6073336449800827E-15   0.20106192982974694      2.655527187528818E-15    0.20106192982974694      2.6989626838724214E-15   0.20106192982974694
6.088406562657019         1.3046655861104647E-15   0.19477874452256774      1.328139532720246E-15    0.19477874452256774      1.3515664038593042E-15   0.19477874452256774      1.370949149088234E-15    0.19477874452256774      1.3921993166170147E-15   0.19477874452256774      1.4172927030292944E-15   0.19477874452256774      1.4435913538619196E-15   0.19477874452256774      1.4662968749308537E-15   0.19477874452256774      1.496097150819945E-15    0.19477874452256774      1.5231681098049768E-15   0.19477874452256774
6.094689747964199         2.3886191880972495E-16   0.18849555921538763      2.455411983264691E-16    0.18849555921538763      2.5200247973210885E-16   0.18849555921538763      2.5769165513783417E-16   0.18849555921538763      2.6351557061251056E-16   0.18849555921538763      2.696462304361168E-16    0.18849555921538763      2.7576532043684735E-16   0.18849555921538763      2.8112614226037867E-16   0.18849555921538763      2.874093745290434E-16    0.18849555921538763      2.9286563648909626E-16   0.18849555921538763
6.100972933271379         2.2843726367399834E-15   0.18221237390820758      2.331944311056642E-15    0.18221237390820758      2.3802633347672414E-15   0.18221237390820758      2.4219125852798128E-15   0.18221237390820758      2.4662882175822025E-15   0.18221237390820758      2.5170281792706513E-15   0.18221237390820758      2.569638430866153E-15    0.18221237390820758      2.615993828113453E-15    0.18221237390820758      2.6740332597944493E-15   0.18221237390820758      2.7267430948602845E-15   0.18221237390820758
6.107256118578558         2.2161810172376874E-15   0.17592918860102838      2.2682881687248797E-15   0.17592918860102838      2.3211632660277318E-15   0.17592918860102838      2.367668885780889E-15    0.17592918860102838      2.417078556836774E-15    0.17592918860102838      2.4731265753552026E-15   0.17592918860102838      2.531164092221962E-15    0.17592918860102838      2.5830739459631164E-15   0.17592918860102838      2.6467314452637703E-15   0.17592918860102838      2.7053863787585422E-15   0.17592918860102838
6.113539303885737         1.4782882202089817E-16   0.16964600329384918      1.5459945816233312E-16   0.16964600329384918      1.6140846463485482E-16   0.16964600329384918      1.6797312027108756E-16   0.16964600329384918      1.7486148921909034E-16   0.16964600329384918      1.8232263402995447E-16   0.16964600329384918      1.9007842159655851E-16   0.16964600329384918      1.9750446135712922E-16   0.16964600329384918      2.0593842453160507E-16   0.16964600329384918      2.1405600332664798E-16   0.16964600329384918
6.1198224891929165        1.6634218732001113E-15   0.16336281798667         1.6875190893600376E-15   0.16336281798667         1.711963477400169E-15    0.16336281798667         1.7315913904659426E-15   0.16336281798667         1.7535494988513116E-15   0.16336281798667         1.7803208034264055E-15   0.16336281798667         1.8088586450341323E-15   0.16336281798667         1.8332587302567154E-15   0.16336281798667         1.86671052217667E-15     0.16336281798667         1.8967893315144314E-15   0.16336281798667
6.126105674500097         2.909675150215866E-15    0.15707963267948988      2.9602163041106186E-15   0.15707963267948988      3.011215868030041E-15    0.15707963267948988      3.0535939142462E-15      0.15707963267948988      3.1000184590016016E-15   0.15707963267948988      3.1550000046468563E-15   0.15707963267948988      3.2127817714220904E-15   0.15707963267948988      3.26290507028479E-15     0.15707963267948988      3.3287292473664597E-15   0.15707963267948988      3.3885048108131847E-15   0.15707963267948988
6.132388859807277         5.52508765153926E-16     0.1507964473723098       5.64381081910148E-16     0.1507964473723098       5.760212663045748E-16    0.1507964473723098       5.859557879071596E-16    0.1507964473723098       5.966786716027338E-16    0.1507964473723098       6.089185295563872E-16    0.1507964473723098       6.215940598286822E-16    0.1507964473723098       6.327167601011856E-16    0.1507964473723098       6.467784790307087E-16    0.1507964473723098       6.595970421666919E-16    0.1507964473723098
6.138672045114456         1.080913637815076E-15    0.14451326206513063      1.1033222953371037E-15   0.14451326206513063      1.126046563108417E-15    0.14451326206513063      1.145556062334487E-15    0.14451326206513063      1.1662552475477549E-15   0.14451326206513063      1.1897428387785532E-15   0.14451326206513063      1.214003608402224E-15    0.14451326206513063      1.235336319655247E-15    0.14451326206513063      1.261945213995632E-15    0.14451326206513063      1.2859538502945662E-15   0.14451326206513063
6.144955230421635         3.5453966526248197E-15   0.1382300767579514       3.620215847387735E-15    0.1382300767579514       3.696281760137734E-15    0.1382300767579514       3.761948188642835E-15    0.1382300767579514       3.832110795180444E-15    0.1382300767579514       3.91254141227938E-15     0.1382300767579514       3.996031047977872E-15    0.1382300767579514       4.069929130947238E-15    0.1382300767579514       4.162232039049276E-15    0.1382300767579514       4.2466740351735006E-15   0.1382300767579514
6.151238415728815         1.4490014918922793E-15   0.13194689145077135      1.4855269371125542E-15   0.13194689145077135      1.5225648079290395E-15   0.13194689145077135      1.555451917843151E-15    0.13194689145077135      1.5902925629796E-15      0.13194689145077135      1.629563995560146E-15    0.13194689145077135      1.6701733278556663E-15   0.13194689145077135      1.7067631355599457E-15   0.13194689145077135      1.7510807533205081E-15   0.13194689145077135      1.7921875571659143E-15   0.13194689145077135
6.157521601035994         3.9515405787419867E-16   0.12566370614359212      4.0060176555835493E-16   0.12566370614359212      4.060970183903285E-16    0.12566370614359212      4.1054378832850927E-16   0.12566370614359212      4.1559716056949945E-16   0.12566370614359212      4.2178048548893297E-16   0.12566370614359212      4.2845914010869564E-16   0.12566370614359212      4.3427372509510707E-16   0.12566370614359212      4.423350796984211E-16    0.12566370614359212      4.495967910502655E-16    0.12566370614359212
6.1638047863431735        3.617387844887522E-15    0.11938052083641294      3.680390620655692E-15    0.11938052083641294      3.744157541692086E-15    0.11938052083641294      3.797291260507194E-15    0.11938052083641294      3.8553696660559844E-15   0.11938052083641294      3.9239211795504335E-15   0.11938052083641294      3.995823636765751E-15    0.11938052083641294      4.058461682402576E-15    0.11938052083641294      4.140364580424593E-15    0.11938052083641294      4.214667998083135E-15    0.11938052083641294
6.1700879716503545        2.687129445549593E-15    0.11309733552923197      2.7387650688860316E-15   0.11309733552923197      2.790765080662466E-15    0.11309733552923197      2.834787734825745E-15    0.11309733552923197      2.8825767321667767E-15   0.11309733552923197      2.9382666514457656E-15   0.11309733552923197      2.9963594340208995E-15   0.11309733552923197      3.0474215955353343E-15   0.11309733552923197      3.1128458023504833E-15   0.11309733552923197      3.1726142874779937E-15   0.11309733552923197
6.176371156957534         9.333740925516058E-17    0.10681415022205279      9.628860022272832E-17    0.10681415022205279      9.909962419034691E-17    0.10681415022205279      1.0161096428855046E-16   0.10681415022205279      1.0418161395542009E-16   0.10681415022205279      1.0685294959344095E-16   0.10681415022205279      1.095124862492996E-16    0.10681415022205279      1.1189176747492527E-16   0.10681415022205279      1.1460671388420647E-16   0.10681415022205279      1.1700786024637641E-16   0.10681415022205279
6.182654342264713         3.442687636563158E-15    0.10053096491487358      3.5121997108502096E-15   0.10053096491487358      3.582786348798379E-15    0.10053096491487358      3.6433461088722E-15      0.10053096491487358      3.7081874148206845E-15   0.10053096491487358      3.782768215805576E-15    0.10053096491487358      3.8603090165573566E-15   0.10053096491487358      3.928644084357049E-15    0.10053096491487358      4.014715174814685E-15    0.10053096491487358      4.093128786864818E-15    0.10053096491487358
6.188937527571892         4.366730596328997E-15    0.09424777960769438      4.460377342779381E-15    0.09424777960769438      4.55531132783915E-15     0.09424777960769438      4.637561967194755E-15    0.09424777960769438      4.725496697082573E-15    0.09424777960769438      4.826190144756385E-15    0.09424777960769438      4.930748977383703E-15    0.09424777960769438      5.023505648268965E-15    0.09424777960769438      5.139157976139054E-15    0.09424777960769438      5.245207485505713E-15    0.09424777960769438
6.195220712879072         3.0668629262983407E-16   0.0879645943005143       3.1639025195244736E-16   0.0879645943005143       3.2616831892669196E-16   0.0879645943005143       3.3513852617509423E-16   0.0879645943005143       3.445675115496439E-16    0.0879645943005143       3.549653767372352E-16    0.0879645943005143       3.6570864961860333E-16   0.0879645943005143       3.75567538834497E-16     0.0879645943005143       3.8716163250000154E-16   0.0879645943005143       3.9803251924899606E-16   0.0879645943005143
6.201503898186251         2.7037112579572988E-15   0.08168140899333512      2.7508323939968385E-15   0.08168140899333512      2.7986731396578336E-15   0.08168140899333512      2.8385476670166684E-15   0.08168140899333512      2.8820621834223403E-15   0.08168140899333512      2.9333137236557677E-15   0.08168140899333512      2.9870143571943515E-15   0.08168140899333512      3.0339124598376445E-15   0.08168140899333512      3.095032576160586E-15    0.08168140899333512      3.150513839663352E-15    0.08168140899333512
6.2077870834934314        6.158458256550494E-15    0.07539822368615504      6.276486166226257E-15    0.07539822368615504      6.396051915206366E-15    0.07539822368615504      6.497430538309123E-15    0.07539822368615504      6.607120853543109E-15    0.07539822368615504      6.734764735370897E-15    0.07539822368615504      6.8678437007453546E-15   0.07539822368615504      6.984984651896266E-15    0.07539822368615504      7.134541141286626E-15    0.07539822368615504      7.271171298869369E-15    0.07539822368615504
6.214070268800611         1.425456425218487E-15    0.06911503837897584      1.4549755220879821E-15   0.06911503837897584      1.484704611626684E-15    0.06911503837897584      1.5101879434062994E-15   0.06911503837897584      1.537654561569857E-15    0.06911503837897584      1.569352643310324E-15    0.06911503837897584      1.6022681108460183E-15   0.06911503837897584      1.6314689606368976E-15   0.06911503837897584      1.6682066411703504E-15   0.06911503837897584      1.7020031341325808E-15   0.06911503837897584
6.220353454107791         1.7622994580886196E-15   0.06283185307179576      1.7970763834965623E-15   0.06283185307179576      1.8323024605892737E-15   0.06283185307179576      1.8624224421200534E-15   0.06283185307179576      1.894726000900946E-15    0.06283185307179576      1.931901440012513E-15    0.06283185307179576      1.9705457960443714E-15   0.06283185307179576      2.0045340324016384E-15   0.06283185307179576      2.047556804975455E-15    0.06283185307179576      2.0865701546947068E-15   0.06283185307179576
6.22663663941497          8.334359878271036E-15    0.056548667764616554     8.503522651111002E-15    0.056548667764616554     8.674917462974756E-15    0.056548667764616554     8.821993939076619E-15    0.056548667764616554     8.979989061477335E-15    0.056548667764616554     9.161992998690232E-15    0.056548667764616554     9.35122615984366E-15     0.056548667764616554     9.518396522499774E-15    0.056548667764616554     9.72913510331364E-15     0.056548667764616554     9.921586777278567E-15    0.056548667764616554
6.232919824722149         4.175548244918335E-15    0.05026548245743736      4.265109788219267E-15    0.05026548245743736      4.3557171391842226E-15   0.05026548245743736      4.434163264740064E-15    0.05026548245743736      4.518192817281327E-15    0.05026548245743736      4.614427704168591E-15    0.05026548245743736      4.714308860096694E-15    0.05026548245743736      4.802988570461482E-15    0.05026548245743736      4.913689890766373E-15    0.05026548245743736      5.0151674306673695E-15   0.05026548245743736
6.239203010029329         6.220846462075152E-16    0.043982297150257275     6.325228884170933E-16    0.043982297150257275     6.4314655155304E-16      0.043982297150257275     6.519553402159441E-16    0.043982297150257275     6.615834600942978E-16    0.043982297150257275     6.729526374735935E-16    0.043982297150257275     6.84908174345013E-16     0.043982297150257275     6.953480771689382E-16    0.043982297150257275     7.090156903700649E-16    0.043982297150257275     7.21423591356388E-16     0.043982297150257275
6.245486195336509         1.0946462826213174E-14   0.0376991118430772       1.1159146346106483E-14   0.0376991118430772       1.1374783220971285E-14   0.0376991118430772       1.1558293305664398E-14   0.0376991118430772       1.1756282765409288E-14   0.0376991118430772       1.1985887070738147E-14   0.0376991118430772       1.2225086484019928E-14   0.0376991118430772       1.24359541768865E-14     0.0376991118430772       1.2703912963746657E-14   0.0376991118430772       1.294875960559861E-14    0.0376991118430772
6.2517693806436885        1.0644446783395011E-14   0.031415926535897996     1.0857390541024667E-14   0.031415926535897996     1.107308112427661E-14    0.031415926535897996     1.125752894588769E-14    0.031415926535897996     1.145617289783889E-14    0.031415926535897996     1.1685787466935778E-14   0.031415926535897996     1.1924711753718238E-14   0.031415926535897996     1.2135904355594168E-14   0.031415926535897996     1.2402748393434123E-14   0.031415926535897996     1.2647116239817109E-14   0.031415926535897996
6.258052565950868         4.809760348662632E-17    0.025132741228718804     4.9495522724793645E-17   0.025132741228718804     5.0865436224163977E-17   0.025132741228718804     5.209496668124585E-17    0.025132741228718804     5.3391604550057767E-17   0.025132741228718804     5.4818264338428385E-17   0.025132741228718804     5.627804008875236E-17    0.025132741228718804     5.761172147257422E-17    0.025132741228718804     5.918346971514727E-17    0.025132741228718804     6.065433472466083E-17    0.025132741228718804
6.264335751258048         1.5961445741523906E-14   0.01884955592153872      1.627885934151659E-14    0.01884955592153872      1.6600554875564952E-14   0.01884955592153872      1.6875540114912303E-14   0.01884955592153872      1.7171537825895352E-14   0.01884955592153872      1.751349092766601E-14    0.01884955592153872      1.7869255555487058E-14   0.01884955592153872      1.818323636112062E-14    0.01884955592153872      1.8580638202690107E-14   0.01884955592153872      1.8943436850161446E-14   0.01884955592153872
6.270618936565227         3.839403804275367E-14    0.012566370614359525     3.9164495801669216E-14   0.012566370614359525     3.9945104749506383E-14   0.012566370614359525     4.06132870181397E-14     0.012566370614359525     4.133229130562315E-14    0.012566370614359525     4.216235118252161E-14    0.012566370614359525     4.3025709106614984E-14   0.012566370614359525     4.378850564358464E-14    0.012566370614359525     4.47521556641208E-14     0.012566370614359525     4.563305364357539E-14    0.012566370614359525
6.276902121872406         2.1056922007065965E-14   0.006283185307180329     2.1480999339503434E-14   0.006283185307180329     2.19106089929407E-14     0.006283185307180329     2.2278550678603804E-14   0.006283185307180329     2.2674414609962045E-14   0.006283185307180329     2.3131273128435532E-14   0.006283185307180329     2.3606401224234884E-14   0.006283185307180329     2.4026358730941282E-14   0.006283185307180329     2.4556508851199735E-14   0.006283185307180329     2.504134090687604E-14    0.006283185307180329
6.283185307179586         4.0641698640832755E-41   2.4492935982947064E-16   4.1461066287851835E-41   2.4492935982947064E-16   4.2291091987158413E-41   2.4492935982947064E-16   4.3002089573523195E-41   2.4492935982947064E-16   4.3767005378689714E-41   2.4492935982947064E-16   4.464969087902849E-41    2.4492935982947064E-16   4.5567640970643723E-41   2.4492935982947064E-16   4.637909548728489E-41    2.4492935982947064E-16   4.740325087955144E-41    2.4492935982947064E-16   4.833996923615702E-41    2.4492935982947064E-16
