% Model:              DipoleAxial_above2.mph
% Version:            COMSOL 6.2.0.290
% Date:               Jun 12 2025, 13:10
% Dimension:          1
% Nodes:              361
% Expressions:        82
% Description:        Radiation pattern
% theta                   Far-field norm           Elevation angle          Far-field norm           Elevation angle          Far-field norm           Elevation angle          Far-field norm           Elevation angle          Far-field norm           Elevation angle          Far-field norm           Elevation angle          Far-field norm           Elevation angle          Far-field norm           Elevation angle          Far-field norm           Elevation angle          Far-field norm           Elevation angle          Far-field norm           Elevation angle          Far-field norm           Elevation angle          Far-field norm           Elevation angle          Far-field norm           Elevation angle          Far-field norm           Elevation angle          Far-field norm           Elevation angle          Far-field norm           Elevation angle          Far-field norm           Elevation angle          Far-field norm           Elevation angle          Far-field norm           Elevation angle          Far-field norm           Elevation angle          Far-field norm           Elevation angle          Far-field norm           Elevation angle          Far-field norm           Elevation angle          Far-field norm           Elevation angle          Far-field norm           Elevation angle          Far-field norm           Elevation angle          Far-field norm           Elevation angle          Far-field norm           Elevation angle          Far-field norm           Elevation angle          Far-field norm           Elevation angle          Far-field norm           Elevation angle          Far-field norm           Elevation angle          Far-field norm           Elevation angle          Far-field norm           Elevation angle          Far-field norm           Elevation angle          Far-field norm           Elevation angle          Far-field norm           Elevation angle          Far-field norm           Elevation angle          Far-field norm           Elevation angle          Far-field norm           Elevation angle
0                         0                        0                        0                        0                        0                        0                        0                        0                        0                        0                        0                        0                        0                        0                        0                        0                        0                        0                        0                        0                        0                        0                        0                        0                        0                        0                        0                        0                        0                        0                        0                        0                        0                        0                        0                        0                        0                        0                        0                        0                        0                        0                        0                        0                        0                        0                        0                        0                        0                        0                        0                        0                        0                        0                        0                        0                        0                        0                        0                        0                        0                        0                        0                        0                        0                        0                        0                        0                        0                        0                        0                        0                        0                        0                        0                        0                        0                        0                        0                        0                        0                        0
0.017453292519943295      1.8702336528033287E-12   0.017453292519943295     2.8648685163708786E-12   0.017453292519943295     4.551886029912908E-12    0.017453292519943295     6.164209010959516E-12    0.017453292519943295     7.583558776666331E-12    0.017453292519943295     9.11981655504127E-12     0.017453292519943295     1.0308158514015969E-11   0.017453292519943295     1.1510386271088743E-11   0.017453292519943295     1.2643760339186717E-11   0.017453292519943295     1.3731106578398894E-11   0.017453292519943295     1.4777296822585607E-11   0.017453292519943295     1.5829294961808617E-11   0.017453292519943295     1.687051179395802E-11    0.017453292519943295     1.7930947392130353E-11   0.017453292519943295     1.8978880916636343E-11   0.017453292519943295     2.0011761796038134E-11   0.017453292519943295     2.105742463725629E-11    0.017453292519943295     2.209599979131391E-11    0.017453292519943295     2.311247156147555E-11    0.017453292519943295     2.4112167745691436E-11   0.017453292519943295     2.5117546810215104E-11   0.017453292519943295     2.6138626789731388E-11   0.017453292519943295     2.715677262860174E-11    0.017453292519943295     2.8206565568423653E-11   0.017453292519943295     2.9286223408199435E-11   0.017453292519943295     3.039603053588695E-11    0.017453292519943295     3.148137885159267E-11    0.017453292519943295     3.260954181508176E-11    0.017453292519943295     3.37483085848043E-11     0.017453292519943295     3.489165501664836E-11    0.017453292519943295     3.601308962439226E-11    0.017453292519943295     3.7103424974530275E-11   0.017453292519943295     3.816775814119891E-11    0.017453292519943295     3.924995216277183E-11    0.017453292519943295     4.0304283462026064E-11   0.017453292519943295     4.131360692500101E-11    0.017453292519943295     4.231725656414919E-11    0.017453292519943295     4.330619597476204E-11    0.017453292519943295     4.430921879308051E-11    0.017453292519943295     4.5308933984321646E-11   0.017453292519943295     4.628740250613743E-11    0.017453292519943295
0.03490658503988659       6.068228832122857E-12    0.03490658503988659      1.0607395706937632E-11   0.03490658503988659      1.7236280030103272E-11   0.03490658503988659      2.3406939863591116E-11   0.03490658503988659      2.873465006424772E-11    0.03490658503988659      3.439353837260687E-11    0.03490658503988659      3.8716794574717626E-11   0.03490658503988659      4.309236845372868E-11    0.03490658503988659      4.716019318761144E-11    0.03490658503988659      5.1065190776677165E-11   0.03490658503988659      5.483880889838131E-11    0.03490658503988659      5.864333994237532E-11    0.03490658503988659      6.247029740757143E-11    0.03490658503988659      6.639890517793781E-11    0.03490658503988659      7.033033341031888E-11    0.03490658503988659      7.422963291632789E-11    0.03490658503988659      7.82019178806594E-11     0.03490658503988659      8.21764545175581E-11     0.03490658503988659      8.607555791436232E-11    0.03490658503988659      8.992045427273962E-11    0.03490658503988659      9.377055599642194E-11    0.03490658503988659      9.766995922680838E-11    0.03490658503988659      1.0152888393296712E-10   0.03490658503988659      1.0547388072040809E-10   0.03490658503988659      1.0948215303048864E-10   0.03490658503988659      1.1356671860379354E-10   0.03490658503988659      1.1756692575141766E-10   0.03490658503988659      1.2167331486204192E-10   0.03490658503988659      1.2582645356546995E-10   0.03490658503988659      1.2995457838067464E-10   0.03490658503988659      1.3405203255701353E-10   0.03490658503988659      1.3802438382846836E-10   0.03490658503988659      1.4191015523544406E-10   0.03490658503988659      1.4587352393164715E-10   0.03490658503988659      1.4978450734067785E-10   0.03490658503988659      1.535506699657856E-10    0.03490658503988659      1.5731488889708756E-10   0.03490658503988659      1.61051684738346E-10     0.03490658503988659      1.6486920946812E-10      0.03490658503988659      1.686774987170711E-10    0.03490658503988659      1.7241281794457622E-10   0.03490658503988659
0.05235987755982988       5.23107472761157E-12     0.05235987755982988      9.320070361992145E-12    0.05235987755982988      1.5274489976043835E-11   0.05235987755982988      2.084133329620743E-11    0.05235987755982988      2.567252845628099E-11    0.05235987755982988      3.0821984754407794E-11   0.05235987755982988      3.478841536095351E-11    0.05235987755982988      3.882727319294826E-11    0.05235987755982988      4.2576302984517675E-11   0.05235987755982988      4.616899030042342E-11    0.05235987755982988      4.962168527043016E-11    0.05235987755982988      5.307335395079588E-11    0.05235987755982988      5.6521497445891316E-11   0.05235987755982988      6.003553584743506E-11    0.05235987755982988      6.352804302079809E-11    0.05235987755982988      6.697105736860674E-11    0.05235987755982988      7.04674992745455E-11     0.05235987755982988      7.396258072554856E-11    0.05235987755982988      7.7393172678588E-11      0.05235987755982988      8.078123377833487E-11    0.05235987755982988      8.41906357054289E-11     0.05235987755982988      8.766427336212141E-11    0.05235987755982988      9.112309178936173E-11    0.05235987755982988      9.468420314617403E-11    0.05235987755982988      9.832006313675775E-11    0.05235987755982988      1.0204398169930651E-10   0.05235987755982988      1.0571208100896424E-10   0.05235987755982988      1.0947661770417172E-10   0.05235987755982988      1.1329031931921095E-10   0.05235987755982988      1.1707552309999218E-10   0.05235987755982988      1.2082444160527982E-10   0.05235987755982988      1.2445233069492737E-10   0.05235987755982988      1.2798218667351032E-10   0.05235987755982988      1.3156436731139853E-10   0.05235987755982988      1.350775174445786E-10    0.05235987755982988      1.3844402580550934E-10   0.05235987755982988      1.4179166548028966E-10   0.05235987755982988      1.4510090602082558E-10   0.05235987755982988      1.4847380158133048E-10   0.05235987755982988      1.518342032516062E-10    0.05235987755982988      1.551309068862841E-10    0.05235987755982988
0.06981317007977318       1.477390405161188E-12    0.06981317007977318      2.6231370477326357E-12   0.06981317007977318      4.543231128810241E-12    0.06981317007977318      6.437752001652132E-12    0.06981317007977318      8.16840138410826E-12     0.06981317007977318      1.0052152287697789E-11   0.06981317007977318      1.1584788829385821E-11   0.06981317007977318      1.3156586036470454E-11   0.06981317007977318      1.4598301577445753E-11   0.06981317007977318      1.594462977582567E-11    0.06981317007977318      1.7181797364252342E-11   0.06981317007977318      1.8351597639244594E-11   0.06981317007977318      1.945442213872225E-11    0.06981317007977318      2.051890216955853E-11    0.06981317007977318      2.1526018580125756E-11   0.06981317007977318      2.248003806447382E-11    0.06981317007977318      2.3432955215139625E-11   0.06981317007977318      2.438389065031701E-11    0.06981317007977318      2.533263493974807E-11    0.06981317007977318      2.62997118690197E-11     0.06981317007977318      2.7320088470413144E-11   0.06981317007977318      2.8421360325495604E-11   0.06981317007977318      2.957621607030433E-11    0.06981317007977318      3.08209644894095E-11     0.06981317007977318      3.214331700501155E-11    0.06981317007977318      3.353329126410063E-11    0.06981317007977318      3.492800209929983E-11    0.06981317007977318      3.6365401767606284E-11   0.06981317007977318      3.7812206265290494E-11   0.06981317007977318      3.9230818642715016E-11   0.06981317007977318      4.060541020427398E-11    0.06981317007977318      4.189623862066319E-11    0.06981317007977318      4.3113451397945215E-11   0.06981317007977318      4.4296511780729484E-11   0.06981317007977318      4.541082875484925E-11    0.06981317007977318      4.6428716284004046E-11   0.06981317007977318      4.741033451486725E-11    0.06981317007977318      4.8351894093953585E-11   0.06981317007977318      4.930252297815218E-11    0.06981317007977318      5.024797568967937E-11    0.06981317007977318      5.118736157332485E-11    0.06981317007977318
0.08726646259971647       2.215400590522908E-12    0.08726646259971647      4.706166953892906E-12    0.08726646259971647      7.53164629093578E-12     0.08726646259971647      9.99707962338078E-12     0.08726646259971647      1.1972993739278038E-11   0.08726646259971647      1.3919698523247332E-11   0.08726646259971647      1.5224976001357003E-11   0.08726646259971647      1.64337569517846E-11     0.08726646259971647      1.7486494420358755E-11   0.08726646259971647      1.848919703014579E-11    0.08726646259971647      1.9502833019701756E-11   0.08726646259971647      2.0630963964500437E-11   0.08726646259971647      2.1895767230779435E-11   0.08726646259971647      2.3333726933664675E-11   0.08726646259971647      2.4904481592283053E-11   0.08726646259971647      2.6576519050202135E-11   0.08726646259971647      2.8362009720182512E-11   0.08726646259971647      3.0206748727719655E-11   0.08726646259971647      3.2040628453403964E-11   0.08726646259971647      3.3842202264105335E-11   0.08726646259971647      3.560458032199504E-11    0.08726646259971647      3.731135048547503E-11    0.08726646259971647      3.8917669869540007E-11   0.08726646259971647      4.045957689976027E-11    0.08726646259971647      4.1917297764192753E-11   0.08726646259971647      4.3307697891700835E-11   0.08726646259971647      4.458278396675103E-11    0.08726646259971647      4.582627282761888E-11    0.08726646259971647      4.704304865315325E-11    0.08726646259971647      4.8232933942458E-11      0.08726646259971647      4.941270004774353E-11    0.08726646259971647      5.059152755869344E-11    0.08726646259971647      5.179036565548561E-11    0.08726646259971647      5.310200014984744E-11    0.08726646259971647      5.447544640460773E-11    0.08726646259971647      5.589502395804128E-11    0.08726646259971647      5.740079744987251E-11    0.08726646259971647      5.89810947369743E-11     0.08726646259971647      6.0650409559564E-11      0.08726646259971647      6.236307920474875E-11    0.08726646259971647      6.406744327385941E-11    0.08726646259971647
0.10471975511965977       3.584726271765365E-12    0.10471975511965977      7.990840177740877E-12    0.10471975511965977      1.2888393053193865E-11   0.10471975511965977      1.7162878574897708E-11   0.10471975511965977      2.0625756323507362E-11   0.10471975511965977      2.4097719184031402E-11   0.10471975511965977      2.6502536781658536E-11   0.10471975511965977      2.8830507700573043E-11   0.10471975511965977      3.09305777511682E-11     0.10471975511965977      3.297652839151328E-11    0.10471975511965977      3.503816241878008E-11    0.10471975511965977      3.7273064317118605E-11   0.10471975511965977      3.969314885154298E-11    0.10471975511965977      4.235473954773057E-11    0.10471975511965977      4.5176401510877315E-11   0.10471975511965977      4.810629801524872E-11    0.10471975511965977      5.117507130842952E-11    0.10471975511965977      5.4301217880845054E-11   0.10471975511965977      5.737863900813325E-11    0.10471975511965977      6.038611644387988E-11    0.10471975511965977      6.332415700293843E-11    0.10471975511965977      6.619015152249796E-11    0.10471975511965977      6.890922083152774E-11    0.10471975511965977      7.155550911175246E-11    0.10471975511965977      7.410904981109599E-11    0.10471975511965977      7.659480179129908E-11    0.10471975511965977      7.892484613640631E-11    0.10471975511965977      8.125176143440972E-11    0.10471975511965977      8.356940158346398E-11    0.10471975511965977      8.586466318801959E-11    0.10471975511965977      8.816676101301663E-11    0.10471975511965977      9.045026070740162E-11    0.10471975511965977      9.276271511224185E-11    0.10471975511965977      9.523855499288529E-11    0.10471975511965977      9.779270776797748E-11    0.10471975511965977      1.0037051765462782E-10   0.10471975511965977      1.0305580806616732E-10   0.10471975511965977      1.0582009897867655E-10   0.10471975511965977      1.0870370545144797E-10   0.10471975511965977      1.1162372065009147E-10   0.10471975511965977      1.1450488515296855E-10   0.10471975511965977
0.12217304763960307       2.5630110851438663E-12   0.12217304763960307      6.567861254195238E-12    0.12217304763960307      1.039273516297898E-11    0.12217304763960307      1.3626769909946618E-11   0.12217304763960307      1.615912750498825E-11    0.12217304763960307      1.862226335068506E-11    0.12217304763960307      2.0236645793101073E-11   0.12217304763960307      2.1782808168321875E-11   0.12217304763960307      2.3170041410620783E-11   0.12217304763960307      2.4559492577378812E-11   0.12217304763960307      2.602030896608109E-11    0.12217304763960307      2.7682251571839285E-11   0.12217304763960307      2.955093545628269E-11    0.12217304763960307      3.166212884768296E-11    0.12217304763960307      3.393919708842817E-11    0.12217304763960307      3.6327889585885154E-11   0.12217304763960307      3.8831960558428595E-11   0.12217304763960307      4.137484423079104E-11    0.12217304763960307      4.386456003319961E-11    0.12217304763960307      4.626853356721006E-11    0.12217304763960307      4.858379158331039E-11    0.12217304763960307      5.080035071916862E-11    0.12217304763960307      5.286097936849646E-11    0.12217304763960307      5.482162753291029E-11    0.12217304763960307      5.6674574551758776E-11   0.12217304763960307      5.844342409257005E-11    0.12217304763960307      6.007171705355473E-11    0.12217304763960307      6.168456691442983E-11    0.12217304763960307      6.329133556497713E-11    0.12217304763960307      6.489028380651111E-11    0.12217304763960307      6.652100660623283E-11    0.12217304763960307      6.816741469479785E-11    0.12217304763960307      6.987465912718001E-11    0.12217304763960307      7.174451743414575E-11    0.12217304763960307      7.371996885993358E-11    0.12217304763960307      7.574873902888818E-11    0.12217304763960307      7.789015766562802E-11    0.12217304763960307      8.011262467911049E-11    0.12217304763960307      8.24409084034689E-11     0.12217304763960307      8.47962980514857E-11     0.12217304763960307      8.711332367820981E-11    0.12217304763960307
0.13962634015954636       2.2588860178686736E-12   0.13962634015954636      3.2216791837185394E-12   0.13962634015954636      3.90053272758885E-12     0.13962634015954636      4.27555171095301E-12     0.13962634015954636      4.359363054241369E-12    0.13962634015954636      4.331646584199141E-12    0.13962634015954636      4.1264359972911245E-12   0.13962634015954636      4.0312252909498695E-12   0.13962634015954636      4.1506058034334965E-12   0.13962634015954636      4.567990923912473E-12    0.13962634015954636      5.251339517709607E-12    0.13962634015954636      6.1380021434154334E-12   0.13962634015954636      7.141155485772578E-12    0.13962634015954636      8.19829896096214E-12     0.13962634015954636      9.246402413865114E-12    0.13962634015954636      1.0240629202677018E-11   0.13962634015954636      1.1164654425110714E-11   0.13962634015954636      1.198440434488958E-11    0.13962634015954636      1.267278334041018E-11    0.13962634015954636      1.3220151124896127E-11   0.13962634015954636      1.3635164046415495E-11   0.13962634015954636      1.3926700698118134E-11   0.13962634015954636      1.4096774187090673E-11   0.13962634015954636      1.4181084890266759E-11   0.13962634015954636      1.4212116212201002E-11   0.13962634015954636      1.4221154242638284E-11   0.13962634015954636      1.422925370148597E-11    0.13962634015954636      1.430470918565552E-11    0.13962634015954636      1.4480564590636415E-11   0.13962634015954636      1.4778835794831462E-11   0.13962634015954636      1.5218389744140123E-11   0.13962634015954636      1.579052875386871E-11    0.13962634015954636      1.6488556533579636E-11   0.13962634015954636      1.7309296071731746E-11   0.13962634015954636      1.8208717218164496E-11   0.13962634015954636      1.9132392331022657E-11   0.13962634015954636      2.0066686889986683E-11   0.13962634015954636      2.0975998178774205E-11   0.13962634015954636      2.184219805949427E-11    0.13962634015954636      2.2632399692162628E-11   0.13962634015954636      2.3316436949684582E-11   0.13962634015954636
0.15707963267948966       3.708680804653904E-12    0.15707963267948966      3.725562270094281E-12    0.15707963267948966      5.165863848554626E-12    0.15707963267948966      6.994143663632018E-12    0.15707963267948966      8.924575135206829E-12    0.15707963267948966      1.1296265024015008E-11   0.15707963267948966      1.3400703221557137E-11   0.15707963267948966      1.5672346790502102E-11   0.15707963267948966      1.7872663405238953E-11   0.15707963267948966      1.9987117686329432E-11   0.15707963267948966      2.1970078652140783E-11   0.15707963267948966      2.3835649501901205E-11   0.15707963267948966      2.556610335802432E-11    0.15707963267948966      2.7169128975837556E-11   0.15707963267948966      2.8611434169582478E-11   0.15707963267948966      2.98839273553996E-11     0.15707963267948966      3.1047914559851817E-11   0.15707963267948966      3.21082295573492E-11     0.15707963267948966      3.30658736800923E-11     0.15707963267948966      3.397814760511185E-11    0.15707963267948966      3.4911476489078077E-11   0.15707963267948966      3.5932114726204075E-11   0.15707963267948966      3.70399846657395E-11     0.15707963267948966      3.831715593839469E-11    0.15707963267948966      3.976857364350217E-11    0.15707963267948966      4.1398609837548506E-11   0.15707963267948966      4.314041113527826E-11    0.15707963267948966      4.504068752168818E-11    0.15707963267948966      4.704242109177862E-11    0.15707963267948966      4.9088902980996794E-11   0.15707963267948966      5.113127823622883E-11    0.15707963267948966      5.3109109317712726E-11   0.15707963267948966      5.499225988720489E-11    0.15707963267948966      5.682370690148622E-11    0.15707963267948966      5.852723160717265E-11    0.15707963267948966      6.006000693814413E-11    0.15707963267948966      6.146476158491072E-11    0.15707963267948966      6.27396461757861E-11     0.15707963267948966      6.39361400161502E-11     0.15707963267948966      6.50383749241748E-11     0.15707963267948966      6.60488466814387E-11     0.15707963267948966
0.17453292519943295       3.836966581294062E-12    0.17453292519943295      4.3939214238761555E-12   0.17453292519943295      7.165244139818115E-12    0.17453292519943295      1.0216910702365006E-11   0.17453292519943295      1.3178695546427164E-11   0.17453292519943295      1.6570826973011578E-11   0.17453292519943295      1.9445469095176606E-11   0.17453292519943295      2.2458140280208242E-11   0.17453292519943295      2.529867584798407E-11    0.17453292519943295      2.798290060798792E-11    0.17453292519943295      3.0474427105670283E-11   0.17453292519943295      3.281960094280999E-11    0.17453292519943295      3.500190892374318E-11    0.17453292519943295      3.705581460503316E-11    0.17453292519943295      3.893877377967198E-11    0.17453292519943295      4.0647890024454974E-11   0.17453292519943295      4.227166415526664E-11    0.17453292519943295      4.381280320751871E-11    0.17453292519943295      4.527651004373684E-11    0.17453292519943295      4.6719186725483535E-11   0.17453292519943295      4.822341846812727E-11    0.17453292519943295      4.9862547602176784E-11   0.17453292519943295      5.161261208376707E-11    0.17453292519943295      5.3569678636903866E-11   0.17453292519943295      5.5722251146366414E-11   0.17453292519943295      5.8069444168159927E-11   0.17453292519943295      6.050670716561868E-11    0.17453292519943295      6.31044846225954E-11     0.17453292519943295      6.579291222734953E-11    0.17453292519943295      6.849478898560638E-11    0.17453292519943295      7.116773109168903E-11    0.17453292519943295      7.372759306270474E-11    0.17453292519943295      7.615583101625644E-11    0.17453292519943295      7.852125437794575E-11    0.17453292519943295      8.073175615196914E-11    0.17453292519943295      8.273491075862109E-11    0.17453292519943295      8.460459462006002E-11    0.17453292519943295      8.633532961125532E-11    0.17453292519943295      8.800415040492861E-11    0.17453292519943295      8.958752763806025E-11    0.17453292519943295      9.108449936705063E-11    0.17453292519943295
0.19198621771937624       2.3824054728456424E-12   0.19198621771937624      2.3879643413437354E-12   0.19198621771937624      4.5523584085845354E-12   0.19198621771937624      7.038931513272835E-12    0.19198621771937624      9.518987380463645E-12    0.19198621771937624      1.2307200884949963E-11   0.19198621771937624      1.4722660291013626E-11   0.19198621771937624      1.720387603726088E-11    0.19198621771937624      1.9487130873340502E-11   0.19198621771937624      2.1577689947570765E-11   0.19198621771937624      2.344825465597369E-11    0.19198621771937624      2.5134948697814697E-11   0.19198621771937624      2.6629534841143113E-11   0.19198621771937624      2.796869030720478E-11    0.19198621771937624      2.913205707304891E-11    0.19198621771937624      3.013450804901845E-11    0.19198621771937624      3.105788208522223E-11    0.19198621771937624      3.19226585400245E-11     0.19198621771937624      3.275950077321763E-11    0.19198621771937624      3.362510796664488E-11    0.19198621771937624      3.4599194684013945E-11   0.19198621771937624      3.5751311179738476E-11   0.19198621771937624      3.706427940859226E-11    0.19198621771937624      3.8603933547411557E-11   0.19198621771937624      4.035134268207756E-11    0.19198621771937624      4.2289772921110436E-11   0.19198621771937624      4.432041250688319E-11    0.19198621771937624      4.647561998270549E-11    0.19198621771937624      4.868619177660999E-11    0.19198621771937624      5.0875773184884863E-11   0.19198621771937624      5.300926077844241E-11    0.19198621771937624      5.500221955206556E-11    0.19198621771937624      5.684695143152086E-11    0.19198621771937624      5.858570316696424E-11    0.19198621771937624      6.015712214882948E-11    0.19198621771937624      6.151860509693461E-11    0.19198621771937624      6.274402874407572E-11    0.19198621771937624      6.383107408622731E-11    0.19198621771937624      6.485268959423532E-11    0.19198621771937624      6.580386923517032E-11    0.19198621771937624      6.669957991409081E-11    0.19198621771937624
0.20943951023931953       5.768240673233891E-13    0.2094395102393195       1.4598070876422566E-12   0.2094395102393195       2.8908385468903096E-12   0.2094395102393195       4.3823844277077235E-12   0.2094395102393195       5.800675030341959E-12    0.2094395102393195       7.188758099105487E-12    0.2094395102393195       8.3281676583253E-12      0.2094395102393195       9.30352064914578E-12     0.2094395102393195       1.0040179600991413E-11   0.2094395102393195       1.05522341740495E-11     0.2094395102393195       1.0840533106080306E-11   0.2094395102393195       1.0950619270693387E-11   0.2094395102393195       1.0898242960672264E-11   0.2094395102393195       1.073798497103201E-11    0.2094395102393195       1.0500565873257913E-11   0.2094395102393195       1.0250342598006489E-11   0.2094395102393195       1.0074215384544821E-11   0.2094395102393195       1.0051865870895663E-11   0.2094395102393195       1.0245849291724993E-11   0.2094395102393195       1.0694992653709335E-11   0.2094395102393195       1.1421543870727416E-11   0.2094395102393195       1.2387279609931228E-11   0.2094395102393195       1.3526737257028434E-11   0.2094395102393195       1.4787557239733786E-11   0.2094395102393195       1.6100601102624786E-11   0.2094395102393195       1.7414590018319176E-11   0.2094395102393195       1.865841236361283E-11    0.2094395102393195       1.9823564365107543E-11   0.2094395102393195       2.0865835145431504E-11   0.2094395102393195       2.176022204171896E-11    0.2094395102393195       2.2488866702800294E-11   0.2094395102393195       2.3037441169123883E-11   0.2094395102393195       2.3409038660131155E-11   0.2094395102393195       2.3647382493507393E-11   0.2094395102393195       2.3754691188720144E-11   0.2094395102393195       2.373436108256523E-11    0.2094395102393195       2.3662669825592938E-11   0.2094395102393195       2.356678669731259E-11    0.2094395102393195       2.351593657222704E-11    0.2094395102393195       2.3543239437554316E-11   0.2094395102393195       2.368369373729164E-11    0.2094395102393195
0.22689280275926285       1.5159189027611004E-12   0.22689280275926285      4.735157208216678E-12    0.22689280275926285      7.612919913195228E-12    0.22689280275926285      1.0018756668451786E-11   0.22689280275926285      1.1852651282684134E-11   0.22689280275926285      1.347683827048605E-11    0.22689280275926285      1.4387232554914563E-11   0.22689280275926285      1.5005184693310426E-11   0.22689280275926285      1.53217745044715E-11     0.22689280275926285      1.5472982265107805E-11   0.22689280275926285      1.556473454290946E-11    0.22689280275926285      1.5764667747124204E-11   0.22689280275926285      1.6172129273765452E-11   0.22689280275926285      1.6887191560565186E-11   0.22689280275926285      1.7923428522824837E-11   0.22689280275926285      1.926389670738094E-11    0.22689280275926285      2.0900069139380923E-11   0.22689280275926285      2.275151674678974E-11    0.22689280275926285      2.4711198524045263E-11   0.22689280275926285      2.6719932496295797E-11   0.22689280275926285      2.8726170031644114E-11   0.22689280275926285      3.066946366322398E-11    0.22689280275926285      3.24873396157146E-11     0.22689280275926285      3.4169833751373145E-11   0.22689280275926285      3.56811802392546E-11     0.22689280275926285      3.7015069064978354E-11   0.22689280275926285      3.811954175899295E-11    0.22689280275926285      3.90617632142544E-11     0.22689280275926285      3.9839887053018536E-11   0.22689280275926285      4.0472611193885984E-11   0.22689280275926285      4.0986847964093326E-11   0.22689280275926285      4.14199598084604E-11     0.22689280275926285      4.182524270234427E-11    0.22689280275926285      4.231714022137944E-11    0.22689280275926285      4.290313482673869E-11    0.22689280275926285      4.3600043605568744E-11   0.22689280275926285      4.448635346081507E-11    0.22689280275926285      4.557030882576735E-11    0.22689280275926285      4.68777704861579E-11     0.22689280275926285      4.836923484762738E-11    0.22689280275926285      4.9994292072921996E-11   0.22689280275926285
0.24434609527920614       2.239505366692397E-12    0.24434609527920614      6.58996943018072E-12     0.24434609527920614      1.0424223596638798E-11   0.24434609527920614      1.3584603214629177E-11   0.24434609527920614      1.5937522274817236E-11   0.24434609527920614      1.8070578386282166E-11   0.24434609527920614      1.9253081577851554E-11   0.24434609527920614      2.0184411026694568E-11   0.24434609527920614      2.083535575703685E-11    0.24434609527920614      2.1402227224695663E-11   0.24434609527920614      2.201875613755322E-11    0.24434609527920614      2.2877001842623658E-11   0.24434609527920614      2.4051822542990517E-11   0.24434609527920614      2.561281762430498E-11    0.24434609527920614      2.7514962104742978E-11   0.24434609527920614      2.9699926178147194E-11   0.24434609527920614      3.2151865218292754E-11   0.24434609527920614      3.4763851234809464E-11   0.24434609527920614      3.741338209419821E-11    0.24434609527920614      4.004291041137126E-11    0.24434609527920614      4.2605332086479945E-11   0.24434609527920614      4.5056410025362843E-11   0.24434609527920614      4.731911222199352E-11    0.24434609527920614      4.9409608006121124E-11   0.24434609527920614      5.130012751157991E-11    0.24434609527920614      5.299532338169996E-11    0.24434609527920614      5.443589163462828E-11    0.24434609527920614      5.572612219461662E-11    0.24434609527920614      5.687833817157067E-11    0.24434609527920614      5.790762306316189E-11    0.24434609527920614      5.886425391995061E-11    0.24434609527920614      5.977327883115362E-11    0.24434609527920614      6.070637819568691E-11    0.24434609527920614      6.179408761258685E-11    0.24434609527920614      6.30271806634683E-11     0.24434609527920614      6.439610801738003E-11    0.24434609527920614      6.598576168353659E-11    0.24434609527920614      6.778277827381519E-11    0.24434609527920614      6.981990937132916E-11    0.24434609527920614      7.202312778590612E-11    0.24434609527920614      7.432426332511638E-11    0.24434609527920614
0.2617993877991494        2.647849298486529E-12    0.2617993877991494       6.794403617062808E-12    0.2617993877991494       1.0248614626543825E-11   0.2617993877991494       1.301127218879047E-11    0.2617993877991494       1.4958223880599042E-11   0.2617993877991494       1.6656737155842663E-11   0.2617993877991494       1.74606640170794E-11     0.2617993877991494       1.8058775902415944E-11   0.2617993877991494       1.84462217566646E-11     0.2617993877991494       1.8835237537386842E-11   0.2617993877991494       1.9364894005518202E-11   0.2617993877991494       2.0223307148698764E-11   0.2617993877991494       2.1462774839576578E-11   0.2617993877991494       2.312478172113847E-11    0.2617993877991494       2.5130248174010408E-11   0.2617993877991494       2.7396415522702475E-11   0.2617993877991494       2.988446855206815E-11    0.2617993877991494       3.247854064509325E-11    0.2617993877991494       3.5061690558597006E-11   0.2617993877991494       3.7568957984927954E-11   0.2617993877991494       3.996128072501822E-11    0.2617993877991494       4.220319962488383E-11    0.2617993877991494       4.422269944983253E-11    0.2617993877991494       4.60438411116228E-11     0.2617993877991494       4.764982423336171E-11    0.2617993877991494       4.905131115295252E-11    0.2617993877991494       5.0202743048790575E-11   0.2617993877991494       5.12099377085718E-11     0.2617993877991494       5.209916195465922E-11    0.2617993877991494       5.2887898749580046E-11   0.2617993877991494       5.364153834631504E-11    0.2617993877991494       5.438421174885328E-11    0.2617993877991494       5.519302396850266E-11    0.2617993877991494       5.6188890667191236E-11   0.2617993877991494       5.736598385754043E-11    0.2617993877991494       5.870966665872171E-11    0.2617993877991494       6.02920283146564E-11     0.2617993877991494       6.208634218934326E-11    0.2617993877991494       6.411625245920822E-11    0.2617993877991494       6.630152308114138E-11    0.2617993877991494       6.856452879734859E-11    0.2617993877991494
0.2792526803190927        3.439017423773305E-12    0.2792526803190927       6.035191690454419E-12    0.2792526803190927       8.049136746321289E-12    0.2792526803190927       9.48115317070019E-12     0.2792526803190927       1.025400317070511E-11    0.2792526803190927       1.0748076585158384E-11   0.2792526803190927       1.0626626530361828E-11   0.2792526803190927       1.0372254555428329E-11   0.2792526803190927       1.0076107649162768E-11   0.2792526803190927       9.967373469073822E-12    0.2792526803190927       1.0208177306126789E-11   0.2792526803190927       1.094148173430447E-11    0.2792526803190927       1.2143474807893777E-11   0.2792526803190927       1.3744400088450952E-11   0.2792526803190927       1.5603327054134688E-11   0.2792526803190927       1.7596311769901143E-11   0.2792526803190927       1.965938985072511E-11    0.2792526803190927       2.1695854784261643E-11   0.2792526803190927       2.3619692430410825E-11   0.2792526803190927       2.538118793342905E-11    0.2792526803190927       2.6958740601349933E-11   0.2792526803190927       2.8332390666559952E-11   0.2792526803190927       2.946266667088888E-11    0.2792526803190927       3.037653030450899E-11    0.2792526803190927       3.107717543743398E-11    0.2792526803190927       3.15854653318952E-11     0.2792526803190927       3.1892700626844506E-11   0.2792526803190927       3.208689033345883E-11    0.2792526803190927       3.221556275255568E-11    0.2792526803190927       3.231505214719422E-11    0.2792526803190927       3.245882171840868E-11    0.2792526803190927       3.26851215364456E-11     0.2792526803190927       3.306709828373814E-11    0.2792526803190927       3.368987541674128E-11    0.2792526803190927       3.455469573506431E-11    0.2792526803190927       3.563365055044266E-11    0.2792526803190927       3.695442740678834E-11    0.2792526803190927       3.846924839931524E-11    0.2792526803190927       4.016027315026189E-11    0.2792526803190927       4.194707817302327E-11    0.2792526803190927       4.37511571972797E-11     0.2792526803190927
0.29670597283903605       4.369941783417789E-12    0.2967059728390361       5.153259076099747E-12    0.2967059728390361       5.540985194803999E-12    0.2967059728390361       5.443081857103397E-12    0.2967059728390361       4.8951271947765196E-12   0.2967059728390361       4.2119192586263924E-12   0.2967059728390361       3.5069533633887345E-12   0.2967059728390361       3.44107895844506E-12     0.2967059728390361       4.272589078558208E-12    0.2967059728390361       5.704388097474604E-12    0.2967059728390361       7.403384898267864E-12    0.2967059728390361       9.190548194010591E-12    0.2967059728390361       1.0980840945176771E-11   0.2967059728390361       1.2710987015625209E-11   0.2967059728390361       1.4322026414437364E-11   0.2967059728390361       1.5770502581301327E-11   0.2967059728390361       1.704415797545524E-11    0.2967059728390361       1.8111690841718763E-11   0.2967059728390361       1.8937341033915563E-11   0.2967059728390361       1.9518616698067833E-11   0.2967059728390361       1.9875683889127525E-11   0.2967059728390361       2.0023791455837218E-11   0.2967059728390361       1.997133268503296E-11    0.2967059728390361       1.9782481712146045E-11   0.2967059728390361       1.9507883837002825E-11   0.2967059728390361       1.9202250593667547E-11   0.2967059728390361       1.8913963184112845E-11   0.2967059728390361       1.8756817267199623E-11   0.2967059728390361       1.8797715017999972E-11   0.2967059728390361       1.9087674500827168E-11   0.2967059728390361       1.9656402573195468E-11   0.2967059728390361       2.0501991027898074E-11   0.2967059728390361       2.1592775535948497E-11   0.2967059728390361       2.292240725261543E-11    0.2967059728390361       2.439433287600719E-11    0.2967059728390361       2.5935743150053534E-11   0.2967059728390361       2.7497045791276533E-11   0.2967059728390361       2.9029915262779307E-11   0.2967059728390361       3.048976980679136E-11    0.2967059728390361       3.182723995039109E-11    0.2967059728390361       3.299238483581953E-11    0.2967059728390361
0.3141592653589793        4.89057228223678E-12     0.3141592653589793       4.433441421835016E-12    0.3141592653589793       4.092574025717002E-12    0.3141592653589793       3.791599991008138E-12    0.3141592653589793       3.9849898539115476E-12   0.3141592653589793       5.292216517888234E-12    0.3141592653589793       7.027607960945614E-12    0.3141592653589793       9.244789334452391E-12    0.3141592653589793       1.1587818017729761E-11   0.3141592653589793       1.3936048879056247E-11   0.3141592653589793       1.6201792643657705E-11   0.3141592653589793       1.83442085683437E-11     0.3141592653589793       2.0327034468170507E-11   0.3141592653589793       2.2127391805606374E-11   0.3141592653589793       2.369199238134252E-11    0.3141592653589793       2.499655969226279E-11    0.3141592653589793       2.6061294428231276E-11   0.3141592653589793       2.6873870171233035E-11   0.3141592653589793       2.7422157390962417E-11   0.3141592653589793       2.7743378305616367E-11   0.3141592653589793       2.7899876922875827E-11   0.3141592653589793       2.796250986813214E-11    0.3141592653589793       2.796913659366925E-11    0.3141592653589793       2.8040103385772305E-11   0.3141592653589793       2.8251222495815242E-11   0.3141592653589793       2.8672432930405203E-11   0.3141592653589793       2.9320775408730733E-11   0.3141592653589793       3.028533233622416E-11    0.3141592653589793       3.155463481647087E-11    0.3141592653589793       3.309574564277954E-11    0.3141592653589793       3.485641621347564E-11    0.3141592653589793       3.676531971518051E-11    0.3141592653589793       3.8756982295730814E-11   0.3141592653589793       4.082728966641292E-11    0.3141592653589793       4.2863109793939396E-11   0.3141592653589793       4.479982898300399E-11    0.3141592653589793       4.6607142286699934E-11   0.3141592653589793       4.8258039253848284E-11   0.3141592653589793       4.9738285871049955E-11   0.3141592653589793       5.101201130475744E-11    0.3141592653589793       5.2048180092769695E-11   0.3141592653589793
0.3316125578789226        4.8133635352562686E-12   0.3316125578789226       3.61304114208359E-12     0.3316125578789226       3.4344075258092358E-12   0.3316125578789226       4.300980827364304E-12    0.3316125578789226       6.040648884644973E-12    0.3316125578789226       8.657358391859422E-12    0.3316125578789226       1.1240177936773709E-11   0.3316125578789226       1.4109289851081085E-11   0.3316125578789226       1.6936084167117764E-11   0.3316125578789226       1.9658896059906077E-11   0.3316125578789226       2.2210997937496305E-11   0.3316125578789226       2.458155504806414E-11    0.3316125578789226       2.6739125787037604E-11   0.3316125578789226       2.867888905243064E-11    0.3316125578789226       3.0349540964529394E-11   0.3316125578789226       3.173133366963456E-11    0.3316125578789226       3.286975077715025E-11    0.3316125578789226       3.3759281464530344E-11   0.3316125578789226       3.440315351781627E-11    0.3316125578789226       3.485419035431722E-11    0.3316125578789226       3.519577781908692E-11    0.3316125578789226       3.552322529649342E-11    0.3316125578789226       3.5872143858138446E-11   0.3316125578789226       3.637901669507261E-11    0.3316125578789226       3.7107332937830734E-11   0.3316125578789226       3.811316242388912E-11    0.3316125578789226       3.937697977399606E-11    0.3316125578789226       4.097429050269488E-11    0.3316125578789226       4.2866899306023716E-11   0.3316125578789226       4.499700897200657E-11    0.3316125578789226       4.7303898539956287E-11   0.3316125578789226       4.9695729247811366E-11   0.3316125578789226       5.211748412178034E-11    0.3316125578789226       5.456977327995634E-11    0.3316125578789226       5.6941366504765513E-11   0.3316125578789226       5.915746303444342E-11    0.3316125578789226       6.120893745254885E-11    0.3316125578789226       6.30670615987229E-11     0.3316125578789226       6.4739760007451E-11      0.3316125578789226       6.618716824750397E-11    0.3316125578789226       6.738350667850608E-11    0.3316125578789226
0.3490658503988659        4.263397131357124E-12    0.3490658503988659       2.4966740560883866E-12   0.3490658503988659       2.507543746295869E-12    0.3490658503988659       4.297218885148838E-12    0.3490658503988659       6.755548774874029E-12    0.3490658503988659       9.818987539464333E-12    0.3490658503988659       1.2691351655644438E-11   0.3490658503988659       1.573880951872909E-11    0.3490658503988659       1.8652253052980375E-11   0.3490658503988659       2.1392987155922113E-11   0.3490658503988659       2.391097637897902E-11    0.3490658503988659       2.620968581930466E-11    0.3490658503988659       2.8264566413103937E-11   0.3490658503988659       3.008275002407738E-11    0.3490658503988659       3.1619882610328746E-11   0.3490658503988659       3.2863732514182344E-11   0.3490658503988659       3.3870065800462776E-11   0.3490658503988659       3.4639380283031725E-11   0.3490658503988659       3.519043888356647E-11    0.3490658503988659       3.557811631895082E-11    0.3490658503988659       3.589795224730325E-11    0.3490658503988659       3.6253337283072746E-11   0.3490658503988659       3.667877147337933E-11    0.3490658503988659       3.7313690438061083E-11   0.3490658503988659       3.8214031944968324E-11   0.3490658503988659       3.94246001323987E-11     0.3490658503988659       4.09081357020338E-11     0.3490658503988659       4.2731866396833774E-11   0.3490658503988659       4.484108419085837E-11    0.3490658503988659       4.716432947412059E-11    0.3490658503988659       4.964189661179926E-11    0.3490658503988659       5.2168718726126874E-11   0.3490658503988659       5.469661970264718E-11    0.3490658503988659       5.7222405917977536E-11   0.3490658503988659       5.9642874395118E-11      0.3490658503988659       6.187782415625178E-11    0.3490658503988659       6.393128287812258E-11    0.3490658503988659       6.577209008006438E-11    0.3490658503988659       6.741997747274178E-11    0.3490658503988659       6.883380087476617E-11    0.3490658503988659       6.999299115922998E-11    0.3490658503988659
0.3665191429188092        3.5071760393321846E-12   0.3665191429188092       1.2753153458673526E-12   0.3665191429188092       1.3395689247860388E-12   0.3665191429188092       3.810512271935875E-12    0.3665191429188092       6.504314408529071E-12    0.3665191429188092       9.527638259429387E-12    0.3665191429188092       1.2329880373834558E-11   0.3665191429188092       1.5191928589273955E-11   0.3665191429188092       1.7857282070851986E-11   0.3665191429188092       2.0301049521065206E-11   0.3665191429188092       2.2485513981750114E-11   0.3665191429188092       2.4425211954587037E-11   0.3665191429188092       2.6101830233209097E-11   0.3665191429188092       2.7529679532035135E-11   0.3665191429188092       2.8677499952747698E-11   0.3665191429188092       2.954237053079441E-11    0.3665191429188092       3.0180891410153116E-11   0.3665191429188092       3.060430364701201E-11    0.3665191429188092       3.0845290603874596E-11   0.3665191429188092       3.096064549127944E-11    0.3665191429188092       3.105311413491005E-11    0.3665191429188092       3.123122839393166E-11    0.3665191429188092       3.153391859535689E-11    0.3665191429188092       3.209411432910304E-11    0.3665191429188092       3.2962742249148385E-11   0.3665191429188092       3.417175207350622E-11    0.3665191429188092       3.567246124161113E-11    0.3665191429188092       3.750831087378447E-11    0.3665191429188092       3.961141934772332E-11    0.3665191429188092       4.189756405558815E-11    0.3665191429188092       4.430642730064232E-11    0.3665191429188092       4.672899170297373E-11    0.3665191429188092       4.911835958405714E-11    0.3665191429188092       5.146550253973443E-11    0.3665191429188092       5.368173721314531E-11    0.3665191429188092       5.568974265096971E-11    0.3665191429188092       5.749955160125752E-11    0.3665191429188092       5.908204492297077E-11    0.3665191429188092       6.04632113222596E-11     0.3665191429188092       6.160755583475004E-11    0.3665191429188092       6.25019589573058E-11     0.3665191429188092
0.3839724354387525        2.8187402398713753E-12   0.3839724354387525       1.1829947508976973E-12   0.3839724354387525       1.948131145660132E-12    0.3839724354387525       4.192108911165241E-12    0.3839724354387525       6.660323752139066E-12    0.3839724354387525       9.295193862037202E-12    0.3839724354387525       1.1747640183806485E-11   0.3839724354387525       1.4149356773957817E-11   0.3839724354387525       1.6317293899531945E-11   0.3839724354387525       1.8231969286228355E-11   0.3839724354387525       1.9866264285093155E-11   0.3839724354387525       2.1244484990250197E-11   0.3839724354387525       2.2352323183358605E-11   0.3839724354387525       2.3211878044296034E-11   0.3839724354387525       2.3805491936882586E-11   0.3839724354387525       2.414148445844001E-11    0.3839724354387525       2.4276429394824033E-11   0.3839724354387525       2.4234063620207373E-11   0.3839724354387525       2.4065418805889357E-11   0.3839724354387525       2.3830362618791714E-11   0.3839724354387525       2.3641516258863366E-11   0.3839724354387525       2.361520077052828E-11    0.3839724354387525       2.3799355430194235E-11   0.3839724354387525       2.4309012921561823E-11   0.3839724354387525       2.518376493864404E-11    0.3839724354387525       2.642654637908561E-11    0.3839724354387525       2.7968099144810393E-11   0.3839724354387525       2.980951240331687E-11    0.3839724354387525       3.1867956929543876E-11   0.3839724354387525       3.4046572000556777E-11   0.3839724354387525       3.6284252864833074E-11   0.3839724354387525       3.847899853377104E-11    0.3839724354387525       4.058475316602997E-11    0.3839724354387525       4.259402500682008E-11    0.3839724354387525       4.44355228890987E-11     0.3839724354387525       4.6045958984779216E-11   0.3839724354387525       4.743975402521738E-11    0.3839724354387525       4.8595981045486254E-11   0.3839724354387525       4.954310004052195E-11    0.3839724354387525       5.0259887617008426E-11   0.3839724354387525       5.074383274770075E-11    0.3839724354387525
0.40142572795869574       2.3783053870014528E-12   0.40142572795869574      2.3486203993424495E-12   0.40142572795869574      3.771052690006381E-12    0.40142572795869574      5.779745722112971E-12    0.40142572795869574      7.92246509102288E-12     0.40142572795869574      1.0123070324807849E-11   0.40142572795869574      1.2108109975665187E-11   0.40142572795869574      1.3946663877469112E-11   0.40142572795869574      1.5515501373747032E-11   0.40142572795869574      1.6807356147420058E-11   0.40142572795869574      1.7804869767473044E-11   0.40142572795869574      1.8545507438770163E-11   0.40142572795869574      1.902234616806702E-11    0.40142572795869574      1.926479926802091E-11    0.40142572795869574      1.9272277582117387E-11   0.40142572795869574      1.9066621064343116E-11   0.40142572795869574      1.871011877469746E-11    0.40142572795869574      1.8249248809545113E-11   0.40142572795869574      1.775545378193557E-11    0.40142572795869574      1.730914803881562E-11    0.40142572795869574      1.7040589855274992E-11   0.40142572795869574      1.7071990731301436E-11   0.40142572795869574      1.7449371379051367E-11   0.40142572795869574      1.8242281755824266E-11   0.40142572795869574      1.9432638320466383E-11   0.40142572795869574      2.096546298456499E-11    0.40142572795869574      2.273269816356718E-11    0.40142572795869574      2.4693533015167133E-11   0.40142572795869574      2.6754913322781702E-11   0.40142572795869574      2.8829594396833563E-11   0.40142572795869574      3.0858860989244215E-11   0.40142572795869574      3.2766575612958276E-11   0.40142572795869574      3.451188490833658E-11    0.40142572795869574      3.6102716372971435E-11   0.40142572795869574      3.748492580803919E-11    0.40142572795869574      3.861297565619679E-11    0.40142572795869574      3.9512286386974486E-11   0.40142572795869574      4.0174095341353865E-11   0.40142572795869574      4.0630740463477485E-11   0.40142572795869574      4.0880484139321527E-11   0.40142572795869574      4.0932544055443955E-11   0.40142572795869574
0.41887902047863906       2.233260924413975E-12    0.41887902047863906      3.515639886594844E-12    0.41887902047863906      5.522092624533919E-12    0.41887902047863906      7.685964622443263E-12    0.41887902047863906      9.74566043390605E-12     0.41887902047863906      1.1743433244378819E-11   0.41887902047863906      1.3391292257606122E-11   0.41887902047863906      1.4795764153685745E-11   0.41887902047863906      1.58770367079169E-11     0.41887902047863906      1.6648997140295714E-11   0.41887902047863906      1.7111028531532214E-11   0.41887902047863906      1.731665920492117E-11    0.41887902047863906      1.7274137331673304E-11   0.41887902047863906      1.70265660635293E-11     0.41887902047863906      1.6593568600088647E-11   0.41887902047863906      1.601885379551279E-11    0.41887902047863906      1.538785068632218E-11    0.41887902047863906      1.4782462297964E-11      0.41887902047863906      1.4305889159025678E-11   0.41887902047863906      1.4068367539327387E-11   0.41887902047863906      1.4203510923720484E-11   0.41887902047863906      1.478493851231527E-11    0.41887902047863906      1.5793713888224124E-11   0.41887902047863906      1.719897103326495E-11    0.41887902047863906      1.8906714165620082E-11   0.41887902047863906      2.082267988028734E-11    0.41887902047863906      2.283371230660168E-11    0.41887902047863906      2.4900648393233522E-11   0.41887902047863906      2.6940957511309956E-11   0.41887902047863906      2.889463350163681E-11    0.41887902047863906      3.071027451766455E-11    0.41887902047863906      3.233941247498248E-11    0.41887902047863906      3.3750949628211905E-11   0.41887902047863906      3.4970554373958E-11      0.41887902047863906      3.595442212435138E-11    0.41887902047863906      3.667184047572695E-11    0.41887902047863906      3.716386369561824E-11    0.41887902047863906      3.743468644724974E-11    0.41887902047863906      3.7523183726535666E-11   0.41887902047863906      3.74452338103671E-11     0.41887902047863906      3.722213407107018E-11    0.41887902047863906
0.4363323129985824        2.3068606345196962E-12   0.4363323129985824       4.481219169158795E-12    0.4363323129985824       6.9629822846821874E-12   0.4363323129985824       9.373445718718176E-12    0.4363323129985824       1.1494574302591085E-11   0.4363323129985824       1.3472257382590219E-11   0.4363323129985824       1.4953949403123408E-11   0.4363323129985824       1.6124557995285865E-11   0.4363323129985824       1.6918798388043986E-11   0.4363323129985824       1.7374669928378882E-11   0.4363323129985824       1.750960823827572E-11    0.4363323129985824       1.7394742693841355E-11   0.4363323129985824       1.7057044276369647E-11   0.4363323129985824       1.655902556685594E-11    0.4363323129985824       1.594259135522163E-11    0.4363323129985824       1.5277850653003615E-11   0.4363323129985824       1.468364728031132E-11    0.4363323129985824       1.4272935040816268E-11   0.4363323129985824       1.4157107686324328E-11   0.4363323129985824       1.4436155465601653E-11   0.4363323129985824       1.5182262483456905E-11   0.4363323129985824       1.6379013881919317E-11   0.4363323129985824       1.7943780558950364E-11   0.4363323129985824       1.9801170118428006E-11   0.4363323129985824       2.1847390782000805E-11   0.4363323129985824       2.3996506455205683E-11   0.4363323129985824       2.6148692963447738E-11   0.4363323129985824       2.8280931791097937E-11   0.4363323129985824       3.031948355270214E-11    0.4363323129985824       3.221817979875437E-11    0.4363323129985824       3.3932433971628095E-11   0.4363323129985824       3.5425660308474336E-11   0.4363323129985824       3.667214633256602E-11    0.4363323129985824       3.771358693109904E-11    0.4363323129985824       3.850770000746761E-11    0.4363323129985824       3.903433387114806E-11    0.4363323129985824       3.934522596562895E-11    0.4363323129985824       3.945537658419529E-11    0.4363323129985824       3.941030421871523E-11    0.4363323129985824       3.923620690971992E-11    0.4363323129985824       3.8961942999325206E-11   0.4363323129985824
0.4537856055185257        2.498911910246097E-12    0.45378560551852565      5.229667813674507E-12    0.45378560551852565      8.050882656827059E-12    0.45378560551852565      1.067474999686068E-11    0.45378560551852565      1.2886893450200309E-11   0.45378560551852565      1.4911927164305746E-11   0.45378560551852565      1.6328110646108277E-11   0.45378560551852565      1.7396603670706055E-11   0.45378560551852565      1.805302223472721E-11    0.45378560551852565      1.8355802443262618E-11   0.45378560551852565      1.8334057581626644E-11   0.45378560551852565      1.8075893490896146E-11   0.45378560551852565      1.762162089509928E-11    0.45378560551852565      1.705142687928631E-11    0.45378560551852565      1.642219043555836E-11    0.45378560551852565      1.5822616242941157E-11   0.45378560551852565      1.539020654464445E-11    0.45378560551852565      1.524215236166043E-11    0.45378560551852565      1.5469386106192843E-11   0.45378560551852565      1.6138621122897087E-11   0.45378560551852565      1.7273700765235088E-11   0.45378560551852565      1.8819315349326465E-11   0.45378560551852565      2.0678856949890752E-11   0.45378560551852565      2.2775117738765897E-11   0.45378560551852565      2.5009930105382924E-11   0.45378560551852565      2.7307752537358125E-11   0.45378560551852565      2.9572749032400385E-11   0.45378560551852565      3.179137195309498E-11    0.45378560551852565      3.38927645095611E-11     0.45378560551852565      3.583440466856679E-11    0.45378560551852565      3.757450655494726E-11    0.45378560551852565      3.907820056526468E-11    0.45378560551852565      4.032469907552756E-11    0.45378560551852565      4.136343158426237E-11    0.45378560551852565      4.21504458878817E-11     0.45378560551852565      4.26697919672293E-11     0.45378560551852565      4.2977906265737054E-11   0.45378560551852565      4.3093166891454144E-11   0.45378560551852565      4.30668448850214E-11     0.45378560551852565      4.292492156081352E-11    0.45378560551852565      4.269907224856523E-11    0.45378560551852565
0.47123889803846897       2.740671860362469E-12    0.4712388980384689       5.781619439812461E-12    0.4712388980384689       8.816947766086969E-12    0.4712388980384689       1.1590198687087477E-11   0.4712388980384689       1.3879759644898874E-11   0.4712388980384689       1.595996040277766E-11    0.4712388980384689       1.736287341596007E-11    0.4712388980384689       1.8400655955243832E-11   0.4712388980384689       1.9007151186006254E-11   0.4712388980384689       1.925281740375874E-11    0.4712388980384689       1.9174842259498446E-11   0.4712388980384689       1.887129931926161E-11    0.4712388980384689       1.8388208692539623E-11   0.4712388980384689       1.7815005487527766E-11   0.4712388980384689       1.7214169697189345E-11   0.4712388980384689       1.6679535288698413E-11   0.4712388980384689       1.6351881242356718E-11   0.4712388980384689       1.634350582301232E-11    0.4712388980384689       1.6729024400502447E-11   0.4712388980384689       1.7561596727619253E-11   0.4712388980384689       1.8849355354018992E-11   0.4712388980384689       2.0533485050701145E-11   0.4712388980384689       2.2515791358561703E-11   0.4712388980384689       2.4724309036743394E-11   0.4712388980384689       2.706405684600237E-11    0.4712388980384689       2.946382598055681E-11    0.4712388980384689       3.1826627684020386E-11   0.4712388980384689       3.4143617915615486E-11   0.4712388980384689       3.634436158733673E-11    0.4712388980384689       3.83852495216627E-11     0.4712388980384689       4.0224837734849586E-11   0.4712388980384689       4.1826584459787767E-11   0.4712388980384689       4.3169410426942255E-11   0.4712388980384689       4.430700535764214E-11    0.4712388980384689       4.519092406739839E-11    0.4712388980384689       4.5804339139489254E-11   0.4712388980384689       4.620235747401257E-11    0.4712388980384689       4.640520967387934E-11    0.4712388980384689       4.64595104628181E-11     0.4712388980384689       4.6390018428437014E-11   0.4712388980384689       4.622561077942251E-11    0.4712388980384689
0.4886921905584123        2.9999846994739606E-12   0.4886921905584123       6.161752551342288E-12    0.4886921905584123       9.304796896739779E-12    0.4886921905584123       1.2168593989497145E-11   0.4886921905584123       1.4514349956647093E-11   0.4886921905584123       1.6642915685081255E-11   0.4886921905584123       1.8066494407626115E-11   0.4886921905584123       1.912210142207354E-11    0.4886921905584123       1.9736065623556264E-11   0.4886921905584123       1.9987499017680053E-11   0.4886921905584123       1.9915627087449812E-11   0.4886921905584123       1.9621438905949473E-11   0.4886921905584123       1.915032371247398E-11    0.4886921905584123       1.8591629537306797E-11   0.4886921905584123       1.8005198951263095E-11   0.4886921905584123       1.7480425870411553E-11   0.4886921905584123       1.7155133517211225E-11   0.4886921905584123       1.713608523948071E-11    0.4886921905584123       1.7498023309183266E-11   0.4886921905584123       1.829802099982624E-11    0.4886921905584123       1.9552880345913408E-11   0.4886921905584123       2.1213472164801915E-11   0.4886921905584123       2.3187046630580768E-11   0.4886921905584123       2.5407054683969875E-11   0.4886921905584123       2.7777701709351226E-11   0.4886921905584123       3.0230695989748973E-11   0.4886921905584123       3.266599119464353E-11    0.4886921905584123       3.5073064785437414E-11   0.4886921905584123       3.738290964560479E-11    0.4886921905584123       3.954889772530244E-11    0.4886921905584123       4.152531392999907E-11    0.4886921905584123       4.327446650610526E-11    0.4886921905584123       4.477262932841022E-11    0.4886921905584123       4.6071638920787096E-11   0.4886921905584123       4.711801811792239E-11    0.4886921905584123       4.789126910751441E-11    0.4886921905584123       4.844119609144005E-11    0.4886921905584123       4.878469031542679E-11    0.4886921905584123       4.8962449305591495E-11   0.4886921905584123       4.899178283731086E-11    0.4886921905584123       4.889764288051077E-11    0.4886921905584123
0.5061454830783556        3.257921299610066E-12    0.5061454830783556       6.389110664031098E-12    0.5061454830783556       9.549569693475677E-12    0.5061454830783556       1.2457120070856076E-11   0.5061454830783556       1.4843884369146157E-11   0.5061454830783556       1.7018861913667207E-11   0.5061454830783556       1.8494143474129483E-11   0.5061454830783556       1.9605339789553347E-11   0.5061454830783556       2.0276954946586783E-11   0.5061454830783556       2.058771449553645E-11    0.5061454830783556       2.0574585187806534E-11   0.5061454830783556       2.033623784689262E-11    0.5061454830783556       1.991115272701198E-11    0.5061454830783556       1.9381708340864696E-11   0.5061454830783556       1.8798730045981134E-11   0.5061454830783556       1.8240551545737587E-11   0.5061454830783556       1.783517812073628E-11    0.5061454830783556       1.7685083594239383E-11   0.5061454830783556       1.7872920695619237E-11   0.5061454830783556       1.847146557951054E-11    0.5061454830783556       1.9523390159655316E-11   0.5061454830783556       2.1004367342372452E-11   0.5061454830783556       2.2833154296597782E-11   0.5061454830783556       2.495313432101252E-11    0.5061454830783556       2.7268190387358114E-11   0.5061454830783556       2.9708756033975764E-11   0.5061454830783556       3.21710917036969E-11     0.5061454830783556       3.4641777418485426E-11   0.5061454830783556       3.704949754668477E-11    0.5061454830783556       3.934501148806459E-11    0.5061454830783556       4.1477084171501604E-11   0.5061454830783556       4.3403688378973654E-11   0.5061454830783556       4.509838297529598E-11    0.5061454830783556       4.66069420641751E-11     0.5061454830783556       4.786950846178465E-11    0.5061454830783556       4.886263758711947E-11    0.5061454830783556       4.962550205758219E-11    0.5061454830783556       5.016912448176892E-11    0.5061454830783556       5.05256086070576E-11     0.5061454830783556       5.070443097394023E-11    0.5061454830783556       5.072072337962868E-11    0.5061454830783556
0.5235987755982988        3.514336085924794E-12    0.5235987755982988       6.466243728486205E-12    0.5235987755982988       9.559271846300551E-12    0.5235987755982988       1.2462862913976948E-11   0.5235987755982988       1.48826814693122E-11     0.5235987755982988       1.7103308859921282E-11   0.5235987755982988       1.866517564835913E-11    0.5235987755982988       1.9873914220549062E-11   0.5235987755982988       2.0656702970699143E-11   0.5235987755982988       2.1084756359610088E-11   0.5235987755982988       2.118990288707477E-11    0.5235987755982988       2.1062912418640138E-11   0.5235987755982988       2.073320390476681E-11    0.5235987755982988       2.0270487712682826E-11   0.5235987755982988       1.9712142094517842E-11   0.5235987755982988       1.9118648007341715E-11   0.5235987755982988       1.8601508899052443E-11   0.5235987755982988       1.8251799342294346E-11   0.5235987755982988       1.8157540389307292E-11   0.5235987755982988       1.840853519204723E-11    0.5235987755982988       1.9086417088740865E-11   0.5235987755982988       2.0209876623810423E-11   0.5235987755982988       2.1723778436449462E-11   0.5235987755982988       2.3592381885707357E-11   0.5235987755982988       2.5724691267497725E-11   0.5235987755982988       2.805040740164807E-11    0.5235987755982988       3.0461120026728866E-11   0.5235987755982988       3.2938030348207984E-11   0.5235987755982988       3.540574266629656E-11    0.5235987755982988       3.7809777377956636E-11   0.5235987755982988       4.009427262149227E-11    0.5235987755982988       4.221086405947619E-11    0.5235987755982988       4.412859479943484E-11    0.5235987755982988       4.588545808303019E-11    0.5235987755982988       4.7413984913606834E-11   0.5235987755982988       4.868767933979292E-11    0.5235987755982988       4.973080513369732E-11    0.5235987755982988       5.0548864824243494E-11   0.5235987755982988       5.116394012705484E-11    0.5235987755982988       5.157262912837502E-11    0.5235987755982988       5.178012346038724E-11    0.5235987755982988
0.5410520681182421        3.791917129470114E-12    0.5410520681182421       6.3966478485562635E-12   0.5410520681182421       9.318663923786176E-12    0.5410520681182421       1.2161617674143024E-11   0.5410520681182421       1.4595741658837674E-11   0.5410520681182421       1.6861103362576738E-11   0.5410520681182421       1.8545769353817163E-11   0.5410520681182421       1.9900038732875308E-11   0.5410520681182421       2.0853935558120093E-11   0.5410520681182421       2.1467878435015823E-11   0.5410520681182421       2.1765976445141553E-11   0.5410520681182421       2.1826664030331644E-11   0.5410520681182421       2.166912680045647E-11    0.5410520681182421       2.1348693479212122E-11   0.5410520681182421       2.088426734308157E-11    0.5410520681182421       2.0317055991380756E-11   0.5410520681182421       1.9733492267932472E-11   0.5410520681182421       1.9202264356775587E-11   0.5410520681182421       1.8802810893275596E-11   0.5410520681182421       1.8626689258471097E-11   0.5410520681182421       1.8788625085111617E-11   0.5410520681182421       1.9362663986228132E-11   0.5410520681182421       2.0340350429700185E-11   0.5410520681182421       2.1735214810099653E-11   0.5410520681182421       2.3480515765592682E-11   0.5410520681182421       2.5512330048285436E-11   0.5410520681182421       2.772163640537611E-11    0.5410520681182421       3.0085537036354845E-11   0.5410520681182421       3.252021216646629E-11    0.5410520681182421       3.4965820077597866E-11   0.5410520681182421       3.735927225375389E-11    0.5410520681182421       3.964462726955041E-11    0.5410520681182421       4.178346597330801E-11    0.5410520681182421       4.3806386150524734E-11   0.5410520681182421       4.563616155149122E-11    0.5410520681182421       4.7242698848742875E-11   0.5410520681182421       4.863512657757876E-11    0.5410520681182421       4.9810729670965086E-11   0.5410520681182421       5.078119427551998E-11    0.5410520681182421       5.153015806654639E-11    0.5410520681182421       5.204861909630863E-11    0.5410520681182421
0.5585053606381855        4.135211302395063E-12    0.5585053606381855       6.183366678336108E-12    0.5585053606381855       8.790556581953767E-12    0.5585053606381855       1.1491245461120365E-11   0.5585053606381855       1.3907486114767507E-11   0.5585053606381855       1.6200650985635725E-11   0.5585053606381855       1.804124947921766E-11    0.5585053606381855       1.9589366776696257E-11   0.5585053606381855       2.0781108518801998E-11   0.5585053606381855       2.166120141872231E-11    0.5585053606381855       2.224333217302653E-11    0.5585053606381855       2.2590234960934282E-11   0.5585053606381855       2.2713591918638693E-11   0.5585053606381855       2.265174008597757E-11    0.5585053606381855       2.2406549978067767E-11   0.5585053606381855       2.1998417391418747E-11   0.5585053606381855       2.1488035352665308E-11   0.5585053606381855       2.0915272846951775E-11   0.5585053606381855       2.0332976923332812E-11   0.5585053606381855       1.9809863644486842E-11   0.5585053606381855       1.9460840972406823E-11   0.5585053606381855       1.9392049030622418E-11   0.5585053606381855       1.964053236934752E-11    0.5585053606381855       2.029631285577318E-11    0.5585053606381855       2.135494575477929E-11    0.5585053606381855       2.2794326513632993E-11   0.5585053606381855       2.4525634629620713E-11   0.5585053606381855       2.6534697745510923E-11   0.5585053606381855       2.8733789137048163E-11   0.5585053606381855       3.10558088291455E-11     0.5585053606381855       3.3428888593844024E-11   0.5585053606381855       3.578794203347685E-11    0.5585053606381855       3.808365250974354E-11    0.5585053606381855       4.033691371703008E-11    0.5585053606381855       4.246029180765943E-11    0.5585053606381855       4.441911272162271E-11    0.5585053606381855       4.620464271962831E-11    0.5585053606381855       4.7808231402133326E-11   0.5585053606381855       4.9227606393739854E-11   0.5585053606381855       5.043485015045489E-11    0.5585053606381855       5.140578279297352E-11    0.5585053606381855
0.5759586531581288        4.614677996467544E-12    0.5759586531581288       5.862493347163945E-12    0.5759586531581288       7.939228869082638E-12    0.5759586531581288       1.0366691576297599E-11   0.5759586531581288       1.2704924888443253E-11   0.5759586531581288       1.4990911131745438E-11   0.5759586531581288       1.701254292208373E-11    0.5759586531581288       1.8801448729532857E-11   0.5759586531581288       2.0300600844202184E-11   0.5759586531581288       2.153333940301047E-11    0.5759586531581288       2.2502414783905364E-11   0.5759586531581288       2.325296085185823E-11    0.5759586531581288       2.3788408421135933E-11   0.5759586531581288       2.4133779110565205E-11   0.5759586531581288       2.427580212392686E-11    0.5759586531581288       2.4216643887238205E-11   0.5759586531581288       2.3995958935139936E-11   0.5759586531581288       2.362677226456789E-11    0.5759586531581288       2.3132855152726847E-11   0.5759586531581288       2.2547919614667702E-11   0.5759586531581288       2.1958282801256085E-11   0.5759586531581288       2.1454314932368864E-11   0.5759586531581288       2.1068554627296198E-11   0.5759586531581288       2.0930045046154955E-11   0.5759586531581288       2.1098293863734057E-11   0.5759586531581288       2.162285959255253E-11    0.5759586531581288       2.2485109026623692E-11   0.5759586531581288       2.3728520450727724E-11   0.5759586531581288       2.530150001245635E-11    0.5759586531581288       2.7144857558179838E-11   0.5759586531581288       2.9190236530899864E-11   0.5759586531581288       3.136665965071075E-11    0.5759586531581288       3.361180880682801E-11    0.5759586531581288       3.5933351682382815E-11   0.5759586531581288       3.823396459642714E-11    0.5759586531581288       4.0467911121364275E-11   0.5759586531581288       4.26099488289165E-11     0.5759586531581288       4.464342258750021E-11    0.5759586531581288       4.655137151951702E-11    0.5759586531581288       4.8294205707093885E-11   0.5759586531581288       4.983128772901156E-11    0.5759586531581288
0.5934119456780721        5.3119342510097104E-12   0.5934119456780721       5.537349828141953E-12    0.5934119456780721       6.765017353315542E-12    0.5934119456780721       8.705640639217538E-12    0.5934119456780721       1.0861086780975205E-11   0.5934119456780721       1.3078671776464685E-11   0.5934119456780721       1.5290633669549685E-11   0.5934119456780721       1.7355483878260578E-11   0.5934119456780721       1.9222638035353428E-11   0.5934119456780721       2.0887680806195667E-11   0.5934119456780721       2.2340476284442608E-11   0.5934119456780721       2.3606948950220002E-11   0.5934119456780721       2.4685479444943235E-11   0.5934119456780721       2.558882520692768E-11    0.5934119456780721       2.6291200276873282E-11   0.5934119456780721       2.678206749693087E-11    0.5934119456780721       2.7086632546696134E-11   0.5934119456780721       2.719718880337266E-11    0.5934119456780721       2.7114634789557863E-11   0.5934119456780721       2.6846463730733883E-11   0.5934119456780721       2.645069013059928E-11    0.5934119456780721       2.5987515314411117E-11   0.5934119456780721       2.545356552345927E-11    0.5934119456780721       2.4958654274998717E-11   0.5934119456780721       2.4559697282906788E-11   0.5934119456780721       2.431969378640269E-11    0.5934119456780721       2.4259742314716925E-11   0.5934119456780721       2.449336547227177E-11    0.5934119456780721       2.5050959096215026E-11   0.5934119456780721       2.5935698026527774E-11   0.5934119456780721       2.7139722009190782E-11   0.5934119456780721       2.862406224854973E-11    0.5934119456780721       3.034880090985603E-11    0.5934119456780721       3.231696390408932E-11    0.5934119456780721       3.443551443719168E-11    0.5934119456780721       3.6637765075424375E-11   0.5934119456780721       3.8893594769398965E-11   0.5934119456780721       4.116742489311004E-11    0.5934119456780721       4.343516600718852E-11    0.5934119456780721       4.563754605074752E-11    0.5934119456780721       4.7718339961201917E-11   0.5934119456780721
0.6108652381980153        6.2838594066588765E-12   0.6108652381980153       5.439922382155359E-12    0.6108652381980153       5.426059457975014E-12    0.6108652381980153       6.4783982085066076E-12   0.6108652381980153       8.245359990243182E-12    0.6108652381980153       1.0289963692549543E-11   0.6108652381980153       1.2667858460318218E-11   0.6108652381980153       1.5020145960359942E-11   0.6108652381980153       1.7283092662974348E-11   0.6108652381980153       1.942094063412193E-11    0.6108652381980153       2.141079877716385E-11    0.6108652381980153       2.3258831124549033E-11   0.6108652381980153       2.4961034901782826E-11   0.6108652381980153       2.6521668567488506E-11   0.6108652381980153       2.7901991006386007E-11   0.6108652381980153       2.9085705685676976E-11   0.6108652381980153       3.009014159491686E-11    0.6108652381980153       3.0890392954962766E-11   0.6108652381980153       3.1470261894129455E-11   0.6108652381980153       3.182453348225155E-11    0.6108652381980153       3.199002750201667E-11    0.6108652381980153       3.200501733615498E-11    0.6108652381980153       3.184251669028099E-11    0.6108652381980153       3.158510503524512E-11    0.6108652381980153       3.126510770543146E-11    0.6108652381980153       3.0919495131024247E-11   0.6108652381980153       3.0546854691217007E-11   0.6108652381980153       3.0259281209722144E-11   0.6108652381980153       3.0104962314588406E-11   0.6108652381980153       3.011483682865186E-11    0.6108652381980153       3.0340397558682185E-11   0.6108652381980153       3.0803772604461696E-11   0.6108652381980153       3.1537576783919007E-11   0.6108652381980153       3.259635048997137E-11    0.6108652381980153       3.3940642262043345E-11   0.6108652381980153       3.551445423993678E-11    0.6108652381980153       3.7323268347957873E-11   0.6108652381980153       3.9318342221959764E-11   0.6108652381980153       4.148569891420929E-11    0.6108652381980153       4.3750907950168286E-11   0.6108652381980153       4.604445406894898E-11    0.6108652381980153
0.6283185307179586        7.520013641805721E-12    0.6283185307179586       5.957120682908576E-12    0.6283185307179586       4.6647947357674806E-12   0.6283185307179586       4.043445011557017E-12    0.6283185307179586       4.8021496640889924E-12   0.6283185307179586       6.412298570359029E-12    0.6283185307179586       8.87507975453764E-12     0.6283185307179586       1.1466672101487631E-11   0.6283185307179586       1.4079269417863049E-11   0.6283185307179586       1.6642009491866598E-11   0.6283185307179586       1.912472654515432E-11    0.6283185307179586       2.1515217137318494E-11   0.6283185307179586       2.3811484749442463E-11   0.6283185307179586       2.601241663311153E-11    0.6283185307179586       2.8071031265144073E-11   0.6283185307179586       2.9967906944445246E-11   0.6283185307179586       3.171751649090112E-11    0.6283185307179586       3.328309260051205E-11    0.6283185307179586       3.4631867742602945E-11   0.6283185307179586       3.575833834020266E-11    0.6283185307179586       3.668103427735503E-11    0.6283185307179586       3.742022408212309E-11    0.6283185307179586       3.794183362792339E-11    0.6283185307179586       3.830591237677472E-11    0.6283185307179586       3.8523817928587676E-11   0.6283185307179586       3.861536700709565E-11    0.6283185307179586       3.85528528879946E-11     0.6283185307179586       3.8428084531108504E-11   0.6283185307179586       3.8267216387486925E-11   0.6283185307179586       3.808375748543683E-11    0.6283185307179586       3.7921292505752437E-11   0.6283185307179586       3.7808085591113595E-11   0.6283185307179586       3.780060671204066E-11    0.6283185307179586       3.7990814221382846E-11   0.6283185307179586       3.8389394727170426E-11   0.6283185307179586       3.8980605656088434E-11   0.6283185307179586       3.984589329028683E-11    0.6283185307179586       4.096811584527213E-11    0.6283185307179586       4.238189345641688E-11    0.6283185307179586       4.403593924876054E-11    0.6283185307179586       4.588027526912913E-11    0.6283185307179586
0.6457718232379019        8.851299382478832E-12    0.6457718232379019       7.38627011990945E-12     0.6457718232379019       5.940918776587693E-12    0.6457718232379019       4.139286979020706E-12    0.6457718232379019       2.315651581167331E-12    0.6457718232379019       1.3267984856263732E-12   0.6457718232379019       3.615912908570784E-12    0.6457718232379019       6.3321594415370506E-12   0.6457718232379019       9.135242090899889E-12    0.6457718232379019       1.193818236763625E-11    0.6457718232379019       1.4720564776445126E-11   0.6457718232379019       1.7460154148296887E-11   0.6457718232379019       2.0163236193567784E-11   0.6457718232379019       2.282645323474509E-11    0.6457718232379019       2.5400465910935507E-11   0.6457718232379019       2.7865286721042557E-11   0.6457718232379019       3.0235952143384515E-11   0.6457718232379019       3.24717417438463E-11     0.6457718232379019       3.452380767737225E-11    0.6457718232379019       3.639391254646926E-11    0.6457718232379019       3.8085206049161734E-11   0.6457718232379019       3.959808330914869E-11    0.6457718232379019       4.090671478986251E-11    0.6457718232379019       4.204443455908807E-11    0.6457718232379019       4.3010116350859447E-11   0.6457718232379019       4.381056964358412E-11    0.6457718232379019       4.4405595031946964E-11   0.6457718232379019       4.486555091741197E-11    0.6457718232379019       4.5192990540557957E-11   0.6457718232379019       4.538535482842835E-11    0.6457718232379019       4.545830046400682E-11    0.6457718232379019       4.542538640297708E-11    0.6457718232379019       4.5324981543829355E-11   0.6457718232379019       4.524561123198145E-11    0.6457718232379019       4.51905412533973E-11     0.6457718232379019       4.5153541885409994E-11   0.6457718232379019       4.524250010193973E-11    0.6457718232379019       4.54687200644186E-11     0.6457718232379019       4.5906258301793975E-11   0.6457718232379019       4.6549536462174295E-11   0.6457718232379019       4.739958845902055E-11    0.6457718232379019
0.6632251157578452        9.91378158298199E-12     0.6632251157578452       9.558079608699646E-12    0.6632251157578452       9.156516660135376E-12    0.6632251157578452       8.254512523265504E-12    0.6632251157578452       6.930520637984097E-12    0.6632251157578452       5.4678820345287994E-12   0.6632251157578452       3.461012638313997E-12    0.6632251157578452       2.280759681871028E-12    0.6632251157578452       3.2679929211663428E-12   0.6632251157578452       5.4799201159591784E-12   0.6632251157578452       8.005082257512412E-12    0.6632251157578452       1.0642570231339606E-11   0.6632251157578452       1.3347345033404452E-11   0.6632251157578452       1.6095224606821113E-11   0.6632251157578452       1.8834897286534438E-11   0.6632251157578452       2.154160463602023E-11    0.6632251157578452       2.4230227491701086E-11   0.6632251157578452       2.6862471986622015E-11   0.6632251157578452       2.937702517159262E-11    0.6632251157578452       3.178528633584611E-11    0.6632251157578452       3.407954209592686E-11    0.6632251157578452       3.6239790711928714E-11   0.6632251157578452       3.825563247059268E-11    0.6632251157578452       4.013462261386277E-11    0.6632251157578452       4.186449364706527E-11    0.6632251157578452       4.344672105706629E-11    0.6632251157578452       4.4835591669926616E-11   0.6632251157578452       4.608215103775318E-11    0.6632251157578452       4.71667849595234E-11     0.6632251157578452       4.8080558210598726E-11   0.6632251157578452       4.881315226202407E-11    0.6632251157578452       4.936423965039472E-11    0.6632251157578452       4.974418681974414E-11    0.6632251157578452       5.002913232008103E-11    0.6632251157578452       5.0194794926304514E-11   0.6632251157578452       5.02226191606352E-11     0.6632251157578452       5.020087508587138E-11    0.6632251157578452       5.0136147915027717E-11   0.6632251157578452       5.0089999271265744E-11   0.6632251157578452       5.006957894016042E-11    0.6632251157578452       5.0092878241375166E-11   0.6632251157578452
0.6806784082777885        1.0243582782000781E-11   0.6806784082777885       1.1792278625984925E-11   0.6806784082777885       1.2897261643749316E-11   0.6806784082777885       1.3391376940358157E-11   0.6806784082777885       1.3229340315270356E-11   0.6806784082777885       1.290244890094339E-11    0.6806784082777885       1.1592822824883417E-11   0.6806784082777885       1.0309495433075979E-11   0.6806784082777885       8.922869550230403E-12    0.6806784082777885       7.674646102952291E-12    0.6806784082777885       6.7717474272156835E-12   0.6806784082777885       6.5656672059189444E-12   0.6806784082777885       7.185696337839548E-12    0.6806784082777885       8.541510886712168E-12    0.6806784082777885       1.0376222832923858E-11   0.6806784082777885       1.2495681763407093E-11   0.6806784082777885       1.4821768212199512E-11   0.6806784082777885       1.7270596949309232E-11   0.6806784082777885       1.974662691705056E-11    0.6806784082777885       2.2249159952256906E-11   0.6806784082777885       2.475948316337969E-11    0.6806784082777885       2.7236971627272882E-11   0.6806784082777885       2.9677440984379305E-11   0.6806784082777885       3.206813437491933E-11    0.6806784082777885       3.438810506532939E-11    0.6806784082777885       3.6636162042140435E-11   0.6806784082777885       3.876186648976668E-11    0.6806784082777885       4.080369454520781E-11    0.6806784082777885       4.2726747252294914E-11   0.6806784082777885       4.45177748673642E-11     0.6806784082777885       4.615464396162614E-11    0.6806784082777885       4.7620133701981145E-11   0.6806784082777885       4.8904139430369147E-11   0.6806784082777885       5.00709687234738E-11     0.6806784082777885       5.107269017402977E-11    0.6806784082777885       5.187944948535961E-11    0.6806784082777885       5.254591325597255E-11    0.6806784082777885       5.306724169604408E-11    0.6806784082777885       5.347382638498624E-11    0.6806784082777885       5.375960587483837E-11    0.6806784082777885       5.391545293201666E-11    0.6806784082777885
0.6981317007977318        9.64168133759382E-12     0.6981317007977318       1.3123701337461323E-11   0.6981317007977318       1.5643204815084368E-11   0.6981317007977318       1.756681447449512E-11    0.6981317007977318       1.8673013720755726E-11   0.6981317007977318       1.9620481981683225E-11   0.6981317007977318       1.9335495096162026E-11   0.6981317007977318       1.9060043297257824E-11   0.6981317007977318       1.8466159441051027E-11   0.6981317007977318       1.7727380017854567E-11   0.6981317007977318       1.6875956843730958E-11   0.6981317007977318       1.6039935646115993E-11   0.6981317007977318       1.5236788417180992E-11   0.6981317007977318       1.4556609623784357E-11   0.6981317007977318       1.4045351230285377E-11   0.6981317007977318       1.3760839049321178E-11   0.6981317007977318       1.3791302811472035E-11   0.6981317007977318       1.4174704348603943E-11   0.6981317007977318       1.4910482693884205E-11   0.6981317007977318       1.5974391300997792E-11   0.6981317007977318       1.7358296244056784E-11   0.6981317007977318       1.901462986833559E-11    0.6981317007977318       2.0873991801709836E-11   0.6981317007977318       2.291501242297714E-11    0.6981317007977318       2.508654103382217E-11    0.6981317007977318       2.7363744802575843E-11   0.6981317007977318       2.9675588525821416E-11   0.6981317007977318       3.205028475657418E-11    0.6981317007977318       3.4443058716715773E-11   0.6981317007977318       3.6823147223530053E-11   0.6981317007977318       3.917249827255093E-11    0.6981317007977318       4.144543017363177E-11    0.6981317007977318       4.363082304673638E-11    0.6981317007977318       4.5772797651528286E-11   0.6981317007977318       4.7813995294760654E-11   0.6981317007977318       4.972105542147284E-11    0.6981317007977318       5.151191421406382E-11    0.6981317007977318       5.3181486418527866E-11   0.6981317007977318       5.474061672347261E-11    0.6981317007977318       5.616102677349463E-11    0.6981317007977318       5.7411607738317216E-11   0.6981317007977318
0.715584993317675         8.607967400500264E-12    0.715584993317675        1.2797451159490982E-11   0.715584993317675        1.602414801648412E-11    0.715584993317675        1.894597177263354E-11    0.715584993317675        2.1093503595500662E-11   0.715584993317675        2.3167381633906686E-11   0.715584993317675        2.3980233954621146E-11   0.715584993317675        2.4854308420531323E-11   0.715584993317675        2.534777160104392E-11    0.715584993317675        2.5633660471459473E-11   0.715584993317675        2.5742419366984773E-11   0.715584993317675        2.5770649227798233E-11   0.715584993317675        2.5715116487812225E-11   0.715584993317675        2.5620952369534196E-11   0.715584993317675        2.5475092422302724E-11   0.715584993317675        2.5277277313938527E-11   0.715584993317675        2.506819616736078E-11    0.715584993317675        2.4849456016276274E-11   0.715584993317675        2.4641413583361624E-11   0.715584993317675        2.4449640305453717E-11   0.715584993317675        2.4331904724799843E-11   0.715584993317675        2.4354117346432854E-11   0.715584993317675        2.448676031651509E-11    0.715584993317675        2.482016140028059E-11    0.715584993317675        2.536861534242079E-11    0.715584993317675        2.6145097445245644E-11   0.715584993317675        2.7107105196156883E-11   0.715584993317675        2.8317359444467643E-11   0.715584993317675        2.9755314840090975E-11   0.715584993317675        3.1381300116658464E-11   0.715584993317675        3.318353656833255E-11    0.715584993317675        3.5107783816768E-11      0.715584993317675        3.7142868383063246E-11   0.715584993317675        3.9315817551094506E-11   0.715584993317675        4.156010007543197E-11    0.715584993317675        4.38377545533324E-11     0.715584993317675        4.614355150617314E-11    0.715584993317675        4.846601475598433E-11    0.715584993317675        5.080878829726031E-11    0.715584993317675        5.312126740669333E-11    0.715584993317675        5.5360581810622004E-11   0.715584993317675
0.7330382858376184        8.208283487940801E-12    0.7330382858376184       1.1006005745731301E-11   0.7330382858376184       1.3600624585066211E-11   0.7330382858376184       1.6455724952105976E-11   0.7330382858376184       1.8901141934483167E-11   0.7330382858376184       2.138499179204126E-11    0.7330382858376184       2.297441786995077E-11    0.7330382858376184       2.4676031433342512E-11   0.7330382858376184       2.6075476094879353E-11   0.7330382858376184       2.730308682045375E-11    0.7330382858376184       2.8388917641341777E-11   0.7330382858376184       2.9390829340435405E-11   0.7330382858376184       3.031782428519333E-11    0.7330382858376184       3.11923643770348E-11     0.7330382858376184       3.198609474747202E-11    0.7330382858376184       3.268171842962513E-11    0.7330382858376184       3.330504467366539E-11    0.7330382858376184       3.383560296429855E-11    0.7330382858376184       3.42506730402287E-11     0.7330382858376184       3.4549884259276174E-11   0.7330382858376184       3.47620035799934E-11     0.7330382858376184       3.49168265802431E-11     0.7330382858376184       3.497900111424138E-11    0.7330382858376184       3.501562982190559E-11    0.7330382858376184       3.5041012747014066E-11   0.7330382858376184       3.50625850095529E-11     0.7330382858376184       3.505410679704587E-11    0.7330382858376184       3.509991268948756E-11    0.7330382858376184       3.5209501229565364E-11   0.7330382858376184       3.539055546134988E-11    0.7330382858376184       3.565245721812996E-11    0.7330382858376184       3.6015658772181396E-11   0.7330382858376184       3.649420741734668E-11    0.7330382858376184       3.7170543893861906E-11   0.7330382858376184       3.800920081790589E-11    0.7330382858376184       3.898717569206187E-11    0.7330382858376184       4.015371657501399E-11    0.7330382858376184       4.1498091699699455E-11   0.7330382858376184       4.3037848107633497E-11   0.7330382858376184       4.4735234758939415E-11   0.7330382858376184       4.6550796311649715E-11   0.7330382858376184
0.7504915783575616        9.151196226072887E-12    0.7504915783575616       9.182406441661739E-12    0.7504915783575616       9.527120852195939E-12    0.7504915783575616       1.0622722074551545E-11   0.7504915783575616       1.2066985828918509E-11   0.7504915783575616       1.3689526158692034E-11   0.7504915783575616       1.5335518592676666E-11   0.7504915783575616       1.7173107128189153E-11   0.7504915783575616       1.897453301212642E-11    0.7504915783575616       2.075452894719715E-11    0.7504915783575616       2.2514891215137946E-11   0.7504915783575616       2.4256015496664688E-11   0.7504915783575616       2.5994036836178934E-11   0.7504915783575616       2.773050114028021E-11    0.7504915783575616       2.943003044233745E-11    0.7504915783575616       3.107339556552719E-11    0.7504915783575616       3.26804327295577E-11     0.7504915783575616       3.4224156465406626E-11   0.7504915783575616       3.5657691827113354E-11   0.7504915783575616       3.698584450210373E-11    0.7504915783575616       3.822768183691052E-11    0.7504915783575616       3.93800026719961E-11     0.7504915783575616       4.042044779228975E-11    0.7504915783575616       4.138383421308461E-11    0.7504915783575616       4.226710148316721E-11    0.7504915783575616       4.3069211456191746E-11   0.7504915783575616       4.374681577262155E-11    0.7504915783575616       4.435991320802418E-11    0.7504915783575616       4.4896134870275617E-11   0.7504915783575616       4.534571795828872E-11    0.7504915783575616       4.570304653129981E-11    0.7504915783575616       4.596924086693976E-11    0.7504915783575616       4.614876611227128E-11    0.7504915783575616       4.6316790731963597E-11   0.7504915783575616       4.645165932411911E-11    0.7504915783575616       4.6507571075646594E-11   0.7504915783575616       4.6586322792821236E-11   0.7504915783575616       4.6670757743290995E-11   0.7504915783575616       4.681363933381661E-11    0.7504915783575616       4.70128993443058E-11     0.7504915783575616       4.726282067738912E-11    0.7504915783575616
0.767944870877505         1.1207338365242518E-11   0.767944870877505        9.551581314831274E-12    0.767944870877505        8.398230651146438E-12    0.767944870877505        6.8176856908023976E-12   0.767944870877505        5.2217100947177426E-12   0.767944870877505        3.200297905554831E-12    0.767944870877505        2.5188993285282994E-12   0.767944870877505        3.168156995785413E-12    0.767944870877505        4.921139597466637E-12    0.767944870877505        6.943282619013307E-12    0.767944870877505        9.051589785877688E-12    0.767944870877505        1.118316692254196E-11    0.767944870877505        1.3348941486264935E-11   0.767944870877505        1.5549961217642745E-11   0.767944870877505        1.775226421087393E-11    0.767944870877505        1.9949259067342465E-11   0.767944870877505        2.216806028072547E-11    0.767944870877505        2.438034611160503E-11    0.767944870877505        2.6544442650803897E-11   0.767944870877505        2.867321454831819E-11    0.767944870877505        3.077638558437867E-11    0.767944870877505        3.2839988970193076E-11   0.767944870877505        3.48588792345345E-11     0.767944870877505        3.684556001036591E-11    0.767944870877505        3.8785629237471824E-11   0.767944870877505        4.069209125038274E-11    0.767944870877505        4.2511435216698216E-11   0.767944870877505        4.429511752632363E-11    0.767944870877505        4.60208084914133E-11     0.767944870877505        4.766240730812468E-11    0.767944870877505        4.922457124027506E-11    0.767944870877505        5.0667293890719347E-11   0.767944870877505        5.200407746317121E-11    0.767944870877505        5.328166684589682E-11    0.767944870877505        5.4464189176002133E-11   0.767944870877505        5.551317921950688E-11    0.767944870877505        5.647969219998537E-11    0.767944870877505        5.734575842358992E-11    0.767944870877505        5.815101984577983E-11    0.767944870877505        5.886333750808968E-11    0.767944870877505        5.946566042863313E-11    0.767944870877505
0.7853981633974483        1.254475805841455E-11    0.7853981633974483       1.2952954168560995E-11   0.7853981633974483       1.4409160315232544E-11   0.7853981633974483       1.492448558003881E-11    0.7853981633974483       1.491287473492333E-11    0.7853981633974483       1.501123045118739E-11    0.7853981633974483       1.4336655855891558E-11   0.7853981633974483       1.377302854003921E-11    0.7853981633974483       1.3159772360354085E-11   0.7853981633974483       1.2644039065972534E-11   0.7853981633974483       1.2242107925662333E-11   0.7853981633974483       1.206148191536227E-11    0.7853981633974483       1.2093217624114934E-11   0.7853981633974483       1.2375605260574494E-11   0.7853981633974483       1.288843181010352E-11    0.7853981633974483       1.3601288753649465E-11   0.7853981633974483       1.4528889930332948E-11   0.7853981633974483       1.563831608680766E-11    0.7853981633974483       1.6878271914893495E-11   0.7853981633974483       1.8236684191052147E-11   0.7853981633974483       1.9716498216369813E-11   0.7853981633974483       2.1303988587891383E-11   0.7853981633974483       2.2970419560922278E-11   0.7853981633974483       2.473172435938001E-11    0.7853981633974483       2.656739905849788E-11    0.7853981633974483       2.847771429596279E-11    0.7853981633974483       3.04148482431624E-11     0.7853981633974483       3.24289699329573E-11     0.7853981633974483       3.448771415530916E-11    0.7853981633974483       3.6578519331037335E-11   0.7853981633974483       3.86837833995504E-11     0.7853981633974483       4.077898230991056E-11    0.7853981633974483       4.285632179117511E-11    0.7853981633974483       4.497566390850278E-11    0.7853981633974483       4.706835451777951E-11    0.7853981633974483       4.912966034389718E-11    0.7853981633974483       5.115650220828041E-11    0.7853981633974483       5.3161331392604437E-11   0.7853981633974483       5.51510552933134E-11     0.7853981633974483       5.7090638753686565E-11   0.7853981633974483       5.894895758800918E-11    0.7853981633974483
0.8028514559173915        1.2466628361981416E-11   0.8028514559173915       1.5830229288218665E-11   0.8028514559173915       1.9202212360038714E-11   0.8028514559173915       2.1536410362589642E-11   0.8028514559173915       2.3092132119476867E-11   0.8028514559173915       2.4624895488906568E-11   0.8028514559173915       2.4963360552766438E-11   0.8028514559173915       2.5506609156789805E-11   0.8028514559173915       2.5818383551975433E-11   0.8028514559173915       2.609259793130869E-11    0.8028514559173915       2.63409453750959E-11     0.8028514559173915       2.6651898049995203E-11   0.8028514559173915       2.699758871054025E-11    0.8028514559173915       2.7407556619688027E-11   0.8028514559173915       2.784499283657914E-11    0.8028514559173915       2.8286273857159732E-11   0.8028514559173915       2.8747440569446595E-11   0.8028514559173915       2.920644191613006E-11    0.8028514559173915       2.964517097391307E-11    0.8028514559173915       3.0041106830113536E-11   0.8028514559173915       3.042819451381388E-11    0.8028514559173915       3.083659965662957E-11    0.8028514559173915       3.120857506320548E-11    0.8028514559173915       3.161210566492289E-11    0.8028514559173915       3.2052246932476956E-11   0.8028514559173915       3.252571074581161E-11    0.8028514559173915       3.299072099174928E-11    0.8028514559173915       3.35218425334657E-11     0.8028514559173915       3.4121072683464546E-11   0.8028514559173915       3.4774987960006377E-11   0.8028514559173915       3.5490726415290586E-11   0.8028514559173915       3.626016367137091E-11    0.8028514559173915       3.709352048552487E-11    0.8028514559173915       3.8058175234845625E-11   0.8028514559173915       3.912245930426886E-11    0.8028514559173915       4.0239466698165314E-11   0.8028514559173915       4.147439319411377E-11    0.8028514559173915       4.2812488787044524E-11   0.8028514559173915       4.4278218421519046E-11   0.8028514559173915       4.584580088807918E-11    0.8028514559173915       4.747916836599846E-11    0.8028514559173915
0.8203047484373349        1.3476332203690249E-11   0.8203047484373349       1.475853901140229E-11    0.8203047484373349       1.6416429344165254E-11   0.8203047484373349       1.8116091071984385E-11   0.8203047484373349       1.9666523707172963E-11   0.8203047484373349       2.1154274565081044E-11   0.8203047484373349       2.1983184749113475E-11   0.8203047484373349       2.312227617697913E-11    0.8203047484373349       2.4130920979775182E-11   0.8203047484373349       2.5141493088252235E-11   0.8203047484373349       2.6178521970203523E-11   0.8203047484373349       2.727418209716473E-11    0.8203047484373349       2.843437582997401E-11    0.8203047484373349       2.9671715896945743E-11   0.8203047484373349       3.0942504408864336E-11   0.8203047484373349       3.222681876726452E-11    0.8203047484373349       3.3542717174885316E-11   0.8203047484373349       3.4857778143806635E-11   0.8203047484373349       3.613148468790542E-11    0.8203047484373349       3.736362673058429E-11    0.8203047484373349       3.856386142007283E-11    0.8203047484373349       3.9736717641067496E-11   0.8203047484373349       4.085350685828689E-11    0.8203047484373349       4.19484547266664E-11     0.8203047484373349       4.301102136774688E-11    0.8203047484373349       4.404612835447505E-11    0.8203047484373349       4.499969851546885E-11    0.8203047484373349       4.5931475945649615E-11   0.8203047484373349       4.682581706304543E-11    0.8203047484373349       4.765921261143531E-11    0.8203047484373349       4.842968603241001E-11    0.8203047484373349       4.912133954182709E-11    0.8203047484373349       4.974162166897332E-11    0.8203047484373349       5.034923200016458E-11    0.8203047484373349       5.0910179664189844E-11   0.8203047484373349       5.1384911613977995E-11   0.8203047484373349       5.1846292924602926E-11   0.8203047484373349       5.2269830402284366E-11   0.8203047484373349       5.2702022385583225E-11   0.8203047484373349       5.3118069642106515E-11   0.8203047484373349       5.35078501235267E-11     0.8203047484373349
0.8377580409572781        1.4286134543927725E-11   0.8377580409572781       1.2063288428025677E-11   0.8377580409572781       1.0078608836706268E-11   0.8377580409572781       8.268298336671905E-12    0.8377580409572781       7.162758382169496E-12    0.8377580409572781       5.9858637298364106E-12   0.8377580409572781       6.245587000790988E-12    0.8377580409572781       7.0919882472310805E-12   0.8377580409572781       8.367903545278643E-12    0.8377580409572781       9.824844477722121E-12    0.8377580409572781       1.1370553005559067E-11   0.8377580409572781       1.2953658342978262E-11   0.8377580409572781       1.4595306422078874E-11   0.8377580409572781       1.629065436071399E-11    0.8377580409572781       1.8013509197270356E-11   0.8377580409572781       1.975508084965859E-11    0.8377580409572781       2.1550676883560376E-11   0.8377580409572781       2.3379603136622082E-11   0.8377580409572781       2.5191398555579653E-11   0.8377580409572781       2.701020646025618E-11    0.8377580409572781       2.8853051351622374E-11   0.8377580409572781       3.069814210404746E-11    0.8377580409572781       3.255368477650101E-11    0.8377580409572781       3.442778087455902E-11    0.8377580409572781       3.631095630910998E-11    0.8377580409572781       3.821303011266559E-11    0.8377580409572781       4.008551279178813E-11    0.8377580409572781       4.198856630007023E-11    0.8377580409572781       4.3887034730884075E-11   0.8377580409572781       4.577542146577939E-11    0.8377580409572781       4.763746568718317E-11    0.8377580409572781       4.945348557696264E-11    0.8377580409572781       5.121442496884602E-11    0.8377580409572781       5.299443044658166E-11    0.8377580409572781       5.4731086583573914E-11   0.8377580409572781       5.64033705107821E-11     0.8377580409572781       5.8036691378023424E-11   0.8377580409572781       5.963728710397096E-11    0.8377580409572781       6.121898997339695E-11    0.8377580409572781       6.275399401294116E-11    0.8377580409572781       6.420854516087868E-11    0.8377580409572781
0.8552113334772214        1.3901227332189657E-11   0.8552113334772216       1.2905184441415635E-11   0.8552113334772216       1.2888594514547166E-11   0.8552113334772216       1.2937901689587746E-11   0.8552113334772216       1.2816633477719941E-11   0.8552113334772216       1.351991292876824E-11    0.8552113334772216       1.3524679495612158E-11   0.8552113334772216       1.3983393369162421E-11   0.8552113334772216       1.4447987914571705E-11   0.8552113334772216       1.4997457646065797E-11   0.8552113334772216       1.558155419829081E-11    0.8552113334772216       1.625104345662509E-11    0.8552113334772216       1.6956694789192123E-11   0.8552113334772216       1.7719616273269448E-11   0.8552113334772216       1.8508470279156866E-11   0.8552113334772216       1.9301819177131933E-11   0.8552113334772216       2.0122527211870645E-11   0.8552113334772216       2.0952966962373828E-11   0.8552113334772216       2.178062339761923E-11    0.8552113334772216       2.259339367527871E-11    0.8552113334772216       2.3413765547636132E-11   0.8552113334772216       2.42739357749343E-11     0.8552113334772216       2.5119843300309772E-11   0.8552113334772216       2.601257532455735E-11    0.8552113334772216       2.6947526439072537E-11   0.8552113334772216       2.7925289594998093E-11   0.8552113334772216       2.890440970432276E-11    0.8552113334772216       2.994674198643106E-11    0.8552113334772216       3.104859592296112E-11    0.8552113334772216       3.218979321844009E-11    0.8552113334772216       3.3376099355129693E-11   0.8552113334772216       3.4583870957453226E-11   0.8552113334772216       3.582842262747814E-11    0.8552113334772216       3.7161414510781766E-11   0.8552113334772216       3.854474717920274E-11    0.8552113334772216       3.995133620587557E-11    0.8552113334772216       4.141894366289356E-11    0.8552113334772216       4.294108889113518E-11    0.8552113334772216       4.454722105836378E-11    0.8552113334772216       4.62030337505045E-11     0.8552113334772216       4.788435495596096E-11    0.8552113334772216
0.8726646259971648        1.2390710272488475E-11   0.8726646259971648       1.5793597007745083E-11   0.8726646259971648       1.8223020330966118E-11   0.8726646259971648       2.0506510101200424E-11   0.8726646259971648       2.1942639582521324E-11   0.8726646259971648       2.3899816922074685E-11   0.8726646259971648       2.4344972095616936E-11   0.8726646259971648       2.5314115649193748E-11   0.8726646259971648       2.613055730821556E-11    0.8726646259971648       2.698642387034944E-11    0.8726646259971648       2.7886802784447405E-11   0.8726646259971648       2.8886944346421635E-11   0.8726646259971648       2.997228952546972E-11    0.8726646259971648       3.115290737755565E-11    0.8726646259971648       3.238259454023892E-11    0.8726646259971648       3.363331636657569E-11    0.8726646259971648       3.4923093313931686E-11   0.8726646259971648       3.622292571875058E-11    0.8726646259971648       3.748974287151199E-11    0.8726646259971648       3.871622609390961E-11    0.8726646259971648       3.9930109768638413E-11   0.8726646259971648       4.113385512524806E-11    0.8726646259971648       4.229556296858549E-11    0.8726646259971648       4.3457073637033466E-11   0.8726646259971648       4.461312477287399E-11    0.8726646259971648       4.5762114389802535E-11   0.8726646259971648       4.6845663383366835E-11   0.8726646259971648       4.793591011034554E-11    0.8726646259971648       4.901074921162155E-11    0.8726646259971648       5.0051824131888757E-11   0.8726646259971648       5.104560031688223E-11    0.8726646259971648       5.1984526957708104E-11   0.8726646259971648       5.285964983793993E-11    0.8726646259971648       5.374727055260473E-11    0.8726646259971648       5.460259176404197E-11    0.8726646259971648       5.536938203228657E-11    0.8726646259971648       5.613132665145396E-11    0.8726646259971648       5.686229864697315E-11    0.8726646259971648       5.759783972965604E-11    0.8726646259971648       5.831807724106715E-11    0.8726646259971648       5.899562049270881E-11    0.8726646259971648
0.890117918517108         1.4755108080985027E-11   0.890117918517108        1.4154434948232747E-11   0.890117918517108        1.2601596328268123E-11   0.890117918517108        1.2228098469712259E-11   0.890117918517108        1.233311670808542E-11    0.890117918517108        1.2663458503390248E-11   0.890117918517108        1.2609523602267772E-11   0.890117918517108        1.3152649933280811E-11   0.890117918517108        1.381121221301688E-11    0.890117918517108        1.459274496975917E-11    0.890117918517108        1.5479320595685E-11      0.890117918517108        1.6456803882953514E-11   0.890117918517108        1.7531925303539418E-11   0.890117918517108        1.870427482843357E-11    0.890117918517108        1.993207877038776E-11    0.890117918517108        2.1201812676196997E-11   0.890117918517108        2.254064760147563E-11    0.890117918517108        2.3919002662302855E-11   0.890117918517108        2.5296865106855565E-11   0.890117918517108        2.669079759750053E-11    0.890117918517108        2.810987189029237E-11    0.890117918517108        2.954912451011164E-11    0.890117918517108        3.1002344514853465E-11   0.890117918517108        3.248922037036271E-11    0.890117918517108        3.3999303302629886E-11   0.890117918517108        3.554682199373138E-11    0.890117918517108        3.70876509321929E-11     0.890117918517108        3.8676360945222945E-11   0.890117918517108        4.0290711873040605E-11   0.890117918517108        4.191586824301467E-11    0.890117918517108        4.35524593091137E-11     0.890117918517108        4.516661701929163E-11    0.890117918517108        4.677074539182753E-11    0.890117918517108        4.841594875136261E-11    0.890117918517108        5.005303708182761E-11    0.890117918517108        5.166782326380039E-11    0.890117918517108        5.327500873464609E-11    0.890117918517108        5.4878870832273915E-11   0.890117918517108        5.6500648103797865E-11   0.890117918517108        5.810070967965764E-11    0.890117918517108        5.96569062895293E-11     0.890117918517108
0.9075712110370514        1.2222709247605412E-11   0.9075712110370514       9.683733795735573E-12    0.9075712110370514       7.69349193345532E-12     0.9075712110370514       6.51841348348057E-12     0.9075712110370514       6.2232875912540595E-12   0.9075712110370514       7.545894876229452E-12    0.9075712110370514       8.797775108569699E-12    0.9075712110370514       1.0654920636667678E-11   0.9075712110370514       1.238986659747535E-11    0.9075712110370514       1.40851361178578E-11     0.9075712110370514       1.5693351277815108E-11   0.9075712110370514       1.728826011422121E-11    0.9075712110370514       1.88465448182543E-11     0.9075712110370514       2.040479677826213E-11    0.9075712110370514       2.1934190916603532E-11   0.9075712110370514       2.3420413293982763E-11   0.9075712110370514       2.4895422793020505E-11   0.9075712110370514       2.6339154742057326E-11   0.9075712110370514       2.772762255125495E-11    0.9075712110370514       2.9045703834537127E-11   0.9075712110370514       3.032800435987921E-11    0.9075712110370514       3.159359003081128E-11    0.9075712110370514       3.279245094974423E-11    0.9075712110370514       3.3982672511216824E-11   0.9075712110370514       3.5162146261243576E-11   0.9075712110370514       3.6330538107660865E-11   0.9075712110370514       3.743518487993012E-11    0.9075712110370514       3.855267293183246E-11    0.9075712110370514       3.967656075566012E-11    0.9075712110370514       4.078650412492279E-11    0.9075712110370514       4.188655570633238E-11    0.9075712110370514       4.2963282390983874E-11   0.9075712110370514       4.4021109342766644E-11   0.9075712110370514       4.5135587245475505E-11   0.9075712110370514       4.6268546876348015E-11   0.9075712110370514       4.736961860947181E-11    0.9075712110370514       4.8515578888156824E-11   0.9075712110370514       4.968746527956318E-11    0.9075712110370514       5.0921445807622286E-11   0.9075712110370514       5.219416608190394E-11    0.9075712110370514       5.3472963196310544E-11   0.9075712110370514
0.9250245035569946        8.093842268759209E-12    0.9250245035569946       1.0012055307570658E-11   0.9250245035569946       1.2223569186061688E-11   0.9250245035569946       1.4171684244617931E-11   0.9250245035569946       1.4978114143508252E-11   0.9250245035569946       1.68476005448548E-11     0.9250245035569946       1.7027597844123695E-11   0.9250245035569946       1.818952546718899E-11    0.9250245035569946       1.9029501427146514E-11   0.9250245035569946       1.9928008552161793E-11   0.9250245035569946       2.0891656158042522E-11   0.9250245035569946       2.1961792499015146E-11   0.9250245035569946       2.313532339825559E-11    0.9250245035569946       2.4418361703332335E-11   0.9250245035569946       2.5769772885997693E-11   0.9250245035569946       2.7166037409209456E-11   0.9250245035569946       2.863155936731677E-11    0.9250245035569946       3.013627936464146E-11    0.9250245035569946       3.1631513601687177E-11   0.9250245035569946       3.3128253867853134E-11   0.9250245035569946       3.46380605982454E-11     0.9250245035569946       3.615396225399016E-11    0.9250245035569946       3.766071030659125E-11    0.9250245035569946       3.9184841406821904E-11   0.9250245035569946       4.071337788799034E-11    0.9250245035569946       4.225272722552119E-11    0.9250245035569946       4.375379129239453E-11    0.9250245035569946       4.5277933125645375E-11   0.9250245035569946       4.679682095943099E-11    0.9250245035569946       4.830295538070179E-11    0.9250245035569946       4.977789165855097E-11    0.9250245035569946       5.1211980283866236E-11   0.9250245035569946       5.2602444561478865E-11   0.9250245035569946       5.402146576118481E-11    0.9250245035569946       5.541245876284556E-11    0.9250245035569946       5.675408515681447E-11    0.9250245035569946       5.8085897342660564E-11   0.9250245035569946       5.940598288411907E-11    0.9250245035569946       6.073761245281867E-11    0.9250245035569946       6.205124699240061E-11    0.9250245035569946       6.332242713472137E-11    0.9250245035569946
0.9424777960769379        1.2553773122841804E-11   0.9424777960769379       1.1075530842974925E-11   0.9424777960769379       1.0268431808703556E-11   0.9424777960769379       1.0936805888645687E-11   0.9424777960769379       1.1133950068347569E-11   0.9424777960769379       1.2561149701607097E-11   0.9424777960769379       1.2566852218612065E-11   0.9424777960769379       1.370916008876376E-11    0.9424777960769379       1.4553202405934673E-11   0.9424777960769379       1.539977210953762E-11    0.9424777960769379       1.6234998966122678E-11   0.9424777960769379       1.7109472054829804E-11   0.9424777960769379       1.8013623861454232E-11   0.9424777960769379       1.8975577470195805E-11   0.9424777960769379       1.996123582461674E-11    0.9424777960769379       2.09586276198492E-11     0.9424777960769379       2.199979657230186E-11    0.9424777960769379       2.306164142086677E-11    0.9424777960769379       2.4120655387757255E-11   0.9424777960769379       2.5170567395987198E-11   0.9424777960769379       2.623439613591681E-11    0.9424777960769379       2.732872130203704E-11    0.9424777960769379       2.8411940320279206E-11   0.9424777960769379       2.952935832066003E-11    0.9424777960769379       3.067366286379822E-11    0.9424777960769379       3.1848257167194935E-11   0.9424777960769379       3.3000977383322066E-11   0.9424777960769379       3.419639268921714E-11    0.9424777960769379       3.5424703628828996E-11   0.9424777960769379       3.6660493208208145E-11   0.9424777960769379       3.7914811595654704E-11   0.9424777960769379       3.9153396698458544E-11   0.9424777960769379       4.0394189809073497E-11   0.9424777960769379       4.1692096872420137E-11   0.9424777960769379       4.301084879891763E-11    0.9424777960769379       4.431666975504404E-11    0.9424777960769379       4.565634986716393E-11    0.9424777960769379       4.702238590657324E-11    0.9424777960769379       4.844931430392515E-11    0.9424777960769379       4.990462098902594E-11    0.9424777960769379       5.136328027935348E-11    0.9424777960769379
0.9599310885968813        1.0173312450798992E-11   0.9599310885968814       5.498822734280856E-12    0.9599310885968814       2.681318880120678E-12    0.9599310885968814       2.388368174704743E-12    0.9599310885968814       4.7187856982026596E-12   0.9599310885968814       8.665980052059887E-12    0.9599310885968814       1.1041959303688528E-11   0.9599310885968814       1.362734407173157E-11    0.9599310885968814       1.5996030720646272E-11   0.9599310885968814       1.8181501659554316E-11   0.9599310885968814       2.0212513313024783E-11   0.9599310885968814       2.217225042983812E-11    0.9599310885968814       2.40835611713742E-11     0.9599310885968814       2.5983669686107714E-11   0.9599310885968814       2.7847963621598665E-11   0.9599310885968814       2.966892386737964E-11    0.9599310885968814       3.148796147215336E-11    0.9599310885968814       3.3282287756370096E-11   0.9599310885968814       3.5015395869588886E-11   0.9599310885968814       3.669286090267365E-11    0.9599310885968814       3.8348329835953186E-11   0.9599310885968814       3.998530920102755E-11    0.9599310885968814       4.157750439767838E-11    0.9599310885968814       4.316983238180107E-11    0.9599310885968814       4.4757782402828093E-11   0.9599310885968814       4.634443253776999E-11    0.9599310885968814       4.787388189781454E-11    0.9599310885968814       4.942303221172139E-11    0.9599310885968814       5.0967470475267645E-11   0.9599310885968814       5.249259179061368E-11    0.9599310885968814       5.3986360783148417E-11   0.9599310885968814       5.54384357485388E-11     0.9599310885968814       5.68416856525399E-11     0.9599310885968814       5.827971095756397E-11    0.9599310885968814       5.970034928675576E-11    0.9599310885968814       6.105558367129531E-11    0.9599310885968814       6.241766195449781E-11    0.9599310885968814       6.376786797881318E-11    0.9599310885968814       6.514226354777609E-11    0.9599310885968814       6.651042646053242E-11    0.9599310885968814       6.783996769204412E-11    0.9599310885968814
0.9773843811168246        5.933936150968898E-12    0.9773843811168246       6.700865241991321E-12    0.9773843811168246       9.641364825056972E-12    0.9773843811168246       1.0863434392381602E-11   0.9773843811168246       1.170531727759099E-11    0.9773843811168246       1.3495430129306572E-11   0.9773843811168246       1.3784481173980234E-11   0.9773843811168246       1.480466611594396E-11    0.9773843811168246       1.5586133963504096E-11   0.9773843811168246       1.6394844398042266E-11   0.9773843811168246       1.7231107970770124E-11   0.9773843811168246       1.815209987515972E-11    0.9773843811168246       1.914352176099676E-11    0.9773843811168246       2.0219566359283712E-11   0.9773843811168246       2.1344648462580245E-11   0.9773843811168246       2.2493353858912096E-11   0.9773843811168246       2.3692729261698736E-11   0.9773843811168246       2.4922886172563884E-11   0.9773843811168246       2.6138500086923803E-11   0.9773843811168246       2.734620293049588E-11    0.9773843811168246       2.856435489747914E-11    0.9773843811168246       2.979916587897551E-11    0.9773843811168246       3.1019956678234575E-11   0.9773843811168246       3.2266455687942435E-11   0.9773843811168246       3.352892877360776E-11    0.9773843811168246       3.48088647094785E-11     0.9773843811168246       3.605901478303947E-11    0.9773843811168246       3.734228605486879E-11    0.9773843811168246       3.863948120888649E-11    0.9773843811168246       3.994066920741691E-11    0.9773843811168246       4.1229941748460794E-11   0.9773843811168246       4.2497934835866027E-11   0.9773843811168246       4.374242333464158E-11    0.9773843811168246       4.503999580741164E-11    0.9773843811168246       4.6334021411595345E-11   0.9773843811168246       4.760434531435873E-11    0.9773843811168246       4.8892071844926996E-11   0.9773843811168246       5.020582294051049E-11    0.9773843811168246       5.1566004044384556E-11   0.9773843811168246       5.2954032015717895E-11   0.9773843811168246       5.4345341828348266E-11   0.9773843811168246
0.9948376736367678        1.2531218124391144E-11   0.9948376736367677       1.1016926744711743E-11   0.9948376736367677       1.0005649018233252E-11   0.9948376736367677       1.1158384332001579E-11   0.9948376736367677       1.1617514369610692E-11   0.9948376736367677       1.398224405618198E-11    0.9948376736367677       1.4511857706891967E-11   0.9948376736367677       1.6062315168531244E-11   0.9948376736367677       1.741204516554503E-11    0.9948376736367677       1.872608014787613E-11    0.9948376736367677       2.0014482608471315E-11   0.9948376736367677       2.132403762356943E-11    0.9948376736367677       2.266215808112285E-11    0.9948376736367677       2.4050325811162603E-11   0.9948376736367677       2.5452381060252273E-11   0.9948376736367677       2.6855069599335886E-11   0.9948376736367677       2.8287932977873745E-11   0.9948376736367677       2.972038085383134E-11    0.9948376736367677       3.1124237139998944E-11   0.9948376736367677       3.250150690022511E-11    0.9948376736367677       3.3870780606465786E-11   0.9948376736367677       3.5242099201183116E-11   0.9948376736367677       3.658928080026873E-11    0.9948376736367677       3.795257393578674E-11    0.9948376736367677       3.9325777170760516E-11   0.9948376736367677       4.071771028085595E-11    0.9948376736367677       4.2076139421554975E-11   0.9948376736367677       4.346629064171792E-11    0.9948376736367677       4.486893918311507E-11    0.9948376736367677       4.626267521286614E-11    0.9948376736367677       4.764711314082703E-11    0.9948376736367677       4.8992400391297995E-11   0.9948376736367677       5.031099529373751E-11    0.9948376736367677       5.16536254221363E-11     0.9948376736367677       5.297846929817312E-11    0.9948376736367677       5.425018041926425E-11    0.9948376736367677       5.5515940109774785E-11   0.9948376736367677       5.6758329040093307E-11   0.9948376736367677       5.8013568281639864E-11   0.9948376736367677       5.92440569442305E-11     0.9948376736367677       6.042896582355725E-11    0.9948376736367677
1.0122909661567112        8.205514653847444E-12    1.0122909661567112       5.312914917066196E-12    1.0122909661567112       3.491716049017305E-12    1.0122909661567112       3.5558432958287832E-12   1.0122909661567112       5.1151895575325986E-12   1.0122909661567112       7.48606873577157E-12     1.0122909661567112       9.123574488101968E-12    1.0122909661567112       1.0936387752728144E-11   1.0122909661567112       1.2594112693621085E-11   1.0122909661567112       1.4185275167854418E-11   1.0122909661567112       1.570758348811133E-11    1.0122909661567112       1.7238280216511523E-11   1.0122909661567112       1.8764342874867017E-11   1.0122909661567112       2.0319589493269157E-11   1.0122909661567112       2.186444789149743E-11    1.0122909661567112       2.3383791330066993E-11   1.0122909661567112       2.4908697079214197E-11   1.0122909661567112       2.641147123447778E-11    1.0122909661567112       2.7861124173613175E-11   1.0122909661567112       2.9249026946775E-11      1.0122909661567112       3.0605494414074105E-11   1.0122909661567112       3.1945587568210876E-11   1.0122909661567112       3.3226643395511736E-11   1.0122909661567112       3.450426869097088E-11    1.0122909661567112       3.577417069176009E-11    1.0122909661567112       3.704282535986E-11       1.0122909661567112       3.826039069248705E-11    1.0122909661567112       3.950307239038105E-11    1.0122909661567112       4.076405944053548E-11    1.0122909661567112       4.202185134244789E-11    1.0122909661567112       4.328720167290884E-11    1.0122909661567112       4.4535186279257624E-11   1.0122909661567112       4.5777056293938026E-11   1.0122909661567112       4.7081405711752835E-11   1.0122909661567112       4.840980648701219E-11    1.0122909661567112       4.971447128938699E-11    1.0122909661567112       5.1058450131475595E-11   1.0122909661567112       5.2426259464610696E-11   1.0122909661567112       5.385481869674688E-11    1.0122909661567112       5.5309705460628047E-11   1.0122909661567112       5.6761146104270034E-11   1.0122909661567112
1.0297442586766543        8.743105963425124E-12    1.0297442586766543       9.76832651519659E-12     1.0297442586766543       1.2732079156509655E-11   1.0297442586766543       1.457027989898E-11       1.0297442586766543       1.5611988547816654E-11   1.0297442586766543       1.77230006432956E-11     1.0297442586766543       1.7832922453338837E-11   1.0297442586766543       1.9488157731823352E-11   1.0297442586766543       2.0463453040622474E-11   1.0297442586766543       2.1489892193745727E-11   1.0297442586766543       2.2581038412861065E-11   1.0297442586766543       2.3803858177959855E-11   1.0297442586766543       2.515287864401744E-11    1.0297442586766543       2.6642488477122973E-11   1.0297442586766543       2.8221832653392145E-11   1.0297442586766543       2.986074163585556E-11    1.0297442586766543       3.158358870796865E-11    1.0297442586766543       3.335388706222593E-11    1.0297442586766543       3.511213420890254E-11    1.0297442586766543       3.68562055006135E-11     1.0297442586766543       3.8608693827682845E-11   1.0297442586766543       4.036191818954471E-11    1.0297442586766543       4.208677133808206E-11    1.0297442586766543       4.381766292511537E-11    1.0297442586766543       4.554751213658728E-11    1.0297442586766543       4.7278019107007545E-11   1.0297442586766543       4.8950277817584136E-11   1.0297442586766543       5.064380080450331E-11    1.0297442586766543       5.2333999727470404E-11   1.0297442586766543       5.400571664608608E-11    1.0297442586766543       5.5653733952238747E-11   1.0297442586766543       5.725871919257172E-11    1.0297442586766543       5.882256952086285E-11    1.0297442586766543       6.043202682342255E-11    1.0297442586766543       6.203071196279303E-11    1.0297442586766543       6.357835280840597E-11    1.0297442586766543       6.513633402355819E-11    1.0297442586766543       6.669802450509513E-11    1.0297442586766543       6.829319248436256E-11    1.0297442586766543       6.989235782285611E-11    1.0297442586766543       7.145906077034798E-11    1.0297442586766543
1.0471975511965976        1.2615615371691436E-11   1.0471975511965976       7.218282936876802E-12    1.0471975511965976       2.808839698981509E-12    1.0471975511965976       1.2896932503215824E-12   1.0471975511965976       4.702067181911951E-12    1.0471975511965976       8.674151452165274E-12    1.0471975511965976       1.0158208813351088E-11   1.0471975511965976       1.408818376622085E-11    1.0471975511965976       1.6335761587927924E-11   1.0471975511965976       1.8343855664771215E-11   1.0471975511965976       2.016386310278837E-11    1.0471975511965976       2.1909990100891904E-11   1.0471975511965976       2.361268516932006E-11    1.0471975511965976       2.531895230324252E-11    1.0471975511965976       2.701190360575694E-11    1.0471975511965976       2.868131433755008E-11    1.0471975511965976       3.036940082437973E-11    1.0471975511965976       3.2055455807374184E-11   1.0471975511965976       3.36998899531886E-11     1.0471975511965976       3.5302510681043226E-11   1.0471975511965976       3.6893025131795575E-11   1.0471975511965976       3.8478795578483154E-11   1.0471975511965976       4.0019271117994284E-11   1.0471975511965976       4.1564887941056564E-11   1.0471975511965976       4.3107694300684354E-11   1.0471975511965976       4.464814837762025E-11    1.0471975511965976       4.6126165534069656E-11   1.0471975511965976       4.762223714916505E-11    1.0471975511965976       4.911491423223838E-11    1.0471975511965976       5.0592646903363545E-11   1.0471975511965976       5.20374747184935E-11     1.0471975511965976       5.344606307853621E-11    1.0471975511965976       5.4811394805513437E-11   1.0471975511965976       5.622672494560187E-11    1.0471975511965976       5.763286183410586E-11    1.0471975511965976       5.898297918140224E-11    1.0471975511965976       6.035383960267174E-11    1.0471975511965976       6.173003531891053E-11    1.0471975511965976       6.314261422296302E-11    1.0471975511965976       6.456596756790632E-11    1.0471975511965976       6.596288337993959E-11    1.0471975511965976
1.064650843716541         5.199745072715839E-13    1.064650843716541        3.8465156859177776E-12   1.064650843716541        6.510652403634036E-12    1.064650843716541        8.525910481501152E-12    1.064650843716541        1.0803372795755663E-11   1.064650843716541        1.2577616653797278E-11   1.064650843716541        1.3118013837773134E-11   1.064650843716541        1.532477451262472E-11    1.064650843716541        1.6393925865083394E-11   1.064650843716541        1.7451545456784568E-11   1.064650843716541        1.8527600350360566E-11   1.064650843716541        1.9690547698984544E-11   1.064650843716541        2.0947422594078254E-11   1.064650843716541        2.231457892595498E-11    1.064650843716541        2.3752764319404896E-11   1.064650843716541        2.5234719734069482E-11   1.064650843716541        2.6788300266791406E-11   1.064650843716541        2.8381714378348322E-11   1.064650843716541        2.9955910139356026E-11   1.064650843716541        3.1518744180729396E-11   1.064650843716541        3.308195321803471E-11    1.064650843716541        3.463813602313184E-11    1.064650843716541        3.6160717389457326E-11   1.064650843716541        3.7682604761186777E-11   1.064650843716541        3.9190622738496944E-11   1.064650843716541        4.0688236660716246E-11   1.064650843716541        4.212540089902261E-11    1.064650843716541        4.357260158402031E-11    1.064650843716541        4.5007490984869026E-11   1.064650843716541        4.6425922101939205E-11   1.064650843716541        4.781312642713677E-11    1.064650843716541        4.9167136986770944E-11   1.064650843716541        5.0486054106465966E-11   1.064650843716541        5.1863025438516435E-11   1.064650843716541        5.323879073012243E-11    1.064650843716541        5.45972394842075E-11     1.064650843716541        5.598422408463623E-11    1.064650843716541        5.74110349535907E-11     1.064650843716541        5.890271457745636E-11    1.064650843716541        6.043490700142778E-11    1.064650843716541        6.197907010900681E-11    1.064650843716541
1.0821041362364843        1.3558831198223363E-11   1.0821041362364843       9.239835756841204E-12    1.0821041362364843       4.13689764455785E-12     1.0821041362364843       4.639449065418575E-12    1.0821041362364843       7.062519853003025E-12    1.0821041362364843       9.865968409152558E-12    1.0821041362364843       1.11591730272493E-11     1.0821041362364843       1.4960027385686563E-11   1.0821041362364843       1.668335048380754E-11    1.0821041362364843       1.8178152395970734E-11   1.0821041362364843       1.9523781032069252E-11   1.0821041362364843       2.0834214325861896E-11   1.0821041362364843       2.2157062117041612E-11   1.0821041362364843       2.3544699075294566E-11   1.0821041362364843       2.4985286442528398E-11   1.0821041362364843       2.647391129298205E-11    1.0821041362364843       2.8050943674722086E-11   1.0821041362364843       2.96926451736135E-11     1.0821041362364843       3.1350702281761283E-11   1.0821041362364843       3.3031400931791064E-11   1.0821041362364843       3.474399732114458E-11    1.0821041362364843       3.6478760454418075E-11   1.0821041362364843       3.820633885999833E-11    1.0821041362364843       3.9950577208580356E-11   1.0821041362364843       4.169206835267095E-11    1.0821041362364843       4.342979500367604E-11    1.0821041362364843       4.510295907307918E-11    1.0821041362364843       4.677488671727161E-11    1.0821041362364843       4.841499525190841E-11    1.0821041362364843       5.0009658543080546E-11   1.0821041362364843       5.154256222835701E-11    1.0821041362364843       5.300207333986646E-11    1.0821041362364843       5.4388547044476526E-11   1.0821041362364843       5.578212254987824E-11    1.0821041362364843       5.712838032714112E-11    1.0821041362364843       5.840922567944913E-11    1.0821041362364843       5.967563839287572E-11    1.0821041362364843       6.093196311646002E-11    1.0821041362364843       6.221070609105085E-11    1.0821041362364843       6.348831660590992E-11    1.0821041362364843       6.474716035965492E-11    1.0821041362364843
1.0995574287564276        3.702280845668369E-12    1.0995574287564276       1.3557616860845827E-12   1.0995574287564276       5.482049803750672E-12    1.0995574287564276       7.87275919817521E-12     1.0995574287564276       1.1591961286985974E-11   1.0995574287564276       1.324019126852673E-11    1.0995574287564276       1.4864351162514965E-11   1.0995574287564276       1.7799079652926607E-11   1.0995574287564276       1.9033641869270298E-11   1.0995574287564276       2.0108923870714586E-11   1.0995574287564276       2.107082915514851E-11    1.0995574287564276       2.2015551352380598E-11   1.0995574287564276       2.2961508195005298E-11   1.0995574287564276       2.3951478910063236E-11   1.0995574287564276       2.4969928617463453E-11   1.0995574287564276       2.6010211579791608E-11   1.0995574287564276       2.7113179331562528E-11   1.0995574287564276       2.826286560087918E-11    1.0995574287564276       2.943258783373353E-11    1.0995574287564276       3.0624437586775323E-11   1.0995574287564276       3.185924907518268E-11    1.0995574287564276       3.314739673899952E-11    1.0995574287564276       3.444876236887185E-11    1.0995574287564276       3.5802475513425974E-11   1.0995574287564276       3.719318134725458E-11    1.0995574287564276       3.86150386736207E-11     1.0995574287564276       4.0007699087636395E-11   1.0995574287564276       4.142942797028781E-11    1.0995574287564276       4.2853186835870646E-11   1.0995574287564276       4.4257029958109534E-11   1.0995574287564276       4.5621174007125036E-11   1.0995574287564276       4.692878310114157E-11    1.0995574287564276       4.8176837101744894E-11   1.0995574287564276       4.943402801761128E-11    1.0995574287564276       5.064725715089027E-11    1.0995574287564276       5.178521134551642E-11    1.0995574287564276       5.290693011658223E-11    1.0995574287564276       5.4004375798572726E-11   1.0995574287564276       5.5114630123273365E-11   1.0995574287564276       5.621602596043719E-11    1.0995574287564276       5.7292401675442614E-11   1.0995574287564276
1.117010721276371         2.03309064695327E-11     1.117010721276371        1.5157615478535464E-11   1.117010721276371        1.0474622150970018E-11   1.117010721276371        8.938808635344887E-12    1.117010721276371        7.980211551648193E-12    1.117010721276371        8.115015522515885E-12    1.117010721276371        9.200469091927451E-12    1.117010721276371        1.292263613358543E-11    1.117010721276371        1.456836609560318E-11    1.117010721276371        1.607086163832152E-11    1.117010721276371        1.7444090898618828E-11   1.117010721276371        1.8749626574882115E-11   1.117010721276371        2.0021864346134638E-11   1.117010721276371        2.1299041379797325E-11   1.117010721276371        2.2567173448591416E-11   1.117010721276371        2.3824228176582982E-11   1.117010721276371        2.511553213659952E-11    1.117010721276371        2.6423923219051728E-11   1.117010721276371        2.7717937018989088E-11   1.117010721276371        2.9014451706716057E-11   1.117010721276371        3.0330464637941854E-11   1.117010721276371        3.167575804519271E-11    1.117010721276371        3.3025033697881455E-11   1.117010721276371        3.441553624742671E-11    1.117010721276371        3.5835061076867446E-11   1.117010721276371        3.728763061930792E-11    1.117010721276371        3.872377491038357E-11    1.117010721276371        4.020013364573163E-11    1.117010721276371        4.169318679924508E-11    1.117010721276371        4.318419204510449E-11    1.117010721276371        4.4659625166048696E-11   1.117010721276371        4.6094480628787314E-11   1.117010721276371        4.7490380008010335E-11   1.117010721276371        4.890969028121825E-11    1.117010721276371        5.029514151001055E-11    1.117010721276371        5.162292893652173E-11    1.117010721276371        5.292789032556625E-11    1.117010721276371        5.421005799039018E-11    1.117010721276371        5.5496925402860447E-11   1.117010721276371        5.676078582754155E-11    1.117010721276371        5.7980445812260014E-11   1.117010721276371
1.1344640137963142        7.259279473557498E-12    1.1344640137963142       2.399375728687248E-12    1.1344640137963142       3.72543410690696E-12     1.1344640137963142       5.051302421495339E-12    1.1344640137963142       9.50887870392875E-12     1.1344640137963142       1.1643851934745717E-11   1.1344640137963142       1.3634629732569784E-11   1.1344640137963142       1.6320609043039872E-11   1.1344640137963142       1.7781041651601096E-11   1.1344640137963142       1.9073910654526538E-11   1.1344640137963142       2.0258926506548444E-11   1.1344640137963142       2.1424638023200775E-11   1.1344640137963142       2.260686577226424E-11    1.1344640137963142       2.3844926136632374E-11   1.1344640137963142       2.5119816642046867E-11   1.1344640137963142       2.64235256616997E-11     1.1344640137963142       2.7795281362220177E-11   1.1344640137963142       2.9211724990826233E-11   1.1344640137963142       3.0630635493416635E-11   1.1344640137963142       3.20631594186208E-11     1.1344640137963142       3.352047965568918E-11    1.1344640137963142       3.500413790777379E-11    1.1344640137963142       3.648547382246386E-11    1.1344640137963142       3.7997794954733586E-11   1.1344640137963142       3.952531552145546E-11    1.1344640137963142       4.107268435320595E-11    1.1344640137963142       4.258740328898051E-11    1.1344640137963142       4.4131664962571666E-11   1.1344640137963142       4.5681538195239757E-11   1.1344640137963142       4.722330861185328E-11    1.1344640137963142       4.8747133033433075E-11   1.1344640137963142       5.023456627480757E-11    1.1344640137963142       5.1692331549178223E-11   1.1344640137963142       5.3190816233529855E-11   1.1344640137963142       5.4675862865330765E-11   1.1344640137963142       5.612899695790926E-11    1.1344640137963142       5.758700467777378E-11    1.1344640137963142       5.905365727665771E-11    1.1344640137963142       6.055459023946849E-11    1.1344640137963142       6.205758650834852E-11    1.1344640137963142       6.353916898050395E-11    1.1344640137963142
1.1519173063162575        2.086068052831E-11       1.1519173063162575       1.468003866931626E-11    1.1519173063162575       9.274028725717417E-12    1.1519173063162575       5.770715928298915E-12    1.1519173063162575       6.273755577524349E-12    1.1519173063162575       9.157205082561027E-12    1.1519173063162575       1.0224349156921265E-11   1.1519173063162575       1.4015887757523009E-11   1.1519173063162575       1.6438651091756535E-11   1.1519173063162575       1.856506621365174E-11    1.1519173063162575       2.043295315741549E-11    1.1519173063162575       2.2134675059107667E-11   1.1519173063162575       2.3724329671304528E-11   1.1519173063162575       2.5260958849548548E-11   1.1519173063162575       2.6745753629136767E-11   1.1519173063162575       2.8190591937921773E-11   1.1519173063162575       2.965615683023752E-11    1.1519173063162575       3.113815951823657E-11    1.1519173063162575       3.2610650758858904E-11   1.1519173063162575       3.409650554370732E-11    1.1519173063162575       3.56239467338735E-11     1.1519173063162575       3.7202031495501997E-11   1.1519173063162575       3.8805583018668306E-11   1.1519173063162575       4.0472409863595234E-11   1.1519173063162575       4.218525901996927E-11    1.1519173063162575       4.3943378390824077E-11   1.1519173063162575       4.568196113842258E-11    1.1519173063162575       4.746137218986457E-11    1.1519173063162575       4.924513340338519E-11    1.1519173063162575       5.10101246011567E-11     1.1519173063162575       5.273040772222657E-11    1.1519173063162575       5.4384223901547425E-11   1.1519173063162575       5.5962868442626874E-11   1.1519173063162575       5.7539767367370314E-11   1.1519173063162575       5.905070113742818E-11    1.1519173063162575       6.046634906224515E-11    1.1519173063162575       6.183744983970614E-11    1.1519173063162575       6.316289159344813E-11    1.1519173063162575       6.447380723580237E-11    1.1519173063162575       6.574616244289848E-11    1.1519173063162575       6.696379302643516E-11    1.1519173063162575
1.1693705988362006        5.190022620650174E-12    1.1693705988362006       2.9334422083684523E-12   1.1693705988362006       3.982244011766675E-12    1.1693705988362006       6.593871392558785E-12    1.1693705988362006       9.34876276660139E-12     1.1693705988362006       1.498387022704813E-11    1.1693705988362006       1.470432073475535E-11    1.1693705988362006       1.6562709230153324E-11   1.1693705988362006       1.858627815203865E-11    1.1693705988362006       2.0419172172431378E-11   1.1693705988362006       2.2102218203829162E-11   1.1693705988362006       2.3726379368159394E-11   1.1693705988362006       2.5308849160149807E-11   1.1693705988362006       2.6884114680825212E-11   1.1693705988362006       2.842557936860911E-11    1.1693705988362006       2.991922874390305E-11    1.1693705988362006       3.140909647563476E-11    1.1693705988362006       3.287880261760387E-11    1.1693705988362006       3.4292911709900224E-11   1.1693705988362006       3.566497750193464E-11    1.1693705988362006       3.703295496928892E-11    1.1693705988362006       3.8415235501964335E-11   1.1693705988362006       3.978618340070145E-11    1.1693705988362006       4.120566556221078E-11    1.1693705988362006       4.2672014656167566E-11   1.1693705988362006       4.4194368315891486E-11   1.1693705988362006       4.5716974680228277E-11   1.1693705988362006       4.732211281614051E-11    1.1693705988362006       4.898318833004009E-11    1.1693705988362006       5.068602590746655E-11    1.1693705988362006       5.2403978020790936E-11   1.1693705988362006       5.4124061076771674E-11   1.1693705988362006       5.582890034585096E-11    1.1693705988362006       5.7602909859645305E-11   1.1693705988362006       5.936556358883183E-11    1.1693705988362006       6.107608579364695E-11    1.1693705988362006       6.278141964254717E-11    1.1693705988362006       6.447025040041858E-11    1.1693705988362006       6.616111958118405E-11    1.1693705988362006       6.782011938043999E-11    1.1693705988362006       6.941165190884854E-11    1.1693705988362006
1.1868238913561442        1.8661850842999794E-11   1.1868238913561442       1.4184368336981849E-11   1.1868238913561442       8.846526095324961E-12    1.1868238913561442       4.688124153532939E-12    1.1868238913561442       5.521005518653882E-12    1.1868238913561442       1.1419911769275527E-11   1.1868238913561442       1.0881428274374455E-11   1.1868238913561442       1.4848567174909346E-11   1.1868238913561442       1.7485617722007605E-11   1.1868238913561442       1.980081150744389E-11    1.1868238913561442       2.1863523469279453E-11   1.1868238913561442       2.3798403921394478E-11   1.1868238913561442       2.5655657523068005E-11   1.1868238913561442       2.749478490187395E-11    1.1868238913561442       2.930147259414565E-11    1.1868238913561442       3.107204156402088E-11    1.1868238913561442       3.2862441407488845E-11   1.1868238913561442       3.4654444753777236E-11   1.1868238913561442       3.6402137091050805E-11   1.1868238913561442       3.811855210492951E-11    1.1868238913561442       3.983788766700002E-11    1.1868238913561442       4.156627454617289E-11    1.1868238913561442       4.327215685216056E-11    1.1868238913561442       4.5005636071907324E-11   1.1868238913561442       4.675931531806058E-11    1.1868238913561442       4.8537352420337274E-11   1.1868238913561442       5.027498901455812E-11    1.1868238913561442       5.2061615943406256E-11   1.1868238913561442       5.386891298859755E-11    1.1868238913561442       5.568432166997074E-11    1.1868238913561442       5.7487516435170305E-11   1.1868238913561442       5.926781874563995E-11    1.1868238913561442       6.101413744013047E-11    1.1868238913561442       6.283027434222328E-11    1.1868238913561442       6.46383940726617E-11     1.1868238913561442       6.639837998256936E-11    1.1868238913561442       6.81710078834964E-11     1.1868238913561442       6.995040239086455E-11    1.1868238913561442       7.17626147587061E-11     1.1868238913561442       7.357527681790505E-11    1.1868238913561442       7.534583276469287E-11    1.1868238913561442
1.2042771838760873        1.4997411042120714E-11   1.2042771838760873       9.649630899896664E-12    1.2042771838760873       8.399541069550667E-12    1.2042771838760873       8.722497112733514E-12    1.2042771838760873       1.1210387215991728E-11   1.2042771838760873       1.4926905155174964E-11   1.2042771838760873       1.617831611238857E-11    1.2042771838760873       1.9333335721726286E-11   1.2042771838760873       2.137177205392955E-11    1.2042771838760873       2.3239634319714655E-11   1.2042771838760873       2.496720348161072E-11    1.2042771838760873       2.665790364942246E-11    1.2042771838760873       2.832808280317152E-11    1.2042771838760873       3.0025070620606617E-11   1.2042771838760873       3.171494229853456E-11    1.2042771838760873       3.338824700902644E-11    1.2042771838760873       3.509739566322286E-11    1.2042771838760873       3.6820728126414635E-11   1.2042771838760873       3.8516214506164533E-11   1.2042771838760873       4.0192542404958935E-11   1.2042771838760873       4.18927303592431E-11     1.2042771838760873       4.3628012287540516E-11   1.2042771838760873       4.536101805020941E-11    1.2042771838760873       4.71473184514612E-11     1.2042771838760873       4.8979473441546905E-11   1.2042771838760873       5.085824366538934E-11    1.2042771838760873       5.271233333080961E-11    1.2042771838760873       5.463242610194241E-11    1.2042771838760873       5.65871442638902E-11     1.2042771838760873       5.855308120825653E-11    1.2042771838760873       6.051589583052254E-11    1.2042771838760873       6.244995731325662E-11    1.2042771838760873       6.434843552912439E-11    1.2042771838760873       6.63112546873151E-11     1.2042771838760873       6.826583169287076E-11    1.2042771838760873       7.0165189368891E-11      1.2042771838760873       7.207540559447776E-11    1.2042771838760873       7.399138326771416E-11    1.2042771838760873       7.594942433029708E-11    1.2042771838760873       7.791532826448734E-11    1.2042771838760873       7.984723971562973E-11    1.2042771838760873
1.2217304763960306        2.0455264208457818E-11   1.2217304763960306       1.4376712268498983E-11   1.2217304763960306       9.986500993023808E-12    1.2217304763960306       8.460841521101226E-12    1.2217304763960306       1.0779532112959033E-11   1.2217304763960306       1.2856792153307171E-11   1.2217304763960306       1.3938649637461225E-11   1.2217304763960306       1.8184512942765082E-11   1.2217304763960306       2.0105663835572363E-11   1.2217304763960306       2.1860502272324603E-11   1.2217304763960306       2.347648275670739E-11    1.2217304763960306       2.504911156041892E-11    1.2217304763960306       2.6596695711173077E-11   1.2217304763960306       2.8167999978201478E-11   1.2217304763960306       2.972885101444031E-11    1.2217304763960306       3.127380306982036E-11    1.2217304763960306       3.285069193912873E-11    1.2217304763960306       3.443486602897922E-11    1.2217304763960306       3.5994226721894356E-11   1.2217304763960306       3.753384534342752E-11    1.2217304763960306       3.9092737362596994E-11   1.2217304763960306       4.06879252395167E-11     1.2217304763960306       4.228344863100205E-11    1.2217304763960306       4.393515168840564E-11    1.2217304763960306       4.563803031425079E-11    1.2217304763960306       4.739901571123311E-11    1.2217304763960306       4.915196157506987E-11    1.2217304763960306       5.098123314584456E-11    1.2217304763960306       5.28633832667716E-11     1.2217304763960306       5.476612115138383E-11    1.2217304763960306       5.669098888294507E-11    1.2217304763960306       5.859487146911226E-11    1.2217304763960306       6.048284466656582E-11    1.2217304763960306       6.242683051596846E-11    1.2217304763960306       6.436733693567748E-11    1.2217304763960306       6.625148032089613E-11    1.2217304763960306       6.813429112894256E-11    1.2217304763960306       6.999920258762201E-11    1.2217304763960306       7.188397124426293E-11    1.2217304763960306       7.37432459947538E-11     1.2217304763960306       7.553936449054872E-11    1.2217304763960306
1.239183768915974         3.160237906921928E-11    1.239183768915974        2.4691336967351414E-11   1.239183768915974        1.6697134156738497E-11   1.239183768915974        1.1355034603796214E-11   1.239183768915974        1.0823140927332395E-11   1.239183768915974        8.960501441242144E-12    1.239183768915974        1.1333005952640754E-11   1.239183768915974        1.4412071610028535E-11   1.239183768915974        1.6361722545637094E-11   1.239183768915974        1.8267442398195698E-11   1.239183768915974        2.0065833841490918E-11   1.239183768915974        2.1790184388283413E-11   1.239183768915974        2.345358528262588E-11    1.239183768915974        2.5090984081304087E-11   1.239183768915974        2.6674348857930395E-11   1.239183768915974        2.8199030771792272E-11   1.239183768915974        2.970731631807165E-11    1.239183768915974        3.1175564467538645E-11   1.239183768915974        3.257689060701817E-11    1.239183768915974        3.3920066892807736E-11   1.239183768915974        3.522984458789261E-11    1.239183768915974        3.652580231114969E-11    1.239183768915974        3.777733486770449E-11    1.239183768915974        3.9036713496300604E-11   1.239183768915974        4.030040869099149E-11    1.239183768915974        4.158012139050926E-11    1.239183768915974        4.282527426328413E-11    1.239183768915974        4.411070734663456E-11    1.239183768915974        4.542519385699306E-11    1.239183768915974        4.674953890682809E-11    1.239183768915974        4.808943515050056E-11    1.239183768915974        4.941944535515623E-11    1.239183768915974        5.0758652648953206E-11   1.239183768915974        5.2169986672410025E-11   1.239183768915974        5.361004081180442E-11    1.239183768915974        5.5050689946389265E-11   1.239183768915974        5.653748207720221E-11    1.239183768915974        5.8062155896326696E-11   1.239183768915974        5.966221663009726E-11    1.239183768915974        6.129527248244275E-11    1.239183768915974        6.293619052654136E-11    1.239183768915974
1.2566370614359172        2.0238323184642808E-11   1.2566370614359172       1.3708086358886825E-11   1.2566370614359172       7.2320500643880326E-12   1.2566370614359172       5.0539090401763635E-12   1.2566370614359172       8.357653622155496E-12    1.2566370614359172       8.503156583734113E-12    1.2566370614359172       1.619105397999084E-11    1.2566370614359172       1.5203723732644884E-11   1.2566370614359172       1.7693652187475136E-11   1.2566370614359172       1.9950645730839472E-11   1.2566370614359172       2.2031598997845633E-11   1.2566370614359172       2.4029676138938083E-11   1.2566370614359172       2.598839732012813E-11    1.2566370614359172       2.794720450747167E-11    1.2566370614359172       2.9880879438870776E-11   1.2566370614359172       3.177722195858366E-11    1.2566370614359172       3.3686153275014655E-11   1.2566370614359172       3.55843333004588E-11     1.2566370614359172       3.742020543151338E-11    1.2566370614359172       3.921741832967955E-11    1.2566370614359172       4.100455927498527E-11    1.2566370614359172       4.278727975236116E-11    1.2566370614359172       4.454724064526245E-11    1.2566370614359172       4.633243276826874E-11    1.2566370614359172       4.81373343003582E-11     1.2566370614359172       4.997182994471136E-11    1.2566370614359172       5.177810960092667E-11    1.2566370614359172       5.363990318503931E-11    1.2566370614359172       5.5527846583107504E-11   1.2566370614359172       5.74300617383094E-11     1.2566370614359172       5.932344545803046E-11    1.2566370614359172       6.119369813846851E-11    1.2566370614359172       6.303080306127195E-11    1.2566370614359172       6.492937072090556E-11    1.2566370614359172       6.680822095233029E-11    1.2566370614359172       6.863843244950001E-11    1.2566370614359172       7.046358395312072E-11    1.2566370614359172       7.228420097343647E-11    1.2566370614359172       7.412429316885643E-11    1.2566370614359172       7.594978777920602E-11    1.2566370614359172       7.772543435272213E-11    1.2566370614359172
1.2740903539558606        2.5927990267909933E-11   1.2740903539558606       1.6808075252585253E-11   1.2740903539558606       1.125801207854598E-11    1.2740903539558606       7.566386790183847E-12    1.2740903539558606       9.69273468218927E-12     1.2740903539558606       1.252326079991902E-11    1.2740903539558606       1.814685644841896E-11    1.2740903539558606       1.6619680977596424E-11   1.2740903539558606       1.961357903386214E-11    1.2740903539558606       2.2301515293073447E-11   1.2740903539558606       2.4743995861125984E-11   1.2740903539558606       2.7080264063928656E-11   1.2740903539558606       2.935301273878428E-11    1.2740903539558606       3.162443271553753E-11    1.2740903539558606       3.386473126792986E-11    1.2740903539558606       3.606305162755789E-11    1.2740903539558606       3.8272090034287424E-11   1.2740903539558606       4.046055612101994E-11    1.2740903539558606       4.2577128808487603E-11   1.2740903539558606       4.462143334520767E-11    1.2740903539558606       4.66339325232073E-11     1.2740903539558606       4.862403641727981E-11    1.2740903539558606       5.054403900980726E-11    1.2740903539558606       5.245905628120031E-11    1.2740903539558606       5.4363512164207376E-11   1.2740903539558606       5.626252649823368E-11    1.2740903539558606       5.8082973227042956E-11   1.2740903539558606       5.993269687079755E-11    1.2740903539558606       6.179145708712356E-11    1.2740903539558606       6.364031847392608E-11    1.2740903539558606       6.547787437040106E-11    1.2740903539558606       6.728800044295252E-11    1.2740903539558606       6.90752956678608E-11     1.2740903539558606       7.095282014465042E-11    1.2740903539558606       7.285735647066641E-11    1.2740903539558606       7.47335339960677E-11     1.2740903539558606       7.66704530974919E-11     1.2740903539558606       7.865500487368979E-11    1.2740903539558606       8.073049415393062E-11    1.2740903539558606       8.285699883601022E-11    1.2740903539558606       8.498839489440091E-11    1.2740903539558606
1.2915436464758039        3.663287578691482E-11    1.2915436464758039       2.7815435960357036E-11   1.2915436464758039       2.1304192256782786E-11   1.2915436464758039       1.559676517077435E-11    1.2915436464758039       1.4506007054678639E-11   1.2915436464758039       1.3990399238350096E-11   1.2915436464758039       1.790899937970453E-11    1.2915436464758039       1.3278282251327838E-11   1.2915436464758039       1.5289230043594403E-11   1.2915436464758039       1.714644932888273E-11    1.2915436464758039       1.886129702737622E-11    1.2915436464758039       2.0539908783596462E-11   1.2915436464758039       2.221385225031614E-11    1.2915436464758039       2.3937120314973247E-11   1.2915436464758039       2.5681531769760817E-11   1.2915436464758039       2.7436419472555E-11      1.2915436464758039       2.923877508940201E-11    1.2915436464758039       3.105458091325416E-11    1.2915436464758039       3.2846518557861586E-11   1.2915436464758039       3.460821752935677E-11    1.2915436464758039       3.635944382461909E-11    1.2915436464758039       3.81105336835335E-11     1.2915436464758039       3.98186763877433E-11     1.2915436464758039       4.1531521797538405E-11   1.2915436464758039       4.323824256651339E-11    1.2915436464758039       4.4945094572569466E-11   1.2915436464758039       4.6589288752096485E-11   1.2915436464758039       4.824612816941143E-11    1.2915436464758039       4.9900217303649356E-11   1.2915436464758039       5.152172077820309E-11    1.2915436464758039       5.311689339570737E-11    1.2915436464758039       5.4649947720793245E-11   1.2915436464758039       5.6140563441226024E-11   1.2915436464758039       5.765100806084726E-11    1.2915436464758039       5.913946672318761E-11    1.2915436464758039       6.056266417640438E-11    1.2915436464758039       6.198586177754663E-11    1.2915436464758039       6.339254696405917E-11    1.2915436464758039       6.482998627231939E-11    1.2915436464758039       6.625917516970854E-11    1.2915436464758039       6.766001461588923E-11    1.2915436464758039
1.3089969389957472        3.570206319289069E-11    1.3089969389957472       2.7129104329335997E-11   1.3089969389957472       1.9416164863875477E-11   1.3089969389957472       1.464036182884985E-11    1.3089969389957472       1.2475147946447706E-11   1.3089969389957472       1.3391288947878417E-11   1.3089969389957472       2.0728383482289294E-11   1.3089969389957472       2.132744701216978E-11    1.3089969389957472       2.4134256544028022E-11   1.3089969389957472       2.652880199777788E-11    1.3089969389957472       2.8580068544981194E-11   1.3089969389957472       3.043448741033966E-11    1.3089969389957472       3.21608046966681E-11     1.3089969389957472       3.383645028551472E-11    1.3089969389957472       3.546145522441495E-11    1.3089969389957472       3.704192557622919E-11    1.3089969389957472       3.864906006143513E-11    1.3089969389957472       4.0271650878051396E-11   1.3089969389957472       4.187321946693203E-11    1.3089969389957472       4.3471443660385244E-11   1.3089969389957472       4.510914196391531E-11    1.3089969389957472       4.680066361586481E-11    1.3089969389957472       4.8506032574723E-11      1.3089969389957472       5.028505380443276E-11    1.3089969389957472       5.212447745973962E-11    1.3089969389957472       5.402245782948381E-11    1.3089969389957472       5.5904394730884516E-11   1.3089969389957472       5.7857711128884134E-11   1.3089969389957472       5.984584806621154E-11    1.3089969389957472       6.184808068808201E-11    1.3089969389957472       6.383346806715723E-11    1.3089969389957472       6.578638634730912E-11    1.3089969389957472       6.769248190952667E-11    1.3089969389957472       6.965684306753786E-11    1.3089969389957472       7.159564548898373E-11    1.3089969389957472       7.346711532967654E-11    1.3089969389957472       7.533788109890275E-11    1.3089969389957472       7.7204685831161E-11      1.3089969389957472       7.90997058732778E-11     1.3089969389957472       8.099293574679541E-11    1.3089969389957472       8.284751452491357E-11    1.3089969389957472
1.3264502315156903        4.395534911884249E-11    1.3264502315156903       3.564585961590703E-11    1.3264502315156903       2.5841017322687306E-11   1.3264502315156903       2.079258604543965E-11    1.3264502315156903       1.754294537497903E-11    1.3264502315156903       1.531784188800012E-11    1.3264502315156903       2.0186867178061132E-11   1.3264502315156903       1.9950007512189512E-11   1.3264502315156903       2.2118511530640948E-11   1.3264502315156903       2.4263357529112552E-11   1.3264502315156903       2.6308291057416545E-11   1.3264502315156903       2.831602431430547E-11    1.3264502315156903       3.030085624738697E-11    1.3264502315156903       3.2310297526324063E-11   1.3264502315156903       3.430616423505421E-11    1.3264502315156903       3.6277414040689554E-11   1.3264502315156903       3.827254704654799E-11    1.3264502315156903       4.025701774300328E-11    1.3264502315156903       4.218948628636606E-11    1.3264502315156903       4.406393944163823E-11    1.3264502315156903       4.5918589342204905E-11   1.3264502315156903       4.776876680575745E-11    1.3264502315156903       4.956334870155727E-11    1.3264502315156903       5.136699037418797E-11    1.3264502315156903       5.317181234440453E-11    1.3264502315156903       5.498488828087087E-11    1.3264502315156903       5.6730917082077294E-11   1.3264502315156903       5.850891653408566E-11    1.3264502315156903       6.03008870004925E-11     1.3264502315156903       6.2075650355772E-11      1.3264502315156903       6.383981412239201E-11    1.3264502315156903       6.555883760819717E-11    1.3264502315156903       6.724768321802151E-11    1.3264502315156903       6.899341977105989E-11    1.3264502315156903       7.074479385543814E-11    1.3264502315156903       7.24371503804868E-11     1.3264502315156903       7.415998805596171E-11    1.3264502315156903       7.588855692028419E-11    1.3264502315156903       7.767434756996257E-11    1.3264502315156903       7.947203000262991E-11    1.3264502315156903       8.124465859923173E-11    1.3264502315156903
1.3439035240356338        5.7650839991275057E-11   1.3439035240356338       4.511445829413885E-11    1.3439035240356338       3.203008498353329E-11    1.3439035240356338       2.3871085166136922E-11   1.3439035240356338       1.6075182838730592E-11   1.3439035240356338       1.1967473407273526E-11   1.3439035240356338       8.916239982556327E-12    1.3439035240356338       1.3772967925804367E-11   1.3439035240356338       1.6675007357012122E-11   1.3439035240356338       1.9475843069180063E-11   1.3439035240356338       2.2010003762526165E-11   1.3439035240356338       2.4330678897798907E-11   1.3439035240356338       2.650258873024679E-11    1.3439035240356338       2.8593194416961016E-11   1.3439035240356338       3.060428051578967E-11    1.3439035240356338       3.254541808199978E-11    1.3439035240356338       3.4486095131022646E-11   1.3439035240356338       3.641323337511633E-11    1.3439035240356338       3.828779542120176E-11    1.3439035240356338       4.013555818751946E-11    1.3439035240356338       4.19887181353861E-11     1.3439035240356338       4.3858182416525164E-11   1.3439035240356338       4.571782797737912E-11    1.3439035240356338       4.761978228635741E-11    1.3439035240356338       4.9551115314617736E-11   1.3439035240356338       5.152013667997794E-11    1.3439035240356338       5.346004664761196E-11    1.3439035240356338       5.5452043373606505E-11   1.3439035240356338       5.746380320966021E-11    1.3439035240356338       5.947634425685516E-11    1.3439035240356338       6.146277848069124E-11    1.3439035240356338       6.340448586999572E-11    1.3439035240356338       6.529196571040246E-11    1.3439035240356338       6.721662739191627E-11    1.3439035240356338       6.909733659325337E-11    1.3439035240356338       7.089881843209941E-11    1.3439035240356338       7.267333645223883E-11    1.3439035240356338       7.441601122097916E-11    1.3439035240356338       7.615535482964858E-11    1.3439035240356338       7.785623609363716E-11    1.3439035240356338       7.948689966829562E-11    1.3439035240356338
1.361356816555577         6.543201758833744E-11    1.361356816555577        5.315517593419394E-11    1.361356816555577        3.916060229147171E-11    1.361356816555577        3.0375911853238664E-11   1.361356816555577        2.1016988390734888E-11   1.361356816555577        2.0932234184808653E-11   1.361356816555577        1.730533998405125E-11    1.361356816555577        2.007909537667469E-11    1.361356816555577        2.171137358983768E-11    1.361356816555577        2.3707002267542793E-11   1.361356816555577        2.574111774617417E-11    1.361356816555577        2.7767377545165935E-11   1.361356816555577        2.975833899010827E-11    1.361356816555577        3.174858575378143E-11    1.361356816555577        3.369526845043273E-11    1.361356816555577        3.559159105137358E-11    1.361356816555577        3.7496394326866674E-11   1.361356816555577        3.9383583292166943E-11   1.361356816555577        4.121973761047089E-11    1.361356816555577        4.300817306121459E-11    1.361356816555577        4.479986236291337E-11    1.361356816555577        4.662032161892113E-11    1.361356816555577        4.842220576101253E-11    1.361356816555577        5.0280946192717964E-11   1.361356816555577        5.219183704065617E-11    1.361356816555577        5.416552936778773E-11    1.361356816555577        5.612535186778598E-11    1.361356816555577        5.817611561531115E-11    1.361356816555577        6.029514102842513E-11    1.361356816555577        6.244979727510686E-11    1.361356816555577        6.463999958744979E-11    1.361356816555577        6.682416221738942E-11    1.361356816555577        6.90089398710737E-11     1.361356816555577        7.128381551859233E-11    1.361356816555577        7.357992508325801E-11    1.361356816555577        7.583316331683433E-11    1.361356816555577        7.811433138598591E-11    1.361356816555577        8.040390185663417E-11    1.361356816555577        8.274297166147336E-11    1.361356816555577        8.507778676119632E-11    1.361356816555577        8.736244167827998E-11    1.361356816555577
1.3788101090755203        8.018490682554072E-11    1.3788101090755203       6.064053071104188E-11    1.3788101090755203       4.4033557092694836E-11   1.3788101090755203       3.2314875733319594E-11   1.3788101090755203       2.1725504071066406E-11   1.3788101090755203       1.7725173570335276E-11   1.3788101090755203       1.6560019446927934E-11   1.3788101090755203       1.511081787312298E-11    1.3788101090755203       1.833032891937873E-11    1.3788101090755203       2.169419588478148E-11    1.3788101090755203       2.4799190198969593E-11   1.3788101090755203       2.76495731427532E-11     1.3788101090755203       3.030380465393479E-11    1.3788101090755203       3.2833085079795556E-11   1.3788101090755203       3.523834942941264E-11    1.3788101090755203       3.7525819093649824E-11   1.3788101090755203       3.97642970403827E-11     1.3788101090755203       4.19357537560555E-11     1.3788101090755203       4.3994901356286555E-11   1.3788101090755203       4.5959644229479674E-11   1.3788101090755203       4.786736208320426E-11    1.3788101090755203       4.973472372494935E-11    1.3788101090755203       5.152462966208341E-11    1.3788101090755203       5.3305983490523444E-11   1.3788101090755203       5.507325159062276E-11    1.3788101090755203       5.6837140991539886E-11   1.3788101090755203       5.853123686148746E-11    1.3788101090755203       6.025680641927756E-11    1.3788101090755203       6.199369043567544E-11    1.3788101090755203       6.373058277888619E-11    1.3788101090755203       6.544679934510685E-11    1.3788101090755203       6.714104349826704E-11    1.3788101090755203       6.880830373744509E-11    1.3788101090755203       7.056071025792208E-11    1.3788101090755203       7.232288640030579E-11    1.3788101090755203       7.404955475663757E-11    1.3788101090755203       7.581928944459735E-11    1.3788101090755203       7.76209400929885E-11     1.3788101090755203       7.948836401149817E-11    1.3788101090755203       8.138499174846785E-11    1.3788101090755203       8.327004273512132E-11    1.3788101090755203
1.3962634015954636        9.936024409230354E-11    1.3962634015954636       7.440925605622449E-11    1.3962634015954636       5.863560700136652E-11    1.3962634015954636       4.299463223512629E-11    1.3962634015954636       3.2628646566248383E-11   1.3962634015954636       2.788891388322607E-11    1.3962634015954636       2.224292409604588E-11    1.3962634015954636       1.7819591873032933E-11   1.3962634015954636       1.8560886341275944E-11   1.3962634015954636       2.036814929552222E-11    1.3962634015954636       2.244058561498344E-11    1.3962634015954636       2.4544275768148127E-11   1.3962634015954636       2.6614894365904717E-11   1.3962634015954636       2.868882368961732E-11    1.3962634015954636       3.0737702789771874E-11   1.3962634015954636       3.276791426093476E-11    1.3962634015954636       3.483747218747019E-11    1.3962634015954636       3.691849494803156E-11    1.3962634015954636       3.8976216405416467E-11   1.3962634015954636       4.1006577460583985E-11   1.3962634015954636       4.303865519441167E-11    1.3962634015954636       4.5083841277856264E-11   1.3962634015954636       4.708823817840245E-11    1.3962634015954636       4.9105856481795966E-11   1.3962634015954636       5.1120570450319116E-11   1.3962634015954636       5.313495394009731E-11    1.3962634015954636       5.5070161141817285E-11   1.3962634015954636       5.7013020806416076E-11   1.3962634015954636       5.894347819158384E-11    1.3962634015954636       6.082531180340336E-11    1.3962634015954636       6.266490811501924E-11    1.3962634015954636       6.442213354379591E-11    1.3962634015954636       6.612054463133723E-11    1.3962634015954636       6.783673466353691E-11    1.3962634015954636       6.952882340675891E-11    1.3962634015954636       7.114170986884592E-11    1.3962634015954636       7.276292075461399E-11    1.3962634015954636       7.437593924789435E-11    1.3962634015954636       7.603979920912154E-11    1.3962634015954636       7.771245877242638E-11    1.3962634015954636       7.936975104206989E-11    1.3962634015954636
1.413716694115407         1.214513196758422E-10    1.413716694115407        9.181794962766038E-11    1.413716694115407        7.268382140670315E-11    1.413716694115407        5.26127265146542E-11     1.413716694115407        3.4750188961402055E-11   1.413716694115407        3.1276754196127154E-11   1.413716694115407        1.8441440090409333E-11   1.413716694115407        1.7080304565228573E-11   1.413716694115407        1.9516535050912337E-11   1.413716694115407        2.2985273010227178E-11   1.413716694115407        2.638626243021729E-11    1.413716694115407        2.9540208445967577E-11   1.413716694115407        3.247683019151444E-11    1.413716694115407        3.529032993674081E-11    1.413716694115407        3.799360042094434E-11    1.413716694115407        4.061019067627792E-11    1.413716694115407        4.3231816646570615E-11   1.413716694115407        4.5842461116025825E-11   1.413716694115407        4.83910209947866E-11     1.413716694115407        5.0892111964197034E-11   1.413716694115407        5.339324544837038E-11    1.413716694115407        5.590165344921437E-11    1.413716694115407        5.836894562446677E-11    1.413716694115407        6.086286356268534E-11    1.413716694115407        6.336786396478636E-11    1.413716694115407        6.588810807753548E-11    1.413716694115407        6.833361923705765E-11    1.413716694115407        7.081909154141019E-11    1.413716694115407        7.330899736401095E-11    1.413716694115407        7.5779740260443E-11      1.413716694115407        7.820921309688787E-11    1.413716694115407        8.057948008499947E-11    1.413716694115407        8.288124276649713E-11    1.413716694115407        8.524506146677522E-11    1.413716694115407        8.758347220865371E-11    1.413716694115407        8.983460187392582E-11    1.413716694115407        9.209459398950944E-11    1.413716694115407        9.435197808512087E-11    1.413716694115407        9.665110244103198E-11    1.413716694115407        9.89513622318166E-11     1.413716694115407        1.0120292837961428E-10   1.413716694115407
1.43116998663535          1.5721551732347492E-10   1.43116998663535         1.2290777985809195E-10   1.43116998663535         9.793563913606009E-11    1.43116998663535         7.663307920577022E-11    1.43116998663535         5.428346501849214E-11    1.43116998663535         4.0181123730429496E-11   1.43116998663535         2.6657521116529552E-11   1.43116998663535         1.788646312872814E-11    1.43116998663535         1.6584214959319195E-11   1.43116998663535         1.893334486567381E-11    1.43116998663535         2.2246591094983425E-11   1.43116998663535         2.5477254431605205E-11   1.43116998663535         2.840509551830122E-11    1.43116998663535         3.1044177238421154E-11   1.43116998663535         3.3410899453485795E-11   1.43116998663535         3.554253375270533E-11    1.43116998663535         3.753427004455926E-11    1.43116998663535         3.939194789034669E-11    1.43116998663535         4.110187176121991E-11    1.43116998663535         4.269752613265603E-11    1.43116998663535         4.422362260855998E-11    1.43116998663535         4.571540459343397E-11    1.43116998663535         4.714229027250153E-11    1.43116998663535         4.858212813331801E-11    1.43116998663535         5.0032200251924884E-11   1.43116998663535         5.151066824531993E-11    1.43116998663535         5.2958774964861466E-11   1.43116998663535         5.44691280144323E-11     1.43116998663535         5.602801986797081E-11    1.43116998663535         5.761921295826747E-11    1.43116998663535         5.922729814786465E-11    1.43116998663535         6.08409908090845E-11     1.43116998663535         6.246321928757398E-11    1.43116998663535         6.418166263340543E-11    1.43116998663535         6.59256299793929E-11     1.43116998663535         6.765687437205613E-11    1.43116998663535         6.94329178740729E-11     1.43116998663535         7.124256605229901E-11    1.43116998663535         7.311741664376133E-11    1.43116998663535         7.501317645649705E-11    1.43116998663535         7.689590493286423E-11    1.43116998663535
1.4486232791552935        1.9014734149116694E-10   1.4486232791552935       1.492471868797117E-10    1.4486232791552935       1.1769083549805357E-10   1.4486232791552935       9.282441316994935E-11    1.4486232791552935       7.207847448987086E-11    1.4486232791552935       5.117603920631377E-11    1.4486232791552935       3.512432883911308E-11    1.4486232791552935       2.8217328116224818E-11   1.4486232791552935       2.4182511683968797E-11   1.4486232791552935       2.3993615721568892E-11   1.4486232791552935       2.5675959995952395E-11   1.4486232791552935       2.7977085590827392E-11   1.4486232791552935       3.0375114212525304E-11   1.4486232791552935       3.272310063270465E-11    1.4486232791552935       3.493748777300691E-11    1.4486232791552935       3.7015506280152815E-11   1.4486232791552935       3.902922963606915E-11    1.4486232791552935       4.0964231098462E-11      1.4486232791552935       4.280553195798665E-11    1.4486232791552935       4.4563040563076897E-11   1.4486232791552935       4.628830334577295E-11    1.4486232791552935       4.8018310851776776E-11   1.4486232791552935       4.970192662390882E-11    1.4486232791552935       5.142166806215124E-11    1.4486232791552935       5.317160705435419E-11    1.4486232791552935       5.496491258495258E-11    1.4486232791552935       5.672442797024229E-11    1.4486232791552935       5.854984780694898E-11    1.4486232791552935       6.042810850024157E-11    1.4486232791552935       6.232064423999563E-11    1.4486232791552935       6.423208237831177E-11    1.4486232791552935       6.611970124162507E-11    1.4486232791552935       6.800264820500335E-11    1.4486232791552935       6.995677762191113E-11    1.4486232791552935       7.19292718934137E-11     1.4486232791552935       7.385096242989805E-11    1.4486232791552935       7.580659866827718E-11    1.4486232791552935       7.77693320441922E-11     1.4486232791552935       7.979067382006922E-11    1.4486232791552935       8.181750601399118E-11    1.4486232791552935       8.381316869776095E-11    1.4486232791552935
1.4660765716752369        2.414643597890103E-10    1.4660765716752369       1.9291981882554776E-10   1.4660765716752369       1.475855316246004E-10    1.4660765716752369       1.1401431587960152E-10   1.4660765716752369       8.726163029155973E-11    1.4660765716752369       6.482595061995015E-11    1.4660765716752369       4.206565949586595E-11    1.4660765716752369       3.2138886039266776E-11   1.4660765716752369       2.5795809788828508E-11   1.4660765716752369       2.536958480504014E-11    1.4660765716752369       2.8030563408532114E-11   1.4660765716752369       3.1630027004615126E-11   1.4660765716752369       3.534681951749686E-11    1.4660765716752369       3.8950045562826405E-11   1.4660765716752369       4.2352974006096184E-11   1.4660765716752369       4.5563584010687694E-11   1.4660765716752369       4.868494398011198E-11    1.4660765716752369       5.170858751749713E-11    1.4660765716752369       5.459529529278559E-11    1.4660765716752369       5.7373046744581354E-11   1.4660765716752369       6.01017695947602E-11     1.4660765716752369       6.279867742979237E-11    1.4660765716752369       6.541715564587103E-11    1.4660765716752369       6.803612480213701E-11    1.4660765716752369       7.064131267318602E-11    1.4660765716752369       7.324173688189602E-11    1.4660765716752369       7.573860671102937E-11    1.4660765716752369       7.825243456691129E-11    1.4660765716752369       8.075254060455458E-11    1.4660765716752369       8.320454168442445E-11    1.4660765716752369       8.559336153274078E-11    1.4660765716752369       8.789251514636183E-11    1.4660765716752369       9.010232703691217E-11    1.4660765716752369       9.235125172917748E-11    1.4660765716752369       9.456207912683386E-11    1.4660765716752369       9.665419532531699E-11    1.4660765716752369       9.875222880397696E-11    1.4660765716752369       1.0083124669631879E-10   1.4660765716752369       1.0295386964642162E-10   1.4660765716752369       1.0507666130983817E-10   1.4660765716752369       1.0715324731644746E-10   1.4660765716752369
1.4835298641951802        3.1644057190791504E-10   1.4835298641951802       2.5159635127629017E-10   1.4835298641951802       1.9527500621006272E-10   1.4835298641951802       1.5241877159549433E-10   1.4835298641951802       1.1504479288565292E-10   1.4835298641951802       8.036430234509688E-11    1.4835298641951802       5.6722411343799205E-11   1.4835298641951802       3.460677060506091E-11    1.4835298641951802       2.1124894492958504E-11   1.4835298641951802       1.6838578647645284E-11   1.4835298641951802       1.9932979735403082E-11   1.4835298641951802       2.5057474981906695E-11   1.4835298641951802       3.007970192627964E-11    1.4835298641951802       3.460489937621933E-11    1.4835298641951802       3.862100571898005E-11    1.4835298641951802       4.22110659923108E-11     1.4835298641951802       4.5542195667916245E-11   1.4835298641951802       4.8654959924189325E-11   1.4835298641951802       5.1541191656772915E-11   1.4835298641951802       5.426508476115399E-11    1.4835298641951802       5.689796027056493E-11    1.4835298641951802       5.947049608899016E-11    1.4835298641951802       6.195607959074814E-11    1.4835298641951802       6.444170222581095E-11    1.4835298641951802       6.691646703875118E-11    1.4835298641951802       6.939935761286963E-11    1.4835298641951802       7.180529072973042E-11    1.4835298641951802       7.424962761187545E-11    1.4835298641951802       7.670421801120657E-11    1.4835298641951802       7.914512235618593E-11    1.4835298641951802       8.154385440666083E-11    1.4835298641951802       8.388893271427847E-11    1.4835298641951802       8.616731787640008E-11    1.4835298641951802       8.851094245338577E-11    1.4835298641951802       9.082350327677563E-11    1.4835298641951802       9.304357678087608E-11    1.4835298641951802       9.526660002833598E-11    1.4835298641951802       9.747881004041553E-11    1.4835298641951802       9.972242515385706E-11    1.4835298641951802       1.0195538069916733E-10   1.4835298641951802       1.041277874785633E-10    1.4835298641951802
1.5009831567151233        4.226255376473748E-10    1.5009831567151233       3.343867817704559E-10    1.5009831567151233       2.63919475966707E-10     1.5009831567151233       2.1064459664595612E-10   1.5009831567151233       1.6298603254214356E-10   1.5009831567151233       1.1481406987535298E-10   1.5009831567151233       8.307379505706526E-11    1.5009831567151233       5.1819446618601546E-11   1.5009831567151233       3.0553552328841674E-11   1.5009831567151233       1.6715906428532277E-11   1.5009831567151233       1.2654784171250908E-11   1.5009831567151233       1.6725166685916945E-11   1.5009831567151233       2.2303999864939922E-11   1.5009831567151233       2.7342141716251118E-11   1.5009831567151233       3.1622615460337547E-11   1.5009831567151233       3.524958792846971E-11    1.5009831567151233       3.8430144430483295E-11   1.5009831567151233       4.1250243677505445E-11   1.5009831567151233       4.3757110022900894E-11   1.5009831567151233       4.604222370373446E-11    1.5009831567151233       4.8190116049502184E-11   1.5009831567151233       5.025719201684338E-11    1.5009831567151233       5.223271767025526E-11    1.5009831567151233       5.421300574732474E-11    1.5009831567151233       5.61924025291728E-11     1.5009831567151233       5.8199859338413185E-11   1.5009831567151233       6.016900195747052E-11    1.5009831567151233       6.21949988701024E-11     1.5009831567151233       6.42612720910955E-11     1.5009831567151233       6.634330916550986E-11    1.5009831567151233       6.841775732526679E-11    1.5009831567151233       7.047115720097341E-11    1.5009831567151233       7.249717140676636E-11    1.5009831567151233       7.459784005445862E-11    1.5009831567151233       7.668797139234254E-11    1.5009831567151233       7.87245481625213E-11     1.5009831567151233       8.077426067977201E-11    1.5009831567151233       8.282835474719866E-11    1.5009831567151233       8.492329814152811E-11    1.5009831567151233       8.701441616766399E-11    1.5009831567151233       8.906325020148627E-11    1.5009831567151233
1.5184364492350666        5.674706425414878E-10    1.5184364492350666       4.4936017524040737E-10   1.5184364492350666       3.546832715708808E-10    1.5184364492350666       2.843373304566384E-10    1.5184364492350666       2.234690367299107E-10    1.5184364492350666       1.6519039496887048E-10   1.5184364492350666       1.165393800312658E-10    1.5184364492350666       7.990236153585732E-11    1.5184364492350666       5.193611203057497E-11    1.5184364492350666       3.19426044320375E-11     1.5184364492350666       1.9081534476051775E-11   1.5184364492350666       1.4114040892989198E-11   1.5184364492350666       1.6250007106933757E-11   1.5184364492350666       2.0751539470141962E-11   1.5184364492350666       2.5253931006009662E-11   1.5184364492350666       2.9291525293946035E-11   1.5184364492350666       3.2920418244946226E-11   1.5184364492350666       3.618461060413993E-11    1.5184364492350666       3.912316800437981E-11    1.5184364492350666       4.1824587687421316E-11   1.5184364492350666       4.4357593132565266E-11   1.5184364492350666       4.676945827060341E-11    1.5184364492350666       4.9050656150787076E-11   1.5184364492350666       5.1280534701043267E-11   1.5184364492350666       5.344316826945864E-11    1.5184364492350666       5.5571352360845393E-11   1.5184364492350666       5.7598255760855075E-11   1.5184364492350666       5.960401225535484E-11    1.5184364492350666       6.158224109344913E-11    1.5184364492350666       6.350215445280719E-11    1.5184364492350666       6.536021519927073E-11    1.5184364492350666       6.713348866642385E-11    1.5184364492350666       6.884145595358881E-11    1.5184364492350666       7.056781772596543E-11    1.5184364492350666       7.225779963372536E-11    1.5184364492350666       7.38745557075219E-11     1.5184364492350666       7.549386378136702E-11    1.5184364492350666       7.710823594481615E-11    1.5184364492350666       7.877206723601288E-11    1.5184364492350666       8.044110370388784E-11    1.5184364492350666       8.209103852900977E-11    1.5184364492350666
1.53588974175501          7.692780798285722E-10    1.53588974175501         6.129198451272131E-10    1.53588974175501         4.858602708917547E-10    1.53588974175501         3.8897585413639167E-10   1.53588974175501         3.085004722585556E-10    1.53588974175501         2.3458420558550227E-10   1.53588974175501         1.6998276572047672E-10   1.53588974175501         1.150865522562425E-10    1.53588974175501         7.657973864857382E-11    1.53588974175501         4.848960511359148E-11    1.53588974175501         2.8877944738790817E-11   1.53588974175501         1.7257755468967858E-11   1.53588974175501         1.5151025553802982E-11   1.53588974175501         1.9287174995817245E-11   1.53588974175501         2.4494548883557136E-11   1.53588974175501         2.9239856580511995E-11   1.53588974175501         3.339498385595045E-11    1.53588974175501         3.69960441880444E-11     1.53588974175501         4.0126070316634005E-11   1.53588974175501         4.289977062620559E-11    1.53588974175501         4.5428807756546996E-11   1.53588974175501         4.7797782588429125E-11   1.53588974175501         5.000253317331785E-11    1.53588974175501         5.21578854262345E-11     1.53588974175501         5.425479907261185E-11    1.53588974175501         5.634059990752685E-11    1.53588974175501         5.8345680654275E-11      1.53588974175501         6.035736978654496E-11    1.53588974175501         6.238157869808069E-11    1.53588974175501         6.437149434181635E-11    1.53588974175501         6.63344008714925E-11     1.53588974175501         6.823333300084429E-11    1.53588974175501         7.008715440419275E-11    1.53588974175501         7.19719199691866E-11     1.53588974175501         7.383413538514655E-11    1.53588974175501         7.561116730299916E-11    1.53588974175501         7.739170317654633E-11    1.53588974175501         7.914928275457251E-11    1.53588974175501         8.094460648821344E-11    1.53588974175501         8.272077543529889E-11    1.53588974175501         8.444874658308682E-11    1.53588974175501
1.5533430342749535        1.0483467446308798E-9    1.5533430342749535       8.370738063859636E-10    1.5533430342749535       6.620830457088143E-10    1.5533430342749535       5.336205142045368E-10    1.5533430342749535       4.295474606378517E-10    1.5533430342749535       3.214309034425068E-10    1.5533430342749535       2.35439491624555E-10     1.5533430342749535       1.6193793207676883E-10   1.5533430342749535       1.094927044860548E-10    1.5533430342749535       7.078570614123938E-11    1.5533430342749535       4.2519863993318867E-11   1.5533430342749535       2.2127322837429866E-11   1.5533430342749535       9.291412129334279E-12    1.5533430342749535       1.0498688250978178E-11   1.5533430342749535       1.7939826733128844E-11   1.5533430342749535       2.4615811654978082E-11   1.5533430342749535       3.0227276660990166E-11   1.5533430342749535       3.493663374547534E-11    1.5533430342749535       3.8936626578925074E-11   1.5533430342749535       4.2407880626786645E-11   1.5533430342749535       4.551961270437634E-11    1.5533430342749535       4.839041576470592E-11    1.5533430342749535       5.103089110893584E-11    1.5533430342749535       5.358784208493499E-11    1.5533430342749535       5.6053715966223136E-11   1.5533430342749535       5.849574656206918E-11    1.5533430342749535       6.084679853263921E-11    1.5533430342749535       6.319913439760824E-11    1.5533430342749535       6.557655145496583E-11    1.5533430342749535       6.792377291670897E-11    1.5533430342749535       7.026009152993519E-11    1.5533430342749535       7.25462490634348E-11     1.5533430342749535       7.480001535041813E-11    1.5533430342749535       7.710827757988738E-11    1.5533430342749535       7.941223512153337E-11    1.5533430342749535       8.164046371729108E-11    1.5533430342749535       8.388632116896576E-11    1.5533430342749535       8.61198946685981E-11     1.5533430342749535       8.840233471873473E-11    1.5533430342749535       9.066544327091648E-11    1.5533430342749535       9.287055535523711E-11    1.5533430342749535
1.5707963267948966        1.441711775005162E-9     1.5707963267948966       1.1522980527565838E-9    1.5707963267948966       9.232097451160022E-10    1.5707963267948966       7.416622844463736E-10    1.5707963267948966       5.945981018143844E-10    1.5707963267948966       4.4640964188002247E-10   1.5707963267948966       3.267553327622246E-10    1.5707963267948966       2.2944925168639174E-10   1.5707963267948966       1.570244804687815E-10    1.5707963267948966       1.0342837521074533E-10   1.5707963267948966       6.4041960430811E-11      1.5707963267948966       3.5057436746593374E-11   1.5707963267948966       1.3604928741867993E-11   1.5707963267948966       2.90434558048329E-12     1.5707963267948966       1.4821747499425844E-11   1.5707963267948966       2.4158732848186117E-11   1.5707963267948966       3.152830655339242E-11    1.5707963267948966       3.74052809786159E-11     1.5707963267948966       4.216810863564369E-11    1.5707963267948966       4.6095476164282684E-11   1.5707963267948966       4.945135341611793E-11    1.5707963267948966       5.242060148283614E-11    1.5707963267948966       5.5046935307899147E-11   1.5707963267948966       5.753454787099919E-11    1.5707963267948966       5.989299353749748E-11    1.5707963267948966       6.22209128344985E-11     1.5707963267948966       6.446292052737694E-11    1.5707963267948966       6.672008707102481E-11    1.5707963267948966       6.903869171788359E-11    1.5707963267948966       7.134837344985533E-11    1.5707963267948966       7.368385179667431E-11    1.5707963267948966       7.600538513491096E-11    1.5707963267948966       7.831796343284111E-11    1.5707963267948966       8.071859129861202E-11    1.5707963267948966       8.313499252290559E-11    1.5707963267948966       8.548744677796958E-11    1.5707963267948966       8.78708212025838E-11     1.5707963267948966       9.024293995709624E-11    1.5707963267948966       9.267170428703338E-11    1.5707963267948966       9.507443524852743E-11    1.5707963267948966       9.74108922906755E-11     1.5707963267948966
1.5882496193148399        1.9719803744688634E-9    1.5882496193148399       1.5830070580541E-9       1.5882496193148399       1.2720489115389109E-9    1.5882496193148399       1.0209348835733129E-9    1.5882496193148399       8.185212445806666E-10    1.5882496193148399       6.252481120505921E-10    1.5882496193148399       4.601279976463821E-10    1.5882496193148399       3.274987559658271E-10    1.5882496193148399       2.2891879469494009E-10   1.5882496193148399       1.5620097712268893E-10   1.5882496193148399       1.0303120117012332E-10   1.5882496193148399       6.43590083061709E-11     1.5882496193148399       3.64374773369895E-11     1.5882496193148399       1.7626655986562558E-11   1.5882496193148399       1.2100166972047171E-11   1.5882496193148399       1.903493292921434E-11    1.5882496193148399       2.7058874253620902E-11   1.5882496193148399       3.385338072162348E-11    1.5882496193148399       3.944056553706764E-11    1.5882496193148399       4.4036755199430846E-11   1.5882496193148399       4.794236097633783E-11    1.5882496193148399       5.136971250419833E-11    1.5882496193148399       5.4376104223511546E-11   1.5882496193148399       5.7189151695972907E-11   1.5882496193148399       5.981683009145703E-11    1.5882496193148399       6.2372753062518E-11      1.5882496193148399       6.480369421568482E-11    1.5882496193148399       6.71968063569334E-11     1.5882496193148399       6.961396013204445E-11    1.5882496193148399       7.195647701247077E-11    1.5882496193148399       7.42839937174585E-11     1.5882496193148399       7.654911179850109E-11    1.5882496193148399       7.874656067661369E-11    1.5882496193148399       8.09904508745647E-11     1.5882496193148399       8.319968423606078E-11    1.5882496193148399       8.531266995062232E-11    1.5882496193148399       8.742294336312975E-11    1.5882496193148399       8.949620793454889E-11    1.5882496193148399       9.162310946397E-11       1.5882496193148399       9.371844451984347E-11    1.5882496193148399       9.576937968178207E-11    1.5882496193148399
1.605702911834783         2.6863616484086136E-9    1.605702911834783        2.1659763893689326E-9    1.605702911834783        1.7331305434683676E-9    1.605702911834783        1.4062327331887258E-9    1.605702911834783        1.1310521642669655E-9    1.605702911834783        8.697601193197415E-10    1.605702911834783        6.393770302403383E-10    1.605702911834783        4.6482600607785224E-10   1.605702911834783        3.317604728468106E-10    1.605702911834783        2.337466882420672E-10    1.605702911834783        1.6222907543206937E-10   1.605702911834783        1.1044181340055808E-10   1.605702911834783        7.317593281017108E-11    1.605702911834783        4.7188026956986155E-11   1.605702911834783        3.1036478245179874E-11   1.605702911834783        2.481638899095293E-11    1.605702911834783        2.657175654136085E-11    1.605702911834783        3.150509688555341E-11    1.605702911834783        3.682237515710572E-11    1.605702911834783        4.163153065206999E-11    1.605702911834783        4.588707514918E-11       1.605702911834783        4.9660812937587566E-11   1.605702911834783        5.2958662611718035E-11   1.605702911834783        5.598585738616488E-11    1.605702911834783        5.874966262458163E-11    1.605702911834783        6.136895588619093E-11    1.605702911834783        6.3804190706493E-11      1.605702911834783        6.614364452304244E-11    1.605702911834783        6.846204136130002E-11    1.605702911834783        7.064655910163924E-11    1.605702911834783        7.280245387255886E-11    1.605702911834783        7.487735261526034E-11    1.605702911834783        7.686057088424457E-11    1.605702911834783        7.888899912737457E-11    1.605702911834783        8.086741211533998E-11    1.605702911834783        8.276978818713606E-11    1.605702911834783        8.4661927825857E-11      1.605702911834783        8.651550848448659E-11    1.605702911834783        8.843743970280913E-11    1.605702911834783        9.032477111107728E-11    1.605702911834783        9.21933503301399E-11     1.605702911834783
1.6231562043547263        3.6144414899394905E-9    1.6231562043547263       2.913865199713838E-9     1.6231562043547263       2.342294652717653E-9     1.6231562043547263       1.90058484477175E-9      1.6231562043547263       1.5358456664529186E-9    1.6231562043547263       1.1794146328216997E-9    1.6231562043547263       8.77696783721718E-10     1.6231562043547263       6.415690968498631E-10    1.6231562043547263       4.6425966334052314E-10   1.6231562043547263       3.341319625991125E-10    1.6231562043547263       2.397054554768117E-10    1.6231562043547263       1.7192788046020365E-10   1.6231562043547263       1.2366646709813767E-10   1.6231562043547263       9.011114852930101E-11    1.6231562043547263       6.782234698917768E-11    1.6231562043547263       5.4341010191447216E-11   1.6231562043547263       4.75721895787216E-11     1.6231562043547263       4.539433142987629E-11    1.6231562043547263       4.5830153068528104E-11   1.6231562043547263       4.741885598365662E-11    1.6231562043547263       4.952250262194008E-11    1.6231562043547263       5.180798341791523E-11    1.6231562043547263       5.4046045687805864E-11   1.6231562043547263       5.627241492792504E-11    1.6231562043547263       5.847649800113244E-11    1.6231562043547263       6.068668911193026E-11    1.6231562043547263       6.284090937878397E-11    1.6231562043547263       6.505195371876432E-11    1.6231562043547263       6.733456852561102E-11    1.6231562043547263       6.95730236104973E-11     1.6231562043547263       7.188779451522942E-11    1.6231562043547263       7.419790853069103E-11    1.6231562043547263       7.647719514500216E-11    1.6231562043547263       7.886903179798468E-11    1.6231562043547263       8.123498995271035E-11    1.6231562043547263       8.359115408123662E-11    1.6231562043547263       8.593313862262498E-11    1.6231562043547263       8.823582931116304E-11    1.6231562043547263       9.060558679845433E-11    1.6231562043547263       9.29144129199044E-11     1.6231562043547263       9.519860556215659E-11    1.6231562043547263
1.6406094968746698        4.758157068032089E-9     1.6406094968746698       3.84199130774177E-9      1.6406094968746698       3.0921594188908547E-9    1.6406094968746698       2.516136977404099E-9     1.6406094968746698       2.0368363010479037E-9    1.6406094968746698       1.5730815576857497E-9    1.6406094968746698       1.1794380980214163E-9    1.6406094968746698       8.681643035987258E-10    1.6406094968746698       6.359430596374897E-10    1.6406094968746698       4.6564665232806293E-10   1.6406094968746698       3.4213649937416874E-10   1.6406094968746698       2.534341730974579E-10    1.6406094968746698       1.899905615977241E-10    1.6406094968746698       1.4517902526031543E-10   1.6406094968746698       1.1401140645516256E-10   1.6406094968746698       9.288499135499324E-11    1.6406094968746698       7.915193234465979E-11    1.6406094968746698       7.082945806632781E-11    1.6406094968746698       6.6242484280515E-11      1.6406094968746698       6.40645476428361E-11     1.6406094968746698       6.351011506480454E-11    1.6406094968746698       6.399087265559947E-11    1.6406094968746698       6.50615355359165E-11     1.6406094968746698       6.650326214906142E-11    1.6406094968746698       6.827020530487797E-11    1.6406094968746698       7.020072598139985E-11    1.6406094968746698       7.215220202205767E-11    1.6406094968746698       7.429409557813615E-11    1.6406094968746698       7.649654659385951E-11    1.6406094968746698       7.869474480238114E-11    1.6406094968746698       8.096331221585693E-11    1.6406094968746698       8.320510410938026E-11    1.6406094968746698       8.541319268928467E-11    1.6406094968746698       8.77428244520171E-11     1.6406094968746698       9.004595796481967E-11    1.6406094968746698       9.236302165500197E-11    1.6406094968746698       9.467654739589327E-11    1.6406094968746698       9.698305807315373E-11    1.6406094968746698       9.938941703255257E-11    1.6406094968746698       1.0179090812701795E-10   1.6406094968746698       1.0423292450901608E-10   1.6406094968746698
1.6580627893946132        6.108390303334511E-9     1.6580627893946132       4.929356904316668E-9     1.6580627893946132       3.979581203669818E-9     1.6580627893946132       3.238458729644252E-9     1.6580627893946132       2.6270939053093244E-9    1.6580627893946132       2.0329980095580175E-9    1.6580627893946132       1.5282652092085165E-9    1.6580627893946132       1.1319358500853944E-9    1.6580627893946132       8.344860058514266E-10    1.6580627893946132       6.163860203039543E-10    1.6580627893946132       4.5822605469106224E-10   1.6580627893946132       3.445744609072647E-10    1.6580627893946132       2.6312628403471367E-10   1.6580627893946132       2.0524987979836195E-10   1.6580627893946132       1.6438654983659E-10      1.6580627893946132       1.3583648319401173E-10   1.6580627893946132       1.162463268857721E-10    1.6580627893946132       1.032368772114436E-10    1.6580627893946132       9.489216475754926E-11    1.6580627893946132       8.982279524102041E-11    1.6580627893946132       8.714609146183692E-11    1.6580627893946132       8.615357134095233E-11    1.6580627893946132       8.629872080211403E-11    1.6580627893946132       8.719927658840017E-11    1.6580627893946132       8.879941459662813E-11    1.6580627893946132       9.077841720197736E-11    1.6580627893946132       9.290229751507349E-11    1.6580627893946132       9.540645091492843E-11    1.6580627893946132       9.801302889035423E-11    1.6580627893946132       1.007281096987795E-10    1.6580627893946132       1.0352703730695405E-10   1.6580627893946132       1.0629838404243652E-10   1.6580627893946132       1.0906821709560029E-10   1.6580627893946132       1.1197986460571335E-10   1.6580627893946132       1.1489378028762785E-10   1.6580627893946132       1.178035187044903E-10    1.6580627893946132       1.207255941101859E-10    1.6580627893946132       1.2365788462295115E-10   1.6580627893946132       1.2668759777863298E-10   1.6580627893946132       1.29725259511105E-10     1.6580627893946132       1.3278129864963438E-10   1.6580627893946132
1.6755160819145563        7.579186820414246E-9     1.6755160819145563       6.124299547172646E-9     1.6755160819145563       4.94384874055061E-9      1.6755160819145563       4.019972762084164E-9     1.6755160819145563       3.2644459289872423E-9    1.6755160819145563       2.5269505168295152E-9    1.6755160819145563       1.9010380293803846E-9    1.6755160819145563       1.40828145670997E-9      1.6755160819145563       1.0391513204005653E-9    1.6755160819145563       7.68455375616295E-10     1.6755160819145563       5.721275836855578E-10    1.6755160819145563       4.3090119693780793E-10   1.6755160819145563       3.2949590830892305E-10   1.6755160819145563       2.5709994318136586E-10   1.6755160819145563       2.0550002153719443E-10   1.6755160819145563       1.688533289763644E-10    1.6755160819145563       1.4303325308502376E-10   1.6755160819145563       1.2516005851599755E-10   1.6755160819145563       1.1297313110560657E-10   1.6755160819145563       1.049264010989935E-10    1.6755160819145563       9.997308220949505E-11    1.6755160819145563       9.729041604617353E-11    1.6755160819145563       9.625032770978802E-11    1.6755160819145563       9.635351841303767E-11    1.6755160819145563       9.751010314529315E-11    1.6755160819145563       9.928430237259418E-11    1.6755160819145563       1.0137143833342011E-10   1.6755160819145563       1.040068733702947E-10    1.6755160819145563       1.0681468536204667E-10   1.6755160819145563       1.0985278120783642E-10   1.6755160819145563       1.1297198028896464E-10   1.6755160819145563       1.1604867990616364E-10   1.6755160819145563       1.1914364799773288E-10   1.6755160819145563       1.2234417201890888E-10   1.6755160819145563       1.2554257252294612E-10   1.6755160819145563       1.2864843942397597E-10   1.6755160819145563       1.3173781704176807E-10   1.6755160819145563       1.348011885477071E-10    1.6755160819145563       1.3789601355528035E-10   1.6755160819145563       1.4094146568394862E-10   1.6755160819145563       1.4392620698094274E-10   1.6755160819145563
1.6929693744344996        9.061381767418585E-9     1.6929693744344996       7.330107318031947E-9     1.6929693744344996       5.910535270106091E-9     1.6929693744344996       4.811890257336361E-9     1.6929693744344996       3.905234727717252E-9     1.6929693744344996       3.0221099851838957E-9    1.6929693744344996       2.268644615721257E-9     1.6929693744344996       1.6707074559193964E-9    1.6929693744344996       1.2261754617068459E-9    1.6929693744344996       8.997764197663468E-10    1.6929693744344996       6.627964752721153E-10    1.6929693744344996       4.920362137312778E-10    1.6929693744344996       3.6925521329016764E-10   1.6929693744344996       2.8142489365480506E-10   1.6929693744344996       2.1869519362064495E-10   1.6929693744344996       1.740581879670807E-10    1.6929693744344996       1.425202535236566E-10    1.6929693744344996       1.2057136084240408E-10   1.6929693744344996       1.0546060401059093E-10   1.6929693744344996       9.536406522662374E-11    1.6929693744344996       8.889086487816075E-11    1.6929693744344996       8.502585382449435E-11    1.6929693744344996       8.305717755724444E-11    1.6929693744344996       8.239179010662141E-11    1.6929693744344996       8.283045837437687E-11    1.6929693744344996       8.392493946224247E-11    1.6929693744344996       8.537840220245968E-11    1.6929693744344996       8.730458545409923E-11    1.6929693744344996       8.937645681427645E-11    1.6929693744344996       9.169892436189452E-11    1.6929693744344996       9.399032361586333E-11    1.6929693744344996       9.620333726606197E-11    1.6929693744344996       9.843632167664213E-11    1.6929693744344996       1.0071677058870619E-10   1.6929693744344996       1.0300287982470511E-10   1.6929693744344996       1.0516491202937381E-10   1.6929693744344996       1.0735042267312641E-10   1.6929693744344996       1.0958727972320762E-10   1.6929693744344996       1.1186166117906878E-10   1.6929693744344996       1.141334486551226E-10    1.6929693744344996       1.1638342562809431E-10   1.6929693744344996
1.710422666954443         1.0422380364675202E-8    1.710422666954443        8.431722776879956E-9     1.710422666954443        6.81211682931888E-9      1.710422666954443        5.541966294188776E-9     1.710422666954443        4.485494166248933E-9     1.710422666954443        3.4578416340451665E-9    1.710422666954443        2.590471651886592E-9     1.710422666954443        1.9035468718601295E-9    1.710422666954443        1.386497475030189E-9     1.710422666954443        1.0058793330394484E-9    1.710422666954443        7.287346220510176E-10    1.710422666954443        5.282179985235154E-10    1.710422666954443        3.8340962654253794E-10   1.710422666954443        2.793173216760474E-10    1.710422666954443        2.0480519575560034E-10   1.710422666954443        1.5207532076718695E-10   1.710422666954443        1.1567967911723265E-10   1.710422666954443        9.188687111091482E-11    1.710422666954443        7.754030861125958E-11    1.710422666954443        7.023415152062907E-11    1.710422666954443        6.744761715701338E-11    1.710422666954443        6.731047577831945E-11    1.710422666954443        6.862588986366563E-11    1.710422666954443        7.079409734406302E-11    1.710422666954443        7.326690364509423E-11    1.710422666954443        7.594577559537278E-11    1.710422666954443        7.866181606603003E-11    1.710422666954443        8.134738970957848E-11    1.710422666954443        8.407530958936356E-11    1.710422666954443        8.684600133782617E-11    1.710422666954443        8.94217237822354E-11     1.710422666954443        9.191900908930965E-11    1.710422666954443        9.433883317592357E-11    1.710422666954443        9.677989654313344E-11    1.710422666954443        9.91806981031299E-11     1.710422666954443        1.0142860375361678E-10   1.710422666954443        1.0368109366138075E-10   1.710422666954443        1.060296647428716E-10    1.710422666954443        1.0833036952631678E-10   1.710422666954443        1.1066780442659792E-10   1.710422666954443        1.1287072678587849E-10   1.710422666954443
1.7278759594743864        1.1643934573123655E-8    1.7278759594743864       9.434305683966616E-9     1.7278759594743864       7.6327600737963E-9       1.7278759594743864       6.208362613200018E-9     1.7278759594743864       5.028409783700781E-9     1.7278759594743864       3.883982013574716E-9     1.7278759594743864       2.901965146115155E-9     1.7278759594743864       2.1267229936686016E-9    1.7278759594743864       1.5414480367505383E-9    1.7278759594743864       1.1089207163527672E-9    1.7278759594743864       7.924223580626118E-10    1.7278759594743864       5.619106812876369E-10    1.7278759594743864       3.938940375010709E-10    1.7278759594743864       2.7147165609095556E-10   1.7278759594743864       1.8216587517679084E-10   1.7278759594743864       1.1729729976886993E-10   1.7278759594743864       7.135285057308488E-11    1.7278759594743864       4.308262693418613E-11    1.7278759594743864       3.5379884631201423E-11   1.7278759594743864       4.327894795350952E-11    1.7278759594743864       5.4669510379114574E-11   1.7278759594743864       6.524669798317652E-11    1.7278759594743864       7.422977665971474E-11    1.7278759594743864       8.213000054593284E-11    1.7278759594743864       8.877693307073053E-11    1.7278759594743864       9.47291270169971E-11     1.7278759594743864       1.0003272837273365E-10   1.7278759594743864       1.0482632052776239E-10   1.7278759594743864       1.0944253531360923E-10   1.7278759594743864       1.1375878918488624E-10   1.7278759594743864       1.1785377753772516E-10   1.7278759594743864       1.2183107913973876E-10   1.7278759594743864       1.256038566512036E-10    1.7278759594743864       1.2939937512701916E-10   1.7278759594743864       1.3314610192158089E-10   1.7278759594743864       1.367268065625428E-10    1.7278759594743864       1.4030649430446397E-10   1.7278759594743864       1.439100722177472E-10    1.7278759594743864       1.475087836314001E-10    1.7278759594743864       1.5122766192782796E-10   1.7278759594743864       1.547612701852977E-10    1.7278759594743864
1.7453292519943295        1.2812761880762928E-8    1.7453292519943295       1.0412338478796303E-8    1.7453292519943295       8.447693122269896E-9     1.7453292519943295       6.8876232934474955E-9    1.7453292519943295       5.587885868391051E-9     1.7453292519943295       4.334302337054274E-9     1.7453292519943295       3.247381143471337E-9     1.7453292519943295       2.3877574231959113E-9    1.7453292519943295       1.7395081543102357E-9    1.7453292519943295       1.259476742374524E-9     1.7453292519943295       9.074042273088171E-10    1.7453292519943295       6.504715935721728E-10    1.7453292519943295       4.6268068768306826E-10   1.7453292519943295       3.2539807898502086E-10   1.7453292519943295       2.2471959401605874E-10   1.7453292519943295       1.5068431104573074E-10   1.7453292519943295       9.634968751808533E-11    1.7453292519943295       5.761143691722306E-11    1.7453292519943295       3.408107876478583E-11    1.7453292519943295       2.9326482645832006E-11   1.7453292519943295       3.782765638205239E-11    1.7453292519943295       4.8701463945757104E-11   1.7453292519943295       5.843700315666758E-11    1.7453292519943295       6.683094687777566E-11    1.7453292519943295       7.386280565558113E-11    1.7453292519943295       7.99811640922842E-11     1.7453292519943295       8.519709542879929E-11    1.7453292519943295       8.984421168762987E-11    1.7453292519943295       9.406417281024312E-11    1.7453292519943295       9.774377502143312E-11    1.7453292519943295       1.0121911550572067E-10   1.7453292519943295       1.0445148607083328E-10   1.7453292519943295       1.0738208502100372E-10   1.7453292519943295       1.1022926931148623E-10   1.7453292519943295       1.1297021297837036E-10   1.7453292519943295       1.1547904723152498E-10   1.7453292519943295       1.1800746927241593E-10   1.7453292519943295       1.203193530515437E-10    1.7453292519943295       1.2273802269303455E-10   1.7453292519943295       1.2524611850090281E-10   1.7453292519943295       1.2763214933435077E-10   1.7453292519943295
1.7627825445142729        1.409473203328209E-8     1.7627825445142729       1.1496017565282493E-8    1.7627825445142729       9.35171091073228E-9      1.7627825445142729       7.650699253243303E-9     1.7627825445142729       6.232929535480639E-9     1.7627825445142729       4.852460220221973E-9     1.7627825445142729       3.659051138621966E-9     1.7627825445142729       2.714102878256699E-9     1.7627825445142729       1.9996931343684E-9       1.7627825445142729       1.4705055090111846E-9    1.7627825445142729       1.0825551149091014E-9    1.7627825445142729       8.000855290673239E-10    1.7627825445142729       5.945236885273537E-10    1.7627825445142729       4.4546534219001225E-10   1.7627825445142729       3.374719750829364E-10    1.7627825445142729       2.59438305179027E-10     1.7627825445142729       2.035536773153599E-10    1.7627825445142729       1.6421415929630007E-10   1.7627825445142729       1.3728468719172438E-10   1.7627825445142729       1.1949930374695885E-10   1.7627825445142729       1.0843299386910729E-10   1.7627825445142729       1.0224091335210797E-10   1.7627825445142729       9.933739173180865E-11    1.7627825445142729       9.830913422372365E-11    1.7627825445142729       9.891441870028016E-11    1.7627825445142729       1.0038227186703202E-10   1.7627825445142729       1.0223484438288774E-10   1.7627825445142729       1.0465649100592635E-10   1.7627825445142729       1.0723161005584193E-10   1.7627825445142729       1.0988924000010936E-10   1.7627825445142729       1.126631994553098E-10    1.7627825445142729       1.1535423713118025E-10   1.7627825445142729       1.1801605787916875E-10   1.7627825445142729       1.2083154420703857E-10   1.7627825445142729       1.2363260337359036E-10   1.7627825445142729       1.263153592368524E-10    1.7627825445142729       1.2912341417068824E-10   1.7627825445142729       1.318253700458947E-10    1.7627825445142729       1.3475204698032062E-10   1.7627825445142729       1.3761683983375833E-10   1.7627825445142729       1.4059055541372924E-10   1.7627825445142729
1.780235837034216         1.5493184675342817E-8    1.780235837034216        1.2661358218792753E-8    1.780235837034216        1.031807965032181E-8     1.780235837034216        8.463890549835801E-9     1.780235837034216        6.8999771155015226E-9    1.780235837034216        5.383065304553933E-9     1.780235837034216        4.070340670905079E-9     1.780235837034216        3.0302164953994113E-9    1.780235837034216        2.2419960969653137E-9    1.780235837034216        1.6578224461578843E-9    1.780235837034216        1.2295788440662588E-9    1.780235837034216        9.178199422113534E-10    1.780235837034216        6.911055939933206E-10    1.780235837034216        5.267857137781716E-10    1.780235837034216        4.0755855460983975E-10   1.780235837034216        3.210415321754374E-10    1.780235837034216        2.583865192361373E-10    1.780235837034216        2.13223501524679E-10     1.780235837034216        1.8073803535363904E-10   1.780235837034216        1.5765942054623076E-10   1.780235837034216        1.414470556653269E-10    1.780235837034216        1.3040851088339306E-10   1.780235837034216        1.2309932194970995E-10   1.780235837034216        1.1847492706066983E-10   1.780235837034216        1.1611920835723343E-10   1.780235837034216        1.1520005604741764E-10   1.780235837034216        1.1529333212986046E-10   1.780235837034216        1.163517414294548E-10    1.780235837034216        1.1805767811808863E-10   1.780235837034216        1.202854351577879E-10    1.780235837034216        1.2281815198614642E-10   1.780235837034216        1.254419953905066E-10    1.780235837034216        1.28306968462737E-10     1.780235837034216        1.31424429254023E-10     1.780235837034216        1.346437225340496E-10    1.780235837034216        1.379458503935183E-10    1.780235837034216        1.4127575094902364E-10   1.780235837034216        1.4480572116893886E-10   1.780235837034216        1.4837067884459428E-10   1.780235837034216        1.5184533051604622E-10   1.780235837034216        1.5539527600637683E-10   1.780235837034216
1.7976891295541593        1.683885638007686E-8     1.7976891295541593       1.3780495099531274E-8    1.7976891295541593       1.124609575123936E-8     1.7976891295541593       9.234056441215998E-9     1.7976891295541593       7.521163703884871E-9     1.7976891295541593       5.866066411879046E-9     1.7976891295541593       4.4264165788374326E-9    1.7976891295541593       3.280250097853444E-9     1.7976891295541593       2.41101640567608E-9      1.7976891295541593       1.7644207655863408E-9    1.7976891295541593       1.2885127910158137E-9    1.7976891295541593       9.401990935028177E-10    1.7976891295541593       6.854124307827854E-10    1.7976891295541593       4.994507836589028E-10    1.7976891295541593       3.6363576650262735E-10   1.7976891295541593       2.6483398444622866E-10   1.7976891295541593       1.9359501417817774E-10   1.7976891295541593       1.436330380927176E-10    1.7976891295541593       1.1019873574014824E-10   1.7976891295541593       9.031205499772567E-11    1.7976891295541593       8.062607069385272E-11    1.7976891295541593       7.759552653046534E-11    1.7976891295541593       7.836322823377135E-11    1.7976891295541593       8.136290694725896E-11    1.7976891295541593       8.485555299096828E-11    1.7976891295541593       8.870321297241753E-11    1.7976891295541593       9.257476970386622E-11    1.7976891295541593       9.639771477215502E-11    1.7976891295541593       1.0016837073871477E-10   1.7976891295541593       1.0409846786467287E-10   1.7976891295541593       1.0787155027971128E-10   1.7976891295541593       1.115592356064526E-10    1.7976891295541593       1.1527402021804976E-10   1.7976891295541593       1.1906363851987812E-10   1.7976891295541593       1.2280954987865837E-10   1.7976891295541593       1.265198748272458E-10    1.7976891295541593       1.3017145158699362E-10   1.7976891295541593       1.3401989849313709E-10   1.7976891295541593       1.3773576496490212E-10   1.7976891295541593       1.4149109271580597E-10   1.7976891295541593       1.450800799363956E-10    1.7976891295541593
1.8151424220741028        1.8085131786079353E-8    1.8151424220741028       1.4841303796714441E-8    1.8151424220741028       1.2141386412486419E-8    1.8151424220741028       9.988004882553285E-9     1.8151424220741028       8.148474223438568E-9     1.8151424220741028       6.364024808005767E-9     1.8151424220741028       4.80396332656394E-9      1.8151424220741028       3.5657814315663637E-9    1.8151424220741028       2.6191673391489754E-9    1.8151424220741028       1.9122640983525787E-9    1.8151424220741028       1.3895861145168718E-9    1.8151424220741028       1.0050348780048073E-9    1.8151424220741028       7.217811696491582E-10    1.8151424220741028       5.131178046040054E-10    1.8151424220741028       3.5872471636684223E-10   1.8151424220741028       2.440964572374986E-10    1.8151424220741028       1.5836565532460095E-10   1.8151424220741028       9.424584899243546E-11    1.8151424220741028       4.6449412122720647E-11   1.8151424220741028       1.4359376222928444E-11   1.8151424220741028       2.3217641792877074E-11   1.8151424220741028       4.336466211497073E-11    1.8151424220741028       5.971054095431787E-11    1.8151424220741028       7.291645716468539E-11    1.8151424220741028       8.346887278411532E-11    1.8151424220741028       9.23768209293582E-11     1.8151424220741028       9.973564821674635E-11    1.8151424220741028       1.0611949970160111E-10   1.8151424220741028       1.1180697413858274E-10   1.8151424220741028       1.168725025243202E-10    1.8151424220741028       1.2154551385834885E-10   1.8151424220741028       1.2600844055674298E-10   1.8151424220741028       1.3010754213994096E-10   1.8151424220741028       1.3421379888968598E-10   1.8151424220741028       1.3823844665127636E-10   1.8151424220741028       1.4197599189410022E-10   1.8151424220741028       1.4573665407044226E-10   1.8151424220741028       1.4932160968828E-10      1.8151424220741028       1.531074141325064E-10    1.8151424220741028       1.5694149351145325E-10   1.8151424220741028       1.605857612267371E-10    1.8151424220741028
1.8325957145940461        1.9406599204106443E-8    1.8325957145940461       1.5991168624273196E-8    1.8325957145940461       1.313582758509042E-8     1.8325957145940461       1.0848119970369536E-8    1.8325957145940461       8.891524954888731E-9     1.8325957145940461       6.975339354920461E-9     1.8325957145940461       5.303429461943499E-9     1.8325957145940461       3.9732276126440115E-9    1.8325957145940461       2.9538978397926405E-9    1.8325957145940461       2.191983392796285E-9     1.8325957145940461       1.6284120536141219E-9    1.8325957145940461       1.2142916724257776E-9    1.8325957145940461       9.100738436508789E-10    1.8325957145940461       6.87232502912064E-10     1.8325957145940461       5.237159705000136E-10    1.8325957145940461       4.038706206571151E-10    1.8325957145940461       3.1606670813663764E-10   1.8325957145940461       2.5231976475078915E-10   1.8325957145940461       2.0654109536861154E-10   1.8325957145940461       1.7417649310942697E-10   1.8325957145940461       1.5183225248586132E-10   1.8325957145940461       1.3739204581784801E-10   1.8325957145940461       1.2842212718446417E-10   1.8325957145940461       1.230616025969115E-10    1.8325957145940461       1.2087203192066485E-10   1.8325957145940461       1.2051912279276428E-10   1.8325957145940461       1.2145439597477702E-10   1.8325957145940461       1.235264438292527E-10    1.8325957145940461       1.2642539722700692E-10   1.8325957145940461       1.2961829419542315E-10   1.8325957145940461       1.3328508171987405E-10   1.8325957145940461       1.370538042897755E-10    1.8325957145940461       1.4088851394068122E-10   1.8325957145940461       1.4505866844489692E-10   1.8325957145940461       1.4928123831620802E-10   1.8325957145940461       1.5342279154945362E-10   1.8325957145940461       1.5768408191566822E-10   1.8325957145940461       1.6187261942050595E-10   1.8325957145940461       1.661531775706991E-10    1.8325957145940461       1.7033163181289852E-10   1.8325957145940461       1.74434913286082E-10     1.8325957145940461
1.8500490071139892        2.079829422989756E-8     1.8500490071139892       1.718037653723083E-8     1.8500490071139892       1.41532260682998E-8      1.8500490071139892       1.1716090814325838E-8    1.8500490071139892       9.617314784794307E-9     1.8500490071139892       7.559358900328226E-9     1.8500490071139892       5.753855541043831E-9     1.8500490071139892       4.314981398508486E-9     1.8500490071139892       3.2129440571710747E-9    1.8500490071139892       2.3875739671292076E-9    1.8500490071139892       1.7760575303210984E-9    1.8500490071139892       1.325851367601046E-9     1.8500490071139892       9.946876215503602E-10    1.8500490071139892       7.517380254885557E-10    1.8500490071139892       5.730875357527024E-10    1.8500490071139892       4.419406921544634E-10    1.8500490071139892       3.455669443770463E-10    1.8500490071139892       2.751564118641077E-10    1.8500490071139892       2.2391390259802984E-10   1.8500490071139892       1.870193162600761E-10    1.8500490071139892       1.6082908334279122E-10   1.8500490071139892       1.4247742873194376E-10   1.8500490071139892       1.2999737891834586E-10   1.8500490071139892       1.218474661349996E-10    1.8500490071139892       1.168231121234319E-10    1.8500490071139892       1.1396723287137319E-10   1.8500490071139892       1.1269740640863761E-10   1.8500490071139892       1.1270989279220108E-10   1.8500490071139892       1.133974872764245E-10    1.8500490071139892       1.149510582419529E-10    1.8500490071139892       1.1684037414511168E-10   1.8500490071139892       1.1875995996325014E-10   1.8500490071139892       1.2107456513834973E-10   1.8500490071139892       1.234465163396446E-10    1.8500490071139892       1.2606083943459728E-10   1.8500490071139892       1.2865612259494234E-10   1.8500490071139892       1.3132276001208806E-10   1.8500490071139892       1.3413719082470882E-10   1.8500490071139892       1.3693576400216668E-10   1.8500490071139892       1.3972401584409726E-10   1.8500490071139892       1.4263372820941513E-10   1.8500490071139892
1.8675022996339325        2.2086723423856536E-8    1.8675022996339325       1.8300537573732824E-8    1.8675022996339325       1.510711899220871E-8     1.8675022996339325       1.2529358647507182E-8    1.8675022996339325       1.0290582714450942E-8    1.8675022996339325       8.088508847733357E-9     1.8675022996339325       6.148463360090148E-9     1.8675022996339325       4.598195930670618E-9     1.8675022996339325       3.405859515252167E-9     1.8675022996339325       2.508556423127238E-9     1.8675022996339325       1.8400815046059031E-9    1.8675022996339325       1.3445979587229042E-9    1.8675022996339325       9.771272109541831E-10    1.8675022996339325       7.046108487174058E-10    1.8675022996339325       5.01655912455506E-10     1.8675022996339325       3.502958132185914E-10    1.8675022996339325       2.367478644736003E-10    1.8675022996339325       1.519151296844344E-10    1.8675022996339325       8.958430835342705E-11    1.8675022996339325       4.824700228763694E-11    1.8675022996339325       3.698333182987156E-11    1.8675022996339325       5.128188649427891E-11    1.8675022996339325       6.954963369062578E-11    1.8675022996339325       8.629810989319781E-11    1.8675022996339325       1.0011345470101704E-10   1.8675022996339325       1.1205895706704562E-10   1.8675022996339325       1.2192881363271243E-10   1.8675022996339325       1.3049925825367395E-10   1.8675022996339325       1.3824671019825E-10      1.8675022996339325       1.4513899340443823E-10   1.8675022996339325       1.5128625627521378E-10   1.8675022996339325       1.5718600431389594E-10   1.8675022996339325       1.6248336093731906E-10   1.8675022996339325       1.677270573149493E-10    1.8675022996339325       1.7271849209830042E-10   1.8675022996339325       1.774785921486358E-10    1.8675022996339325       1.82002387317199E-10     1.8675022996339325       1.8648614346774732E-10   1.8675022996339325       1.909853130081313E-10    1.8675022996339325       1.956392629623537E-10    1.8675022996339325       1.9997084705248943E-10   1.8675022996339325
1.8849555921538759        2.341815225397626E-8     1.8849555921538759       1.949941579055371E-8     1.8849555921538759       1.6166514273246955E-8    1.8849555921538759       1.3467658588495177E-8    1.8849555921538759       1.11067201352987E-8      1.8849555921538759       8.78059188629273E-9      1.8849555921538759       6.720284455634597E-9     1.8849555921538759       5.0728107262513644E-9    1.8849555921538759       3.798705666132037E-9     1.8849555921538759       2.8377230099663155E-9    1.8849555921538759       2.120398550780358E-9     1.8849555921538759       1.5883971148890899E-9    1.8849555921538759       1.193992314689384E-9     1.8849555921538759       9.021623397751544E-10    1.8849555921538759       6.858303253448631E-10    1.8849555921538759       5.255977773205624E-10    1.8849555921538759       4.0678107437720444E-10   1.8849555921538759       3.193223622494541E-10    1.8849555921538759       2.55801549519732E-10     1.8849555921538759       2.1001598089410195E-10   1.8849555921538759       1.781143742338256E-10    1.8849555921538759       1.5697294425766E-10      1.8849555921538759       1.4378561100088956E-10   1.8849555921538759       1.3563697704482922E-10   1.8849555921538759       1.3182041384827823E-10   1.8849555921538759       1.304290157892429E-10    1.8849555921538759       1.3095186877066196E-10   1.8849555921538759       1.3278403028739136E-10   1.8849555921538759       1.3531113326837226E-10   1.8849555921538759       1.3827672157679937E-10   1.8849555921538759       1.4178393985045487E-10   1.8849555921538759       1.453278336557262E-10    1.8849555921538759       1.4892103435131736E-10   1.8849555921538759       1.5276687872473287E-10   1.8849555921538759       1.5665267312057696E-10   1.8849555921538759       1.6036548449848304E-10   1.8849555921538759       1.6443884156581294E-10   1.8849555921538759       1.6828019096363417E-10   1.8849555921538759       1.7237730727680015E-10   1.8849555921538759       1.7627847904795E-10      1.8849555921538759       1.8024521088378095E-10   1.8849555921538759
1.902408884673819         2.4812061991944684E-8    1.902408884673819        2.0717497434868362E-8    1.902408884673819        1.7243170798182336E-8    1.902408884673819        1.439935591766768E-8     1.902408884673819        1.1899850824793057E-8    1.902408884673819        9.42663819026803E-9      1.902408884673819        7.243890243508961E-9     1.902408884673819        5.475958624738175E-9     1.902408884673819        4.1111463440389724E-9    1.902408884673819        3.079022688372709E-9     1.902408884673819        2.306785023265853E-9     1.902408884673819        1.7325874568405609E-9    1.902408884673819        1.306119640066225E-9     1.902408884673819        9.8988308444313E-10      1.902408884673819        7.549174640643637E-10    1.902408884673819        5.805355320036286E-10    1.902408884673819        4.5075414426979187E-10   1.902408884673819        3.5486694974728324E-10   1.902408884673819        2.8433116516253485E-10   1.902408884673819        2.3263225365404947E-10   1.902408884673819        1.9572893430985022E-10   1.902408884673819        1.6945462003691896E-10   1.902408884673819        1.5135318116955142E-10   1.902408884673819        1.3961088504252937E-10   1.902408884673819        1.321123491324727E-10    1.902408884673819        1.2784797566488778E-10   1.902408884673819        1.2572921606430986E-10   1.902408884673819        1.2530449418034938E-10   1.902408884673819        1.2591295699264009E-10   1.902408884673819        1.2763733671430352E-10   1.902408884673819        1.2969480332383804E-10   1.902408884673819        1.3191015073481456E-10   1.902408884673819        1.3461606780653223E-10   1.902408884673819        1.37577392768283E-10     1.902408884673819        1.4060588655244476E-10   1.902408884673819        1.4364384219449525E-10   1.902408884673819        1.4656196909256492E-10   1.902408884673819        1.4962088913881444E-10   1.902408884673819        1.5277683824136022E-10   1.902408884673819        1.5595353278623958E-10   1.902408884673819        1.5908859700457648E-10   1.902408884673819
1.9198621771937625        2.6135460038980906E-8    1.9198621771937625       2.189901389534194E-8     1.9198621771937625       1.8292491777781188E-8    1.9198621771937625       1.5311050031391954E-8    1.9198621771937625       1.2676287831399122E-8    1.9198621771937625       1.0054406625842554E-8    1.9198621771937625       7.7329865985756E-9       1.9198621771937625       5.841016806408077E-9     1.9198621771937625       4.375868997166152E-9     1.9198621771937625       3.2622058170526587E-9    1.9198621771937625       2.42406834944639E-9      1.9198621771937625       1.7966483682684483E-9    1.9198621771937625       1.326835127298048E-9     1.9198621771937625       9.749527020067648E-10    1.9198621771937625       7.102746841162421E-10    1.9198621771937625       5.107854239243198E-10    1.9198621771937625       3.5905439114703593E-10   1.9198621771937625       2.4373149061891873E-10   1.9198621771937625       1.5584517930202853E-10   1.9198621771937625       8.809169417531311E-11    1.9198621771937625       3.6085458319017315E-11   1.9198621771937625       4.835457194565409E-12    1.9198621771937625       3.6061850160364075E-11   1.9198621771937625       6.097145427268432E-11    1.9198621771937625       8.088883660585469E-11    1.9198621771937625       9.708757702959947E-11    1.9198621771937625       1.1033476637751699E-10   1.9198621771937625       1.214919426383609E-10    1.9198621771937625       1.312347986950614E-10    1.9198621771937625       1.3950589713569616E-10   1.9198621771937625       1.4692527995293786E-10   1.9198621771937625       1.5375364050617466E-10   1.9198621771937625       1.5979386094431585E-10   1.9198621771937625       1.655223839759931E-10    1.9198621771937625       1.7111214043827388E-10   1.9198621771937625       1.764220028786415E-10    1.9198621771937625       1.8135671222492974E-10   1.9198621771937625       1.8640491469003588E-10   1.9198621771937625       1.9133976352414835E-10   1.9198621771937625       1.9625805000397608E-10   1.9198621771937625       2.0096648845194772E-10   1.9198621771937625
1.9373154697137058        2.7544356675689835E-8    1.9373154697137058       2.3217942203542214E-8    1.9373154697137058       1.9486196111509085E-8    1.9373154697137058       1.6388803464963677E-8    1.9373154697137058       1.3639854133536924E-8    1.9373154697137058       1.0886294350108145E-8    1.9373154697137058       8.42694261651764E-9      1.9373154697137058       6.430055297708073E-9     1.9373154697137058       4.874097666297885E-9     1.9373154697137058       3.6887109066915533E-9    1.9373154697137058       2.7948815056730807E-9    1.9373154697137058       2.125425620582708E-9     1.9373154697137058       1.6244287851221758E-9    1.9373154697137058       1.2502536778969826E-9    1.9373154697137058       9.700584736580392E-10    1.9373154697137058       7.603375164486138E-10    1.9373154697137058       6.027797865639174E-10    1.9373154697137058       4.850836092769271E-10    1.9373154697137058       3.9734346799236534E-10   1.9373154697137058       3.317575372055873E-10    1.9373154697137058       2.8375151893112E-10      1.9373154697137058       2.4907141970145534E-10   1.9373154697137058       2.2412369670222644E-10   1.9373154697137058       2.0686177766570333E-10   1.9373154697137058       1.9540303478714292E-10   1.9373154697137058       1.8834936286147095E-10   1.9373154697137058       1.8428583631353725E-10   1.9373154697137058       1.8273639161892207E-10   1.9373154697137058       1.829124264795545E-10    1.9373154697137058       1.8444654544119395E-10   1.9373154697137058       1.8701748985147716E-10   1.9373154697137058       1.899855198062382E-10    1.9373154697137058       1.935523644245984E-10    1.9373154697137058       1.976636997617867E-10    1.9373154697137058       2.019785889883753E-10    1.9373154697137058       2.0636014751992245E-10   1.9373154697137058       2.1128630839742835E-10   1.9373154697137058       2.1593385147199485E-10   1.9373154697137058       2.2114638443231024E-10   1.9373154697137058       2.2634310635654394E-10   1.9373154697137058       2.3152016060040996E-10   1.9373154697137058
1.9547687622336491        2.891051773444639E-8     1.9547687622336491       2.4454319300061465E-8    1.9547687622336491       2.0581090032239652E-8    1.9547687622336491       1.7348707739892598E-8    1.9547687622336491       1.4454411997441547E-8    1.9547687622336491       1.1549560384937607E-8    1.9547687622336491       8.940283622293737E-9     1.9547687622336491       6.807454924798735E-9     1.9547687622336491       5.142967016679119E-9     1.9547687622336491       3.86889396333984E-9      1.9547687622336491       2.9034812095112845E-9    1.9547687622336491       2.1761386741625358E-9    1.9547687622336491       1.6284182780052412E-9    1.9547687622336491       1.2161458510172327E-9    1.9547687622336491       9.04878874690901E-10     1.9547687622336491       6.699831690758028E-10    1.9547687622336491       4.919719531151817E-10    1.9547687622336491       3.5815354609634965E-10   1.9547687622336491       2.584916787606697E-10    1.9547687622336491       1.864021201751309E-10    1.9547687622336491       1.3839253432482233E-10   1.9547687622336491       1.113752313179534E-10    1.9547687622336491       1.0233845772801273E-10   1.9547687622336491       1.0573529186622274E-10   1.9547687622336491       1.1401474986595739E-10   1.9547687622336491       1.240720450093812E-10    1.9547687622336491       1.3403378377542143E-10   1.9547687622336491       1.4355395519135415E-10   1.9547687622336491       1.522843429883244E-10    1.9547687622336491       1.605298251888707E-10    1.9547687622336491       1.6804909511159574E-10   1.9547687622336491       1.7512267377501141E-10   1.9547687622336491       1.817600218913979E-10    1.9547687622336491       1.8831683296880756E-10   1.9547687622336491       1.9457948048599265E-10   1.9547687622336491       2.0070067452727013E-10   1.9547687622336491       2.0642316725406552E-10   1.9547687622336491       2.1240573357695362E-10   1.9547687622336491       2.1820080998223213E-10   1.9547687622336491       2.2396154374232058E-10   1.9547687622336491       2.2979361790826905E-10   1.9547687622336491
1.9722220547535922        3.0327335933640665E-8    1.9722220547535922       2.5805201606631374E-8    1.9722220547535922       2.1832886959001552E-8    1.9722220547535922       1.849043553318044E-8     1.9722220547535922       1.5475927284393485E-8    1.9722220547535922       1.2431558577521675E-8    1.9722220547535922       9.687585564627913E-9     1.9722220547535922       7.429954042348232E-9     1.9722220547535922       5.6621002830310864E-9    1.9722220547535922       4.303595895060163E-9     1.9722220547535922       3.2700854321351735E-9    1.9722220547535922       2.489005861515305E-9     1.9722220547535922       1.8989812770532744E-9    1.9722220547535922       1.4539131740667698E-9    1.9722220547535922       1.1172875709042516E-9    1.9722220547535922       8.629304613184185E-10    1.9722220547535922       6.698788102651036E-10    1.9722220547535922       5.242860306285925E-10    1.9722220547535922       4.15270291306502E-10     1.9722220547535922       3.3396612032208383E-10   1.9722220547535922       2.747873544100783E-10    1.9722220547535922       2.3324431497343804E-10   1.9722220547535922       2.0504473838459215E-10   1.9722220547535922       1.869444138090546E-10    1.9722220547535922       1.7649740154060743E-10   1.9722220547535922       1.7124708699228146E-10   1.9722220547535922       1.693639628782213E-10    1.9722220547535922       1.69812592942543E-10     1.9722220547535922       1.720195942658461E-10    1.9722220547535922       1.748788594955023E-10    1.9722220547535922       1.7839673613447597E-10   1.9722220547535922       1.8215266585506843E-10   1.9722220547535922       1.859002652032499E-10    1.9722220547535922       1.8999405070506232E-10   1.9722220547535922       1.9412336045025224E-10   1.9722220547535922       1.9790250324452755E-10   1.9722220547535922       2.019596157219465E-10    1.9722220547535922       2.0581934275279638E-10   1.9722220547535922       2.0983361820251793E-10   1.9722220547535922       2.1387536329673707E-10   1.9722220547535922       2.1744947090053396E-10   1.9722220547535922
1.9896753472735356        3.1732491851344276E-8    1.9896753472735356       2.7120694553274943E-8    1.9896753472735356       2.3039332227506394E-8    1.9896753472735356       1.957675085918406E-8     1.9896753472735356       1.642446490191083E-8     1.9896753472735356       1.3230175570498477E-8    1.9896753472735356       1.0342481726166906E-8    1.9896753472735356       7.956180027925597E-9     1.9896753472735356       6.077091040646399E-9     1.9896753472735356       4.6273345817897055E-9    1.9896753472735356       3.52017665608767E-9      1.9896753472735356       2.6800282811678186E-9    1.9896753472735356       2.0427535090149647E-9    1.9896753472735356       1.5600165776246465E-9    1.9896753472735356       1.1933091149285074E-9    1.9896753472735356       9.149895247660531E-10    1.9896753472735356       7.028263650909439E-10    1.9896753472735356       5.420850701648692E-10    1.9896753472735356       4.2072360101341317E-10   1.9896753472735356       3.3049471093827413E-10   1.9896753472735356       2.6468702653997954E-10   1.9896753472735356       2.18054826860942E-10     1.9896753472735356       1.8692935210656168E-10   1.9896753472735356       1.686440286793565E-10    1.9896753472735356       1.583337107670784E-10    1.9896753472735356       1.5392919832828404E-10   1.9896753472735356       1.5323950001731628E-10   1.9896753472735356       1.549499231825143E-10    1.9896753472735356       1.5782069407325377E-10   1.9896753472735356       1.6162434885765225E-10   1.9896753472735356       1.6555994474515887E-10   1.9896753472735356       1.6947691604906137E-10   1.9896753472735356       1.7379112684350057E-10   1.9896753472735356       1.781940125131219E-10    1.9896753472735356       1.8255034338056166E-10   1.9896753472735356       1.8697152952398984E-10   1.9896753472735356       1.9131992114637648E-10   1.9896753472735356       1.956544880837931E-10    1.9896753472735356       2.0003567058323627E-10   1.9896753472735356       2.0436108179209554E-10   1.9896753472735356       2.0903654767962735E-10   1.9896753472735356
2.007128639793479         3.318084046478314E-8     2.007128639793479        2.8508762830215668E-8    2.007128639793479        2.4363289213657077E-8    2.007128639793479        2.0790907975608576E-8    2.007128639793479        1.7513500156275352E-8    2.007128639793479        1.4163508990922471E-8    2.007128639793479        1.1129020341174662E-8    2.007128639793479        8.605703732817957E-9     2.007128639793479        6.606563308848141E-9     2.007128639793479        5.0558243662124416E-9    2.007128639793479        3.8648465743188016E-9    2.007128639793479        2.9562473110307558E-9    2.007128639793479        2.262689227300967E-9     2.007128639793479        1.7340241685381909E-9    2.007128639793479        1.3297518947899492E-9    2.007128639793479        1.0204737069803514E-9    2.007128639793479        7.823712229343774E-10    2.007128639793479        5.999283631621844E-10    2.007128639793479        4.608380344613195E-10    2.007128639793479        3.549258892258189E-10    2.007128639793479        2.7621341075625015E-10   2.007128639793479        2.1979507200870063E-10   2.007128639793479        1.8144695740989578E-10   2.007128639793479        1.5834754698048765E-10   2.007128639793479        1.4684077470055017E-10   2.007128639793479        1.4324921575504016E-10   2.007128639793479        1.4442679061445854E-10   2.007128639793479        1.4841776078363177E-10   2.007128639793479        1.5389148726497458E-10   2.007128639793479        1.5979291323887556E-10   2.007128639793479        1.6587347216966594E-10   2.007128639793479        1.7201668259550418E-10   2.007128639793479        1.7762275543445193E-10   2.007128639793479        1.834032618512359E-10    2.007128639793479        1.8913339428512466E-10   2.007128639793479        1.9430851073858216E-10   2.007128639793479        1.9944016818141206E-10   2.007128639793479        2.047214255233286E-10    2.007128639793479        2.1003376209979762E-10   2.007128639793479        2.1505387191822276E-10   2.007128639793479        2.1980299456383687E-10   2.007128639793479
2.0245819323134224        3.463308422536972E-8     2.0245819323134224       2.9906379878122995E-8    2.0245819323134224       2.5686671727472064E-8    2.0245819323134224       2.200855759188011E-8     2.0245819323134224       1.861122069591109E-8     2.0245819323134224       1.5111634558291108E-8    2.0245819323134224       1.1924398546156034E-8    2.0245819323134224       9.268439072691775E-9     2.0245819323134224       7.151950772770963E-9     2.0245819323134224       5.503615179192242E-9     2.0245819323134224       4.2333297284575895E-9    2.0245819323134224       3.2608486523624993E-9    2.0245819323134224       2.5165840085002362E-9    2.0245819323134224       1.9479857900039904E-9    2.0245819323134224       1.5123402876374876E-9    2.0245819323134224       1.1785919715308649E-9    2.0245819323134224       9.217534632977971E-10    2.0245819323134224       7.249336232548608E-10    2.0245819323134224       5.743132673778236E-10    2.0245819323134224       4.5944943954766775E-10   2.0245819323134224       3.733285466443068E-10    2.0245819323134224       3.087275226703344E-10    2.0245819323134224       2.6185101321198464E-10   2.0245819323134224       2.2961186004739792E-10   2.0245819323134224       2.0734583737190886E-10   2.0245819323134224       1.9304966581043778E-10   2.0245819323134224       1.8448151197009994E-10   2.0245819323134224       1.802432794110146E-10    2.0245819323134224       1.7902557959630658E-10   2.0245819323134224       1.7951823713141692E-10   2.0245819323134224       1.8116574305118696E-10   2.0245819323134224       1.836441534399626E-10    2.0245819323134224       1.8673632482913937E-10   2.0245819323134224       1.9026944343800012E-10   2.0245819323134224       1.9376683313903316E-10   2.0245819323134224       1.9779404515127184E-10   2.0245819323134224       2.0187065054747442E-10   2.0245819323134224       2.0578302763023145E-10   2.0245819323134224       2.099363913955768E-10    2.0245819323134224       2.1421135983837466E-10   2.0245819323134224       2.1874398781424947E-10   2.0245819323134224
2.0420352248333655        3.612385550808111E-8     2.0420352248333655       3.1386980066474784E-8    2.0420352248333655       2.7112749117713044E-8    2.0420352248333655       2.3347687474002017E-8    2.0420352248333655       1.9823267067990518E-8    2.0420352248333655       1.6170406801043302E-8    2.0420352248333655       1.2819132932597338E-8    2.0420352248333655       1.0009631616515837E-8    2.0420352248333655       7.759728160544144E-9     2.0420352248333655       5.997017488313182E-9     2.0420352248333655       4.630047964433275E-9     2.0420352248333655       3.5770714129784836E-9    2.0420352248333655       2.765590117088364E-9     2.0420352248333655       2.1410769654794254E-9    2.0420352248333655       1.6588707681739477E-9    2.0420352248333655       1.2860858590079321E-9    2.0420352248333655       9.962734425621576E-10    2.0420352248333655       7.717282686529704E-10    2.0420352248333655       5.981301545230745E-10    2.0420352248333655       4.636873693406549E-10    2.0420352248333655       3.6169838758837154E-10   2.0420352248333655       2.8569180182027766E-10   2.0420352248333655       2.3078241220228958E-10   2.0420352248333655       1.9466876238434935E-10   2.0420352248333655       1.7288392865909919E-10   2.0420352248333655       1.6228378779621557E-10   2.0420352248333655       1.594514654067785E-10    2.0420352248333655       1.608093271668404E-10    2.0420352248333655       1.652101757371098E-10    2.0420352248333655       1.7065649331166676E-10   2.0420352248333655       1.7667225924794037E-10   2.0420352248333655       1.827182371843751E-10    2.0420352248333655       1.885140907806316E-10    2.0420352248333655       1.9430826058432297E-10   2.0420352248333655       1.9996616638516076E-10   2.0420352248333655       2.0506236880313198E-10   2.0420352248333655       2.1012665391629968E-10   2.0420352248333655       2.1520189040652335E-10   2.0420352248333655       2.2013260301871484E-10   2.0420352248333655       2.2521385958519867E-10   2.0420352248333655       2.2951215753356573E-10   2.0420352248333655
2.0594885173533086        3.7595056695723844E-8    2.0594885173533086       3.286619514243536E-8     2.0594885173533086       2.85324584438156E-8      2.0594885173533086       2.4669277348093506E-8    2.0594885173533086       2.1035178475608543E-8    2.0594885173533086       1.7229165606870342E-8    2.0594885173533086       1.3716932330643273E-8    2.0594885173533086       1.0762846787672859E-8    2.0594885173533086       8.383587723582746E-9     2.0594885173533086       6.511195200578763E-9     2.0594885173533086       5.053298883807763E-9     2.0594885173533086       3.925639721583808E-9     2.0594885173533086       3.053568695994107E-9     2.0594885173533086       2.380222596012242E-9     2.0594885173533086       1.8588185429573168E-9    2.0594885173533086       1.454705255003232E-9     2.0594885173533086       1.1403461191884109E-9    2.0594885173533086       8.966240437782427E-10    2.0594885173533086       7.07741069964922E-10     2.0594885173533086       5.619271854855603E-10    2.0594885173533086       4.5116971771432336E-10   2.0594885173533086       3.677100685390544E-10    2.0594885173533086       3.066049527828573E-10    2.0594885173533086       2.646421348057008E-10    2.0594885173533086       2.364093918504728E-10    2.0594885173533086       2.1926936067430616E-10   2.0594885173533086       2.0927938429153917E-10   2.0594885173533086       2.057912527062787E-10    2.0594885173533086       2.0515185113811274E-10   2.0594885173533086       2.071070503043896E-10    2.0594885173533086       2.103161539015359E-10    2.0594885173533086       2.1403815485592263E-10   2.0594885173533086       2.1830070000929904E-10   2.0594885173533086       2.229495739118844E-10    2.0594885173533086       2.2784266189510826E-10   2.0594885173533086       2.3295157826096E-10      2.0594885173533086       2.3773825385521417E-10   2.0594885173533086       2.429160668937023E-10    2.0594885173533086       2.481318873059009E-10    2.0594885173533086       2.5333015810405663E-10   2.0594885173533086       2.588463795831237E-10    2.0594885173533086
2.076941809873252         3.916921970876405E-8     2.076941809873252        3.448276943336799E-8     2.076941809873252        3.012378179103592E-8     2.076941809873252        2.6190204427078853E-8    2.076941809873252        2.2451642032084208E-8    2.076941809873252        1.848950542039301E-8     2.076941809873252        1.4805550158357272E-8    2.076941809873252        1.1698387226391435E-8    2.076941809873252        9.175331805548249E-9     2.076941809873252        7.177574768481798E-9     2.076941809873252        5.612668414344193E-9     2.076941809873252        4.394711121487141E-9     2.076941809873252        3.4472120627282714E-9    2.076941809873252        2.710936905180531E-9     2.076941809873252        2.1370795771471145E-9    2.076941809873252        1.689466482637724E-9     2.076941809873252        1.3384871434560988E-9    2.076941809873252        1.0640681169072705E-9    2.076941809873252        8.499111967277689E-10    2.076941809873252        6.823554094690379E-10    2.076941809873252        5.529339621906945E-10    2.076941809873252        4.544775043402208E-10    2.076941809873252        3.8013624154123977E-10   2.076941809873252        3.2671221667260826E-10   2.076941809873252        2.8900254494255344E-10   2.076941809873252        2.6371992649747683E-10   2.076941809873252        2.481782248626654E-10    2.076941809873252        2.3950669638592493E-10   2.076941809873252        2.3594879700199303E-10   2.076941809873252        2.3553624591123903E-10   2.076941809873252        2.3718190687875714E-10   2.076941809873252        2.4051683715578284E-10   2.076941809873252        2.448462464396417E-10    2.076941809873252        2.501183699182851E-10    2.076941809873252        2.5567216663756706E-10   2.076941809873252        2.6127645728815226E-10   2.076941809873252        2.6797390738004577E-10   2.076941809873252        2.7442570194963475E-10   2.076941809873252        2.8115192187168864E-10   2.076941809873252        2.885198577946914E-10    2.076941809873252        2.954471994883476E-10    2.076941809873252
2.0943951023931953        4.0682860739623475E-8    2.0943951023931953       3.603318275927357E-8     2.0943951023931953       3.1640618981380846E-8    2.0943951023931953       2.7641283822137044E-8    2.0943951023931953       2.377516806434917E-8     2.0943951023931953       1.965952676923916E-8     2.0943951023931953       1.5794723263452622E-8    2.0943951023931953       1.2520867301102699E-8    2.0943951023931953       9.84837015966617E-9      2.0943951023931953       7.7200200589541E-9       2.0943951023931953       6.043707520064503E-9     2.0943951023931953       4.7309968051173406E-9    2.0943951023931953       3.7039291861195803E-9    2.0943951023931953       2.9007339529119212E-9    2.0943951023931953       2.2705973258859096E-9    2.0943951023931953       1.775943485989207E-9     2.0943951023931953       1.3855441735853355E-9    2.0943951023931953       1.0779290515008416E-9    2.0943951023931953       8.357488629681694E-10    2.0943951023931953       6.455753453050868E-10    2.0943951023931953       4.979624565399468E-10    2.0943951023931953       3.8534672760300267E-10   2.0943951023931953       3.029715857848492E-10    2.0943951023931953       2.4760218995784645E-10   2.0943951023931953       2.149766078733828E-10    2.0943951023931953       2.0152084169020323E-10   2.0943951023931953       2.0018288959131102E-10   2.0943951023931953       2.074670939635227E-10    2.0943951023931953       2.1823873658425187E-10   2.0943951023931953       2.3069679175782077E-10   2.0943951023931953       2.4359682839681635E-10   2.0943951023931953       2.55801089293971E-10     2.0943951023931953       2.6730530783921753E-10   2.0943951023931953       2.784066345869659E-10    2.0943951023931953       2.88736189403886E-10     2.0943951023931953       2.987250511008762E-10    2.0943951023931953       3.076556559612272E-10    2.0943951023931953       3.161941592517865E-10    2.0943951023931953       3.24533568891151E-10     2.0943951023931953       3.32601309066118E-10     2.0943951023931953       3.4048798667237996E-10   2.0943951023931953
2.111848394913139         4.235146416886886E-8     2.111848394913139        3.7807755107384066E-8    2.111848394913139        3.3431441869967114E-8    2.111848394913139        2.9411379845801255E-8    2.111848394913139        2.5450092801817094E-8    2.111848394913139        2.1189967594666425E-8    2.111848394913139        1.715987808227696E-8     2.111848394913139        1.3724729709563229E-8    2.111848394913139        1.0904340609722404E-8    2.111848394913139        8.645829317343513E-9     2.111848394913139        6.8573206075465294E-9    2.111848394913139        5.450679081391015E-9     2.111848394913139        4.345178501303506E-9     2.111848394913139        3.477681205967532E-9     2.111848394913139        2.7950348471869146E-9    2.111848394913139        2.2571880409179816E-9    2.111848394913139        1.8319335128400128E-9    2.111848394913139        1.4958622055124616E-9    2.111848394913139        1.2303441434202723E-9    2.111848394913139        1.020184702986521E-9     2.111848394913139        8.547753182757405E-10    2.111848394913139        7.253766394267369E-10    2.111848394913139        6.247742713661847E-10    2.111848394913139        5.48059597418626E-10     2.111848394913139        4.892297213117544E-10    2.111848394913139        4.45099769409221E-10     2.111848394913139        4.119905633322801E-10    2.111848394913139        3.8893756316769073E-10   2.111848394913139        3.7222675897857226E-10   2.111848394913139        3.611499922179146E-10    2.111848394913139        3.538962091413664E-10    2.111848394913139        3.4948297714744455E-10   2.111848394913139        3.4821077572574177E-10   2.111848394913139        3.489022612334559E-10    2.111848394913139        3.507459821633049E-10    2.111848394913139        3.530858930037969E-10    2.111848394913139        3.5757845061179213E-10   2.111848394913139        3.620212695413292E-10    2.111848394913139        3.6779804687870655E-10   2.111848394913139        3.735478713639462E-10    2.111848394913139        3.7964916320498103E-10   2.111848394913139
2.129301687433082         4.393287770763569E-8     2.129301687433082        3.947079303397784E-8     2.129301687433082        3.510104851405056E-8     2.129301687433082        3.1028146215264396E-8    2.129301687433082        2.6936540475571423E-8    2.129301687433082        2.2511270210045737E-8    2.129301687433082        1.8292146393410123E-8    2.129301687433082        1.4664506391491998E-8    2.129301687433082        1.166717250606885E-8     2.129301687433082        9.24919868683743E-9      2.129301687433082        7.320246261550758E-9     2.129301687433082        5.790551348141552E-9     2.129301687433082        4.578114696087095E-9     2.129301687433082        3.6173786771337225E-9    2.129301687433082        2.8535188095375727E-9    2.129301687433082        2.2448482585789218E-9    2.129301687433082        1.757231100619508E-9     2.129301687433082        1.3664038036481638E-9    2.129301687433082        1.0520872678866558E-9    2.129301687433082        7.988669529213529E-10    2.129301687433082        5.947846584827885E-10    2.129301687433082        4.2970132992685976E-10   2.129301687433082        2.9689880672112776E-10   2.129301687433082        1.9052627606101383E-10   2.129301687433082        1.046775401217931E-10    2.129301687433082        4.23916814096293E-11     2.129301687433082        4.4445597832361675E-11   2.129301687433082        8.611739095372336E-11    2.129301687433082        1.2540401956834202E-10   2.129301687433082        1.5895601196337724E-10   2.129301687433082        1.8861506326772113E-10   2.129301687433082        2.1390353708908177E-10   2.129301687433082        2.3601644122979055E-10   2.129301687433082        2.553401779384951E-10    2.129301687433082        2.734564605550779E-10    2.129301687433082        2.8980594106662367E-10   2.129301687433082        3.040398583902735E-10    2.129301687433082        3.18284895095816E-10     2.129301687433082        3.310887562460913E-10    2.129301687433082        3.4340377181934117E-10   2.129301687433082        3.54655298527514E-10     2.129301687433082
2.1467549799530254        4.565279971102962E-8     2.1467549799530254       4.1343844464099436E-8    2.1467549799530254       3.705180760520886E-8     2.1467549799530254       3.296661279581327E-8     2.1467549799530254       2.8795921816079663E-8    2.1467549799530254       2.423802590291872E-8     2.1467549799530254       1.985869244426079E-8     2.1467549799530254       1.6073568650195236E-8    2.1467549799530254       1.2920216000979045E-8    2.1467549799530254       1.0362157067293996E-8    2.1467549799530254       8.310944192465875E-9     2.1467549799530254       6.676641214748435E-9     2.1467549799530254       5.376469414969244E-9     2.1467549799530254       4.342838384436489E-9     2.1467549799530254       3.5191495282345864E-9    2.1467549799530254       2.861454750097876E-9     2.1467549799530254       2.334484129580294E-9     2.1467549799530254       1.912420057699712E-9     2.1467549799530254       1.5734794171321577E-9    2.1467549799530254       1.301788959952337E-9     2.1467549799530254       1.0846679527120846E-9    2.1467549799530254       9.110359605974307E-10    2.1467549799530254       7.738029123129807E-10    2.1467549799530254       6.663450929020217E-10    2.1467549799530254       5.815605751025245E-10    2.1467549799530254       5.161406103650617E-10    2.1467549799530254       4.65102437699877E-10     2.1467549799530254       4.270091995241938E-10    2.1467549799530254       3.9867972048948243E-10   2.1467549799530254       3.782274521857709E-10    2.1467549799530254       3.629442105738026E-10    2.1467549799530254       3.5342302973100604E-10   2.1467549799530254       3.4646095483024245E-10   2.1467549799530254       3.438192251740474E-10    2.1467549799530254       3.4347794167062175E-10   2.1467549799530254       3.43418918262164E-10     2.1467549799530254       3.460036478741491E-10    2.1467549799530254       3.4857647527717247E-10   2.1467549799530254       3.530801958612274E-10    2.1467549799530254       3.5750660027448933E-10   2.1467549799530254       3.625639778768777E-10    2.1467549799530254
2.1642082724729685        4.744887413961118E-8     2.1642082724729685       4.331580565873636E-8     2.1642082724729685       3.909893975820583E-8     2.1642082724729685       3.4995612781999485E-8    2.1642082724729685       3.07317285369405E-8      2.1642082724729685       2.6021102842118927E-8    2.1642082724729685       2.1457823978382044E-8    2.1642082724729685       1.7460365559024165E-8    2.1642082724729685       1.4114389702682747E-8    2.1642082724729685       1.1378911261507931E-8    2.1642082724729685       9.167876281542057E-9     2.1642082724729685       7.3926072792121366E-9    2.1642082724729685       5.9690224375602286E-9    2.1642082724729685       4.8276940762336364E-9    2.1642082724729685       3.91067860870552E-9      2.1642082724729685       3.171809481411819E-9     2.1642082724729685       2.574415259266454E-9     2.1642082724729685       2.0910421986402658E-9    2.1642082724729685       1.6997651434714736E-9    2.1642082724729685       1.3833648606542296E-9    2.1642082724729685       1.128333358362382E-9     2.1642082724729685       9.241130447178109E-10    2.1642082724729685       7.61823569818628E-10     2.1642082724729685       6.352694422958398E-10    2.1642082724729685       5.387896358257503E-10    2.1642082724729685       4.659522692162332E-10    2.1642082724729685       4.1333508884646255E-10   2.1642082724729685       3.7761808823224385E-10   2.1642082724729685       3.5474958613115843E-10   2.1642082724729685       3.419595998738486E-10    2.1642082724729685       3.361602401106877E-10    2.1642082724729685       3.3432804354311574E-10   2.1642082724729685       3.3747699245543177E-10   2.1642082724729685       3.416543913349254E-10    2.1642082724729685       3.4762105637389947E-10   2.1642082724729685       3.550751766297961E-10    2.1642082724729685       3.6273601534366466E-10   2.1642082724729685       3.7098624922895127E-10   2.1642082724729685       3.796998895225001E-10    2.1642082724729685       3.8890668009101577E-10   2.1642082724729685       3.982755237269729E-10    2.1642082724729685
2.1816615649929116        4.917586065545808E-8     2.1816615649929116       4.52418744943063E-8      2.1816615649929116       4.1118203263679755E-8    2.1816615649929116       3.6999434617162114E-8    2.1816615649929116       3.266048398700734E-8     2.1816615649929116       2.7803095929496642E-8    2.1816615649929116       2.3059637344353664E-8    2.1816615649929116       1.8867470915350655E-8    2.1816615649929116       1.5329009979694524E-8    2.1816615649929116       1.241454032227412E-8     2.1816615649929116       1.0041799029835836E-8    2.1816615649929116       8.122157455904799E-9     2.1816615649929116       6.570839026995284E-9     2.1816615649929116       5.317303485392771E-9     2.1816615649929116       4.301550402025828E-9     2.1816615649929116       3.476376175677525E-9     2.1816615649929116       2.802952384494823E-9     2.1816615649929116       2.252528716167418E-9     2.1816615649929116       1.802109550150047E-9     2.1816615649929116       1.4340995424389086E-9    2.1816615649929116       1.1334313081047079E-9    2.1816615649929116       8.887316766300038E-10    2.1816615649929116       6.921645011474022E-10    2.1816615649929116       5.357638895298707E-10    2.1816615649929116       4.1573750675253594E-10   2.1816615649929116       3.2833627071014397E-10   2.1816615649929116       2.73131079323501E-10     2.1816615649929116       2.4791807787242864E-10   2.1816615649929116       2.4679824358975296E-10   2.1816615649929116       2.5962186920968966E-10   2.1816615649929116       2.8098875446865047E-10   2.1816615649929116       3.048134128630788E-10    2.1816615649929116       3.2702644471797736E-10   2.1816615649929116       3.4999219341859135E-10   2.1816615649929116       3.717501025986779E-10    2.1816615649929116       3.9147223773084727E-10   2.1816615649929116       4.0998297847967823E-10   2.1816615649929116       4.277719657317159E-10    2.1816615649929116       4.439013235643075E-10    2.1816615649929116       4.5920586684337116E-10   2.1816615649929116       4.736869099283325E-10    2.1816615649929116
2.199114857512855         5.114204613572322E-8     2.199114857512855        4.749646646739221E-8     2.199114857512855        4.3548542377323586E-8    2.199114857512855        3.948542782227229E-8     2.199114857512855        3.511558276993449E-8     2.199114857512855        3.014400369501089E-8     2.199114857512855        2.523481636829288E-8     2.199114857512855        2.0861933253613857E-8    2.199114857512855        1.7139564162614987E-8    2.199114857512855        1.4051783714788136E-8    2.199114857512855        1.1521359655495713E-8    2.199114857512855        9.462131618979118E-9     2.199114857512855        7.788488723473131E-9     2.199114857512855        6.42990522807206E-9      2.199114857512855        5.3236739686229984E-9    2.199114857512855        4.421258692956504E-9     2.199114857512855        3.6820241619661934E-9    2.199114857512855        3.0760066589544975E-9    2.199114857512855        2.5779970913952697E-9    2.199114857512855        2.169527876463847E-9     2.199114857512855        1.8344684330359822E-9    2.199114857512855        1.5608740994585192E-9    2.199114857512855        1.337504800569337E-9     2.199114857512855        1.156501330875462E-9     2.199114857512855        1.0107819203878654E-9    2.199114857512855        8.925696846815211E-10    2.199114857512855        7.975698625034441E-10    2.199114857512855        7.222334630600279E-10    2.199114857512855        6.624644761353154E-10    2.199114857512855        6.155886338831543E-10    2.199114857512855        5.781912752301491E-10    2.199114857512855        5.499881168650106E-10    2.199114857512855        5.283053787374009E-10    2.199114857512855        5.131093591386674E-10    2.199114857512855        5.026167122074684E-10    2.199114857512855        4.953636010927318E-10    2.199114857512855        4.911169853345373E-10    2.199114857512855        4.898367094241566E-10    2.199114857512855        4.914795059502949E-10    2.199114857512855        4.941504297526782E-10    2.199114857512855        4.981455391072291E-10    2.199114857512855
2.2165681500327987        5.3140980677618224E-8    2.2165681500327987       4.9803695740433896E-8    2.2165681500327987       4.6030204305972204E-8    2.2165681500327987       4.201574298052356E-8     2.2165681500327987       3.759201897779651E-8     2.2165681500327987       3.2479085309565316E-8    2.2165681500327987       2.737965156930777E-8     2.2165681500327987       2.2780811168784735E-8    2.2165681500327987       1.8831812865932574E-8    2.2165681500327987       1.5526078650551404E-8    2.2165681500327987       1.2792569084201347E-8    2.2165681500327987       1.0547886278728759E-8    2.2165681500327987       8.706505871514498E-9     2.2165681500327987       7.19702829324641E-9      2.2165681500327987       5.955251500498513E-9     2.2165681500327987       4.931847325299037E-9     2.2165681500327987       4.083809704542625E-9     2.2165681500327987       3.381595567862775E-9     2.2165681500327987       2.7979396238578024E-9    2.2165681500327987       2.3133308232139952E-9    2.2165681500327987       1.9117717450651894E-9    2.2165681500327987       1.5814627245926244E-9    2.2165681500327987       1.3092774280879643E-9    2.2165681500327987       1.08830717650274E-9      2.2165681500327987       9.109396097732027E-10    2.2165681500327987       7.695678448704421E-10    2.2165681500327987       6.606962922774847E-10    2.2165681500327987       5.790614424523529E-10    2.2165681500327987       5.216394725623218E-10    2.2165681500327987       4.834737461343101E-10    2.2165681500327987       4.6015611074737964E-10   2.2165681500327987       4.4846661833557353E-10   2.2165681500327987       4.4621776789328397E-10   2.2165681500327987       4.4861829753997445E-10   2.2165681500327987       4.5518048977600175E-10   2.2165681500327987       4.640272022311869E-10    2.2165681500327987       4.738220172385617E-10    2.2165681500327987       4.840153132768112E-10    2.2165681500327987       4.947822297759724E-10    2.2165681500327987       5.063058448690148E-10    2.2165681500327987       5.170131980116388E-10    2.2165681500327987
2.234021442552742         5.5090875086334055E-8    2.234021442552742        5.21056849557843E-8      2.234021442552742        4.854136823002886E-8     2.234021442552742        4.461149060382767E-8     2.234021442552742        4.016563769534438E-8     2.234021442552742        3.493123119219221E-8     2.234021442552742        2.9653463684076847E-8    2.234021442552742        2.4838743764365975E-8    2.234021442552742        2.067008097457954E-8     2.234021442552742        1.7149725195732413E-8    2.234021442552742        1.4214492056890454E-8    2.234021442552742        1.178318871506776E-8     2.234021442552742        9.771668817669772E-9     2.234021442552742        8.108521649687996E-9     2.234021442552742        6.727630854148645E-9     2.234021442552742        5.579181352638055E-9     2.234021442552742        4.618431067854154E-9     2.234021442552742        3.814933708880885E-9     2.234021442552742        3.1402207553658503E-9    2.234021442552742        2.5733382970224786E-9    2.234021442552742        2.098560878541705E-9     2.234021442552742        1.7008938015170218E-9    2.234021442552742        1.3690901627868742E-9    2.234021442552742        1.0926834431434305E-9    2.234021442552742        8.64629912165063E-10     2.234021442552742        6.779340934863879E-10    2.234021442552742        5.291379367289834E-10    2.234021442552742        4.1611504463053994E-10   2.234021442552742        3.388732891349064E-10    2.234021442552742        2.982492899202598E-10    2.234021442552742        2.9132059616209394E-10   2.234021442552742        3.0711600377800847E-10   2.234021442552742        3.336932988531762E-10    2.234021442552742        3.6660016132241426E-10   2.234021442552742        3.999471585204213E-10    2.234021442552742        4.3291397328754974E-10   2.234021442552742        4.6351773976864253E-10   2.234021442552742        4.923543631546975E-10    2.234021442552742        5.200339691022414E-10    2.234021442552742        5.450461448146775E-10    2.234021442552742        5.693710544986051E-10    2.234021442552742
2.251474735072685         5.7315520983090216E-8    2.251474735072685        5.480477513033533E-8     2.251474735072685        5.156705398047736E-8     2.251474735072685        4.780242367958865E-8     2.251474735072685        4.3401643188027466E-8    2.251474735072685        3.8099805058834966E-8    2.251474735072685        3.2672589476374376E-8    2.251474735072685        2.7670434175475377E-8    2.251474735072685        2.3297939250222028E-8    2.251474735072685        1.9574632107196228E-8    2.251474735072685        1.6445035079205674E-8    2.251474735072685        1.3835329976819768E-8    2.251474735072685        1.1660886769415865E-8    2.251474735072685        9.852032371352472E-9     2.251474735072685        8.341555144759348E-9     2.251474735072685        7.07791385925179E-9      2.251474735072685        6.015116502719565E-9     2.251474735072685        5.122580974394566E-9     2.251474735072685        4.368784296852276E-9     2.251474735072685        3.73223321140999E-9      2.251474735072685        3.1976971098991944E-9    2.251474735072685        2.748161709667075E-9     2.251474735072685        2.3715911851935593E-9    2.251474735072685        2.0571135736001557E-9    2.251474735072685        1.795516296415157E-9     2.251474735072685        1.578369700015815E-9     2.251474735072685        1.397792259776478E-9     2.251474735072685        1.249912021588233E-9     2.251474735072685        1.1282268564163755E-9    2.251474735072685        1.0280207844708586E-9    2.251474735072685        9.471901956253017E-10    2.251474735072685        8.81331128069582E-10     2.251474735072685        8.289079135430758E-10    2.251474735072685        7.877093050664824E-10    2.251474735072685        7.55896039705486E-10     2.251474735072685        7.325214055849067E-10    2.251474735072685        7.143763823018479E-10    2.251474735072685        7.021442383750094E-10    2.251474735072685        6.94815635453802E-10     2.251474735072685        6.913546855621677E-10    2.251474735072685        6.899790350281452E-10    2.251474735072685
2.2689280275926285        5.974424871364507E-8     2.2689280275926285       5.7763884018820824E-8    2.2689280275926285       5.48881291640834E-8      2.2689280275926285       5.131927217791295E-8     2.2689280275926285       4.69664031617609E-8      2.2689280275926285       4.1593049770301556E-8    2.2689280275926285       3.59911769710011E-8      2.2689280275926285       3.076592167681402E-8     2.2689280275926285       2.6147871196164687E-8    2.2689280275926285       2.217469876135875E-8     2.2689280275926285       1.8800898024118556E-8    2.2689280275926285       1.5960984748013497E-8    2.2689280275926285       1.3570886453925328E-8    2.2689280275926285       1.1562966084854341E-8    2.2689280275926285       9.87018194020201E-9      2.2689280275926285       8.438929702733476E-9     2.2689280275926285       7.222636216904877E-9     2.2689280275926285       6.190538671775613E-9     2.2689280275926285       5.309493619358613E-9     2.2689280275926285       4.55856287126383E-9      2.2689280275926285       3.919848565007751E-9     2.2689280275926285       3.3785500652908225E-9    2.2689280275926285       2.920182259606346E-9     2.2689280275926285       2.534450995798039E-9     2.2689280275926285       2.2111491388033266E-9    2.2689280275926285       1.9420252905273575E-9    2.2689280275926285       1.7168239397526346E-9    2.2689280275926285       1.5320885414939938E-9    2.2689280275926285       1.3804287065081158E-9    2.2689280275926285       1.2559966999311562E-9    2.2689280275926285       1.1561172626103303E-9    2.2689280275926285       1.076169196674846E-9     2.2689280275926285       1.0138300922326467E-9    2.2689280275926285       9.66334618959612E-10     2.2689280275926285       9.301072061355576E-10    2.2689280275926285       9.043065029648857E-10    2.2689280275926285       8.855503840562855E-10    2.2689280275926285       8.736648679016879E-10    2.2689280275926285       8.67509795996054E-10     2.2689280275926285       8.650293670091234E-10    2.2689280275926285       8.656961330764555E-10    2.2689280275926285
2.286381320112572         6.210749332860094E-8     2.286381320112572        6.070501403742348E-8     2.286381320112572        5.8228994499444305E-8    2.286381320112572        5.489049308354182E-8     2.286381320112572        5.061269921527235E-8     2.286381320112572        4.517087792054948E-8     2.286381320112572        3.9402051163503694E-8    2.286381320112572        3.395244589188948E-8     2.286381320112572        2.9075881135410244E-8    2.286381320112572        2.4833298587990466E-8    2.286381320112572        2.119066774070791E-8     2.286381320112572        1.8090991904970424E-8    2.286381320112572        1.5452364446772053E-8    2.286381320112572        1.320979523734017E-8     2.286381320112572        1.129575896793323E-8     2.286381320112572        9.65692285552136E-9      2.286381320112572        8.24538267728532E-9      2.286381320112572        7.030551428578959E-9     2.286381320112572        5.978441551954796E-9     2.286381320112572        5.0687209726562885E-9    2.286381320112572        4.280779183794761E-9     2.286381320112572        3.6011163419417005E-9    2.286381320112572        3.0137501597970592E-9    2.286381320112572        2.5077695578761873E-9    2.286381320112572        2.0709935353868437E-9    2.286381320112572        1.6972010358881393E-9    2.286381320112572        1.3735590673890786E-9    2.286381320112572        1.0959577556634748E-9    2.286381320112572        8.588828799395187E-10    2.286381320112572        6.568344300230281E-10    2.286381320112572        4.890451794011229E-10    2.286381320112572        3.5898003663175545E-10   2.286381320112572        2.76135219814978E-10     2.286381320112572        2.509401110868966E-10    2.286381320112572        2.7898777066760825E-10   2.286381320112572        3.309661655938882E-10    2.286381320112572        3.916236273387071E-10    2.286381320112572        4.5179933199859336E-10   2.286381320112572        5.095361494112396E-10    2.286381320112572        5.628250286401841E-10    2.286381320112572        6.119284659038641E-10    2.286381320112572
2.303834612632515         6.463406247248493E-8     2.303834612632515        6.39638803429875E-8      2.303834612632515        6.20366414210007E-8      2.303834612632515        5.904702493460811E-8     2.303834612632515        5.494216131252451E-8     2.303834612632515        4.95215692612527E-8      2.303834612632515        4.366238438235065E-8     2.303834612632515        3.804048615312311E-8     2.303834612632515        3.294870676657392E-8     2.303834612632515        2.846977302194816E-8     2.303834612632515        2.458493977610586E-8     2.303834612632515        2.1246717842784634E-8    2.303834612632515        1.8378869961326732E-8    2.303834612632515        1.5919228440992125E-8    2.303834612632515        1.3800790155535864E-8    2.303834612632515        1.197026853557554E-8     2.303834612632515        1.0379296203476878E-8    2.303834612632515        8.99831624842447E-9      2.303834612632515        7.791845247869627E-9     2.303834612632515        6.74048536571384E-9      2.303834612632515        5.822407691178913E-9     2.303834612632515        5.023764358358467E-9     2.303834612632515        4.3309394735764075E-9    2.303834612632515        3.7311336191329994E-9    2.303834612632515        3.2122206238546747E-9    2.303834612632515        2.7680247956419026E-9    2.303834612632515        2.384902203497417E-9     2.303834612632515        2.0579138767100015E-9    2.303834612632515        1.7807829996601029E-9    2.303834612632515        1.5473739447211724E-9    2.303834612632515        1.3566189023647552E-9    2.303834612632515        1.2016674622160091E-9    2.303834612632515        1.0818004062158062E-9    2.303834612632515        9.94367573054953E-10     2.303834612632515        9.339254272784883E-10    2.303834612632515        8.985955544727561E-10    2.303834612632515        8.817630009208284E-10    2.303834612632515        8.799148256897949E-10    2.303834612632515        8.910855920357577E-10    2.303834612632515        9.091008575798412E-10    2.303834612632515        9.312860296682166E-10    2.303834612632515
2.321287905152458         6.764561179934956E-8     2.321287905152458        6.790801741855512E-8     2.321287905152458        6.670171315694573E-8     2.321287905152458        6.421309539242229E-8     2.321287905152458        6.041055172167507E-8     2.321287905152458        5.508962428796931E-8     2.321287905152458        4.9205153233621675E-8    2.321287905152458        4.3442695771607846E-8    2.321287905152458        3.8156709746079384E-8    2.321287905152458        3.345014936767431E-8     2.321287905152458        2.932309768563201E-8     2.321287905152458        2.5740392096484885E-8    2.321287905152458        2.2632206575421394E-8    2.321287905152458        1.9942423105498284E-8    2.321287905152458        1.7604365762620556E-8    2.321287905152458        1.5563781149770307E-8    2.321287905152458        1.377406865856271E-8     2.321287905152458        1.2204402428168541E-8    2.321287905152458        1.0819586994939504E-8    2.321287905152458        9.599988652426674E-9     2.321287905152458        8.525046785322225E-9     2.321287905152458        7.579416487986484E-9     2.321287905152458        6.750901964375697E-9     2.321287905152458        6.026831084138293E-9     2.321287905152458        5.394990435590561E-9     2.321287905152458        4.8453344105047335E-9    2.321287905152458        4.364774794046125E-9     2.321287905152458        3.946538473804718E-9     2.321287905152458        3.583274158410691E-9     2.321287905152458        3.2659372765169553E-9    2.321287905152458        2.9908088411110464E-9    2.321287905152458        2.750383101791339E-9     2.321287905152458        2.5419045191643134E-9    2.321287905152458        2.3631101620898148E-9    2.321287905152458        2.2099962397353355E-9    2.321287905152458        2.0772704316048853E-9    2.321287905152458        1.964508228638903E-9     2.321287905152458        1.8682210245845104E-9    2.321287905152458        1.7893808714310634E-9    2.321287905152458        1.7230462042189658E-9    2.321287905152458        1.6673093220685527E-9    2.321287905152458
2.3387411976724013        7.102832428936705E-8     2.3387411976724013       7.239308211093162E-8     2.3387411976724013       7.203950306712818E-8     2.3387411976724013       7.016742320499396E-8     2.3387411976724013       6.675085081232044E-8     2.3387411976724013       6.15977112956245E-8      2.3387411976724013       5.569968209722559E-8     2.3387411976724013       4.981109396065602E-8     2.3387411976724013       4.43146837018796E-8      2.3387411976724013       3.9348034361011054E-8    2.3387411976724013       3.493486598102269E-8     2.3387411976724013       3.1054485497843006E-8    2.3387411976724013       2.764619830471832E-8     2.3387411976724013       2.4659147980330036E-8    2.3387411976724013       2.202920101720127E-8     2.3387411976724013       1.970515770779948E-8     2.3387411976724013       1.763775306001196E-8     2.3387411976724013       1.5798047994689645E-8    2.3387411976724013       1.4153945415165905E-8    2.3387411976724013       1.268431808611028E-8     2.3387411976724013       1.1370644729936231E-8    2.3387411976724013       1.0200235631389424E-8    2.3387411976724013       9.159497332826698E-9     2.3387411976724013       8.237453540352787E-9     2.3387411976724013       7.423962388468173E-9     2.3387411976724013       6.708046439789687E-9     2.3387411976724013       6.072569630744854E-9     2.3387411976724013       5.514559554332621E-9     2.3387411976724013       5.025704819722513E-9     2.3387411976724013       4.59329605253554E-9      2.3387411976724013       4.2127746692519475E-9    2.3387411976724013       3.881502368748409E-9     2.3387411976724013       3.5907663623940054E-9    2.3387411976724013       3.3401189771331064E-9    2.3387411976724013       3.125061005328355E-9     2.3387411976724013       2.935547188034406E-9     2.3387411976724013       2.7783263516463896E-9    2.3387411976724013       2.6433982228704707E-9    2.3387411976724013       2.5318009719746628E-9    2.3387411976724013       2.4372142091876293E-9    2.3387411976724013       2.360004006687206E-9     2.3387411976724013
2.356194490192345         7.451125417104878E-8     2.356194490192345        7.71724067180111E-8      2.356194490192345        7.786098903130072E-8     2.356194490192345        7.67680669507366E-8      2.356194490192345        7.387286775493518E-8     2.356194490192345        6.900961668110384E-8     2.356194490192345        6.319160634380017E-8     2.356194490192345        5.723683556349704E-8     2.356194490192345        5.156601113328777E-8     2.356194490192345        4.6353036014482546E-8    2.356194490192345        4.1648856661204E-8       2.356194490192345        3.745013429331315E-8     2.356194490192345        3.370729622081395E-8     2.356194490192345        3.037674701178389E-8     2.356194490192345        2.739764810549004E-8     2.356194490192345        2.4722660939550802E-8    2.356194490192345        2.2301862706140497E-8    2.356194490192345        2.0109111673625772E-8    2.356194490192345        1.8115759880788935E-8    2.356194490192345        1.630116324382754E-8     2.356194490192345        1.4650689887339687E-8    2.356194490192345        1.3151764671159359E-8    2.356194490192345        1.1795383531614223E-8    2.356194490192345        1.0568136243332574E-8    2.356194490192345        9.465577963647973E-9     2.356194490192345        8.473869529269725E-9     2.356194490192345        7.575840233102347E-9     2.356194490192345        6.770302467172553E-9     2.356194490192345        6.046727197194819E-9     2.356194490192345        5.39711442216596E-9      2.356194490192345        4.811542099930571E-9     2.356194490192345        4.290500720155825E-9     2.356194490192345        3.8275860752788546E-9    2.356194490192345        3.420770663060044E-9     2.356194490192345        3.0695318131918582E-9    2.356194490192345        2.7632778708863755E-9    2.356194490192345        2.5080621663997142E-9    2.356194490192345        2.298263051538426E-9     2.356194490192345        2.1317979109495393E-9    2.356194490192345        2.0066036590347504E-9    2.356194490192345        1.918549489361721E-9     2.356194490192345
2.3736477827122884        7.813783394452983E-8     2.3736477827122884       8.249360618409504E-8     2.3736477827122884       8.461295311715954E-8     2.3736477827122884       8.46672371390318E-8      2.3736477827122884       8.26305421455296E-8      2.3736477827122884       7.836582462347543E-8     2.3736477827122884       7.2903781794102E-8       2.3736477827122884       6.71113195757978E-8      2.3736477827122884       6.145565487818627E-8     2.3736477827122884       5.615099566527225E-8     2.3736477827122884       5.128195215974001E-8     2.3736477827122884       4.686273668466331E-8     2.3736477827122884       4.2864288693560634E-8    2.3736477827122884       3.9249173860434036E-8    2.3736477827122884       3.596242413103098E-8     2.3736477827122884       3.296200536702346E-8     2.3736477827122884       3.0198235754855575E-8    2.3736477827122884       2.7647413925329412E-8    2.3736477827122884       2.5284160685015435E-8    2.3736477827122884       2.3092064917748783E-8    2.3736477827122884       2.105924541381409E-8     2.3736477827122884       1.9174844722254493E-8    2.3736477827122884       1.7439390091948064E-8    2.3736477827122884       1.5836660075608426E-8    2.3736477827122884       1.4365838142001693E-8    2.3736477827122884       1.3013735549054879E-8    2.3736477827122884       1.1764211872750957E-8    2.3736477827122884       1.061663783386247E-8     2.3736477827122884       9.558060743640476E-9     2.3736477827122884       8.57705704289179E-9      2.3736477827122884       7.66678352146667E-9      2.3736477827122884       6.829458700980812E-9     2.3736477827122884       6.0503097241841835E-9    2.3736477827122884       5.332280199958478E-9     2.3736477827122884       4.671026736329207E-9     2.3736477827122884       4.055160400918714E-9     2.3736477827122884       3.4907411257050017E-9    2.3736477827122884       2.9706425277571956E-9    2.3736477827122884       2.4902687732555397E-9    2.3736477827122884       2.0502050470641757E-9    2.3736477827122884       1.651525794994047E-9     2.3736477827122884
2.3911010752322315        8.236606190118867E-8     2.3911010752322315       8.921854881938836E-8     2.3911010752322315       9.35507106879613E-8      2.3911010752322315       9.552292176847494E-8     2.3911010752322315       9.507117081464716E-8     2.3911010752322315       9.210018430154646E-8     2.3911010752322315       8.762012233534392E-8     2.3911010752322315       8.255023873690994E-8     2.3911010752322315       7.739964810508432E-8     2.3911010752322315       7.243887896928477E-8     2.3911010752322315       6.77908826044239E-8      2.3911010752322315       6.350093635656756E-8     2.3911010752322315       5.956052634497792E-8     2.3911010752322315       5.594488313077357E-8     2.3911010752322315       5.260586423187205E-8     2.3911010752322315       4.950503012110792E-8     2.3911010752322315       4.659307820488072E-8     2.3911010752322315       4.3851166234524855E-8    2.3911010752322315       4.1251241359306146E-8    2.3911010752322315       3.878717704081003E-8     2.3911010752322315       3.6453078786816595E-8    2.3911010752322315       3.42430087443833E-8      2.3911010752322315       3.2168204907214664E-8    2.3911010752322315       3.0215804795388774E-8    2.3911010752322315       2.8395385620003928E-8    2.3911010752322315       2.6691274533604223E-8    2.3911010752322315       2.5091547997883343E-8    2.3911010752322315       2.3603504699748617E-8    2.3911010752322315       2.22042147971443E-8      2.3911010752322315       2.0887482147187173E-8    2.3911010752322315       1.964686318320556E-8     2.3911010752322315       1.84870670369334E-8      2.3911010752322315       1.7392123866616164E-8    2.3911010752322315       1.6367037760538557E-8    2.3911010752322315       1.5410578009144514E-8    2.3911010752322315       1.4518277435997433E-8    2.3911010752322315       1.3687527402791776E-8    2.3911010752322315       1.291452279157201E-8     2.3911010752322315       1.2198390378040954E-8    2.3911010752322315       1.1534235821289531E-8    2.3911010752322315       1.0919583877183878E-8    2.3911010752322315
2.4085543677521746        8.734240474638215E-8     2.4085543677521746       9.904458612630006E-8     2.4085543677521746       1.0801334768228434E-7    2.4085543677521746       1.1434386190154944E-7    2.4085543677521746       1.1790097566980649E-7    2.4085543677521746       1.1864481918776926E-7    2.4085543677521746       1.1745691774920279E-7    2.4085543677521746       1.1527514848024676E-7    2.4085543677521746       1.1265496989350033E-7    2.4085543677521746       1.0994234675123818E-7    2.4085543677521746       1.0731543114400434E-7    2.4085543677521746       1.0487827172086462E-7    2.4085543677521746       1.0264088946271398E-7    2.4085543677521746       1.006114114944335E-7     2.4085543677521746       9.874141735908609E-8     2.4085543677521746       9.699258348248729E-8     2.4085543677521746       9.530738231620382E-8     2.4085543677521746       9.365801604496942E-8     2.4085543677521746       9.200533540438019E-8     2.4085543677521746       9.035957575255224E-8     2.4085543677521746       8.871630781662072E-8     2.4085543677521746       8.70898962450295E-8      2.4085543677521746       8.550298229147011E-8     2.4085543677521746       8.396521763907784E-8     2.4085543677521746       8.24923646656744E-8      2.4085543677521746       8.108782095055304E-8     2.4085543677521746       7.972524785293541E-8     2.4085543677521746       7.843156767634005E-8     2.4085543677521746       7.717617182470746E-8     2.4085543677521746       7.593544900623742E-8     2.4085543677521746       7.472143737608564E-8     2.4085543677521746       7.352754092676435E-8     2.4085543677521746       7.2363076173304E-8       2.4085543677521746       7.121536176820939E-8     2.4085543677521746       7.010603784362389E-8     2.4085543677521746       6.903212166389346E-8     2.4085543677521746       6.799200443282901E-8     2.4085543677521746       6.698835617227604E-8     2.4085543677521746       6.602283296998431E-8     2.4085543677521746       6.507788573697096E-8     2.4085543677521746       6.416085192881648E-8     2.4085543677521746
2.426007660272118         6.3639836138614E-8       2.426007660272118        7.437615849334576E-8     2.426007660272118        8.312281588897823E-8     2.426007660272118        8.985557466998223E-8     2.426007660272118        9.447554944127326E-8     2.426007660272118        9.708641805800873E-8     2.426007660272118        9.822706235545768E-8     2.426007660272118        9.856365456333077E-8     2.426007660272118        9.848984841227205E-8     2.426007660272118        9.827754025220864E-8     2.426007660272118        9.805819667084063E-8     2.426007660272118        9.795385917439176E-8     2.426007660272118        9.79793763835403E-8      2.426007660272118        9.814921793759878E-8     2.426007660272118        9.841764038470276E-8     2.426007660272118        9.876530358703708E-8     2.426007660272118        9.915428749627483E-8     2.426007660272118        9.951349411137789E-8     2.426007660272118        9.988019734425679E-8     2.426007660272118        1.0017206006380606E-7    2.426007660272118        1.0047006582725517E-7    2.426007660272118        1.0071387337586644E-7    2.426007660272118        1.0096900555449887E-7    2.426007660272118        1.01230773940821E-7      2.426007660272118        1.0151895935395198E-7    2.426007660272118        1.018340427840564E-7     2.426007660272118        1.0216421489146906E-7    2.426007660272118        1.0252536105733303E-7    2.426007660272118        1.0287222794044115E-7    2.426007660272118        1.0320692711701495E-7    2.426007660272118        1.0351588671259657E-7    2.426007660272118        1.0381879327149115E-7    2.426007660272118        1.0409823979138201E-7    2.426007660272118        1.0435664315710812E-7    2.426007660272118        1.0460418734129338E-7    2.426007660272118        1.0486851097527168E-7    2.426007660272118        1.0512907045677709E-7    2.426007660272118        1.0537035747400577E-7    2.426007660272118        1.0564628990849392E-7    2.426007660272118        1.058907219373332E-7     2.426007660272118        1.0612033219601E-7       2.426007660272118
2.443460952792061         5.547433681541737E-8     2.443460952792061        6.515647767516704E-8     2.443460952792061        7.304453617042073E-8     2.443460952792061        7.912838652396361E-8     2.443460952792061        8.326184607188917E-8     2.443460952792061        8.565679266210023E-8     2.443460952792061        8.674804206560183E-8     2.443460952792061        8.712048110769516E-8     2.443460952792061        8.712068651007575E-8     2.443460952792061        8.69584206357258E-8      2.443460952792061        8.678398087298122E-8     2.443460952792061        8.668639040402443E-8     2.443460952792061        8.667234300781088E-8     2.443460952792061        8.675955752699423E-8     2.443460952792061        8.692799217617911E-8     2.443460952792061        8.714856715887937E-8     2.443460952792061        8.736723697659063E-8     2.443460952792061        8.756148018653788E-8     2.443460952792061        8.774002747824123E-8     2.443460952792061        8.784499686925524E-8     2.443460952792061        8.791352353041605E-8     2.443460952792061        8.793079313504384E-8     2.443460952792061        8.792882798985929E-8     2.443460952792061        8.792849121438494E-8     2.443460952792061        8.789981900142082E-8     2.443460952792061        8.79122247982945E-8      2.443460952792061        8.79001066872633E-8      2.443460952792061        8.790279505993886E-8     2.443460952792061        8.788227836111466E-8     2.443460952792061        8.78310893963435E-8      2.443460952792061        8.775655587330244E-8     2.443460952792061        8.763348556893672E-8     2.443460952792061        8.750073637174062E-8     2.443460952792061        8.733562635734119E-8     2.443460952792061        8.71532674357812E-8      2.443460952792061        8.695581010339137E-8     2.443460952792061        8.676165338501752E-8     2.443460952792061        8.656318095867244E-8     2.443460952792061        8.637353203774835E-8     2.443460952792061        8.614381283135454E-8     2.443460952792061        8.592239901122093E-8     2.443460952792061
2.4609142453120043        5.0336894151874975E-8    2.4609142453120043       5.929506632228474E-8     2.4609142453120043       6.659661401200017E-8     2.4609142453120043       7.220320484306455E-8     2.4609142453120043       7.596625627637722E-8     2.4609142453120043       7.814153581496708E-8     2.4609142453120043       7.91245658678085E-8      2.4609142453120043       7.944036164153268E-8     2.4609142453120043       7.939311774348405E-8     2.4609142453120043       7.918889750417867E-8     2.4609142453120043       7.896311794096332E-8     2.4609142453120043       7.878379127085428E-8     2.4609142453120043       7.866251336999965E-8     2.4609142453120043       7.862982773820988E-8     2.4609142453120043       7.865716171424123E-8     2.4609142453120043       7.871723816803529E-8     2.4609142453120043       7.877852824241972E-8     2.4609142453120043       7.880657979721856E-8     2.4609142453120043       7.881088522831103E-8     2.4609142453120043       7.874851468722502E-8     2.4609142453120043       7.865588928160663E-8     2.4609142453120043       7.851203690940155E-8     2.4609142453120043       7.835505444392324E-8     2.4609142453120043       7.819939078135361E-8     2.4609142453120043       7.802873443040742E-8     2.4609142453120043       7.787750495115968E-8     2.4609142453120043       7.771988827620883E-8     2.4609142453120043       7.758849597029293E-8     2.4609142453120043       7.744182855367527E-8     2.4609142453120043       7.731015639885523E-8     2.4609142453120043       7.713520635358176E-8     2.4609142453120043       7.69542108242786E-8      2.4609142453120043       7.676974392186551E-8     2.4609142453120043       7.659135548202946E-8     2.4609142453120043       7.640152503786705E-8     2.4609142453120043       7.624337046156796E-8     2.4609142453120043       7.609403976973139E-8     2.4609142453120043       7.597623461874963E-8     2.4609142453120043       7.587340260454316E-8     2.4609142453120043       7.577719894308926E-8     2.4609142453120043       7.570596964745873E-8     2.4609142453120043
2.478367537831948         4.647451394384255E-8     2.478367537831948        5.485487397869856E-8     2.478367537831948        6.16817654868684E-8      2.478367537831948        6.688447407449788E-8     2.478367537831948        7.032726027148104E-8     2.478367537831948        7.229736538797345E-8     2.478367537831948        7.317660788168375E-8     2.478367537831948        7.341635901551654E-8     2.478367537831948        7.331965504803823E-8     2.478367537831948        7.306387741999433E-8     2.478367537831948        7.277655454681289E-8     2.478367537831948        7.2536929510455E-8       2.478367537831948        7.235474069031777E-8     2.478367537831948        7.223929874335116E-8     2.478367537831948        7.21821338284896E-8      2.478367537831948        7.216041919313213E-8     2.478367537831948        7.214558897897194E-8     2.478367537831948        7.210776838342719E-8     2.478367537831948        7.20465023296468E-8      2.478367537831948        7.194988405616768E-8     2.478367537831948        7.181574847383196E-8     2.478367537831948        7.1662122409134E-8       2.478367537831948        7.151903691897285E-8     2.478367537831948        7.137699175144581E-8     2.478367537831948        7.123771220893042E-8     2.478367537831948        7.113368237499273E-8     2.478367537831948        7.105670935055008E-8     2.478367537831948        7.099841615028094E-8     2.478367537831948        7.095986667613975E-8     2.478367537831948        7.092369343097888E-8     2.478367537831948        7.08890233283847E-8      2.478367537831948        7.088563075332221E-8     2.478367537831948        7.086623745726892E-8     2.478367537831948        7.08727580135014E-8      2.478367537831948        7.089638353492615E-8     2.478367537831948        7.093805292053661E-8     2.478367537831948        7.101313290918463E-8     2.478367537831948        7.11106949072317E-8      2.478367537831948        7.124753572158032E-8     2.478367537831948        7.138841849049432E-8     2.478367537831948        7.154362174735617E-8     2.478367537831948
2.4958208303518914        4.333143429593425E-8     2.4958208303518914       5.121807744391977E-8     2.4958208303518914       5.764803673418494E-8     2.4958208303518914       6.250173341064717E-8     2.4958208303518914       6.568476295543455E-8     2.4958208303518914       6.748213142154689E-8     2.4958208303518914       6.826047394349495E-8     2.4958208303518914       6.84485847708941E-8      2.4958208303518914       6.831717985847423E-8     2.4958208303518914       6.805138852426776E-8     2.4958208303518914       6.773924656742705E-8     2.4958208303518914       6.749227401251325E-8     2.4958208303518914       6.728633143484897E-8     2.4958208303518914       6.715669507695211E-8     2.4958208303518914       6.709046111063357E-8     2.4958208303518914       6.705673926859289E-8     2.4958208303518914       6.704382179334551E-8     2.4958208303518914       6.702818434902109E-8     2.4958208303518914       6.699589236522784E-8     2.4958208303518914       6.693805692388127E-8     2.4958208303518914       6.686462683061013E-8     2.4958208303518914       6.679991670628474E-8     2.4958208303518914       6.672785067814233E-8     2.4958208303518914       6.668062882295094E-8     2.4958208303518914       6.664953530180721E-8     2.4958208303518914       6.665857974227086E-8     2.4958208303518914       6.669596680588116E-8     2.4958208303518914       6.676639887520061E-8     2.4958208303518914       6.685438536882626E-8     2.4958208303518914       6.694871161429252E-8     2.4958208303518914       6.705176639734388E-8     2.4958208303518914       6.716518877908424E-8     2.4958208303518914       6.727883735224684E-8     2.4958208303518914       6.7400585095062E-8       2.4958208303518914       6.753221187761279E-8     2.4958208303518914       6.768068049620907E-8     2.4958208303518914       6.783913722571282E-8     2.4958208303518914       6.800946866250331E-8     2.4958208303518914       6.819112620562404E-8     2.4958208303518914       6.837247635298612E-8     2.4958208303518914       6.853530197956384E-8     2.4958208303518914
2.5132741228718345        4.064981246298653E-8     2.5132741228718345       4.8119414575910375E-8    2.5132741228718345       5.420037520009579E-8     2.5132741228718345       5.876381461240728E-8     2.5132741228718345       6.172809835920501E-8     2.5132741228718345       6.339998984081996E-8     2.5132741228718345       6.411662680857331E-8     2.5132741228718345       6.426512770779662E-8     2.5132741228718345       6.412885390159143E-8     2.5132741228718345       6.387031393606003E-8     2.5132741228718345       6.357835435073042E-8     2.5132741228718345       6.335278130103834E-8     2.5132741228718345       6.316252421788935E-8     2.5132741228718345       6.305817785503819E-8     2.5132741228718345       6.301126851767864E-8     2.5132741228718345       6.302376382313895E-8     2.5132741228718345       6.303760589110596E-8     2.5132741228718345       6.308566874165068E-8     2.5132741228718345       6.310612319499614E-8     2.5132741228718345       6.312700556401432E-8     2.5132741228718345       6.313573173439727E-8     2.5132741228718345       6.313350268225393E-8     2.5132741228718345       6.314671763010091E-8     2.5132741228718345       6.317655363271845E-8     2.5132741228718345       6.323649048282375E-8     2.5132741228718345       6.331161427652928E-8     2.5132741228718345       6.341689431028487E-8     2.5132741228718345       6.355402976889577E-8     2.5132741228718345       6.36882751887334E-8      2.5132741228718345       6.381629007753284E-8     2.5132741228718345       6.395742564404187E-8     2.5132741228718345       6.408402779223551E-8     2.5132741228718345       6.420780614255453E-8     2.5132741228718345       6.430757535404233E-8     2.5132741228718345       6.441581867376294E-8     2.5132741228718345       6.451607914705059E-8     2.5132741228718345       6.461911147359792E-8     2.5132741228718345       6.471431808918869E-8     2.5132741228718345       6.479925761954387E-8     2.5132741228718345       6.487270646498058E-8     2.5132741228718345       6.491191184611774E-8     2.5132741228718345
2.5307274153917776        3.828432725281645E-8     2.5307274153917776       4.5379629496087614E-8    2.5307274153917776       5.1170573736954764E-8    2.5307274153917776       5.549101363445068E-8     2.5307274153917776       5.826736497636738E-8     2.5307274153917776       5.984083473121368E-8     2.5307274153917776       6.05054943528791E-8      2.5307274153917776       6.066309177990428E-8     2.5307274153917776       6.0550904666827E-8       2.5307274153917776       6.033269478082001E-8     2.5307274153917776       6.009074876554383E-8     2.5307274153917776       5.988867383627311E-8     2.5307274153917776       5.974432598277414E-8     2.5307274153917776       5.96788235460274E-8      2.5307274153917776       5.966636998811398E-8     2.5307274153917776       5.971963794230925E-8     2.5307274153917776       5.97923503822289E-8      2.5307274153917776       5.986250657554876E-8     2.5307274153917776       5.994204372091122E-8     2.5307274153917776       6.0000869261643E-8       2.5307274153917776       6.005903009734987E-8     2.5307274153917776       6.009961396320497E-8     2.5307274153917776       6.015147901620713E-8     2.5307274153917776       6.02030697607094E-8      2.5307274153917776       6.028091417264064E-8     2.5307274153917776       6.037878643728819E-8     2.5307274153917776       6.048580256665927E-8     2.5307274153917776       6.059104782304315E-8     2.5307274153917776       6.071546920949954E-8     2.5307274153917776       6.081053521706231E-8     2.5307274153917776       6.090264387560713E-8     2.5307274153917776       6.098311690266996E-8     2.5307274153917776       6.103036789370526E-8     2.5307274153917776       6.106292047783529E-8     2.5307274153917776       6.108130335980458E-8     2.5307274153917776       6.108694108659052E-8     2.5307274153917776       6.106705225470751E-8     2.5307274153917776       6.105697432837935E-8     2.5307274153917776       6.102287189744915E-8     2.5307274153917776       6.09706959658215E-8      2.5307274153917776       6.089566985427267E-8     2.5307274153917776
2.548180707911721         3.6171009005920416E-8    2.548180707911721        4.293474919520042E-8     2.548180707911721        4.8474422041348016E-8    2.548180707911721        5.257897800517093E-8     2.548180707911721        5.520020240222787E-8     2.548180707911721        5.668843330099379E-8     2.548180707911721        5.734714742975631E-8     2.548180707911721        5.751564220743335E-8     2.548180707911721        5.743766344488939E-8     2.548180707911721        5.7251571477208226E-8    2.548180707911721        5.7058063439201556E-8    2.548180707911721        5.68917741936831E-8      2.548180707911721        5.6790140370362303E-8    2.548180707911721        5.6755982293770855E-8    2.548180707911721        5.679625243547885E-8     2.548180707911721        5.687335882186269E-8     2.548180707911721        5.697209453350738E-8     2.548180707911721        5.707127437472265E-8     2.548180707911721        5.716166973191838E-8     2.548180707911721        5.7249910411484494E-8    2.548180707911721        5.731105562860546E-8     2.548180707911721        5.737373281826951E-8     2.548180707911721        5.741218353183721E-8     2.548180707911721        5.7452766482204875E-8    2.548180707911721        5.751742223515937E-8     2.548180707911721        5.7571550107889634E-8    2.548180707911721        5.764394390328804E-8     2.548180707911721        5.771505781350892E-8     2.548180707911721        5.777208903658842E-8     2.548180707911721        5.781083953185767E-8     2.548180707911721        5.7842917765522716E-8    2.548180707911721        5.783546381942971E-8     2.548180707911721        5.780935114136953E-8     2.548180707911721        5.7761935532383164E-8    2.548180707911721        5.7691494245590297E-8    2.548180707911721        5.7615416039451423E-8    2.548180707911721        5.752262624862002E-8     2.548180707911721        5.743653749990017E-8     2.548180707911721        5.733168636012085E-8     2.548180707911721        5.722742924365313E-8     2.548180707911721        5.7106013324355924E-8    2.548180707911721
2.5656340004316647        3.427894272093796E-8     2.5656340004316647       4.075567183098393E-8     2.5656340004316647       4.605818950940715E-8     2.5656340004316647       4.9960166957492124E-8    2.5656340004316647       5.244506225612394E-8     2.5656340004316647       5.387321922091117E-8     2.5656340004316647       5.451105292114563E-8     2.5656340004316647       5.469046141775604E-8     2.5656340004316647       5.463800241698687E-8     2.5656340004316647       5.448847082924028E-8     2.5656340004316647       5.4325711084657797E-8    2.5656340004316647       5.419787355491655E-8     2.5656340004316647       5.412329024686634E-8     2.5656340004316647       5.4130729137920886E-8    2.5656340004316647       5.417886802923187E-8     2.5656340004316647       5.427660357697728E-8     2.5656340004316647       5.4387538369513E-8       2.5656340004316647       5.4508478572563615E-8    2.5656340004316647       5.459839917979928E-8     2.5656340004316647       5.468184286507536E-8     2.5656340004316647       5.4737674544694415E-8    2.5656340004316647       5.4782749467678334E-8    2.5656340004316647       5.480390502568395E-8     2.5656340004316647       5.4822245829668224E-8    2.5656340004316647       5.484932231156908E-8     2.5656340004316647       5.4866413387730674E-8    2.5656340004316647       5.4889343257278485E-8    2.5656340004316647       5.490021195544937E-8     2.5656340004316647       5.4901232738697305E-8    2.5656340004316647       5.4887976755746334E-8    2.5656340004316647       5.485556433910909E-8     2.5656340004316647       5.479086753130165E-8     2.5656340004316647       5.4712728655500065E-8    2.5656340004316647       5.462446484801207E-8     2.5656340004316647       5.451452795035061E-8     2.5656340004316647       5.4399331388855686E-8    2.5656340004316647       5.42908806948153E-8      2.5656340004316647       5.417870410836036E-8     2.5656340004316647       5.407209983458242E-8     2.5656340004316647       5.3975004719088316E-8    2.5656340004316647       5.388263222577447E-8     2.5656340004316647
2.5830872929516078        3.2551339047407386E-8    2.5830872929516078       3.87461961440178E-8      2.5830872929516078       4.3863240675523166E-8    2.5830872929516078       4.7576572455074366E-8    2.5830872929516078       4.995523507740595E-8     2.5830872929516078       5.131143373348288E-8     2.5830872929516078       5.193116996377755E-8     2.5830872929516078       5.212089601654686E-8     2.5830872929516078       5.2094106866142014E-8    2.5830872929516078       5.197572975082557E-8     2.5830872929516078       5.183442993500086E-8     2.5830872929516078       5.172849546084913E-8     2.5830872929516078       5.168070079135515E-8     2.5830872929516078       5.169434271969457E-8     2.5830872929516078       5.175440943464849E-8     2.5830872929516078       5.184725704214651E-8     2.5830872929516078       5.195562495371255E-8     2.5830872929516078       5.2064880705182766E-8    2.5830872929516078       5.215490760533913E-8     2.5830872929516078       5.221067839712829E-8     2.5830872929516078       5.22522751776717E-8      2.5830872929516078       5.226514207836279E-8     2.5830872929516078       5.2268878014061644E-8    2.5830872929516078       5.22626231872289E-8      2.5830872929516078       5.2261573120895836E-8    2.5830872929516078       5.2235687413573804E-8    2.5830872929516078       5.2227216544875964E-8    2.5830872929516078       5.2203218073414084E-8    2.5830872929516078       5.216534749175748E-8     2.5830872929516078       5.211408343124922E-8     2.5830872929516078       5.20497967388584E-8      2.5830872929516078       5.196401176032502E-8     2.5830872929516078       5.1861593973154834E-8    2.5830872929516078       5.17599735546454E-8      2.5830872929516078       5.166172954971642E-8     2.5830872929516078       5.153921921842353E-8     2.5830872929516078       5.145331068056624E-8     2.5830872929516078       5.1365339565644317E-8    2.5830872929516078       5.128852284774127E-8     2.5830872929516078       5.1245808740494466E-8    2.5830872929516078       5.120800102085688E-8     2.5830872929516078
2.600540585471551         3.095675052647397E-8     2.600540585471551        3.69056942521395E-8      2.600540585471551        4.1814808924957794E-8    2.600540585471551        4.5384283405289554E-8    2.600540585471551        4.764202949166308E-8     2.600540585471551        4.893994710187391E-8     2.600540585471551        4.9555944482299156E-8    2.600540585471551        4.9757855484063757E-8    2.600540585471551        4.9745282727565306E-8    2.600540585471551        4.9646971586119484E-8    2.600540585471551        4.953731118144839E-8     2.600540585471551        4.943685833170784E-8     2.600540585471551        4.940079545655913E-8     2.600540585471551        4.941759319626871E-8     2.600540585471551        4.9470386317663676E-8    2.600540585471551        4.9564407225002755E-8    2.600540585471551        4.96577942224663E-8      2.600540585471551        4.97495762177589E-8      2.600540585471551        4.982646292571807E-8     2.600540585471551        4.985758225212015E-8     2.600540585471551        4.987934936524707E-8     2.600540585471551        4.9866499564810425E-8    2.600540585471551        4.985530065666653E-8     2.600540585471551        4.981390222187142E-8     2.600540585471551        4.9784131146195143E-8    2.600540585471551        4.9737887547631985E-8    2.600540585471551        4.969535518465303E-8     2.600540585471551        4.9652085818372824E-8    2.600540585471551        4.958623455315938E-8     2.600540585471551        4.953460169654112E-8     2.600540585471551        4.9449024550077704E-8    2.600540585471551        4.935973982969178E-8     2.600540585471551        4.9270090680794644E-8    2.600540585471551        4.916902882234182E-8     2.600540585471551        4.908629152633568E-8     2.600540585471551        4.900770925448165E-8     2.600540585471551        4.8935592837683356E-8    2.600540585471551        4.889763568556426E-8     2.600540585471551        4.8889194275931654E-8    2.600540585471551        4.8894547398263205E-8    2.600540585471551        4.892400445812651E-8     2.600540585471551
2.6179938779914944        2.946922027754178E-8     2.6179938779914944       3.518088207761942E-8     2.6179938779914944       3.990561572888048E-8     2.6179938779914944       4.332396893008157E-8     2.6179938779914944       4.547799574813979E-8     2.6179938779914944       4.67201110431641E-8      2.6179938779914944       4.732668520743122E-8     2.6179938779914944       4.7532859615131384E-8    2.6179938779914944       4.7539146768146784E-8    2.6179938779914944       4.745423668499168E-8     2.6179938779914944       4.7350016246693855E-8    2.6179938779914944       4.7269569721522594E-8    2.6179938779914944       4.724204152387196E-8     2.6179938779914944       4.7251691678129835E-8    2.6179938779914944       4.7304353413830905E-8    2.6179938779914944       4.738754378141748E-8     2.6179938779914944       4.74720527761527E-8      2.6179938779914944       4.755050207910866E-8     2.6179938779914944       4.760938173702273E-8     2.6179938779914944       4.7639486178333354E-8    2.6179938779914944       4.7641396205607696E-8    2.6179938779914944       4.760633621390765E-8     2.6179938779914944       4.757134461119281E-8     2.6179938779914944       4.751319020465717E-8     2.6179938779914944       4.7475473798452566E-8    2.6179938779914944       4.7404062667648705E-8    2.6179938779914944       4.735036428729644E-8     2.6179938779914944       4.7287239483605664E-8    2.6179938779914944       4.720931328865358E-8     2.6179938779914944       4.714382720432109E-8     2.6179938779914944       4.7068971741243525E-8    2.6179938779914944       4.698158151628973E-8     2.6179938779914944       4.690876356762576E-8     2.6179938779914944       4.6827511470963614E-8    2.6179938779914944       4.6772226521452126E-8    2.6179938779914944       4.671707450146904E-8     2.6179938779914944       4.670426143168032E-8     2.6179938779914944       4.6716336140975704E-8    2.6179938779914944       4.6741131685737036E-8    2.6179938779914944       4.679392383044638E-8     2.6179938779914944       4.687299051834109E-8     2.6179938779914944
2.6354471705114375        2.808599212896972E-8     2.6354471705114375       3.356863669289567E-8     2.6354471705114375       3.811505824672554E-8     2.6354471705114375       4.137658695919138E-8     2.6354471705114375       4.342898282941203E-8     2.6354471705114375       4.4620720154688025E-8    2.6354471705114375       4.521589467767568E-8     2.6354471705114375       4.541766756236273E-8     2.6354471705114375       4.541905783316782E-8     2.6354471705114375       4.534915780089049E-8     2.6354471705114375       4.52618355158754E-8      2.6354471705114375       4.5196503229838606E-8    2.6354471705114375       4.516888259611581E-8     2.6354471705114375       4.518371174129943E-8     2.6354471705114375       4.523023420193825E-8     2.6354471705114375       4.530392922160463E-8     2.6354471705114375       4.5380431790863594E-8    2.6354471705114375       4.544755738908534E-8     2.6354471705114375       4.5493988458228817E-8    2.6354471705114375       4.550665194369943E-8     2.6354471705114375       4.550244017708139E-8     2.6354471705114375       4.54594125499377E-8      2.6354471705114375       4.540838072952344E-8     2.6354471705114375       4.534262557110383E-8     2.6354471705114375       4.52815286799075E-8      2.6354471705114375       4.5216131659722276E-8    2.6354471705114375       4.514454358878429E-8     2.6354471705114375       4.5084463508592814E-8    2.6354471705114375       4.502006918803643E-8     2.6354471705114375       4.49495722048405E-8      2.6354471705114375       4.488787319208773E-8     2.6354471705114375       4.480769598363256E-8     2.6354471705114375       4.474848673293183E-8     2.6354471705114375       4.4691990428790396E-8    2.6354471705114375       4.466507265405252E-8     2.6354471705114375       4.464931340698463E-8     2.6354471705114375       4.465267179633723E-8     2.6354471705114375       4.470710231843101E-8     2.6354471705114375       4.477538743045115E-8     2.6354471705114375       4.4852308198502015E-8    2.6354471705114375       4.496291200423011E-8     2.6354471705114375
2.6529004630313806        2.677329552930741E-8     2.6529004630313806       3.204173440225415E-8     2.6529004630313806       3.642092574928264E-8     2.6529004630313806       3.954812016034792E-8     2.6529004630313806       4.149263282923912E-8     2.6529004630313806       4.2637428820222876E-8    2.6529004630313806       4.320746629102326E-8     2.6529004630313806       4.3405185281022755E-8    2.6529004630313806       4.3411676654863434E-8    2.6529004630313806       4.33514455542572E-8      2.6529004630313806       4.3260911985631394E-8    2.6529004630313806       4.3200446978123055E-8    2.6529004630313806       4.317061267331873E-8     2.6529004630313806       4.317981832649151E-8     2.6529004630313806       4.32321493057779E-8      2.6529004630313806       4.330605985150344E-8     2.6529004630313806       4.336882060454806E-8     2.6529004630313806       4.343317419715191E-8     2.6529004630313806       4.346964388629237E-8     2.6529004630313806       4.348056280607053E-8     2.6529004630313806       4.346589590800511E-8     2.6529004630313806       4.342086171211472E-8     2.6529004630313806       4.335725940867199E-8     2.6529004630313806       4.3284927130704205E-8    2.6529004630313806       4.323441289608735E-8     2.6529004630313806       4.316347446346159E-8     2.6529004630313806       4.308370821645172E-8     2.6529004630313806       4.302920171210452E-8     2.6529004630313806       4.2964143734679634E-8    2.6529004630313806       4.2905631583987844E-8    2.6529004630313806       4.2845992515663245E-8    2.6529004630313806       4.2801064513685084E-8    2.6529004630313806       4.274601719484238E-8     2.6529004630313806       4.271749931560879E-8     2.6529004630313806       4.27030996706493E-8      2.6529004630313806       4.2710492360531945E-8    2.6529004630313806       4.2744207843642094E-8    2.6529004630313806       4.2802948386517287E-8    2.6529004630313806       4.288514452880225E-8     2.6529004630313806       4.2983498450783836E-8    2.6529004630313806       4.309726058610662E-8     2.6529004630313806
2.670353755551324         2.552777278858152E-8     2.670353755551324        3.0584984000945905E-8    2.670353755551324        3.48010793298526E-8      2.670353755551324        3.780835166729451E-8     2.670353755551324        3.965421811731402E-8     2.670353755551324        4.073497363679754E-8     2.670353755551324        4.128576951348603E-8     2.670353755551324        4.14779928848747E-8      2.670353755551324        4.149121261176808E-8     2.670353755551324        4.1427237515769595E-8    2.670353755551324        4.134291384610131E-8     2.670353755551324        4.1290872821566764E-8    2.670353755551324        4.1260777437132554E-8    2.670353755551324        4.126435490613882E-8     2.670353755551324        4.130838195450453E-8     2.670353755551324        4.136855309512832E-8     2.670353755551324        4.1427279790538216E-8    2.670353755551324        4.148318008264624E-8     2.670353755551324        4.151429671505068E-8     2.670353755551324        4.152213586942639E-8     2.670353755551324        4.1498088058869425E-8    2.670353755551324        4.146821798256831E-8     2.670353755551324        4.1407804060094373E-8    2.670353755551324        4.134493263687383E-8     2.670353755551324        4.127539958114463E-8     2.670353755551324        4.120591804907353E-8     2.670353755551324        4.114605339871313E-8     2.670353755551324        4.108646542553232E-8     2.670353755551324        4.103148649030501E-8     2.670353755551324        4.0978089495240964E-8    2.670353755551324        4.091738878669576E-8     2.670353755551324        4.0891108327808414E-8    2.670353755551324        4.085128895704072E-8     2.670353755551324        4.0839835561397394E-8    2.670353755551324        4.084030748362911E-8     2.670353755551324        4.086683222669756E-8     2.670353755551324        4.09168863381628E-8      2.670353755551324        4.0983780806367724E-8    2.670353755551324        4.1076384881448796E-8    2.670353755551324        4.117224602255533E-8     2.670353755551324        4.1281414810930044E-8    2.670353755551324
2.6878070480712677        2.4323363670450886E-8    2.6878070480712677       2.918156008046597E-8     2.6878070480712677       3.323700282686066E-8     2.6878070480712677       3.611321852606837E-8     2.6878070480712677       3.786893361050421E-8     2.6878070480712677       3.8912678146652E-8       2.6878070480712677       3.943724053931944E-8     2.6878070480712677       3.961416217757373E-8     2.6878070480712677       3.963529760873958E-8     2.6878070480712677       3.957292252631674E-8     2.6878070480712677       3.948190109069814E-8     2.6878070480712677       3.944118822382281E-8     2.6878070480712677       3.9406404727844895E-8    2.6878070480712677       3.94043822840327E-8      2.6878070480712677       3.944941587254047E-8     2.6878070480712677       3.949704592501311E-8     2.6878070480712677       3.955872193536825E-8     2.6878070480712677       3.960967218755388E-8     2.6878070480712677       3.9645695010034517E-8    2.6878070480712677       3.9653157734032934E-8    2.6878070480712677       3.964210396119386E-8     2.6878070480712677       3.960216554402961E-8     2.6878070480712677       3.9548428276515145E-8    2.6878070480712677       3.947915107665901E-8     2.6878070480712677       3.941841309282181E-8     2.6878070480712677       3.935223416647099E-8     2.6878070480712677       3.930303960066513E-8     2.6878070480712677       3.924053913440629E-8     2.6878070480712677       3.918831411202154E-8     2.6878070480712677       3.914041341306641E-8     2.6878070480712677       3.908925410250577E-8     2.6878070480712677       3.905605451191284E-8     2.6878070480712677       3.90265441164717E-8      2.6878070480712677       3.902419187428597E-8     2.6878070480712677       3.9029300435194564E-8    2.6878070480712677       3.9058645827227545E-8    2.6878070480712677       3.9117652838423435E-8    2.6878070480712677       3.9179813646082646E-8    2.6878070480712677       3.926567141525615E-8     2.6878070480712677       3.9361311432654835E-8    2.6878070480712677       3.946517566850821E-8     2.6878070480712677
2.705260340591211         2.3184607167603232E-8    2.705260340591211        2.785807695928467E-8     2.705260340591211        3.1743834083893164E-8    2.705260340591211        3.449542933692612E-8     2.705260340591211        3.616304803065544E-8     2.705260340591211        3.71467812872275E-8      2.705260340591211        3.763983823401457E-8     2.705260340591211        3.7798231146328366E-8    2.705260340591211        3.7820232195509225E-8    2.705260340591211        3.7752607504387875E-8    2.705260340591211        3.76735801667935E-8      2.705260340591211        3.761088867948963E-8     2.705260340591211        3.7583709449162094E-8    2.705260340591211        3.758330292073221E-8     2.705260340591211        3.7620888881220124E-8    2.705260340591211        3.766919717913958E-8     2.705260340591211        3.77270576164738E-8      2.705260340591211        3.778306549894076E-8     2.705260340591211        3.782336620020955E-8     2.705260340591211        3.7831895375081926E-8    2.705260340591211        3.783477424531695E-8     2.705260340591211        3.7817171715983966E-8    2.705260340591211        3.7760888473114806E-8    2.705260340591211        3.771495476066289E-8     2.705260340591211        3.76642538879404E-8      2.705260340591211        3.761446471626288E-8     2.705260340591211        3.7550060955769136E-8    2.705260340591211        3.749903015759223E-8     2.705260340591211        3.7443558480457806E-8    2.705260340591211        3.7403824948721845E-8    2.705260340591211        3.736125372377415E-8     2.705260340591211        3.731813662830085E-8     2.705260340591211        3.728251807450057E-8     2.705260340591211        3.727686291341658E-8     2.705260340591211        3.728275754072148E-8     2.705260340591211        3.730599945803973E-8     2.705260340591211        3.735319584405915E-8     2.705260340591211        3.7422208686124046E-8    2.705260340591211        3.748963352425448E-8     2.705260340591211        3.757549148620717E-8     2.705260340591211        3.7668503925564656E-8    2.705260340591211
2.722713633111154         2.2081996141553146E-8    2.722713633111154        2.655519092799316E-8     2.722713633111154        3.028292466165294E-8     2.722713633111154        3.291127280280813E-8     2.722713633111154        3.450525349869823E-8     2.722713633111154        3.5433018546715116E-8    2.722713633111154        3.590126543434106E-8     2.722713633111154        3.6062471844340465E-8    2.722713633111154        3.6071633803910016E-8    2.722713633111154        3.6001570745422844E-8    2.722713633111154        3.5911824861884665E-8    2.722713633111154        3.584266774298764E-8     2.722713633111154        3.580472765584355E-8     2.722713633111154        3.58047501261294E-8      2.722713633111154        3.584164181455393E-8     2.722713633111154        3.5892223426100245E-8    2.722713633111154        3.5941529369451264E-8    2.722713633111154        3.6008173579006596E-8    2.722713633111154        3.604674237244435E-8     2.722713633111154        3.60752734921028E-8      2.722713633111154        3.608832460297604E-8     2.722713633111154        3.60752664444414E-8      2.722713633111154        3.604269220232754E-8     2.722713633111154        3.6007395066694504E-8    2.722713633111154        3.596822783697152E-8     2.722713633111154        3.5914348612811163E-8    2.722713633111154        3.586608195628657E-8     2.722713633111154        3.5819038549425476E-8    2.722713633111154        3.576087468423672E-8     2.722713633111154        3.5712539038210165E-8    2.722713633111154        3.56646231677854E-8      2.722713633111154        3.5619546408909905E-8    2.722713633111154        3.558227421901999E-8     2.722713633111154        3.556002403358148E-8     2.722713633111154        3.555243056521571E-8     2.722713633111154        3.557021761747344E-8     2.722713633111154        3.5595883401650506E-8    2.722713633111154        3.5658064714214834E-8    2.722713633111154        3.572149420575418E-8     2.722713633111154        3.578503316839681E-8     2.722713633111154        3.58689628258947E-8      2.722713633111154
2.740166925631097         2.099304765044823E-8     2.740166925631097        2.5280087494519037E-8    2.740166925631097        2.8849690707972356E-8    2.740166925631097        3.135809261870669E-8     2.740166925631097        3.28741630920999E-8      2.740166925631097        3.3753785065069806E-8    2.740166925631097        3.418627558132656E-8     2.740166925631097        3.4325466448935364E-8    2.740166925631097        3.4319695934593924E-8    2.740166925631097        3.424929968021714E-8     2.740166925631097        3.4156179459783664E-8    2.740166925631097        3.408367234522978E-8     2.740166925631097        3.4043286679836394E-8    2.740166925631097        3.404328954269998E-8     2.740166925631097        3.407439631378292E-8     2.740166925631097        3.412588578035644E-8     2.740166925631097        3.419639367417409E-8     2.740166925631097        3.4261172092730156E-8    2.740166925631097        3.432063891702462E-8     2.740166925631097        3.435476095485951E-8     2.740166925631097        3.4391199278438246E-8    2.740166925631097        3.4390064568289267E-8    2.740166925631097        3.438252852448228E-8     2.740166925631097        3.435380855989122E-8     2.740166925631097        3.432762141676013E-8     2.740166925631097        3.4281702998270845E-8    2.740166925631097        3.423111151260263E-8     2.740166925631097        3.419229617514428E-8     2.740166925631097        3.413327464935577E-8     2.740166925631097        3.4078887554306385E-8    2.740166925631097        3.40134759876579E-8      2.740166925631097        3.3955484788524766E-8    2.740166925631097        3.390983321385426E-8     2.740166925631097        3.386983593105767E-8     2.740166925631097        3.3852470915661034E-8    2.740166925631097        3.384014965319509E-8     2.740166925631097        3.3851224655409016E-8    2.740166925631097        3.388536982684569E-8     2.740166925631097        3.3923493458299995E-8    2.740166925631097        3.39889314100858E-8      2.740166925631097        3.4059053664715856E-8    2.740166925631097
2.7576202181510405        1.995639432822695E-8     2.7576202181510405       2.405723602709872E-8     2.7576202181510405       2.748415053032146E-8     2.7576202181510405       2.986894594655173E-8     2.7576202181510405       3.130179093150857E-8     2.7576202181510405       3.212925759621812E-8     2.7576202181510405       3.2528751746256147E-8    2.7576202181510405       3.2655317651500105E-8    2.7576202181510405       3.264001431638089E-8     2.7576202181510405       3.2552219555189115E-8    2.7576202181510405       3.2445477655443736E-8    2.7576202181510405       3.2367011903864234E-8    2.7576202181510405       3.231659386200079E-8     2.7576202181510405       3.2305099561276184E-8    2.7576202181510405       3.2329075598058305E-8    2.7576202181510405       3.2383489618007997E-8    2.7576202181510405       3.2457083454935004E-8    2.7576202181510405       3.2533812991829694E-8    2.7576202181510405       3.260058037283408E-8     2.7576202181510405       3.265998841939085E-8     2.7576202181510405       3.2712907127478105E-8    2.7576202181510405       3.273653669243638E-8     2.7576202181510405       3.275414689432747E-8     2.7576202181510405       3.275346097053361E-8     2.7576202181510405       3.273225800377138E-8     2.7576202181510405       3.2700489589678486E-8    2.7576202181510405       3.266418064301475E-8     2.7576202181510405       3.261738777701923E-8     2.7576202181510405       3.256265698477734E-8     2.7576202181510405       3.248868774247692E-8     2.7576202181510405       3.2421060866770677E-8    2.7576202181510405       3.234221076907069E-8     2.7576202181510405       3.2273030464190364E-8    2.7576202181510405       3.22094967658988E-8      2.7576202181510405       3.2158481391377986E-8    2.7576202181510405       3.212989064740754E-8     2.7576202181510405       3.2118597399287485E-8    2.7576202181510405       3.212829722807195E-8     2.7576202181510405       3.214975271978067E-8     2.7576202181510405       3.219871012365083E-8     2.7576202181510405       3.2267924866781326E-8    2.7576202181510405
2.775073510670984         1.8937716363808502E-8    2.775073510670984        2.286676929499988E-8     2.775073510670984        2.6157484708691486E-8    2.775073510670984        2.8416226193055075E-8    2.775073510670984        2.978625785529564E-8     2.775073510670984        3.056956841771717E-8     2.775073510670984        3.095042420011807E-8     2.775073510670984        3.105306710508458E-8     2.775073510670984        3.102742805272365E-8     2.775073510670984        3.0933066546823934E-8    2.775073510670984        3.0813985389882826E-8    2.775073510670984        3.071773716916087E-8     2.775073510670984        3.065463543752674E-8     2.775073510670984        3.063214661640799E-8     2.775073510670984        3.0643156063605E-8       2.775073510670984        3.0692334039464656E-8    2.775073510670984        3.0765478655629585E-8    2.775073510670984        3.084281676315148E-8     2.775073510670984        3.092550152286973E-8     2.775073510670984        3.0995112590478536E-8    2.775073510670984        3.106624090037709E-8     2.775073510670984        3.1112756815162383E-8    2.775073510670984        3.113910280227283E-8     2.775073510670984        3.116184417176522E-8     2.775073510670984        3.1153249305922186E-8    2.775073510670984        3.112967566529163E-8     2.775073510670984        3.1100291228308444E-8    2.775073510670984        3.1063544909867876E-8    2.775073510670984        3.100250735671438E-8     2.775073510670984        3.091904835255927E-8     2.775073510670984        3.083533553077381E-8     2.775073510670984        3.0759136420559536E-8    2.775073510670984        3.0665308048630507E-8    2.775073510670984        3.056559249725969E-8     2.775073510670984        3.051660574900418E-8     2.775073510670984        3.045552405419895E-8     2.775073510670984        3.0430851904360506E-8    2.775073510670984        3.041721357490743E-8     2.775073510670984        3.0428015843778357E-8    2.775073510670984        3.047035766142744E-8     2.775073510670984        3.053010355661906E-8     2.775073510670984
2.792526803190927         1.7907448107389984E-8    2.792526803190927        2.166087665073864E-8     2.792526803190927        2.4803826489765768E-8    2.792526803190927        2.6964526168319636E-8    2.792526803190927        2.8247660003766054E-8    2.792526803190927        2.9005790574180968E-8    2.792526803190927        2.936295078193811E-8     2.792526803190927        2.946119535768526E-8     2.792526803190927        2.9438494126317336E-8    2.792526803190927        2.9338113467584022E-8    2.792526803190927        2.921813118141621E-8     2.792526803190927        2.9118199335100376E-8    2.792526803190927        2.9049342425847446E-8    2.792526803190927        2.9024836552039325E-8    2.792526803190927        2.9028987944040025E-8    2.792526803190927        2.9074590005439618E-8    2.792526803190927        2.914162223795115E-8     2.792526803190927        2.9216640499778205E-8    2.792526803190927        2.9307099566565443E-8    2.792526803190927        2.938716018031612E-8     2.792526803190927        2.9456645703888753E-8    2.792526803190927        2.9517759983496535E-8    2.792526803190927        2.9554622400088847E-8    2.792526803190927        2.9595017648935397E-8    2.792526803190927        2.959503911730086E-8     2.792526803190927        2.958777551796326E-8     2.792526803190927        2.9558697165134542E-8    2.792526803190927        2.951874264477861E-8     2.792526803190927        2.9460066196937974E-8    2.792526803190927        2.9390241682442946E-8    2.792526803190927        2.92897896370475E-8      2.792526803190927        2.9194756010620763E-8    2.792526803190927        2.9097702844911114E-8    2.792526803190927        2.8990709790735526E-8    2.792526803190927        2.8902108805508243E-8    2.792526803190927        2.8829154854817143E-8    2.792526803190927        2.8779482872955753E-8    2.792526803190927        2.8756367285656383E-8    2.792526803190927        2.8751452135914568E-8    2.792526803190927        2.878276808112618E-8     2.792526803190927        2.8846176747744154E-8    2.792526803190927
2.8099800957108703        1.6901796328677175E-8    2.8099800957108703       2.0480941294213146E-8    2.8099800957108703       2.3455556166747653E-8    2.8099800957108703       2.5514306149815883E-8    2.8099800957108703       2.674643384882181E-8     2.8099800957108703       2.7461691770133204E-8    2.8099800957108703       2.7793541873420988E-8    2.8099800957108703       2.7906549191198026E-8    2.8099800957108703       2.7874130433184935E-8    2.8099800957108703       2.777952600168945E-8     2.8099800957108703       2.7658840676624207E-8    2.8099800957108703       2.755934428564674E-8     2.8099800957108703       2.7484226586446992E-8    2.8099800957108703       2.7444011673209115E-8    2.8099800957108703       2.7441981902805186E-8    2.8099800957108703       2.7473989280785322E-8    2.8099800957108703       2.753128907987347E-8     2.8099800957108703       2.7602578752456514E-8    2.8099800957108703       2.7686160027680665E-8    2.8099800957108703       2.7761685227698063E-8    2.8099800957108703       2.7828535418795408E-8    2.8099800957108703       2.789992629186603E-8     2.8099800957108703       2.7945886259619937E-8    2.8099800957108703       2.798470286980052E-8     2.8099800957108703       2.8002397254666053E-8    2.8099800957108703       2.801307013207486E-8     2.8099800957108703       2.800272982998419E-8     2.8099800957108703       2.7982298386609304E-8    2.8099800957108703       2.792786003876998E-8     2.8099800957108703       2.786673402001854E-8     2.8099800957108703       2.7782913040943604E-8    2.8099800957108703       2.7693291754943458E-8    2.8099800957108703       2.75986270150465E-8      2.8099800957108703       2.7485173969885458E-8    2.8099800957108703       2.7404397967818958E-8    2.8099800957108703       2.732072471492879E-8     2.8099800957108703       2.725403797868739E-8     2.8099800957108703       2.7220125544845614E-8    2.8099800957108703       2.7201339882374373E-8    2.8099800957108703       2.7227612207803294E-8    2.8099800957108703       2.7271559845173868E-8    2.8099800957108703
2.827433388230814         1.591020621052048E-8     2.827433388230814        1.931122002675645E-8     2.827433388230814        2.213223649586703E-8     2.827433388230814        2.4087213263914487E-8    2.827433388230814        2.5251337809008964E-8    2.827433388230814        2.5937426469215846E-8    2.827433388230814        2.6271869960135347E-8    2.827433388230814        2.6388009231595068E-8    2.827433388230814        2.636713500331873E-8     2.827433388230814        2.628286304936747E-8     2.827433388230814        2.6174122621576976E-8    2.827433388230814        2.6081320206243096E-8    2.827433388230814        2.599956837861553E-8     2.827433388230814        2.595302413078261E-8     2.827433388230814        2.5942459476992872E-8    2.827433388230814        2.595537703579366E-8     2.827433388230814        2.5986217696854715E-8    2.827433388230814        2.6028405748384013E-8    2.827433388230814        2.6087897094726125E-8    2.827433388230814        2.614296573170852E-8     2.827433388230814        2.6196724470976253E-8    2.827433388230814        2.6249505749768837E-8    2.827433388230814        2.628878565964271E-8     2.827433388230814        2.6328701081988535E-8    2.827433388230814        2.635064586081558E-8     2.827433388230814        2.6374333233456996E-8    2.827433388230814        2.6380454758840457E-8    2.827433388230814        2.6386767001622364E-8    2.827433388230814        2.636266789625396E-8     2.827433388230814        2.6337166691474105E-8    2.827433388230814        2.6279696087354892E-8    2.827433388230814        2.622222142579996E-8     2.827433388230814        2.6148960400342908E-8    2.827433388230814        2.6064020947997773E-8    2.827433388230814        2.6001115412258618E-8    2.827433388230814        2.5921053434780888E-8    2.827433388230814        2.585266621031844E-8     2.827433388230814        2.5814510850687033E-8    2.827433388230814        2.578383708592538E-8     2.827433388230814        2.5783465197565448E-8    2.827433388230814        2.580513312864886E-8     2.827433388230814
2.844886680750757         1.493156050985859E-8     2.844886680750757        1.8114623217528992E-8    2.844886680750757        2.0783738299619838E-8    2.844886680750757        2.2626056537132436E-8    2.844886680750757        2.3739500763873184E-8    2.844886680750757        2.4382919053002383E-8    2.844886680750757        2.4716655983083755E-8    2.844886680750757        2.486406235491566E-8     2.844886680750757        2.4868837891901967E-8    2.844886680750757        2.4810256083281623E-8    2.844886680750757        2.472276418710853E-8     2.844886680750757        2.46430407226448E-8      2.844886680750757        2.4565963610041713E-8    2.844886680750757        2.4523521492254863E-8    2.844886680750757        2.4493524534195527E-8    2.844886680750757        2.4484856952672522E-8    2.844886680750757        2.4494138797866637E-8    2.844886680750757        2.4501291553137673E-8    2.844886680750757        2.4526136996177077E-8    2.844886680750757        2.4543332450345832E-8    2.844886680750757        2.456540724415282E-8     2.844886680750757        2.45898646138201E-8      2.844886680750757        2.4615549465601192E-8    2.844886680750757        2.46440545932246E-8      2.844886680750757        2.4667198876190927E-8    2.844886680750757        2.4706301531222258E-8    2.844886680750757        2.4734748174804616E-8    2.844886680750757        2.476366148613902E-8     2.844886680750757        2.478780267947285E-8     2.844886680750757        2.4797369639949752E-8    2.844886680750757        2.479977232389053E-8     2.844886680750757        2.4783787694366952E-8    2.844886680750757        2.4753558968951772E-8    2.844886680750757        2.471880218149439E-8     2.844886680750757        2.4657141047978126E-8    2.844886680750757        2.4606517146925374E-8    2.844886680750757        2.453677522883472E-8     2.844886680750757        2.449198216441763E-8     2.844886680750757        2.4434685079214537E-8    2.844886680750757        2.4407550662676635E-8    2.844886680750757        2.4382345862611756E-8    2.844886680750757
2.8623399732707           1.3959938614835432E-8    2.8623399732707          1.6939921582372298E-8    2.8623399732707          1.9452617201205205E-8    2.8623399732707          2.1194979393222918E-8    2.8623399732707          2.2213430945395465E-8    2.8623399732707          2.2841721072684973E-8    2.8623399732707          2.3178669147306328E-8    2.8623399732707          2.3354651929046473E-8    2.8623399732707          2.3386264718140248E-8    2.8623399732707          2.3349125949160037E-8    2.8623399732707          2.3292094925273613E-8    2.8623399732707          2.3232578062409554E-8    2.8623399732707          2.3166017708999425E-8    2.8623399732707          2.312118218940798E-8     2.8623399732707          2.3085827849882816E-8    2.8623399732707          2.3053725685611636E-8    2.8623399732707          2.3029375121316136E-8    2.8623399732707          2.3008995769835267E-8    2.8623399732707          2.2990100167156603E-8    2.8623399732707          2.2966367330684094E-8    2.8623399732707          2.2955787386179892E-8    2.8623399732707          2.2944118781540146E-8    2.8623399732707          2.2941637956695773E-8    2.8623399732707          2.2951004326296486E-8    2.8623399732707          2.2979941377023784E-8    2.8623399732707          2.302332799105839E-8     2.8623399732707          2.3085282247850978E-8    2.8623399732707          2.3145790858872367E-8    2.8623399732707          2.3208541995161552E-8    2.8623399732707          2.3275149222124407E-8    2.8623399732707          2.333729519450647E-8     2.8623399732707          2.337010159001187E-8     2.8623399732707          2.339577875115619E-8     2.8623399732707          2.339973030746792E-8     2.8623399732707          2.338467302655317E-8     2.8623399732707          2.3349358280098765E-8    2.8623399732707          2.3284511699404395E-8    2.8623399732707          2.322542294639658E-8     2.8623399732707          2.3146044101516824E-8    2.8623399732707          2.3076223324233094E-8    2.8623399732707          2.2983881485601432E-8    2.8623399732707
2.8797932657906435        1.3009974922458259E-8    2.8797932657906435       1.5795095141614357E-8    2.8797932657906435       1.8130937419981804E-8    2.8797932657906435       1.975682282703747E-8     2.8797932657906435       2.0708447628426048E-8    2.8797932657906435       2.1291019812149928E-8    2.8797932657906435       2.1633298352924627E-8    2.8797932657906435       2.1813871328265413E-8    2.8797932657906435       2.187570478902048E-8     2.8797932657906435       2.1873689377007395E-8    2.8797932657906435       2.1842858246025703E-8    2.8797932657906435       2.1810714038679843E-8    2.8797932657906435       2.1767783241572043E-8    2.8797932657906435       2.172579560794696E-8     2.8797932657906435       2.1685763223383096E-8    2.8797932657906435       2.1644752780602542E-8    2.8797932657906435       2.1604433726004117E-8    2.8797932657906435       2.1556318332410923E-8    2.8797932657906435       2.1499947647086473E-8    2.8797932657906435       2.144633781017433E-8     2.8797932657906435       2.140170017927386E-8     2.8797932657906435       2.1352372781875574E-8    2.8797932657906435       2.132835063077795E-8     2.8797932657906435       2.132131794164429E-8     2.8797932657906435       2.133406997237988E-8     2.8797932657906435       2.137416108598688E-8     2.8797932657906435       2.1442524711577446E-8    2.8797932657906435       2.1526522472796766E-8    2.8797932657906435       2.1627090235671484E-8    2.8797932657906435       2.17339851899927E-8      2.8797932657906435       2.1833434464269075E-8    2.8797932657906435       2.1915712300057928E-8    2.8797932657906435       2.198619240697606E-8     2.8797932657906435       2.203622999813499E-8     2.8797932657906435       2.2045220987267746E-8    2.8797932657906435       2.203973522342703E-8     2.8797932657906435       2.1993625328379455E-8    2.8797932657906435       2.1926067742624055E-8    2.8797932657906435       2.1826742148213505E-8    2.8797932657906435       2.1723230425094786E-8    2.8797932657906435       2.1602240718308435E-8    2.8797932657906435
2.897246558310587         1.2115020851967413E-8    2.897246558310587        1.4703767015295364E-8    2.897246558310587        1.6889343143800145E-8    2.897246558310587        1.8387544013420412E-8    2.897246558310587        1.927567881826727E-8     2.897246558310587        1.9817311851471067E-8    2.897246558310587        2.011428815885767E-8     2.897246558310587        2.028889201465607E-8     2.897246558310587        2.0347596566322104E-8    2.897246558310587        2.0354452246177348E-8    2.897246558310587        2.033732810829963E-8     2.897246558310587        2.0319149107057182E-8    2.897246558310587        2.0292457457993984E-8    2.897246558310587        2.0260318781032537E-8    2.897246558310587        2.023846879038918E-8     2.897246558310587        2.0198725370113153E-8    2.897246558310587        2.0160119709112486E-8    2.897246558310587        2.0109177626003774E-8    2.897246558310587        2.0051476604711573E-8    2.897246558310587        1.999088929414238E-8     2.897246558310587        1.9928753932644172E-8    2.897246558310587        1.986458584051314E-8     2.897246558310587        1.9812357739717963E-8    2.897246558310587        1.9792281056061547E-8    2.897246558310587        1.9787208647185086E-8    2.897246558310587        1.9820906571566106E-8    2.897246558310587        1.9884395357783218E-8    2.897246558310587        1.9961522489197592E-8    2.897246558310587        2.006875728961236E-8     2.897246558310587        2.0185016792711054E-8    2.897246558310587        2.0291047002660456E-8    2.897246558310587        2.0397899740789607E-8    2.897246558310587        2.0482071708224153E-8    2.897246558310587        2.0552334081101206E-8    2.897246558310587        2.0588438677411327E-8    2.897246558310587        2.0594806249838404E-8    2.897246558310587        2.055812171444197E-8     2.897246558310587        2.0497109120358567E-8    2.897246558310587        2.041525139456987E-8     2.897246558310587        2.031486113241836E-8     2.897246558310587        2.0180987788304202E-8    2.897246558310587
2.9146998508305306        1.1231849276587231E-8    2.9146998508305306       1.3630688735621793E-8    2.9146998508305306       1.566348254498286E-8     2.9146998508305306       1.705509841862552E-8     2.9146998508305306       1.7852691428076927E-8    2.9146998508305306       1.8346874429849565E-8    2.9146998508305306       1.8610515843280023E-8    2.9146998508305306       1.8755335923900157E-8    2.9146998508305306       1.8796541120896217E-8    2.9146998508305306       1.8803378047577653E-8    2.9146998508305306       1.8788355034717763E-8    2.9146998508305306       1.87726555558705E-8      2.9146998508305306       1.8761406036941375E-8    2.9146998508305306       1.8747651208051086E-8    2.9146998508305306       1.8750157524450054E-8    2.9146998508305306       1.873656861509069E-8     2.9146998508305306       1.872896304974109E-8     2.9146998508305306       1.870124641851716E-8     2.9146998508305306       1.8671517232326435E-8    2.9146998508305306       1.8624968762052225E-8    2.9146998508305306       1.857042923274911E-8     2.9146998508305306       1.8516811511188482E-8    2.9146998508305306       1.846454050344409E-8     2.9146998508305306       1.8421383551505643E-8    2.9146998508305306       1.8402362691764037E-8    2.9146998508305306       1.8407980728974728E-8    2.9146998508305306       1.8427743744181874E-8    2.9146998508305306       1.847770622291896E-8     2.9146998508305306       1.85375635736913E-8      2.9146998508305306       1.861709562476666E-8     2.9146998508305306       1.869454952489592E-8     2.9146998508305306       1.8766614731564782E-8    2.9146998508305306       1.883703069310166E-8     2.9146998508305306       1.889661376248812E-8     2.9146998508305306       1.8938649165892864E-8    2.9146998508305306       1.8966388141446135E-8    2.9146998508305306       1.895748402041559E-8     2.9146998508305306       1.8936975287814723E-8    2.9146998508305306       1.890554035811626E-8     2.9146998508305306       1.885482917979222E-8     2.9146998508305306       1.8775941317507302E-8    2.9146998508305306
2.9321531433504737        1.0382422592831162E-8    2.9321531433504737       1.2604938751516393E-8    2.9321531433504737       1.450395126185476E-8     2.9321531433504737       1.577868365080508E-8     2.9321531433504737       1.6491597670265205E-8    2.9321531433504737       1.691785628500957E-8     2.9321531433504737       1.713808649915803E-8     2.9321531433504737       1.725286940692352E-8     2.9321531433504737       1.7260901547511343E-8    2.9321531433504737       1.723510198502991E-8     2.9321531433504737       1.7203522697455935E-8    2.9321531433504737       1.7176584941435267E-8    2.9321531433504737       1.7168485863168774E-8    2.9321531433504737       1.7173509514970523E-8    2.9321531433504737       1.719927928153644E-8     2.9321531433504737       1.7217562917947646E-8    2.9321531433504737       1.724432304440764E-8     2.9321531433504737       1.7270409668705175E-8    2.9321531433504737       1.7285975944567715E-8    2.9321531433504737       1.72899671935178E-8      2.9321531433504737       1.7276291038568595E-8    2.9321531433504737       1.7248617330223055E-8    2.9321531433504737       1.721223828446805E-8     2.9321531433504737       1.7172207754101213E-8    2.9321531433504737       1.713313573230496E-8     2.9321531433504737       1.7097812964371897E-8    2.9321531433504737       1.7068754293559716E-8    2.9321531433504737       1.7050371643958905E-8    2.9321531433504737       1.703775171279518E-8     2.9321531433504737       1.704034894747262E-8     2.9321531433504737       1.7040384933947765E-8    2.9321531433504737       1.7064902754493214E-8    2.9321531433504737       1.7084341248514105E-8    2.9321531433504737       1.7113238287422078E-8    2.9321531433504737       1.7146346969296867E-8    2.9321531433504737       1.7197134551296272E-8    2.9321531433504737       1.7224239537447708E-8    2.9321531433504737       1.727302550100763E-8     2.9321531433504737       1.730643540172156E-8     2.9321531433504737       1.73433465341662E-8      2.9321531433504737       1.7361931992051888E-8    2.9321531433504737
2.949606435870417         9.517151497994357E-9     2.949606435870417        1.1589437614558932E-8    2.949606435870417        1.3330336692061727E-8    2.949606435870417        1.4491907766810933E-8    2.949606435870417        1.5151531126882063E-8    2.949606435870417        1.5522993605340034E-8    2.949606435870417        1.5708852687560368E-8    2.949606435870417        1.5750321947620037E-8    2.949606435870417        1.5724591208766204E-8    2.949606435870417        1.5669958697081018E-8    2.949606435870417        1.5613037711744257E-8    2.949606435870417        1.5567328734465026E-8    2.949606435870417        1.555520673696541E-8     2.949606435870417        1.5566801584126086E-8    2.949606435870417        1.560742484011028E-8     2.949606435870417        1.566149048356096E-8     2.949606435870417        1.573484829067099E-8     2.949606435870417        1.5805427636575467E-8    2.949606435870417        1.5877228680443907E-8    2.949606435870417        1.5935580689296913E-8    2.949606435870417        1.5973341073203313E-8    2.949606435870417        1.5977056212528196E-8    2.949606435870417        1.597231309135444E-8     2.949606435870417        1.5933545843912937E-8    2.949606435870417        1.588855858553885E-8     2.949606435870417        1.5822725928750577E-8    2.949606435870417        1.5741180865672013E-8    2.949606435870417        1.5659633859679945E-8    2.949606435870417        1.5573615235085148E-8    2.949606435870417        1.5495832411640335E-8    2.949606435870417        1.542754080571713E-8     2.949606435870417        1.5384607368249482E-8    2.949606435870417        1.534766770362914E-8     2.949606435870417        1.5350547108819488E-8    2.949606435870417        1.5377815559835803E-8    2.949606435870417        1.5430719048957863E-8    2.949606435870417        1.549859375008722E-8     2.949606435870417        1.5600123210652793E-8    2.949606435870417        1.5709457095733476E-8    2.949606435870417        1.583523484191803E-8     2.949606435870417        1.5947045669567254E-8    2.949606435870417
2.9670597283903604        8.625235574185903E-9     2.9670597283903604       1.0537371601535078E-8    2.9670597283903604       1.2119634174293243E-8    2.9670597283903604       1.3202268456049319E-8    2.9670597283903604       1.3799404060756925E-8    2.9670597283903604       1.4140868172125079E-8    2.9670597283903604       1.4294008042677627E-8    2.9670597283903604       1.43153974499115E-8      2.9670597283903604       1.4273408167203952E-8    2.9670597283903604       1.4202936719094041E-8    2.9670597283903604       1.4130590054676982E-8    2.9670597283903604       1.407593222331745E-8     2.9670597283903604       1.4048955117830895E-8    2.9670597283903604       1.4057624010059914E-8    2.9670597283903604       1.410149242147742E-8     2.9670597283903604       1.4167169702021143E-8    2.9670597283903604       1.4257838309972877E-8    2.9670597283903604       1.435594189099131E-8     2.9670597283903604       1.4445750397394817E-8    2.9670597283903604       1.4527257189063123E-8    2.9670597283903604       1.458961258096306E-8     2.9670597283903604       1.4619353908904714E-8    2.9670597283903604       1.4626132182064533E-8    2.9670597283903604       1.4607111993735247E-8    2.9670597283903604       1.455373074676931E-8     2.9670597283903604       1.4482074232701248E-8    2.9670597283903604       1.4390981731141395E-8    2.9670597283903604       1.4280190379297476E-8    2.9670597283903604       1.4173813734056235E-8    2.9670597283903604       1.4050834634091817E-8    2.9670597283903604       1.394107980060348E-8     2.9670597283903604       1.3851979055314314E-8    2.9670597283903604       1.378692172444578E-8     2.9670597283903604       1.3760157350008919E-8    2.9670597283903604       1.3760023953380094E-8    2.9670597283903604       1.3805053157486749E-8    2.9670597283903604       1.388468975355319E-8     2.9670597283903604       1.4012101701581107E-8    2.9670597283903604       1.4151671263483349E-8    2.9670597283903604       1.431330854584557E-8     2.9670597283903604       1.4474398223820903E-8    2.9670597283903604
2.9845130209103035        7.739648485160572E-9     2.9845130209103035       9.439037532384447E-9     2.9845130209103035       1.0878130833090408E-8    2.9845130209103035       1.1864174786860328E-8    2.9845130209103035       1.2394839546856942E-8    2.9845130209103035       1.269510010749116E-8     2.9845130209103035       1.2850400755798125E-8    2.9845130209103035       1.2886864921805568E-8    2.9845130209103035       1.2856057840916937E-8    2.9845130209103035       1.2792834804645209E-8    2.9845130209103035       1.2730679000585872E-8    2.9845130209103035       1.267287467379665E-8     2.9845130209103035       1.2639603262351303E-8    2.9845130209103035       1.2631297388754031E-8    2.9845130209103035       1.2651874869183141E-8    2.9845130209103035       1.2689959262556432E-8    2.9845130209103035       1.2756585359996808E-8    2.9845130209103035       1.2824155166796407E-8    2.9845130209103035       1.289735139697325E-8     2.9845130209103035       1.2967147900929616E-8    2.9845130209103035       1.3022880493092086E-8    2.9845130209103035       1.3056298820573518E-8    2.9845130209103035       1.3075429126870197E-8    2.9845130209103035       1.3081904643712709E-8    2.9845130209103035       1.3056516480996945E-8    2.9845130209103035       1.301506257099795E-8     2.9845130209103035       1.2968530663639702E-8    2.9845130209103035       1.2888160107461597E-8    2.9845130209103035       1.2811712600716148E-8    2.9845130209103035       1.272025339542278E-8     2.9845130209103035       1.2634213195988097E-8    2.9845130209103035       1.2557804706454361E-8    2.9845130209103035       1.2498956446871578E-8    2.9845130209103035       1.2453418788081884E-8    2.9845130209103035       1.2428653067762826E-8    2.9845130209103035       1.2443421157301231E-8    2.9845130209103035       1.2484468479190498E-8    2.9845130209103035       1.2556994085295117E-8    2.9845130209103035       1.265409925927726E-8     2.9845130209103035       1.2766178272556348E-8    2.9845130209103035       1.2886649962022251E-8    2.9845130209103035
3.0019663134302466        6.8058812464932555E-9    3.0019663134302466       8.321181903155614E-9     3.0019663134302466       9.598952268178845E-9     3.0019663134302466       1.0458743401176056E-8    3.0019663134302466       1.0937518561151048E-8    3.0019663134302466       1.1247237040380776E-8    3.0019663134302466       1.1425541939867034E-8    3.0019663134302466       1.1495317473165419E-8    3.0019663134302466       1.1505524559247114E-8    3.0019663134302466       1.1481336914150789E-8    3.0019663134302466       1.144322524343872E-8     3.0019663134302466       1.1396964549485502E-8    3.0019663134302466       1.1356889511501425E-8    3.0019663134302466       1.1325702437361792E-8    3.0019663134302466       1.1303735608030668E-8    3.0019663134302466       1.1288708932733965E-8    3.0019663134302466       1.1292448612786009E-8    3.0019663134302466       1.1287877811003012E-8    3.0019663134302466       1.1295853834257742E-8    3.0019663134302466       1.1308253034646353E-8    3.0019663134302466       1.1323256382194799E-8    3.0019663134302466       1.1338282333259534E-8    3.0019663134302466       1.1354818745188428E-8    3.0019663134302466       1.1384108858955855E-8    3.0019663134302466       1.140020118071361E-8     3.0019663134302466       1.1432292319530538E-8    3.0019663134302466       1.1467236027582093E-8    3.0019663134302466       1.147472739898853E-8     3.0019663134302466       1.1496064358971603E-8    3.0019663134302466       1.150490600040958E-8     3.0019663134302466       1.149953888927318E-8     3.0019663134302466       1.1482171855706042E-8    3.0019663134302466       1.1462032517362538E-8    3.0019663134302466       1.1426991290444793E-8    3.0019663134302466       1.1396118519096424E-8    3.0019663134302466       1.1348612349699834E-8    3.0019663134302466       1.1314576360341346E-8    3.0019663134302466       1.127103758516096E-8     3.0019663134302466       1.1258344738142795E-8    3.0019663134302466       1.1243211596746722E-8    3.0019663134302466       1.1239185675443575E-8    3.0019663134302466
3.01941960595019          5.904293424177149E-9     3.01941960595019         7.1984635322711346E-9    3.01941960595019         8.291932434702572E-9     3.01941960595019         9.031663109058127E-9     3.01941960595019         9.480788160325115E-9     3.01941960595019         9.778775274302123E-9     3.01941960595019         9.971700097222386E-9     3.01941960595019         1.0077645907010374E-8    3.01941960595019         1.0135682514712855E-8    3.01941960595019         1.015495119922115E-8     3.01941960595019         1.015793212554481E-8     3.01941960595019         1.013859358861212E-8     3.01941960595019         1.0106027160770291E-8    3.01941960595019         1.0061291403606213E-8    3.01941960595019         1.0006125260198961E-8    3.01941960595019         9.939048565937127E-9     3.01941960595019         9.8802990448568E-9       3.01941960595019         9.807466559309352E-9     3.01941960595019         9.747048088696688E-9     3.01941960595019         9.694434882537384E-9     3.01941960595019         9.656713089466847E-9     3.01941960595019         9.632055240344119E-9     3.01941960595019         9.644613208093165E-9     3.01941960595019         9.680049156322568E-9     3.01941960595019         9.729185474630286E-9     3.01941960595019         9.821622188638592E-9     3.01941960595019         9.927607456796603E-9     3.01941960595019         1.0040287285289188E-8    3.01941960595019         1.0156333869585327E-8    3.01941960595019         1.0256735041116389E-8    3.01941960595019         1.0341798370810725E-8    3.01941960595019         1.0396568133810984E-8    3.01941960595019         1.0420623888735567E-8    3.01941960595019         1.0400014518263963E-8    3.01941960595019         1.035506931767352E-8     3.01941960595019         1.0261289446417212E-8    3.01941960595019         1.0158235486882528E-8    3.01941960595019         1.0012480010894394E-8    3.01941960595019         9.874903899170323E-9     3.01941960595019         9.732418615008302E-9     3.01941960595019         9.584497260809764E-9     3.01941960595019
3.036872898470133         5.052444407617609E-9     3.036872898470133        6.14261327549316E-9      3.036872898470133        7.0482611857791285E-9    3.036872898470133        7.697053960898205E-9     3.036872898470133        8.074278674557368E-9     3.036872898470133        8.323382978066379E-9     3.036872898470133        8.520850125951881E-9     3.036872898470133        8.645357332792883E-9     3.036872898470133        8.72039893714832E-9      3.036872898470133        8.766436002738329E-9     3.036872898470133        8.78563202922186E-9      3.036872898470133        8.782162531372311E-9     3.036872898470133        8.763291860945553E-9     3.036872898470133        8.729443421246811E-9     3.036872898470133        8.669252604187646E-9     3.036872898470133        8.591376997657276E-9     3.036872898470133        8.504332216726935E-9     3.036872898470133        8.409299359328915E-9     3.036872898470133        8.306793259185504E-9     3.036872898470133        8.217132036644064E-9     3.036872898470133        8.145667082920843E-9     3.036872898470133        8.094567410097045E-9     3.036872898470133        8.088327064539365E-9     3.036872898470133        8.117635593873639E-9     3.036872898470133        8.17663232703925E-9      3.036872898470133        8.291731790060584E-9     3.036872898470133        8.42804756285388E-9      3.036872898470133        8.569851609029603E-9     3.036872898470133        8.714835250981988E-9     3.036872898470133        8.863407277179239E-9     3.036872898470133        8.984003733025528E-9     3.036872898470133        9.068226504188737E-9     3.036872898470133        9.11031497051369E-9      3.036872898470133        9.114925068528235E-9     3.036872898470133        9.07080321256371E-9      3.036872898470133        8.985862032532348E-9     3.036872898470133        8.856598962921484E-9     3.036872898470133        8.6896618069957E-9       3.036872898470133        8.510934725190702E-9     3.036872898470133        8.320889212172118E-9     3.036872898470133        8.124551010783703E-9     3.036872898470133
3.0543261909900763        4.2346042371585396E-9    3.0543261909900763       5.1457928931565226E-9    3.0543261909900763       5.904266381543902E-9     3.0543261909900763       6.454208664583053E-9     3.0543261909900763       6.734105484929266E-9     3.0543261909900763       6.918148534370034E-9     3.0543261909900763       7.078840674147617E-9     3.0543261909900763       7.139815383577806E-9     3.0543261909900763       7.189421024129592E-9     3.0543261909900763       7.216510333071127E-9     3.0543261909900763       7.232004843894823E-9     3.0543261909900763       7.236244348266485E-9     3.0543261909900763       7.224131325255921E-9     3.0543261909900763       7.216789931172076E-9     3.0543261909900763       7.1912966007305625E-9    3.0543261909900763       7.15802478810894E-9      3.0543261909900763       7.116351880175316E-9     3.0543261909900763       7.06143128604904E-9      3.0543261909900763       7.00834911894164E-9      3.0543261909900763       6.95858376382764E-9      3.0543261909900763       6.9144671861899136E-9    3.0543261909900763       6.874474874001447E-9     3.0543261909900763       6.861096288707369E-9     3.0543261909900763       6.866663578378687E-9     3.0543261909900763       6.8827863743627786E-9    3.0543261909900763       6.935093403300418E-9     3.0543261909900763       7.003683254611776E-9     3.0543261909900763       7.074511731785975E-9     3.0543261909900763       7.1569528547872845E-9    3.0543261909900763       7.240140458149576E-9     3.0543261909900763       7.3182045552843305E-9    3.0543261909900763       7.378135564040967E-9     3.0543261909900763       7.4131307542923314E-9    3.0543261909900763       7.430640754948844E-9     3.0543261909900763       7.428913973964231E-9     3.0543261909900763       7.384008147613483E-9     3.0543261909900763       7.327326323692911E-9     3.0543261909900763       7.2384279796343484E-9    3.0543261909900763       7.148254810978006E-9     3.0543261909900763       7.039838008731665E-9     3.0543261909900763       6.929007684335921E-9     3.0543261909900763
3.07177948351002          3.4490400329707495E-9    3.07177948351002         4.2071195927356975E-9    3.07177948351002         4.821273042960811E-9     3.07177948351002         5.2762111784291635E-9    3.07177948351002         5.479727982322912E-9     3.07177948351002         5.579589115031624E-9     3.07177948351002         5.647070712998179E-9     3.07177948351002         5.666498664654333E-9     3.07177948351002         5.648304234928743E-9     3.07177948351002         5.622506705681153E-9     3.07177948351002         5.598143908721903E-9     3.07177948351002         5.585118086925693E-9     3.07177948351002         5.5865730815549024E-9    3.07177948351002         5.601194733826748E-9     3.07177948351002         5.641197529026779E-9     3.07177948351002         5.678666101737753E-9     3.07177948351002         5.727689686379433E-9     3.07177948351002         5.7776119285284535E-9    3.07177948351002         5.819386624665034E-9     3.07177948351002         5.842892009552761E-9     3.07177948351002         5.860784221767227E-9     3.07177948351002         5.851618435666239E-9     3.07177948351002         5.833510447397804E-9     3.07177948351002         5.798403118551253E-9     3.07177948351002         5.745005414674486E-9     3.07177948351002         5.683262806529431E-9     3.07177948351002         5.625870988054691E-9     3.07177948351002         5.560498124390781E-9     3.07177948351002         5.502214459770105E-9     3.07177948351002         5.448508633957977E-9     3.07177948351002         5.418452587984921E-9     3.07177948351002         5.406818740456659E-9     3.07177948351002         5.402461984463258E-9     3.07177948351002         5.432154373275919E-9     3.07177948351002         5.490800953668082E-9     3.07177948351002         5.5414092628997985E-9    3.07177948351002         5.625553555334609E-9     3.07177948351002         5.700061358214752E-9     3.07177948351002         5.795868118281034E-9     3.07177948351002         5.879583192307023E-9     3.07177948351002         5.940946326922713E-9     3.07177948351002
3.0892327760299634        2.6746373878015673E-9    3.0892327760299634       3.2749988779038837E-9    3.0892327760299634       3.780100794293417E-9     3.0892327760299634       4.061774238721014E-9     3.0892327760299634       4.20638187860774E-9      3.0892327760299634       4.290935440504374E-9     3.0892327760299634       4.267783651683795E-9     3.0892327760299634       4.201451863758824E-9     3.0892327760299634       4.111385874105408E-9     3.0892327760299634       4.020667774309853E-9     3.0892327760299634       3.961481792268156E-9     3.0892327760299634       3.923889975101794E-9     3.0892327760299634       3.9307189508944E-9       3.0892327760299634       3.982633027237488E-9     3.0892327760299634       4.086166781503473E-9     3.0892327760299634       4.2016679969458906E-9    3.0892327760299634       4.336834871576563E-9     3.0892327760299634       4.4836171404182436E-9    3.0892327760299634       4.610854743699175E-9     3.0892327760299634       4.713789854109513E-9     3.0892327760299634       4.7877070972182765E-9    3.0892327760299634       4.813935646356101E-9     3.0892327760299634       4.796987352938156E-9     3.0892327760299634       4.7497221793959495E-9    3.0892327760299634       4.6425136717479624E-9    3.0892327760299634       4.507505151409039E-9     3.0892327760299634       4.342913627757419E-9     3.0892327760299634       4.148835034608107E-9     3.0892327760299634       3.955738643289332E-9     3.0892327760299634       3.763615531754428E-9     3.0892327760299634       3.6071570544510796E-9    3.0892327760299634       3.4974635017005646E-9    3.0892327760299634       3.4620670097814803E-9    3.0892327760299634       3.498766955340715E-9     3.0892327760299634       3.6101542111818987E-9    3.0892327760299634       3.787363948028273E-9     3.0892327760299634       4.019116781376599E-9     3.0892327760299634       4.259030137816525E-9     3.0892327760299634       4.5236123416468905E-9    3.0892327760299634       4.7696925648877765E-9    3.0892327760299634       4.978667378288222E-9     3.0892327760299634
3.106686068549907         1.8139521108613653E-9    3.106686068549907        2.2779367945198026E-9    3.106686068549907        2.57953543778524E-9      3.106686068549907        2.74422127043679E-9      3.106686068549907        2.86494884952434E-9      3.106686068549907        2.9153668555957493E-9    3.106686068549907        2.880118364619641E-9     3.106686068549907        2.7757443582385377E-9    3.106686068549907        2.677159830290021E-9     3.106686068549907        2.5851818835415648E-9    3.106686068549907        2.520528951419232E-9     3.106686068549907        2.4892221879108402E-9    3.106686068549907        2.4970676941013374E-9    3.106686068549907        2.560819501075178E-9     3.106686068549907        2.6566057242525256E-9    3.106686068549907        2.7921497472197463E-9    3.106686068549907        2.9432867536261392E-9    3.106686068549907        3.0956852628127885E-9    3.106686068549907        3.2280791813574033E-9    3.106686068549907        3.3553967634161276E-9    3.106686068549907        3.442876790759695E-9     3.106686068549907        3.4793770113628737E-9    3.106686068549907        3.4814241373774325E-9    3.106686068549907        3.4402342274156618E-9    3.106686068549907        3.343439759794648E-9     3.106686068549907        3.2055500911303735E-9    3.106686068549907        3.027900206715505E-9     3.106686068549907        2.8253888413573518E-9    3.106686068549907        2.603310566726829E-9     3.106686068549907        2.3852150698887834E-9    3.106686068549907        2.1785619054882455E-9    3.106686068549907        2.026285449135004E-9     3.106686068549907        1.971151142478246E-9     3.106686068549907        2.0190302684454976E-9    3.106686068549907        2.1520059054784555E-9    3.106686068549907        2.3682112468136713E-9    3.106686068549907        2.625817268517356E-9     3.106686068549907        2.9157084849578984E-9    3.106686068549907        3.1895546547363926E-9    3.106686068549907        3.4350137898698165E-9    3.106686068549907        3.6565595754192047E-9    3.106686068549907
3.12413936106985          8.56283299805987E-10     3.12413936106985         1.0904128471037665E-9    3.12413936106985         1.245628925407197E-9     3.12413936106985         1.3338168188779253E-9    3.12413936106985         1.395755218380845E-9     3.12413936106985         1.4284331980854536E-9    3.12413936106985         1.4391852053741484E-9    3.12413936106985         1.3617408559947141E-9    3.12413936106985         1.343197624179135E-9     3.12413936106985         1.3030650873793253E-9    3.12413936106985         1.2842526968499467E-9    3.12413936106985         1.2760644309096066E-9    3.12413936106985         1.2737838859849078E-9    3.12413936106985         1.3012312216850578E-9    3.12413936106985         1.3350647526324277E-9    3.12413936106985         1.3792363334432411E-9    3.12413936106985         1.4219470462409347E-9    3.12413936106985         1.4874939873767625E-9    3.12413936106985         1.5182099949496633E-9    3.12413936106985         1.5669323198551167E-9    3.12413936106985         1.5886745322178118E-9    3.12413936106985         1.5896283599178981E-9    3.12413936106985         1.6046855525429184E-9    3.12413936106985         1.5928596374300407E-9    3.12413936106985         1.5630249498472758E-9    3.12413936106985         1.5268618249574564E-9    3.12413936106985         1.4812878094222951E-9    3.12413936106985         1.4258961689222332E-9    3.12413936106985         1.3680598495850702E-9    3.12413936106985         1.2960294694476955E-9    3.12413936106985         1.2380718638115224E-9    3.12413936106985         1.1841761805297946E-9    3.12413936106985         1.1627575930497717E-9    3.12413936106985         1.1533803742098594E-9    3.12413936106985         1.18760322954139E-9      3.12413936106985         1.2242196408334672E-9    3.12413936106985         1.3028816106309507E-9    3.12413936106985         1.382058494334351E-9     3.12413936106985         1.468662174291526E-9     3.12413936106985         1.556763233919333E-9     3.12413936106985         1.6260627138815967E-9    3.12413936106985
3.141592653589793         2.5614435282792372E-23   3.141592653589793        3.0776814529203314E-23   3.141592653589793        3.538768425058213E-23    3.141592653589793        3.795748710477072E-23    3.141592653589793        3.9112582798997154E-23   3.141592653589793        3.942800342477283E-23    3.141592653589793        3.907272408947026E-23    3.141592653589793        3.782136825473421E-23    3.141592653589793        3.7081515243515946E-23   3.141592653589793        3.7636964065615737E-23   3.141592653589793        3.8948272075790246E-23   3.141592653589793        4.1977514346243544E-23   3.141592653589793        4.62134063348248E-23     3.141592653589793        5.1761850432517085E-23   3.141592653589793        5.80111914716125E-23     3.141592653589793        6.419328128704897E-23    3.141592653589793        7.049963295740873E-23    3.141592653589793        7.677257494821838E-23    3.141592653589793        8.276013163875269E-23    3.141592653589793        8.743303348698813E-23    3.141592653589793        9.206588988940032E-23    3.141592653589793        9.599897442185277E-23    3.141592653589793        9.845150463932929E-23    3.141592653589793        1.0098311123756109E-22   3.141592653589793        1.0233888962933385E-22   3.141592653589793        1.0351462061594824E-22   3.141592653589793        1.0407419109459646E-22   3.141592653589793        1.0460212397294658E-22   3.141592653589793        1.0577263052151943E-22   3.141592653589793        1.0730023327706388E-22   3.141592653589793        1.0884738517606487E-22   3.141592653589793        1.119760106539963E-22    3.141592653589793        1.147455833026523E-22    3.141592653589793        1.1886282263254412E-22   3.141592653589793        1.2382327835373472E-22   3.141592653589793        1.295831328255453E-22    3.141592653589793        1.3576024711525597E-22   3.141592653589793        1.4113120968207793E-22   3.141592653589793        1.4742709289969173E-22   3.141592653589793        1.5386357261310705E-22   3.141592653589793        1.5918875798041846E-22   3.141592653589793
3.159045946109736         8.562832998059168E-10    3.1241393610698505       1.0904128471037516E-9    3.1241393610698505       1.2456289254070699E-9    3.1241393610698505       1.3338168188778624E-9    3.1241393610698505       1.3957552183808363E-9    3.1241393610698505       1.4284331980853697E-9    3.1241393610698505       1.4391852053741188E-9    3.1241393610698505       1.3617408559947799E-9    3.1241393610698505       1.343197624179128E-9     3.1241393610698505       1.3030650873794145E-9    3.1241393610698505       1.284252696850023E-9     3.1241393610698505       1.276064430909712E-9     3.1241393610698505       1.2737838859849587E-9    3.1241393610698505       1.3012312216850233E-9    3.1241393610698505       1.3350647526323941E-9    3.1241393610698505       1.379236333443195E-9     3.1241393610698505       1.42194704624092E-9      3.1241393610698505       1.4874939873766854E-9    3.1241393610698505       1.5182099949495051E-9    3.1241393610698505       1.5669323198550818E-9    3.1241393610698505       1.5886745322176735E-9    3.1241393610698505       1.5896283599177319E-9    3.1241393610698505       1.6046855525427952E-9    3.1241393610698505       1.5928596374299298E-9    3.1241393610698505       1.5630249498471372E-9    3.1241393610698505       1.5268618249574248E-9    3.1241393610698505       1.4812878094221965E-9    3.1241393610698505       1.4258961689222458E-9    3.1241393610698505       1.368059849585046E-9     3.1241393610698505       1.2960294694477259E-9    3.1241393610698505       1.2380718638116657E-9    3.1241393610698505       1.1841761805298837E-9    3.1241393610698505       1.1627575930498923E-9    3.1241393610698505       1.1533803742099905E-9    3.1241393610698505       1.1876032295414332E-9    3.1241393610698505       1.2242196408334947E-9    3.1241393610698505       1.3028816106309356E-9    3.1241393610698505       1.3820584943342541E-9    3.1241393610698505       1.468662174291437E-9     3.1241393610698505       1.556763233919256E-9     3.1241393610698505       1.6260627138813917E-9    3.1241393610698505
3.1764992386296798        1.8139521108614596E-9    3.106686068549907        2.2779367945198576E-9    3.106686068549907        2.5795354377853516E-9    3.106686068549907        2.7442212704368208E-9    3.106686068549907        2.864948849524367E-9     3.106686068549907        2.9153668555957055E-9    3.106686068549907        2.8801183646195964E-9    3.106686068549907        2.7757443582385463E-9    3.106686068549907        2.6771598302900415E-9    3.106686068549907        2.58518188354156E-9      3.106686068549907        2.5205289514191907E-9    3.106686068549907        2.4892221879109043E-9    3.106686068549907        2.497067694101397E-9     3.106686068549907        2.5608195010752464E-9    3.106686068549907        2.6566057242526124E-9    3.106686068549907        2.7921497472198274E-9    3.106686068549907        2.9432867536260706E-9    3.106686068549907        3.0956852628128703E-9    3.106686068549907        3.228079181357487E-9     3.106686068549907        3.3553967634161755E-9    3.106686068549907        3.4428767907597273E-9    3.106686068549907        3.4793770113629134E-9    3.106686068549907        3.4814241373774925E-9    3.106686068549907        3.440234227415733E-9     3.106686068549907        3.3434397597947156E-9    3.106686068549907        3.205550091130429E-9     3.106686068549907        3.0279002067154632E-9    3.106686068549907        2.8253888413574043E-9    3.106686068549907        2.6033105667267843E-9    3.106686068549907        2.3852150698887123E-9    3.106686068549907        2.1785619054881967E-9    3.106686068549907        2.0262854491349972E-9    3.106686068549907        1.9711511424781825E-9    3.106686068549907        2.0190302684454625E-9    3.106686068549907        2.1520059054784472E-9    3.106686068549907        2.3682112468136887E-9    3.106686068549907        2.625817268517375E-9     3.106686068549907        2.9157084849578864E-9    3.106686068549907        3.189554654736453E-9     3.106686068549907        3.435013789869897E-9     3.106686068549907        3.6565595754192547E-9    3.106686068549907
3.193952531149623         2.6746373878015545E-9    3.089232776029964        3.2749988779038676E-9    3.089232776029964        3.780100794293393E-9     3.089232776029964        4.061774238720964E-9     3.089232776029964        4.206381878607726E-9     3.089232776029964        4.290935440504365E-9     3.089232776029964        4.267783651683879E-9     3.089232776029964        4.2014518637587854E-9    3.089232776029964        4.111385874105308E-9     3.089232776029964        4.020667774309872E-9     3.089232776029964        3.961481792268021E-9     3.089232776029964        3.923889975101767E-9     3.089232776029964        3.930718950894374E-9     3.089232776029964        3.9826330272375244E-9    3.089232776029964        4.086166781503562E-9     3.089232776029964        4.201667996945984E-9     3.089232776029964        4.3368348715765825E-9    3.089232776029964        4.483617140418359E-9     3.089232776029964        4.610854743699296E-9     3.089232776029964        4.713789854109566E-9     3.089232776029964        4.787707097218389E-9     3.089232776029964        4.813935646356121E-9     3.089232776029964        4.7969873529382224E-9    3.089232776029964        4.749722179395996E-9     3.089232776029964        4.6425136717480195E-9    3.089232776029964        4.507505151409049E-9     3.089232776029964        4.342913627757447E-9     3.089232776029964        4.148835034608076E-9     3.089232776029964        3.955738643289298E-9     3.089232776029964        3.76361553175434E-9      3.089232776029964        3.6071570544509725E-9    3.089232776029964        3.4974635017005943E-9    3.089232776029964        3.462067009781327E-9     3.089232776029964        3.4987669553407385E-9    3.089232776029964        3.6101542111818954E-9    3.089232776029964        3.787363948028083E-9     3.089232776029964        4.019116781376425E-9     3.089232776029964        4.259030137816554E-9     3.089232776029964        4.523612341646751E-9     3.089232776029964        4.7696925648877616E-9    3.089232776029964        4.9786673782881196E-9    3.089232776029964
3.211405823669566         3.4490400329707524E-9    3.0717794835100207       4.207119592735691E-9     3.0717794835100207       4.821273042960798E-9     3.0717794835100207       5.276211178429247E-9     3.0717794835100207       5.479727982322855E-9     3.0717794835100207       5.579589115031578E-9     3.0717794835100207       5.647070712998098E-9     3.0717794835100207       5.666498664654293E-9     3.0717794835100207       5.648304234928652E-9     3.0717794835100207       5.622506705681045E-9     3.0717794835100207       5.5981439087217E-9       3.0717794835100207       5.585118086925515E-9     3.0717794835100207       5.586573081554688E-9     3.0717794835100207       5.601194733826631E-9     3.0717794835100207       5.641197529026666E-9     3.0717794835100207       5.6786661017376635E-9    3.0717794835100207       5.727689686379315E-9     3.0717794835100207       5.777611928528444E-9     3.0717794835100207       5.819386624665062E-9     3.0717794835100207       5.8428920095528286E-9    3.0717794835100207       5.860784221767298E-9     3.0717794835100207       5.851618435666271E-9     3.0717794835100207       5.833510447397911E-9     3.0717794835100207       5.798403118551373E-9     3.0717794835100207       5.74500541467452E-9      3.0717794835100207       5.683262806529472E-9     3.0717794835100207       5.6258709880546645E-9    3.0717794835100207       5.560498124390746E-9     3.0717794835100207       5.502214459770018E-9     3.0717794835100207       5.448508633957786E-9     3.0717794835100207       5.418452587984734E-9     3.0717794835100207       5.406818740456437E-9     3.0717794835100207       5.402461984463012E-9     3.0717794835100207       5.432154373275643E-9     3.0717794835100207       5.490800953667864E-9     3.0717794835100207       5.541409262899598E-9     3.0717794835100207       5.625553555334449E-9     3.0717794835100207       5.700061358214593E-9     3.0717794835100207       5.795868118280997E-9     3.0717794835100207       5.879583192307076E-9     3.0717794835100207       5.940946326922797E-9     3.0717794835100207
3.2288591161895095        4.234604237158418E-9     3.054326190990077        5.145792893156492E-9     3.054326190990077        5.904266381543874E-9     3.054326190990077        6.454208664583031E-9     3.054326190990077        6.7341054849293175E-9    3.054326190990077        6.918148534370005E-9     3.054326190990077        7.0788406741476004E-9    3.054326190990077        7.139815383577734E-9     3.054326190990077        7.189421024129465E-9     3.054326190990077        7.216510333071038E-9     3.054326190990077        7.232004843894694E-9     3.054326190990077        7.236244348266367E-9     3.054326190990077        7.2241313252557915E-9    3.054326190990077        7.216789931171925E-9     3.054326190990077        7.191296600730475E-9     3.054326190990077        7.158024788108855E-9     3.054326190990077        7.116351880175298E-9     3.054326190990077        7.061431286049046E-9     3.054326190990077        7.008349118941601E-9     3.054326190990077        6.958583763827762E-9     3.054326190990077        6.914467186189966E-9     3.054326190990077        6.874474874001512E-9     3.054326190990077        6.861096288707405E-9     3.054326190990077        6.8666635783788395E-9    3.054326190990077        6.88278637436281E-9      3.054326190990077        6.935093403300375E-9     3.054326190990077        7.003683254611751E-9     3.054326190990077        7.0745117317858985E-9    3.054326190990077        7.1569528547871935E-9    3.054326190990077        7.240140458149456E-9     3.054326190990077        7.318204555284189E-9     3.054326190990077        7.378135564040825E-9     3.054326190990077        7.413130754292165E-9     3.054326190990077        7.430640754948676E-9     3.054326190990077        7.42891397396403E-9      3.054326190990077        7.384008147613352E-9     3.054326190990077        7.327326323692817E-9     3.054326190990077        7.238427979634221E-9     3.054326190990077        7.148254810977971E-9     3.054326190990077        7.039838008731678E-9     3.054326190990077        6.92900768433599E-9      3.054326190990077
3.2463124087094526        5.052444407618008E-9     3.036872898470134        6.142613275493646E-9     3.036872898470134        7.0482611857792526E-9    3.036872898470134        7.697053960897205E-9     3.036872898470134        8.074278674558419E-9     3.036872898470134        8.323382978065968E-9     3.036872898470134        8.520850125951631E-9     3.036872898470134        8.645357332792236E-9     3.036872898470134        8.720398937147291E-9     3.036872898470134        8.76643600273724E-9      3.036872898470134        8.785632029220554E-9     3.036872898470134        8.782162531370837E-9     3.036872898470134        8.76329186094404E-9      3.036872898470134        8.729443421245471E-9     3.036872898470134        8.669252604186347E-9     3.036872898470134        8.591376997656065E-9     3.036872898470134        8.504332216725896E-9     3.036872898470134        8.409299359328064E-9     3.036872898470134        8.306793259184887E-9     3.036872898470134        8.217132036643817E-9     3.036872898470134        8.145667082920718E-9     3.036872898470134        8.09456741009732E-9      3.036872898470134        8.088327064539756E-9     3.036872898470134        8.117635593874373E-9     3.036872898470134        8.176632327040133E-9     3.036872898470134        8.29173179006158E-9      3.036872898470134        8.428047562854791E-9     3.036872898470134        8.569851609030704E-9     3.036872898470134        8.714835250982878E-9     3.036872898470134        8.863407277180107E-9     3.036872898470134        8.984003733026277E-9     3.036872898470134        9.068226504189324E-9     3.036872898470134        9.110314970514247E-9     3.036872898470134        9.114925068528579E-9     3.036872898470134        9.070803212564039E-9     3.036872898470134        8.985862032532498E-9     3.036872898470134        8.856598962921506E-9     3.036872898470134        8.689661806995606E-9     3.036872898470134        8.5109347251905E-9       3.036872898470134        8.320889212171705E-9     3.036872898470134        8.124551010783205E-9     3.036872898470134
3.2637657012293966        5.904293424177175E-9     3.01941960595019         7.198463532271144E-9     3.01941960595019         8.291932434702496E-9     3.01941960595019         9.031663109058105E-9     3.01941960595019         9.480788160325098E-9     3.01941960595019         9.778775274302103E-9     3.01941960595019         9.971700097222407E-9     3.01941960595019         1.0077645907010479E-8    3.01941960595019         1.0135682514712873E-8    3.01941960595019         1.0154951199221216E-8    3.01941960595019         1.0157932125544817E-8    3.01941960595019         1.0138593588612127E-8    3.01941960595019         1.0106027160770283E-8    3.01941960595019         1.0061291403606197E-8    3.01941960595019         1.0006125260198953E-8    3.01941960595019         9.939048565937188E-9     3.01941960595019         9.88029904485679E-9      3.01941960595019         9.807466559309362E-9     3.01941960595019         9.747048088696668E-9     3.01941960595019         9.694434882537433E-9     3.01941960595019         9.656713089466922E-9     3.01941960595019         9.632055240344193E-9     3.01941960595019         9.644613208093245E-9     3.01941960595019         9.680049156322656E-9     3.01941960595019         9.7291854746304E-9       3.01941960595019         9.821622188638683E-9     3.01941960595019         9.927607456796688E-9     3.01941960595019         1.0040287285289236E-8    3.01941960595019         1.0156333869585383E-8    3.01941960595019         1.025673504111638E-8     3.01941960595019         1.0341798370810723E-8    3.01941960595019         1.0396568133811006E-8    3.01941960595019         1.04206238887356E-8      3.01941960595019         1.0400014518263986E-8    3.01941960595019         1.0355069317673508E-8    3.01941960595019         1.0261289446417243E-8    3.01941960595019         1.0158235486882533E-8    3.01941960595019         1.0012480010894443E-8    3.01941960595019         9.874903899170358E-9     3.01941960595019         9.732418615008319E-9     3.01941960595019         9.584497260809818E-9     3.01941960595019
3.2812189937493397        6.805881246493372E-9     3.001966313430247        8.321181903155635E-9     3.001966313430247        9.598952268179004E-9     3.001966313430247        1.045874340117502E-8     3.001966313430247        1.0937518561150818E-8    3.001966313430247        1.1247237040380103E-8    3.001966313430247        1.1425541939866006E-8    3.001966313430247        1.1495317473166001E-8    3.001966313430247        1.1505524559247524E-8    3.001966313430247        1.1481336914151093E-8    3.001966313430247        1.1443225243439053E-8    3.001966313430247        1.1396964549485837E-8    3.001966313430247        1.1356889511501754E-8    3.001966313430247        1.1325702437361777E-8    3.001966313430247        1.1303735608030513E-8    3.001966313430247        1.1288708932733682E-8    3.001966313430247        1.129244861278584E-8     3.001966313430247        1.1287877811002674E-8    3.001966313430247        1.1295853834257406E-8    3.001966313430247        1.1308253034646236E-8    3.001966313430247        1.1323256382194422E-8    3.001966313430247        1.1338282333259261E-8    3.001966313430247        1.1354818745188182E-8    3.001966313430247        1.1384108858955757E-8    3.001966313430247        1.1400201180713446E-8    3.001966313430247        1.1432292319530596E-8    3.001966313430247        1.1467236027582101E-8    3.001966313430247        1.1474727398988726E-8    3.001966313430247        1.1496064358971767E-8    3.001966313430247        1.1504906000409801E-8    3.001966313430247        1.149953888927342E-8     3.001966313430247        1.1482171855706328E-8    3.001966313430247        1.1462032517362894E-8    3.001966313430247        1.142699129044508E-8     3.001966313430247        1.1396118519096917E-8    3.001966313430247        1.1348612349700212E-8    3.001966313430247        1.1314576360341611E-8    3.001966313430247        1.1271037585161353E-8    3.001966313430247        1.1258344738143063E-8    3.001966313430247        1.1243211596746915E-8    3.001966313430247        1.1239185675443741E-8    3.001966313430247
3.2986722862692828        7.739648485160533E-9     2.984513020910304        9.439037532384375E-9     2.984513020910304        1.0878130833090328E-8    2.984513020910304        1.186417478686035E-8     2.984513020910304        1.2394839546856962E-8    2.984513020910304        1.2695100107491018E-8    2.984513020910304        1.2850400755798015E-8    2.984513020910304        1.2886864921805505E-8    2.984513020910304        1.2856057840916914E-8    2.984513020910304        1.2792834804645222E-8    2.984513020910304        1.2730679000585922E-8    2.984513020910304        1.2672874673796667E-8    2.984513020910304        1.2639603262351305E-8    2.984513020910304        1.263129738875403E-8     2.984513020910304        1.2651874869183134E-8    2.984513020910304        1.268995926255643E-8     2.984513020910304        1.2756585359996781E-8    2.984513020910304        1.2824155166796374E-8    2.984513020910304        1.2897351396973226E-8    2.984513020910304        1.2967147900929563E-8    2.984513020910304        1.3022880493092036E-8    2.984513020910304        1.3056298820573524E-8    2.984513020910304        1.3075429126870218E-8    2.984513020910304        1.3081904643712593E-8    2.984513020910304        1.3056516480996902E-8    2.984513020910304        1.3015062570997952E-8    2.984513020910304        1.2968530663639666E-8    2.984513020910304        1.288816010746157E-8     2.984513020910304        1.2811712600716206E-8    2.984513020910304        1.272025339542281E-8     2.984513020910304        1.263421319598821E-8     2.984513020910304        1.2557804706454343E-8    2.984513020910304        1.2498956446871646E-8    2.984513020910304        1.2453418788081818E-8    2.984513020910304        1.2428653067762904E-8    2.984513020910304        1.2443421157301231E-8    2.984513020910304        1.2484468479190503E-8    2.984513020910304        1.255699408529517E-8     2.984513020910304        1.265409925927725E-8     2.984513020910304        1.2766178272556264E-8    2.984513020910304        1.2886649962022175E-8    2.984513020910304
3.3161255787892263        8.625235574186357E-9     2.9670597283903604       1.0537371601534694E-8    2.9670597283903604       1.21196341742937E-8      2.9670597283903604       1.3202268456048647E-8    2.9670597283903604       1.3799404060756173E-8    2.9670597283903604       1.4140868172124442E-8    2.9670597283903604       1.4294008042677561E-8    2.9670597283903604       1.4315397449911423E-8    2.9670597283903604       1.427340816720394E-8     2.9670597283903604       1.4202936719094184E-8    2.9670597283903604       1.4130590054676864E-8    2.9670597283903604       1.4075932223317634E-8    2.9670597283903604       1.404895511783105E-8     2.9670597283903604       1.4057624010060341E-8    2.9670597283903604       1.4101492421477822E-8    2.9670597283903604       1.4167169702021603E-8    2.9670597283903604       1.4257838309973154E-8    2.9670597283903604       1.4355941890991597E-8    2.9670597283903604       1.4445750397395072E-8    2.9670597283903604       1.4527257189062964E-8    2.9670597283903604       1.4589612580963217E-8    2.9670597283903604       1.4619353908904798E-8    2.9670597283903604       1.4626132182064425E-8    2.9670597283903604       1.4607111993734908E-8    2.9670597283903604       1.4553730746769256E-8    2.9670597283903604       1.4482074232700862E-8    2.9670597283903604       1.4390981731141031E-8    2.9670597283903604       1.428019037929702E-8     2.9670597283903604       1.4173813734055855E-8    2.9670597283903604       1.4050834634091379E-8    2.9670597283903604       1.3941079800603037E-8    2.9670597283903604       1.3851979055314175E-8    2.9670597283903604       1.3786921724445412E-8    2.9670597283903604       1.3760157350008997E-8    2.9670597283903604       1.3760023953380074E-8    2.9670597283903604       1.3805053157486479E-8    2.9670597283903604       1.3884689753553061E-8    2.9670597283903604       1.4012101701581261E-8    2.9670597283903604       1.4151671263483337E-8    2.9670597283903604       1.4313308545845785E-8    2.9670597283903604       1.447439822382099E-8     2.9670597283903604
3.3335788713091694        9.51715149799428E-9      2.9496064358704173       1.1589437614558787E-8    2.9496064358704173       1.3330336692061773E-8    2.9496064358704173       1.4491907766811026E-8    2.9496064358704173       1.515153112688211E-8     2.9496064358704173       1.5522993605340067E-8    2.9496064358704173       1.5708852687560355E-8    2.9496064358704173       1.5750321947620014E-8    2.9496064358704173       1.5724591208766148E-8    2.9496064358704173       1.566995869708098E-8     2.9496064358704173       1.5613037711744138E-8    2.9496064358704173       1.5567328734464987E-8    2.9496064358704173       1.555520673696531E-8     2.9496064358704173       1.5566801584126023E-8    2.9496064358704173       1.5607424840110274E-8    2.9496064358704173       1.5661490483560917E-8    2.9496064358704173       1.5734848290671012E-8    2.9496064358704173       1.5805427636575437E-8    2.9496064358704173       1.587722868044393E-8     2.9496064358704173       1.5935580689296827E-8    2.9496064358704173       1.597334107320324E-8     2.9496064358704173       1.597705621252816E-8     2.9496064358704173       1.597231309135438E-8     2.9496064358704173       1.5933545843912888E-8    2.9496064358704173       1.5888558585538764E-8    2.9496064358704173       1.5822725928750544E-8    2.9496064358704173       1.574118086567203E-8     2.9496064358704173       1.5659633859679994E-8    2.9496064358704173       1.5573615235085174E-8    2.9496064358704173       1.5495832411640315E-8    2.9496064358704173       1.5427540805717082E-8    2.9496064358704173       1.538460736824941E-8     2.9496064358704173       1.5347667703629097E-8    2.9496064358704173       1.5350547108819392E-8    2.9496064358704173       1.537781555983577E-8     2.9496064358704173       1.543071904895782E-8     2.9496064358704173       1.5498593750087268E-8    2.9496064358704173       1.560012321065275E-8     2.9496064358704173       1.5709457095733456E-8    2.9496064358704173       1.583523484191807E-8     2.9496064358704173       1.594704566956726E-8     2.9496064358704173
3.3510321638291125        1.03824225928312E-8      2.932153143350474        1.2604938751516443E-8    2.932153143350474        1.4503951261854814E-8    2.932153143350474        1.577868365080493E-8     2.932153143350474        1.649159767026518E-8     2.932153143350474        1.691785628500952E-8     2.932153143350474        1.713808649915803E-8     2.932153143350474        1.725286940692334E-8     2.932153143350474        1.7260901547511386E-8    2.932153143350474        1.7235101985029968E-8    2.932153143350474        1.7203522697456037E-8    2.932153143350474        1.7176584941435294E-8    2.932153143350474        1.7168485863168678E-8    2.932153143350474        1.7173509514970414E-8    2.932153143350474        1.719927928153646E-8     2.932153143350474        1.7217562917947523E-8    2.932153143350474        1.7244323044407577E-8    2.932153143350474        1.7270409668705132E-8    2.932153143350474        1.7285975944567728E-8    2.932153143350474        1.728996719351778E-8     2.932153143350474        1.7276291038568764E-8    2.932153143350474        1.7248617330223055E-8    2.932153143350474        1.7212238284467997E-8    2.932153143350474        1.7172207754101204E-8    2.932153143350474        1.7133135732304788E-8    2.932153143350474        1.7097812964371837E-8    2.932153143350474        1.7068754293559626E-8    2.932153143350474        1.7050371643958793E-8    2.932153143350474        1.703775171279521E-8     2.932153143350474        1.7040348947472484E-8    2.932153143350474        1.7040384933947778E-8    2.932153143350474        1.7064902754493208E-8    2.932153143350474        1.708434124851402E-8     2.932153143350474        1.711323828742201E-8     2.932153143350474        1.7146346969296768E-8    2.932153143350474        1.71971345512963E-8      2.932153143350474        1.7224239537447718E-8    2.932153143350474        1.7273025501007637E-8    2.932153143350474        1.7306435401721574E-8    2.932153143350474        1.73433465341662E-8      2.932153143350474        1.73619319920518E-8      2.932153143350474
3.368485456349056         1.1231849276587079E-8    2.9146998508305306       1.3630688735621699E-8    2.9146998508305306       1.566348254498255E-8     2.9146998508305306       1.7055098418625187E-8    2.9146998508305306       1.78526914280768E-8      2.9146998508305306       1.834687442984982E-8     2.9146998508305306       1.861051584328073E-8     2.9146998508305306       1.875533592390003E-8     2.9146998508305306       1.8796541120895804E-8    2.9146998508305306       1.8803378047577263E-8    2.9146998508305306       1.878835503471742E-8     2.9146998508305306       1.8772655555870022E-8    2.9146998508305306       1.8761406036940763E-8    2.9146998508305306       1.8747651208050428E-8    2.9146998508305306       1.8750157524449382E-8    2.9146998508305306       1.873656861509007E-8     2.9146998508305306       1.872896304974065E-8     2.9146998508305306       1.870124641851666E-8     2.9146998508305306       1.8671517232325942E-8    2.9146998508305306       1.862496876205196E-8     2.9146998508305306       1.8570429232748767E-8    2.9146998508305306       1.8516811511187963E-8    2.9146998508305306       1.8464540503443762E-8    2.9146998508305306       1.8421383551505593E-8    2.9146998508305306       1.8402362691763795E-8    2.9146998508305306       1.840798072897472E-8     2.9146998508305306       1.8427743744181898E-8    2.9146998508305306       1.8477706222918985E-8    2.9146998508305306       1.85375635736912E-8      2.9146998508305306       1.861709562476668E-8     2.9146998508305306       1.869454952489594E-8     2.9146998508305306       1.876661473156491E-8     2.9146998508305306       1.88370306931017E-8      2.9146998508305306       1.8896613762488143E-8    2.9146998508305306       1.8938649165892937E-8    2.9146998508305306       1.8966388141446244E-8    2.9146998508305306       1.8957484020415633E-8    2.9146998508305306       1.8936975287814627E-8    2.9146998508305306       1.8905540358116368E-8    2.9146998508305306       1.8854829179792266E-8    2.9146998508305306       1.8775941317507322E-8    2.9146998508305306
3.385938748868999         1.2115020851967253E-8    2.8972465583105875       1.4703767015295298E-8    2.8972465583105875       1.6889343143800234E-8    2.8972465583105875       1.8387544013419847E-8    2.8972465583105875       1.9275678818266818E-8    2.8972465583105875       1.981731185147068E-8     2.8972465583105875       2.011428815885712E-8     2.8972465583105875       2.028889201465567E-8     2.8972465583105875       2.0347596566321942E-8    2.8972465583105875       2.035445224617729E-8     2.8972465583105875       2.0337328108299096E-8    2.8972465583105875       2.031914910705704E-8     2.8972465583105875       2.0292457457993855E-8    2.8972465583105875       2.026031878103227E-8     2.8972465583105875       2.0238468790388912E-8    2.8972465583105875       2.019872537011301E-8     2.8972465583105875       2.0160119709112284E-8    2.8972465583105875       2.0109177626003682E-8    2.8972465583105875       2.0051476604711444E-8    2.8972465583105875       1.9990889294142446E-8    2.8972465583105875       1.9928753932644145E-8    2.8972465583105875       1.9864585840512977E-8    2.8972465583105875       1.981235773971797E-8     2.8972465583105875       1.9792281056061683E-8    2.8972465583105875       1.9787208647185013E-8    2.8972465583105875       1.982090657156614E-8     2.8972465583105875       1.988439535778341E-8     2.8972465583105875       1.996152248919762E-8     2.8972465583105875       2.006875728961247E-8     2.8972465583105875       2.018501679271118E-8     2.8972465583105875       2.0291047002660548E-8    2.8972465583105875       2.0397899740789766E-8    2.8972465583105875       2.0482071708224275E-8    2.8972465583105875       2.055233408110114E-8     2.8972465583105875       2.058843867741142E-8     2.8972465583105875       2.059480624983833E-8     2.8972465583105875       2.0558121714441874E-8    2.8972465583105875       2.0497109120358564E-8    2.8972465583105875       2.0415251394569535E-8    2.8972465583105875       2.0314861132418145E-8    2.8972465583105875       2.0180987788303722E-8    2.8972465583105875
3.4033920413889422        1.3009974922458472E-8    2.8797932657906444       1.5795095141614685E-8    2.8797932657906444       1.8130937419981886E-8    2.8797932657906444       1.9756822827036987E-8    2.8797932657906444       2.0708447628426237E-8    2.8797932657906444       2.129101981214988E-8     2.8797932657906444       2.163329835292451E-8     2.8797932657906444       2.181387132826517E-8     2.8797932657906444       2.187570478902007E-8     2.8797932657906444       2.1873689377007137E-8    2.8797932657906444       2.184285824602546E-8     2.8797932657906444       2.181071403867956E-8     2.8797932657906444       2.176778324157175E-8     2.8797932657906444       2.1725795607946635E-8    2.8797932657906444       2.1685763223382712E-8    2.8797932657906444       2.16447527806022E-8      2.8797932657906444       2.160443372600373E-8     2.8797932657906444       2.1556318332410566E-8    2.8797932657906444       2.1499947647086188E-8    2.8797932657906444       2.1446337810174028E-8    2.8797932657906444       2.140170017927351E-8     2.8797932657906444       2.1352372781875385E-8    2.8797932657906444       2.1328350630777654E-8    2.8797932657906444       2.132131794164406E-8     2.8797932657906444       2.1334069972379758E-8    2.8797932657906444       2.1374161085986713E-8    2.8797932657906444       2.1442524711577327E-8    2.8797932657906444       2.1526522472796762E-8    2.8797932657906444       2.162709023567162E-8     2.8797932657906444       2.1733985189992703E-8    2.8797932657906444       2.1833434464269244E-8    2.8797932657906444       2.191571230005809E-8     2.8797932657906444       2.1986192406976422E-8    2.8797932657906444       2.203622999813529E-8     2.8797932657906444       2.204522098726805E-8     2.8797932657906444       2.2039735223427385E-8    2.8797932657906444       2.199362532837982E-8     2.8797932657906444       2.192606774262416E-8     2.8797932657906444       2.1826742148213744E-8    2.8797932657906444       2.1723230425094793E-8    2.8797932657906444       2.160224071830852E-8     2.8797932657906444
3.420845333908886         1.39599386148359E-8      2.862339973270701        1.6939921582372367E-8    2.862339973270701        1.9452617201204933E-8    2.862339973270701        2.1194979393222812E-8    2.862339973270701        2.221343094539586E-8     2.862339973270701        2.2841721072685486E-8    2.862339973270701        2.31786691473063E-8      2.862339973270701        2.335465192904635E-8     2.862339973270701        2.3386264718139623E-8    2.862339973270701        2.334912594915974E-8     2.862339973270701        2.3292094925273868E-8    2.862339973270701        2.3232578062408893E-8    2.862339973270701        2.3166017708998985E-8    2.862339973270701        2.3121182189408085E-8    2.862339973270701        2.3085827849882988E-8    2.862339973270701        2.3053725685611725E-8    2.862339973270701        2.3029375121316255E-8    2.862339973270701        2.3008995769835376E-8    2.862339973270701        2.299010016715672E-8     2.862339973270701        2.2966367330683674E-8    2.862339973270701        2.2955787386179945E-8    2.862339973270701        2.294411878154023E-8     2.862339973270701        2.2941637956695846E-8    2.862339973270701        2.2951004326296146E-8    2.862339973270701        2.2979941377023876E-8    2.862339973270701        2.3023327991057988E-8    2.862339973270701        2.3085282247851034E-8    2.862339973270701        2.314579085887194E-8     2.862339973270701        2.3208541995161595E-8    2.862339973270701        2.3275149222124407E-8    2.862339973270701        2.3337295194506463E-8    2.862339973270701        2.337010159001172E-8     2.862339973270701        2.339577875115632E-8     2.862339973270701        2.3399730307467756E-8    2.862339973270701        2.338467302655275E-8     2.862339973270701        2.334935828009902E-8     2.862339973270701        2.3284511699404567E-8    2.862339973270701        2.3225422946396212E-8    2.862339973270701        2.3146044101516917E-8    2.862339973270701        2.3076223324233094E-8    2.862339973270701        2.298388148560147E-8     2.862339973270701
3.438298626428829         1.4931560509858327E-8    2.8448866807507573       1.8114623217529134E-8    2.8448866807507573       2.078373829961981E-8     2.8448866807507573       2.2626056537132207E-8    2.8448866807507573       2.3739500763873346E-8    2.8448866807507573       2.438291905300205E-8     2.8448866807507573       2.471665598308419E-8     2.8448866807507573       2.486406235491589E-8     2.8448866807507573       2.486883789190193E-8     2.8448866807507573       2.481025608328155E-8     2.8448866807507573       2.4722764187108886E-8    2.8448866807507573       2.4643040722644598E-8    2.8448866807507573       2.456596361004146E-8     2.8448866807507573       2.4523521492254833E-8    2.8448866807507573       2.4493524534195435E-8    2.8448866807507573       2.448485695267247E-8     2.8448866807507573       2.449413879786643E-8     2.8448866807507573       2.4501291553137504E-8    2.8448866807507573       2.452613699617692E-8     2.8448866807507573       2.4543332450345306E-8    2.8448866807507573       2.4565407244152627E-8    2.8448866807507573       2.4589864613819836E-8    2.8448866807507573       2.461554946560093E-8     2.8448866807507573       2.4644054593224057E-8    2.8448866807507573       2.466719887619062E-8     2.8448866807507573       2.4706301531221947E-8    2.8448866807507573       2.473474817480449E-8     2.8448866807507573       2.476366148613872E-8     2.8448866807507573       2.478780267947273E-8     2.8448866807507573       2.4797369639949732E-8    2.8448866807507573       2.4799772323890457E-8    2.8448866807507573       2.478378769436667E-8     2.8448866807507573       2.4753558968951805E-8    2.8448866807507573       2.4718802181494227E-8    2.8448866807507573       2.465714104797814E-8     2.8448866807507573       2.460651714692532E-8     2.8448866807507573       2.4536775228834733E-8    2.8448866807507573       2.449198216441764E-8     2.8448866807507573       2.443468507921458E-8     2.8448866807507573       2.4407550662676916E-8    2.8448866807507573       2.4382345862611664E-8    2.8448866807507573
3.455751918948773         1.59102062105204E-8      2.827433388230814        1.931122002675648E-8     2.827433388230814        2.2132236495867098E-8    2.827433388230814        2.408721326391462E-8     2.827433388230814        2.5251337809008957E-8    2.827433388230814        2.5937426469215846E-8    2.827433388230814        2.6271869960135344E-8    2.827433388230814        2.6388009231595038E-8    2.827433388230814        2.6367135003318636E-8    2.827433388230814        2.6282863049367542E-8    2.827433388230814        2.6174122621577148E-8    2.827433388230814        2.608132020624295E-8     2.827433388230814        2.599956837861545E-8     2.827433388230814        2.5953024130782465E-8    2.827433388230814        2.5942459476992832E-8    2.827433388230814        2.595537703579365E-8     2.827433388230814        2.598621769685468E-8     2.827433388230814        2.602840574838401E-8     2.827433388230814        2.6087897094726214E-8    2.827433388230814        2.6142965731708548E-8    2.827433388230814        2.6196724470976253E-8    2.827433388230814        2.6249505749768883E-8    2.827433388230814        2.628878565964283E-8     2.827433388230814        2.6328701081988585E-8    2.827433388230814        2.63506458608157E-8      2.827433388230814        2.6374333233457E-8       2.827433388230814        2.6380454758840414E-8    2.827433388230814        2.638676700162243E-8     2.827433388230814        2.636266789625392E-8     2.827433388230814        2.6337166691474155E-8    2.827433388230814        2.6279696087354938E-8    2.827433388230814        2.6222221425799958E-8    2.827433388230814        2.614896040034285E-8     2.827433388230814        2.6064020947997763E-8    2.827433388230814        2.6001115412258773E-8    2.827433388230814        2.5921053434780802E-8    2.827433388230814        2.585266621031847E-8     2.827433388230814        2.581451085068716E-8     2.827433388230814        2.5783837085925264E-8    2.827433388230814        2.578346519756537E-8     2.827433388230814        2.580513312864889E-8     2.827433388230814
3.473205211468716         1.6901796328677056E-8    2.8099800957108707       2.0480941294213732E-8    2.8099800957108707       2.3455556166747372E-8    2.8099800957108707       2.5514306149816042E-8    2.8099800957108707       2.6746433848822585E-8    2.8099800957108707       2.7461691770132674E-8    2.8099800957108707       2.7793541873421382E-8    2.8099800957108707       2.790654919119802E-8     2.8099800957108707       2.7874130433185084E-8    2.8099800957108707       2.777952600168973E-8     2.8099800957108707       2.765884067662411E-8     2.8099800957108707       2.7559344285647084E-8    2.8099800957108707       2.748422658644739E-8     2.8099800957108707       2.74440116732093E-8      2.8099800957108707       2.7441981902805288E-8    2.8099800957108707       2.7473989280785428E-8    2.8099800957108707       2.7531289079874022E-8    2.8099800957108707       2.7602578752456537E-8    2.8099800957108707       2.768616002768057E-8     2.8099800957108707       2.7761685227698288E-8    2.8099800957108707       2.782853541879537E-8     2.8099800957108707       2.7899926291865727E-8    2.8099800957108707       2.794588625961979E-8     2.8099800957108707       2.7984702869800614E-8    2.8099800957108707       2.8002397254665636E-8    2.8099800957108707       2.8013070132074813E-8    2.8099800957108707       2.800272982998387E-8     2.8099800957108707       2.7982298386609135E-8    2.8099800957108707       2.792786003876981E-8     2.8099800957108707       2.7866734020018375E-8    2.8099800957108707       2.7782913040943406E-8    2.8099800957108707       2.7693291754943544E-8    2.8099800957108707       2.7598627015046403E-8    2.8099800957108707       2.7485173969885646E-8    2.8099800957108707       2.7404397967818945E-8    2.8099800957108707       2.7320724714928936E-8    2.8099800957108707       2.725403797868754E-8     2.8099800957108707       2.7220125544845686E-8    2.8099800957108707       2.720133988237461E-8     2.8099800957108707       2.722761220780299E-8     2.8099800957108707       2.727155984517421E-8     2.8099800957108707
3.490658503988659         1.7907448107389865E-8    2.7925268031909276       2.166087665073864E-8     2.7925268031909276       2.4803826489765964E-8    2.7925268031909276       2.6964526168319394E-8    2.7925268031909276       2.824766000376611E-8     2.7925268031909276       2.9005790574181014E-8    2.7925268031909276       2.936295078193813E-8     2.7925268031909276       2.9461195357685236E-8    2.7925268031909276       2.9438494126317316E-8    2.7925268031909276       2.933811346758408E-8     2.7925268031909276       2.9218131181416123E-8    2.7925268031909276       2.911819933510028E-8     2.7925268031909276       2.9049342425847357E-8    2.7925268031909276       2.9024836552039417E-8    2.7925268031909276       2.9028987944039995E-8    2.7925268031909276       2.9074590005439598E-8    2.7925268031909276       2.914162223795115E-8     2.7925268031909276       2.921664049977825E-8     2.7925268031909276       2.9307099566565506E-8    2.7925268031909276       2.9387160180316078E-8    2.7925268031909276       2.9456645703888713E-8    2.7925268031909276       2.9517759983496466E-8    2.7925268031909276       2.9554622400088764E-8    2.7925268031909276       2.9595017648935304E-8    2.7925268031909276       2.9595039117300763E-8    2.7925268031909276       2.958777551796316E-8     2.7925268031909276       2.9558697165134585E-8    2.7925268031909276       2.951874264477859E-8     2.7925268031909276       2.946006619693793E-8     2.7925268031909276       2.9390241682442876E-8    2.7925268031909276       2.928978963704746E-8     2.7925268031909276       2.9194756010620727E-8    2.7925268031909276       2.909770284491106E-8     2.7925268031909276       2.8990709790735555E-8    2.7925268031909276       2.8902108805508263E-8    2.7925268031909276       2.8829154854817123E-8    2.7925268031909276       2.8779482872955677E-8    2.7925268031909276       2.8756367285656525E-8    2.7925268031909276       2.8751452135914462E-8    2.7925268031909276       2.878276808112615E-8     2.7925268031909276       2.88461767477441E-8      2.7925268031909276
3.5081117965086026        1.8937716363808426E-8    2.775073510670984        2.2866769294999743E-8    2.775073510670984        2.615748470869152E-8     2.775073510670984        2.8416226193055002E-8    2.775073510670984        2.9786257855295547E-8    2.775073510670984        3.056956841771712E-8     2.775073510670984        3.095042420011815E-8     2.775073510670984        3.1053067105084607E-8    2.775073510670984        3.1027428052723726E-8    2.775073510670984        3.093306654682392E-8     2.775073510670984        3.0813985389882826E-8    2.775073510670984        3.0717737169160854E-8    2.775073510670984        3.065463543752666E-8     2.775073510670984        3.0632146616407905E-8    2.775073510670984        3.064315606360486E-8     2.775073510670984        3.069233403946478E-8     2.775073510670984        3.0765478655629665E-8    2.775073510670984        3.0842816763151454E-8    2.775073510670984        3.092550152286971E-8     2.775073510670984        3.099511259047861E-8     2.775073510670984        3.106624090037695E-8     2.775073510670984        3.111275681516251E-8     2.775073510670984        3.113910280227283E-8     2.775073510670984        3.1161844171765266E-8    2.775073510670984        3.115324930592222E-8     2.775073510670984        3.1129675665291706E-8    2.775073510670984        3.11002912283085E-8      2.775073510670984        3.1063544909867796E-8    2.775073510670984        3.1002507356714355E-8    2.775073510670984        3.09190483525593E-8      2.775073510670984        3.083533553077382E-8     2.775073510670984        3.075913642055961E-8     2.775073510670984        3.066530804863056E-8     2.775073510670984        3.056559249725989E-8     2.775073510670984        3.051660574900411E-8     2.775073510670984        3.0455524054198997E-8    2.775073510670984        3.0430851904360605E-8    2.775073510670984        3.041721357490735E-8     2.775073510670984        3.0428015843778496E-8    2.775073510670984        3.0470357661427586E-8    2.775073510670984        3.053010355661921E-8     2.775073510670984
3.5255650890285457        1.9956394328226528E-8    2.757620218151041        2.405723602709882E-8     2.757620218151041        2.748415053032185E-8     2.757620218151041        2.986894594655184E-8     2.757620218151041        3.130179093150844E-8     2.757620218151041        3.212925759621822E-8     2.757620218151041        3.252875174625605E-8     2.757620218151041        3.2655317651500323E-8    2.757620218151041        3.2640014316381E-8       2.757620218151041        3.255221955518933E-8     2.757620218151041        3.244547765544399E-8     2.757620218151041        3.236701190386418E-8     2.757620218151041        3.2316593862000625E-8    2.757620218151041        3.230509956127655E-8     2.757620218151041        3.2329075598058636E-8    2.757620218151041        3.238348961800852E-8     2.757620218151041        3.2457083454935044E-8    2.757620218151041        3.253381299183008E-8     2.757620218151041        3.26005803728345E-8      2.757620218151041        3.2659988419390575E-8    2.757620218151041        3.271290712747854E-8     2.757620218151041        3.273653669243628E-8     2.757620218151041        3.275414689432794E-8     2.757620218151041        3.275346097053355E-8     2.757620218151041        3.273225800377159E-8     2.757620218151041        3.2700489589678744E-8    2.757620218151041        3.2664180643015075E-8    2.757620218151041        3.261738777701949E-8     2.757620218151041        3.256265698477758E-8     2.757620218151041        3.248868774247722E-8     2.757620218151041        3.242106086677095E-8     2.757620218151041        3.234221076907078E-8     2.757620218151041        3.2273030464190516E-8    2.757620218151041        3.2209496765898924E-8    2.757620218151041        3.21584813913782E-8      2.757620218151041        3.212989064740754E-8     2.757620218151041        3.2118597399287545E-8    2.757620218151041        3.2128297228072045E-8    2.757620218151041        3.214975271978065E-8     2.757620218151041        3.219871012365085E-8     2.757620218151041        3.226792486678127E-8     2.757620218151041
3.543018381548489         2.0993047650448104E-8    2.7401669256310974       2.5280087494518693E-8    2.7401669256310974       2.8849690707972363E-8    2.7401669256310974       3.1358092618706374E-8    2.7401669256310974       3.2874163092099927E-8    2.7401669256310974       3.375378506506995E-8     2.7401669256310974       3.41862755813267E-8      2.7401669256310974       3.432546644893572E-8     2.7401669256310974       3.4319695934593924E-8    2.7401669256310974       3.424929968021739E-8     2.7401669256310974       3.415617945978345E-8     2.7401669256310974       3.408367234522974E-8     2.7401669256310974       3.40432866798363E-8      2.7401669256310974       3.404328954270001E-8     2.7401669256310974       3.407439631378297E-8     2.7401669256310974       3.4125885780356324E-8    2.7401669256310974       3.419639367417414E-8     2.7401669256310974       3.426117209273005E-8     2.7401669256310974       3.432063891702444E-8     2.7401669256310974       3.435476095485899E-8     2.7401669256310974       3.439119927843799E-8     2.7401669256310974       3.439006456828906E-8     2.7401669256310974       3.438252852448202E-8     2.7401669256310974       3.435380855989077E-8     2.7401669256310974       3.4327621416760065E-8    2.7401669256310974       3.42817029982707E-8      2.7401669256310974       3.423111151260256E-8     2.7401669256310974       3.419229617514411E-8     2.7401669256310974       3.4133274649355634E-8    2.7401669256310974       3.407888755430632E-8     2.7401669256310974       3.4013475987657785E-8    2.7401669256310974       3.39554847885245E-8      2.7401669256310974       3.3909833213854055E-8    2.7401669256310974       3.38698359310575E-8      2.7401669256310974       3.3852470915660935E-8    2.7401669256310974       3.384014965319482E-8     2.7401669256310974       3.385122465540882E-8     2.7401669256310974       3.3885369826845476E-8    2.7401669256310974       3.3923493458299624E-8    2.7401669256310974       3.398893141008569E-8     2.7401669256310974       3.4059053664715486E-8    2.7401669256310974
3.560471674068432         2.2081996141553222E-8    2.7227136331111548       2.655519092799291E-8     2.7227136331111548       3.028292466165271E-8     2.7227136331111548       3.291127280280815E-8     2.7227136331111548       3.450525349869843E-8     2.7227136331111548       3.5433018546715056E-8    2.7227136331111548       3.590126543434118E-8     2.7227136331111548       3.6062471844340326E-8    2.7227136331111548       3.607163380391006E-8     2.7227136331111548       3.6001570745422824E-8    2.7227136331111548       3.5911824861884374E-8    2.7227136331111548       3.584266774298754E-8     2.7227136331111548       3.5804727655843533E-8    2.7227136331111548       3.580475012612889E-8     2.7227136331111548       3.584164181455323E-8     2.7227136331111548       3.5892223426099616E-8    2.7227136331111548       3.594152936945112E-8     2.7227136331111548       3.6008173579006047E-8    2.7227136331111548       3.6046742372443824E-8    2.7227136331111548       3.60752734921028E-8      2.7227136331111548       3.608832460297557E-8     2.7227136331111548       3.607526644444122E-8     2.7227136331111548       3.604269220232752E-8     2.7227136331111548       3.60073950666945E-8      2.7227136331111548       3.596822783697158E-8     2.7227136331111548       3.59143486128112E-8      2.7227136331111548       3.586608195628667E-8     2.7227136331111548       3.581903854942549E-8     2.7227136331111548       3.576087468423684E-8     2.7227136331111548       3.571253903821044E-8     2.7227136331111548       3.56646231677856E-8      2.7227136331111548       3.5619546408909865E-8    2.7227136331111548       3.558227421902026E-8     2.7227136331111548       3.556002403358149E-8     2.7227136331111548       3.5552430565215905E-8    2.7227136331111548       3.557021761747378E-8     2.7227136331111548       3.55958834016506E-8      2.7227136331111548       3.5658064714215026E-8    2.7227136331111548       3.572149420575426E-8     2.7227136331111548       3.578503316839654E-8     2.7227136331111548       3.58689628258947E-8      2.7227136331111548
3.5779249665883754        2.3184607167603735E-8    2.7052603405912112       2.7858076959284958E-8    2.7052603405912112       3.174383408389312E-8     2.7052603405912112       3.4495429336926294E-8    2.7052603405912112       3.616304803065553E-8     2.7052603405912112       3.714678128722705E-8     2.7052603405912112       3.763983823401494E-8     2.7052603405912112       3.779823114632797E-8     2.7052603405912112       3.7820232195509344E-8    2.7052603405912112       3.775260750438768E-8     2.7052603405912112       3.767358016679331E-8     2.7052603405912112       3.761088867948972E-8     2.7052603405912112       3.7583709449162227E-8    2.7052603405912112       3.758330292073203E-8     2.7052603405912112       3.7620888881219846E-8    2.7052603405912112       3.7669197179139254E-8    2.7052603405912112       3.772705761647358E-8     2.7052603405912112       3.778306549894061E-8     2.7052603405912112       3.7823366200209464E-8    2.7052603405912112       3.783189537508231E-8     2.7052603405912112       3.7834774245316896E-8    2.7052603405912112       3.781717171598383E-8     2.7052603405912112       3.776088847311496E-8     2.7052603405912112       3.7714954760663204E-8    2.7052603405912112       3.766425388794039E-8     2.7052603405912112       3.761446471626311E-8     2.7052603405912112       3.755006095576932E-8     2.7052603405912112       3.749903015759234E-8     2.7052603405912112       3.744355848045798E-8     2.7052603405912112       3.740382494872209E-8     2.7052603405912112       3.7361253723774464E-8    2.7052603405912112       3.7318136628300943E-8    2.7052603405912112       3.728251807450079E-8     2.7052603405912112       3.727686291341651E-8     2.7052603405912112       3.728275754072161E-8     2.7052603405912112       3.7305999458039975E-8    2.7052603405912112       3.735319584405937E-8     2.7052603405912112       3.742220868612431E-8     2.7052603405912112       3.748963352425453E-8     2.7052603405912112       3.7575491486207154E-8    2.7052603405912112       3.766850392556482E-8     2.7052603405912112
3.5953782591083185        2.4323363670450945E-8    2.687807048071268        2.9181560080466044E-8    2.687807048071268        3.3237002826860986E-8    2.687807048071268        3.611321852606847E-8     2.687807048071268        3.7868933610504E-8       2.687807048071268        3.891267814665144E-8     2.687807048071268        3.9437240539319716E-8    2.687807048071268        3.9614162177573825E-8    2.687807048071268        3.9635297608739156E-8    2.687807048071268        3.9572922526316404E-8    2.687807048071268        3.948190109069838E-8     2.687807048071268        3.944118822382239E-8     2.687807048071268        3.9406404727844525E-8    2.687807048071268        3.940438228403266E-8     2.687807048071268        3.944941587254058E-8     2.687807048071268        3.949704592501304E-8     2.687807048071268        3.9558721935368145E-8    2.687807048071268        3.960967218755394E-8     2.687807048071268        3.96456950100345E-8      2.687807048071268        3.9653157734032656E-8    2.687807048071268        3.9642103961193866E-8    2.687807048071268        3.960216554402957E-8     2.687807048071268        3.9548428276515185E-8    2.687807048071268        3.9479151076658776E-8    2.687807048071268        3.941841309282184E-8     2.687807048071268        3.935223416647107E-8     2.687807048071268        3.9303039600665137E-8    2.687807048071268        3.924053913440632E-8     2.687807048071268        3.9188314112021544E-8    2.687807048071268        3.914041341306641E-8     2.687807048071268        3.908925410250575E-8     2.687807048071268        3.9056054511912746E-8    2.687807048071268        3.9026544116471884E-8    2.687807048071268        3.902419187428601E-8     2.687807048071268        3.902930043519471E-8     2.687807048071268        3.905864582722756E-8     2.687807048071268        3.911765283842358E-8     2.687807048071268        3.917981364608277E-8     2.687807048071268        3.926567141525609E-8     2.687807048071268        3.9361311432654934E-8    2.687807048071268        3.946517566850816E-8     2.687807048071268
3.6128315516282616        2.5527772788581512E-8    2.670353755551325        3.058498400094579E-8     2.670353755551325        3.48010793298525E-8      2.670353755551325        3.7808351667294766E-8    2.670353755551325        3.96542181173142E-8      2.670353755551325        4.073497363679733E-8     2.670353755551325        4.1285769513485665E-8    2.670353755551325        4.1477992884874727E-8    2.670353755551325        4.149121261176785E-8     2.670353755551325        4.1427237515769456E-8    2.670353755551325        4.1342913846100996E-8    2.670353755551325        4.1290872821566393E-8    2.670353755551325        4.126077743713229E-8     2.670353755551325        4.126435490613901E-8     2.670353755551325        4.130838195450464E-8     2.670353755551325        4.136855309512859E-8     2.670353755551325        4.142727979053798E-8     2.670353755551325        4.148318008264638E-8     2.670353755551325        4.151429671505083E-8     2.670353755551325        4.152213586942595E-8     2.670353755551325        4.149808805886979E-8     2.670353755551325        4.146821798256828E-8     2.670353755551325        4.140780406009478E-8     2.670353755551325        4.134493263687359E-8     2.670353755551325        4.1275399581144695E-8    2.670353755551325        4.120591804907359E-8     2.670353755551325        4.11460533987134E-8      2.670353755551325        4.108646542553226E-8     2.670353755551325        4.1031486490305175E-8    2.670353755551325        4.097808949524128E-8     2.670353755551325        4.0917388786695925E-8    2.670353755551325        4.0891108327808395E-8    2.670353755551325        4.085128895704063E-8     2.670353755551325        4.083983556139736E-8     2.670353755551325        4.084030748362903E-8     2.670353755551325        4.086683222669725E-8     2.670353755551325        4.091688633816244E-8     2.670353755551325        4.0983780806367565E-8    2.670353755551325        4.1076384881448445E-8    2.670353755551325        4.117224602255527E-8     2.670353755551325        4.1281414810929575E-8    2.670353755551325
3.6302848441482056        2.677329552930771E-8     2.652900463031381        3.2041734402254125E-8    2.652900463031381        3.6420925749282405E-8    2.652900463031381        3.954812016034805E-8     2.652900463031381        4.1492632829239076E-8    2.652900463031381        4.263742882022299E-8     2.652900463031381        4.320746629102303E-8     2.652900463031381        4.340518528102275E-8     2.652900463031381        4.341167665486337E-8     2.652900463031381        4.335144555425733E-8     2.652900463031381        4.326091198563123E-8     2.652900463031381        4.320044697812309E-8     2.652900463031381        4.3170612673318896E-8    2.652900463031381        4.317981832649146E-8     2.652900463031381        4.323214930577779E-8     2.652900463031381        4.330605985150343E-8     2.652900463031381        4.3368820604548165E-8    2.652900463031381        4.343317419715186E-8     2.652900463031381        4.346964388629219E-8     2.652900463031381        4.3480562806070656E-8    2.652900463031381        4.3465895908005036E-8    2.652900463031381        4.342086171211461E-8     2.652900463031381        4.335725940867178E-8     2.652900463031381        4.328492713070445E-8     2.652900463031381        4.323441289608724E-8     2.652900463031381        4.316347446346168E-8     2.652900463031381        4.3083708216451617E-8    2.652900463031381        4.302920171210441E-8     2.652900463031381        4.296414373467962E-8     2.652900463031381        4.290563158398768E-8     2.652900463031381        4.284599251566323E-8     2.652900463031381        4.2801064513685164E-8    2.652900463031381        4.2746017194842274E-8    2.652900463031381        4.271749931560897E-8     2.652900463031381        4.270309967064896E-8     2.652900463031381        4.2710492360531826E-8    2.652900463031381        4.2744207843642074E-8    2.652900463031381        4.280294838651698E-8     2.652900463031381        4.288514452880231E-8     2.652900463031381        4.2983498450783995E-8    2.652900463031381        4.309726058610654E-8     2.652900463031381
3.6477381366681487        2.8085992128970062E-8    2.635447170511438        3.356863669289561E-8     2.635447170511438        3.81150582467249E-8      2.635447170511438        4.1376586959191506E-8    2.635447170511438        4.342898282941241E-8     2.635447170511438        4.462072015468791E-8     2.635447170511438        4.521589467767595E-8     2.635447170511438        4.541766756236291E-8     2.635447170511438        4.5419057833167904E-8    2.635447170511438        4.5349157800890727E-8    2.635447170511438        4.5261835515875823E-8    2.635447170511438        4.519650322983876E-8     2.635447170511438        4.516888259611609E-8     2.635447170511438        4.5183711741299624E-8    2.635447170511438        4.523023420193839E-8     2.635447170511438        4.5303929221604664E-8    2.635447170511438        4.538043179086386E-8     2.635447170511438        4.544755738908535E-8     2.635447170511438        4.549398845822887E-8     2.635447170511438        4.5506651943699494E-8    2.635447170511438        4.550244017708145E-8     2.635447170511438        4.5459412549937494E-8    2.635447170511438        4.540838072952339E-8     2.635447170511438        4.534262557110394E-8     2.635447170511438        4.528152867990744E-8     2.635447170511438        4.521613165972254E-8     2.635447170511438        4.514454358878425E-8     2.635447170511438        4.508446350859323E-8     2.635447170511438        4.502006918803651E-8     2.635447170511438        4.494957220484045E-8     2.635447170511438        4.4887873192087724E-8    2.635447170511438        4.4807695983632513E-8    2.635447170511438        4.4748486732931754E-8    2.635447170511438        4.469199042879037E-8     2.635447170511438        4.466507265405278E-8     2.635447170511438        4.4649313406984735E-8    2.635447170511438        4.4652671796337106E-8    2.635447170511438        4.4707102318431333E-8    2.635447170511438        4.4775387430451235E-8    2.635447170511438        4.485230819850168E-8     2.635447170511438        4.496291200423019E-8     2.635447170511438
3.6651914291880923        2.9469220277541427E-8    2.6179938779914944       3.518088207761938E-8     2.6179938779914944       3.990561572888024E-8     2.6179938779914944       4.3323968930081075E-8    2.6179938779914944       4.547799574813952E-8     2.6179938779914944       4.6720111043163935E-8    2.6179938779914944       4.732668520743111E-8     2.6179938779914944       4.7532859615131166E-8    2.6179938779914944       4.753914676814623E-8     2.6179938779914944       4.7454236684991354E-8    2.6179938779914944       4.735001624669395E-8     2.6179938779914944       4.7269569721522104E-8    2.6179938779914944       4.72420415238715E-8      2.6179938779914944       4.725169167812971E-8     2.6179938779914944       4.730435341383078E-8     2.6179938779914944       4.738754378141749E-8     2.6179938779914944       4.7472052776152476E-8    2.6179938779914944       4.7550502079108715E-8    2.6179938779914944       4.760938173702274E-8     2.6179938779914944       4.7639486178333116E-8    2.6179938779914944       4.7641396205607676E-8    2.6179938779914944       4.7606336213907534E-8    2.6179938779914944       4.757134461119269E-8     2.6179938779914944       4.7513190204656876E-8    2.6179938779914944       4.74754737984523E-8      2.6179938779914944       4.740406266764864E-8     2.6179938779914944       4.7350364287296325E-8    2.6179938779914944       4.7287239483605545E-8    2.6179938779914944       4.7209313288653535E-8    2.6179938779914944       4.714382720432093E-8     2.6179938779914944       4.706897174124345E-8     2.6179938779914944       4.698158151628956E-8     2.6179938779914944       4.690876356762555E-8     2.6179938779914944       4.682751147096346E-8     2.6179938779914944       4.6772226521451994E-8    2.6179938779914944       4.671707450146891E-8     2.6179938779914944       4.6704261431680144E-8    2.6179938779914944       4.671633614097568E-8     2.6179938779914944       4.6741131685736884E-8    2.6179938779914944       4.679392383044639E-8     2.6179938779914944       4.687299051834106E-8     2.6179938779914944
3.6826447217080354        3.095675052647368E-8     2.6005405854715513       3.690569425213973E-8     2.6005405854715513       4.181480892495788E-8     2.6005405854715513       4.538428340528936E-8     2.6005405854715513       4.7642029491662905E-8    2.6005405854715513       4.893994710187377E-8     2.6005405854715513       4.955594448229889E-8     2.6005405854715513       4.975785548406352E-8     2.6005405854715513       4.97452827275652E-8      2.6005405854715513       4.9646971586119035E-8    2.6005405854715513       4.953731118144821E-8     2.6005405854715513       4.943685833170796E-8     2.6005405854715513       4.940079545655903E-8     2.6005405854715513       4.941759319626862E-8     2.6005405854715513       4.947038631766357E-8     2.6005405854715513       4.9564407225002563E-8    2.6005405854715513       4.96577942224661E-8      2.6005405854715513       4.974957621775861E-8     2.6005405854715513       4.9826462925717974E-8    2.6005405854715513       4.98575822521201E-8      2.6005405854715513       4.9879349365247074E-8    2.6005405854715513       4.98664995648103E-8      2.6005405854715513       4.985530065666641E-8     2.6005405854715513       4.981390222187135E-8     2.6005405854715513       4.9784131146195276E-8    2.6005405854715513       4.9737887547631965E-8    2.6005405854715513       4.9695355184652944E-8    2.6005405854715513       4.965208581837294E-8     2.6005405854715513       4.9586234553159485E-8    2.6005405854715513       4.953460169654099E-8     2.6005405854715513       4.9449024550077605E-8    2.6005405854715513       4.935973982969184E-8     2.6005405854715513       4.927009068079479E-8     2.6005405854715513       4.9169028822341636E-8    2.6005405854715513       4.908629152633582E-8     2.6005405854715513       4.900770925448174E-8     2.6005405854715513       4.893559283768329E-8     2.6005405854715513       4.889763568556435E-8     2.6005405854715513       4.888919427593159E-8     2.6005405854715513       4.889454739826307E-8     2.6005405854715513       4.892400445812662E-8     2.6005405854715513
3.7000980142279785        3.2551339047407624E-8    2.5830872929516078       3.8746196144017714E-8    2.5830872929516078       4.386324067552298E-8     2.5830872929516078       4.757657245507441E-8     2.5830872929516078       4.99552350774061E-8      2.5830872929516078       5.131143373348295E-8     2.5830872929516078       5.193116996377766E-8     2.5830872929516078       5.2120896016546485E-8    2.5830872929516078       5.209410686614244E-8     2.5830872929516078       5.1975729750825315E-8    2.5830872929516078       5.183442993500071E-8     2.5830872929516078       5.1728495460849385E-8    2.5830872929516078       5.1680700791355395E-8    2.5830872929516078       5.1694342719694344E-8    2.5830872929516078       5.175440943464824E-8     2.5830872929516078       5.184725704214627E-8     2.5830872929516078       5.19556249537124E-8      2.5830872929516078       5.206488070518252E-8     2.5830872929516078       5.2154907605339004E-8    2.5830872929516078       5.221067839712829E-8     2.5830872929516078       5.225227517767159E-8     2.5830872929516078       5.226514207836306E-8     2.5830872929516078       5.2268878014061485E-8    2.5830872929516078       5.2262623187228724E-8    2.5830872929516078       5.226157312089609E-8     2.5830872929516078       5.223568741357358E-8     2.5830872929516078       5.222721654487589E-8     2.5830872929516078       5.220321807341395E-8     2.5830872929516078       5.216534749175723E-8     2.5830872929516078       5.2114083431249245E-8    2.5830872929516078       5.204979673885823E-8     2.5830872929516078       5.196401176032479E-8     2.5830872929516078       5.186159397315469E-8     2.5830872929516078       5.175997355464523E-8     2.5830872929516078       5.16617295497163E-8      2.5830872929516078       5.153921921842347E-8     2.5830872929516078       5.145331068056606E-8     2.5830872929516078       5.1365339565644164E-8    2.5830872929516078       5.128852284774123E-8     2.5830872929516078       5.124580874049467E-8     2.5830872929516078       5.120800102085683E-8     2.5830872929516078
3.717551306747922         3.4278942720938183E-8    2.5656340004316647       4.075567183098383E-8     2.5656340004316647       4.605818950940754E-8     2.5656340004316647       4.9960166957492005E-8    2.5656340004316647       5.244506225612419E-8     2.5656340004316647       5.387321922091125E-8     2.5656340004316647       5.451105292114579E-8     2.5656340004316647       5.469046141775612E-8     2.5656340004316647       5.463800241698702E-8     2.5656340004316647       5.448847082924012E-8     2.5656340004316647       5.432571108465767E-8     2.5656340004316647       5.419787355491659E-8     2.5656340004316647       5.412329024686678E-8     2.5656340004316647       5.413072913792115E-8     2.5656340004316647       5.4178868029231976E-8    2.5656340004316647       5.4276603576977317E-8    2.5656340004316647       5.438753836951296E-8     2.5656340004316647       5.4508478572563866E-8    2.5656340004316647       5.459839917979946E-8     2.5656340004316647       5.468184286507546E-8     2.5656340004316647       5.473767454469465E-8     2.5656340004316647       5.4782749467678374E-8    2.5656340004316647       5.4803905025684155E-8    2.5656340004316647       5.482224582966857E-8     2.5656340004316647       5.484932231156925E-8     2.5656340004316647       5.486641338773064E-8     2.5656340004316647       5.488934325727853E-8     2.5656340004316647       5.490021195544931E-8     2.5656340004316647       5.4901232738697444E-8    2.5656340004316647       5.488797675574633E-8     2.5656340004316647       5.4855564339109136E-8    2.5656340004316647       5.4790867531302016E-8    2.5656340004316647       5.471272865550008E-8     2.5656340004316647       5.462446484801229E-8     2.5656340004316647       5.451452795035068E-8     2.5656340004316647       5.4399331388855706E-8    2.5656340004316647       5.429088069481514E-8     2.5656340004316647       5.4178704108360306E-8    2.5656340004316647       5.407209983458231E-8     2.5656340004316647       5.3975004719088124E-8    2.5656340004316647       5.388263222577429E-8     2.5656340004316647
3.735004599267865         3.617100900592041E-8     2.548180707911721        4.293474919520015E-8     2.548180707911721        4.8474422041348254E-8    2.548180707911721        5.257897800517083E-8     2.548180707911721        5.520020240222823E-8     2.548180707911721        5.668843330099388E-8     2.548180707911721        5.734714742975642E-8     2.548180707911721        5.751564220743294E-8     2.548180707911721        5.743766344488957E-8     2.548180707911721        5.7251571477208146E-8    2.548180707911721        5.705806343920166E-8     2.548180707911721        5.6891774193683095E-8    2.548180707911721        5.6790140370362376E-8    2.548180707911721        5.675598229377078E-8     2.548180707911721        5.679625243547867E-8     2.548180707911721        5.687335882186246E-8     2.548180707911721        5.697209453350714E-8     2.548180707911721        5.707127437472248E-8     2.548180707911721        5.71616697319181E-8      2.548180707911721        5.724991041148444E-8     2.548180707911721        5.7311055628605216E-8    2.548180707911721        5.73737328182695E-8      2.548180707911721        5.741218353183722E-8     2.548180707911721        5.745276648220487E-8     2.548180707911721        5.751742223515959E-8     2.548180707911721        5.757155010788942E-8     2.548180707911721        5.7643943903288086E-8    2.548180707911721        5.771505781350862E-8     2.548180707911721        5.7772089036588417E-8    2.548180707911721        5.781083953185765E-8     2.548180707911721        5.784291776552266E-8     2.548180707911721        5.783546381942964E-8     2.548180707911721        5.7809351141369615E-8    2.548180707911721        5.77619355323831E-8      2.548180707911721        5.769149424559014E-8     2.548180707911721        5.761541603945151E-8     2.548180707911721        5.7522626248620196E-8    2.548180707911721        5.743653749989999E-8     2.548180707911721        5.7331686360120874E-8    2.548180707911721        5.722742924365325E-8     2.548180707911721        5.710601332435589E-8     2.548180707911721
3.752457891787808         3.828432725281588E-8     2.530727415391778        4.537962949608758E-8     2.530727415391778        5.117057373695477E-8     2.530727415391778        5.54910136344506E-8      2.530727415391778        5.826736497636717E-8     2.530727415391778        5.984083473121327E-8     2.530727415391778        6.050549435287905E-8     2.530727415391778        6.066309177990386E-8     2.530727415391778        6.055090466682677E-8     2.530727415391778        6.033269478081995E-8     2.530727415391778        6.009074876554343E-8     2.530727415391778        5.988867383627293E-8     2.530727415391778        5.974432598277409E-8     2.530727415391778        5.967882354602721E-8     2.530727415391778        5.966636998811367E-8     2.530727415391778        5.971963794230895E-8     2.530727415391778        5.97923503822289E-8      2.530727415391778        5.986250657554844E-8     2.530727415391778        5.994204372091087E-8     2.530727415391778        6.000086926164278E-8     2.530727415391778        6.005903009734964E-8     2.530727415391778        6.009961396320459E-8     2.530727415391778        6.015147901620691E-8     2.530727415391778        6.02030697607093E-8      2.530727415391778        6.028091417264013E-8     2.530727415391778        6.037878643728804E-8     2.530727415391778        6.048580256665903E-8     2.530727415391778        6.05910478230431E-8      2.530727415391778        6.071546920949911E-8     2.530727415391778        6.08105352170621E-8      2.530727415391778        6.090264387560693E-8     2.530727415391778        6.098311690266988E-8     2.530727415391778        6.103036789370518E-8     2.530727415391778        6.106292047783538E-8     2.530727415391778        6.108130335980456E-8     2.530727415391778        6.108694108659056E-8     2.530727415391778        6.106705225470747E-8     2.530727415391778        6.105697432837939E-8     2.530727415391778        6.102287189744933E-8     2.530727415391778        6.097069596582131E-8     2.530727415391778        6.089566985427273E-8     2.530727415391778
3.7699111843077517        4.0649812462986425E-8    2.5132741228718345       4.811941457591039E-8     2.5132741228718345       5.42003752000955E-8      2.5132741228718345       5.8763814612407345E-8    2.5132741228718345       6.172809835920515E-8     2.5132741228718345       6.33999898408201E-8      2.5132741228718345       6.411662680857296E-8     2.5132741228718345       6.426512770779628E-8     2.5132741228718345       6.41288539015912E-8      2.5132741228718345       6.387031393606005E-8     2.5132741228718345       6.35783543507305E-8      2.5132741228718345       6.335278130103809E-8     2.5132741228718345       6.316252421788916E-8     2.5132741228718345       6.305817785503794E-8     2.5132741228718345       6.301126851767831E-8     2.5132741228718345       6.302376382313862E-8     2.5132741228718345       6.303760589110584E-8     2.5132741228718345       6.308566874165038E-8     2.5132741228718345       6.310612319499599E-8     2.5132741228718345       6.312700556401417E-8     2.5132741228718345       6.313573173439705E-8     2.5132741228718345       6.313350268225389E-8     2.5132741228718345       6.314671763010079E-8     2.5132741228718345       6.317655363271836E-8     2.5132741228718345       6.323649048282374E-8     2.5132741228718345       6.331161427652915E-8     2.5132741228718345       6.341689431028489E-8     2.5132741228718345       6.35540297688958E-8      2.5132741228718345       6.368827518873338E-8     2.5132741228718345       6.381629007753283E-8     2.5132741228718345       6.395742564404174E-8     2.5132741228718345       6.408402779223553E-8     2.5132741228718345       6.420780614255448E-8     2.5132741228718345       6.430757535404233E-8     2.5132741228718345       6.441581867376282E-8     2.5132741228718345       6.451607914705048E-8     2.5132741228718345       6.461911147359777E-8     2.5132741228718345       6.471431808918889E-8     2.5132741228718345       6.479925761954372E-8     2.5132741228718345       6.487270646498073E-8     2.5132741228718345       6.49119118461176E-8      2.5132741228718345
3.787364476827695         4.333143429593424E-8     2.4958208303518914       5.121807744391979E-8     2.4958208303518914       5.76480367341847E-8      2.4958208303518914       6.250173341064727E-8     2.4958208303518914       6.568476295543477E-8     2.4958208303518914       6.748213142154709E-8     2.4958208303518914       6.826047394349498E-8     2.4958208303518914       6.844858477089429E-8     2.4958208303518914       6.831717985847401E-8     2.4958208303518914       6.805138852426752E-8     2.4958208303518914       6.773924656742715E-8     2.4958208303518914       6.749227401251313E-8     2.4958208303518914       6.728633143484876E-8     2.4958208303518914       6.715669507695219E-8     2.4958208303518914       6.709046111063369E-8     2.4958208303518914       6.705673926859295E-8     2.4958208303518914       6.704382179334525E-8     2.4958208303518914       6.702818434902123E-8     2.4958208303518914       6.699589236522808E-8     2.4958208303518914       6.693805692388111E-8     2.4958208303518914       6.686462683061021E-8     2.4958208303518914       6.679991670628475E-8     2.4958208303518914       6.672785067814241E-8     2.4958208303518914       6.668062882295074E-8     2.4958208303518914       6.664953530180713E-8     2.4958208303518914       6.665857974227069E-8     2.4958208303518914       6.6695966805881E-8       2.4958208303518914       6.676639887520052E-8     2.4958208303518914       6.685438536882626E-8     2.4958208303518914       6.694871161429248E-8     2.4958208303518914       6.705176639734383E-8     2.4958208303518914       6.716518877908422E-8     2.4958208303518914       6.727883735224686E-8     2.4958208303518914       6.740058509506191E-8     2.4958208303518914       6.753221187761265E-8     2.4958208303518914       6.768068049620918E-8     2.4958208303518914       6.783913722571269E-8     2.4958208303518914       6.80094686625034E-8      2.4958208303518914       6.819112620562394E-8     2.4958208303518914       6.837247635298594E-8     2.4958208303518914       6.853530197956384E-8     2.4958208303518914
3.804817769347638         4.647451394384233E-8     2.4783675378319483       5.485487397869842E-8     2.4783675378319483       6.168176548686787E-8     2.4783675378319483       6.688447407449778E-8     2.4783675378319483       7.032726027148087E-8     2.4783675378319483       7.229736538797319E-8     2.4783675378319483       7.317660788168334E-8     2.4783675378319483       7.34163590155164E-8      2.4783675378319483       7.331965504803805E-8     2.4783675378319483       7.306387741999414E-8     2.4783675378319483       7.277655454681271E-8     2.4783675378319483       7.253692951045483E-8     2.4783675378319483       7.235474069031756E-8     2.4783675378319483       7.223929874335111E-8     2.4783675378319483       7.218213382848975E-8     2.4783675378319483       7.21604191931319E-8      2.4783675378319483       7.214558897897194E-8     2.4783675378319483       7.210776838342722E-8     2.4783675378319483       7.204650232964688E-8     2.4783675378319483       7.194988405616757E-8     2.4783675378319483       7.1815748473832E-8       2.4783675378319483       7.1662122409134E-8       2.4783675378319483       7.151903691897286E-8     2.4783675378319483       7.137699175144573E-8     2.4783675378319483       7.123771220893021E-8     2.4783675378319483       7.11336823749924E-8      2.4783675378319483       7.105670935054995E-8     2.4783675378319483       7.099841615028064E-8     2.4783675378319483       7.095986667613973E-8     2.4783675378319483       7.092369343097892E-8     2.4783675378319483       7.088902332838478E-8     2.4783675378319483       7.08856307533219E-8      2.4783675378319483       7.086623745726869E-8     2.4783675378319483       7.087275801350092E-8     2.4783675378319483       7.089638353492577E-8     2.4783675378319483       7.093805292053634E-8     2.4783675378319483       7.101313290918413E-8     2.4783675378319483       7.111069490723134E-8     2.4783675378319483       7.124753572157989E-8     2.4783675378319483       7.138841849049385E-8     2.4783675378319483       7.154362174735572E-8     2.4783675378319483
3.822271061867582         5.033689415187516E-8     2.4609142453120043       5.929506632228452E-8     2.4609142453120043       6.659661401200027E-8     2.4609142453120043       7.220320484306443E-8     2.4609142453120043       7.596625627637726E-8     2.4609142453120043       7.814153581496692E-8     2.4609142453120043       7.912456586780861E-8     2.4609142453120043       7.944036164153254E-8     2.4609142453120043       7.939311774348383E-8     2.4609142453120043       7.918889750417857E-8     2.4609142453120043       7.896311794096336E-8     2.4609142453120043       7.878379127085424E-8     2.4609142453120043       7.866251336999961E-8     2.4609142453120043       7.862982773820961E-8     2.4609142453120043       7.865716171424103E-8     2.4609142453120043       7.871723816803514E-8     2.4609142453120043       7.877852824241994E-8     2.4609142453120043       7.88065797972184E-8      2.4609142453120043       7.881088522831071E-8     2.4609142453120043       7.874851468722522E-8     2.4609142453120043       7.865588928160649E-8     2.4609142453120043       7.851203690940175E-8     2.4609142453120043       7.83550544439232E-8      2.4609142453120043       7.819939078135353E-8     2.4609142453120043       7.802873443040749E-8     2.4609142453120043       7.787750495115993E-8     2.4609142453120043       7.771988827620888E-8     2.4609142453120043       7.758849597029312E-8     2.4609142453120043       7.744182855367531E-8     2.4609142453120043       7.731015639885546E-8     2.4609142453120043       7.713520635358182E-8     2.4609142453120043       7.695421082427837E-8     2.4609142453120043       7.676974392186567E-8     2.4609142453120043       7.65913554820293E-8      2.4609142453120043       7.640152503786746E-8     2.4609142453120043       7.624337046156806E-8     2.4609142453120043       7.609403976973162E-8     2.4609142453120043       7.59762346187498E-8      2.4609142453120043       7.587340260454345E-8     2.4609142453120043       7.577719894308914E-8     2.4609142453120043       7.570596964745901E-8     2.4609142453120043
3.839724354387525         5.547433681541746E-8     2.4434609527920617       6.515647767516687E-8     2.4434609527920617       7.304453617042057E-8     2.4434609527920617       7.91283865239634E-8      2.4434609527920617       8.32618460718891E-8      2.4434609527920617       8.565679266209995E-8     2.4434609527920617       8.67480420656011E-8      2.4434609527920617       8.712048110769516E-8     2.4434609527920617       8.712068651007555E-8     2.4434609527920617       8.695842063572559E-8     2.4434609527920617       8.678398087298115E-8     2.4434609527920617       8.66863904040241E-8      2.4434609527920617       8.667234300781073E-8     2.4434609527920617       8.67595575269944E-8      2.4434609527920617       8.69279921761792E-8      2.4434609527920617       8.71485671588795E-8      2.4434609527920617       8.736723697659049E-8     2.4434609527920617       8.756148018653788E-8     2.4434609527920617       8.77400274782414E-8      2.4434609527920617       8.784499686925516E-8     2.4434609527920617       8.791352353041634E-8     2.4434609527920617       8.793079313504402E-8     2.4434609527920617       8.792882798985942E-8     2.4434609527920617       8.792849121438489E-8     2.4434609527920617       8.789981900142094E-8     2.4434609527920617       8.791222479829452E-8     2.4434609527920617       8.790010668726324E-8     2.4434609527920617       8.790279505993902E-8     2.4434609527920617       8.788227836111465E-8     2.4434609527920617       8.783108939634344E-8     2.4434609527920617       8.77565558733023E-8      2.4434609527920617       8.76334855689367E-8      2.4434609527920617       8.750073637174052E-8     2.4434609527920617       8.733562635734129E-8     2.4434609527920617       8.715326743578129E-8     2.4434609527920617       8.695581010339134E-8     2.4434609527920617       8.67616533850176E-8      2.4434609527920617       8.656318095867272E-8     2.4434609527920617       8.637353203774831E-8     2.4434609527920617       8.614381283135472E-8     2.4434609527920617       8.592239901122087E-8     2.4434609527920617
3.8571776469074686        6.3639836138614E-8       2.426007660272118        7.437615849334592E-8     2.426007660272118        8.312281588897807E-8     2.426007660272118        8.985557466998258E-8     2.426007660272118        9.447554944127348E-8     2.426007660272118        9.708641805800861E-8     2.426007660272118        9.822706235545777E-8     2.426007660272118        9.856365456333093E-8     2.426007660272118        9.848984841227246E-8     2.426007660272118        9.82775402522089E-8      2.426007660272118        9.80581966708407E-8      2.426007660272118        9.795385917439213E-8     2.426007660272118        9.797937638354052E-8     2.426007660272118        9.814921793759911E-8     2.426007660272118        9.841764038470302E-8     2.426007660272118        9.87653035870372E-8      2.426007660272118        9.915428749627513E-8     2.426007660272118        9.951349411137823E-8     2.426007660272118        9.988019734425712E-8     2.426007660272118        1.0017206006380613E-7    2.426007660272118        1.004700658272555E-7     2.426007660272118        1.007138733758668E-7     2.426007660272118        1.0096900555449924E-7    2.426007660272118        1.0123077394082112E-7    2.426007660272118        1.0151895935395233E-7    2.426007660272118        1.0183404278405646E-7    2.426007660272118        1.0216421489146962E-7    2.426007660272118        1.0252536105733342E-7    2.426007660272118        1.0287222794044171E-7    2.426007660272118        1.0320692711701561E-7    2.426007660272118        1.0351588671259702E-7    2.426007660272118        1.0381879327149152E-7    2.426007660272118        1.0409823979138238E-7    2.426007660272118        1.0435664315710844E-7    2.426007660272118        1.0460418734129375E-7    2.426007660272118        1.0486851097527206E-7    2.426007660272118        1.0512907045677737E-7    2.426007660272118        1.053703574740063E-7     2.426007660272118        1.0564628990849425E-7    2.426007660272118        1.0589072193733322E-7    2.426007660272118        1.0612033219601012E-7    2.426007660272118
3.8746309394274117        8.734240474638198E-8     2.408554367752175        9.904458612629994E-8     2.408554367752175        1.0801334768228428E-7    2.408554367752175        1.1434386190154962E-7    2.408554367752175        1.1790097566980653E-7    2.408554367752175        1.1864481918776938E-7    2.408554367752175        1.174569177492032E-7     2.408554367752175        1.1527514848024713E-7    2.408554367752175        1.1265496989350074E-7    2.408554367752175        1.0994234675123861E-7    2.408554367752175        1.0731543114400473E-7    2.408554367752175        1.0487827172086489E-7    2.408554367752175        1.0264088946271428E-7    2.408554367752175        1.0061141149443402E-7    2.408554367752175        9.874141735908683E-8     2.408554367752175        9.699258348248772E-8     2.408554367752175        9.530738231620452E-8     2.408554367752175        9.365801604497002E-8     2.408554367752175        9.200533540438104E-8     2.408554367752175        9.03595757525528E-8      2.408554367752175        8.871630781662162E-8     2.408554367752175        8.70898962450301E-8      2.408554367752175        8.550298229147085E-8     2.408554367752175        8.396521763907871E-8     2.408554367752175        8.249236466567506E-8     2.408554367752175        8.108782095055375E-8     2.408554367752175        7.972524785293607E-8     2.408554367752175        7.843156767634076E-8     2.408554367752175        7.717617182470814E-8     2.408554367752175        7.593544900623813E-8     2.408554367752175        7.472143737608644E-8     2.408554367752175        7.352754092676521E-8     2.408554367752175        7.236307617330476E-8     2.408554367752175        7.121536176821037E-8     2.408554367752175        7.010603784362461E-8     2.408554367752175        6.903212166389427E-8     2.408554367752175        6.799200443282979E-8     2.408554367752175        6.698835617227692E-8     2.408554367752175        6.602283296998505E-8     2.408554367752175        6.507788573697183E-8     2.408554367752175        6.416085192881729E-8     2.408554367752175
3.8920842319473548        8.236606190118858E-8     2.3911010752322315       8.921854881938839E-8     2.3911010752322315       9.355071068796129E-8     2.3911010752322315       9.55229217684749E-8      2.3911010752322315       9.507117081464722E-8     2.3911010752322315       9.21001843015466E-8      2.3911010752322315       8.762012233534384E-8     2.3911010752322315       8.255023873691011E-8     2.3911010752322315       7.739964810508457E-8     2.3911010752322315       7.243887896928487E-8     2.3911010752322315       6.77908826044239E-8      2.3911010752322315       6.35009363565678E-8      2.3911010752322315       5.956052634497816E-8     2.3911010752322315       5.594488313077371E-8     2.3911010752322315       5.260586423187222E-8     2.3911010752322315       4.950503012110814E-8     2.3911010752322315       4.659307820488095E-8     2.3911010752322315       4.385116623452492E-8     2.3911010752322315       4.1251241359306205E-8    2.3911010752322315       3.878717704081012E-8     2.3911010752322315       3.6453078786816654E-8    2.3911010752322315       3.424300874438337E-8     2.3911010752322315       3.216820490721475E-8     2.3911010752322315       3.021580479538885E-8     2.3911010752322315       2.8395385620003974E-8    2.3911010752322315       2.6691274533604418E-8    2.3911010752322315       2.5091547997883442E-8    2.3911010752322315       2.3603504699748696E-8    2.3911010752322315       2.22042147971444E-8      2.3911010752322315       2.08874821471872E-8      2.3911010752322315       1.9646863183205557E-8    2.3911010752322315       1.8487067036933403E-8    2.3911010752322315       1.7392123866616247E-8    2.3911010752322315       1.6367037760538587E-8    2.3911010752322315       1.5410578009144498E-8    2.3911010752322315       1.4518277435997458E-8    2.3911010752322315       1.3687527402791804E-8    2.3911010752322315       1.2914522791571902E-8    2.3911010752322315       1.2198390378040922E-8    2.3911010752322315       1.153423582128951E-8     2.3911010752322315       1.0919583877183818E-8    2.3911010752322315
3.9095375244672983        7.813783394452975E-8     2.3736477827122884       8.249360618409505E-8     2.3736477827122884       8.46129531171592E-8      2.3736477827122884       8.466723713903179E-8     2.3736477827122884       8.263054214552931E-8     2.3736477827122884       7.836582462347537E-8     2.3736477827122884       7.290378179410194E-8     2.3736477827122884       6.711131957579773E-8     2.3736477827122884       6.1455654878186E-8       2.3736477827122884       5.6150995665272084E-8    2.3736477827122884       5.128195215973973E-8     2.3736477827122884       4.686273668466321E-8     2.3736477827122884       4.286428869356053E-8     2.3736477827122884       3.924917386043398E-8     2.3736477827122884       3.5962424131030926E-8    2.3736477827122884       3.2962005367023405E-8    2.3736477827122884       3.019823575485547E-8     2.3736477827122884       2.7647413925329422E-8    2.3736477827122884       2.528416068501535E-8     2.3736477827122884       2.3092064917748803E-8    2.3736477827122884       2.105924541381399E-8     2.3736477827122884       1.9174844722254394E-8    2.3736477827122884       1.7439390091947978E-8    2.3736477827122884       1.583666007560833E-8     2.3736477827122884       1.4365838142001731E-8    2.3736477827122884       1.3013735549054834E-8    2.3736477827122884       1.1764211872750854E-8    2.3736477827122884       1.0616637833862452E-8    2.3736477827122884       9.558060743640363E-9     2.3736477827122884       8.577057042891659E-9     2.3736477827122884       7.666783521466568E-9     2.3736477827122884       6.829458700980581E-9     2.3736477827122884       6.050309724184132E-9     2.3736477827122884       5.332280199958278E-9     2.3736477827122884       4.6710267363292E-9       2.3736477827122884       4.055160400918718E-9     2.3736477827122884       3.4907411257050385E-9    2.3736477827122884       2.970642527757238E-9     2.3736477827122884       2.490268773255619E-9     2.3736477827122884       2.050205047064243E-9     2.3736477827122884       1.651525794994175E-9     2.3736477827122884
3.9269908169872414        7.451125417104882E-8     2.3561944901923453       7.717240671801114E-8     2.3561944901923453       7.786098903130076E-8     2.3561944901923453       7.676806695073673E-8     2.3561944901923453       7.387286775493538E-8     2.3561944901923453       6.900961668110403E-8     2.3561944901923453       6.319160634380046E-8     2.3561944901923453       5.7236835563497485E-8    2.3561944901923453       5.156601113328797E-8     2.3561944901923453       4.635303601448271E-8     2.3561944901923453       4.1648856661204134E-8    2.3561944901923453       3.745013429331317E-8     2.3561944901923453       3.370729622081405E-8     2.3561944901923453       3.037674701178418E-8     2.3561944901923453       2.7397648105490302E-8    2.3561944901923453       2.472266093955104E-8     2.3561944901923453       2.2301862706140732E-8    2.3561944901923453       2.010911167362593E-8     2.3561944901923453       1.8115759880789123E-8    2.3561944901923453       1.6301163243827404E-8    2.3561944901923453       1.4650689887339869E-8    2.3561944901923453       1.3151764671159655E-8    2.3561944901923453       1.1795383531614405E-8    2.3561944901923453       1.0568136243332408E-8    2.3561944901923453       9.465577963648267E-9     2.3561944901923453       8.47386952926996E-9      2.3561944901923453       7.575840233102532E-9     2.3561944901923453       6.770302467172781E-9     2.3561944901923453       6.0467271971950415E-9    2.3561944901923453       5.3971144221661544E-9    2.3561944901923453       4.811542099930789E-9     2.3561944901923453       4.2905007201560835E-9    2.3561944901923453       3.8275860752790366E-9    2.3561944901923453       3.420770663060414E-9     2.3561944901923453       3.069531813191867E-9     2.3561944901923453       2.7632778708864822E-9    2.3561944901923453       2.5080621663997734E-9    2.3561944901923453       2.2982630515384823E-9    2.3561944901923453       2.131797910949504E-9     2.3561944901923453       2.006603659034763E-9     2.3561944901923453       1.9185494893616144E-9    2.3561944901923453
3.9444441095071845        7.102832428936737E-8     2.338741197672402        7.239308211093159E-8     2.338741197672402        7.203950306712843E-8     2.338741197672402        7.016742320499416E-8     2.338741197672402        6.675085081232065E-8     2.338741197672402        6.159771129562489E-8     2.338741197672402        5.5699682097225976E-8    2.338741197672402        4.981109396065625E-8     2.338741197672402        4.431468370187979E-8     2.338741197672402        3.934803436101147E-8     2.338741197672402        3.4934865981022966E-8    2.338741197672402        3.105448549784327E-8     2.338741197672402        2.764619830471855E-8     2.338741197672402        2.465914798033023E-8     2.338741197672402        2.2029201017201548E-8    2.338741197672402        1.9705157707799753E-8    2.338741197672402        1.7637753060012228E-8    2.338741197672402        1.579804799468992E-8     2.338741197672402        1.4153945415166153E-8    2.338741197672402        1.2684318086110673E-8    2.338741197672402        1.1370644729936476E-8    2.338741197672402        1.0200235631389862E-8    2.338741197672402        9.159497332826928E-9     2.338741197672402        8.23745354035314E-9      2.338741197672402        7.423962388468654E-9     2.338741197672402        6.708046439789884E-9     2.338741197672402        6.072569630745044E-9     2.338741197672402        5.514559554332799E-9     2.338741197672402        5.025704819722705E-9     2.338741197672402        4.593296052535728E-9     2.338741197672402        4.212774669252151E-9     2.338741197672402        3.881502368748661E-9     2.338741197672402        3.590766362394207E-9     2.338741197672402        3.340118977133359E-9     2.338741197672402        3.1250610053284823E-9    2.338741197672402        2.9355471880346085E-9    2.338741197672402        2.778326351646585E-9     2.338741197672402        2.643398222870639E-9     2.338741197672402        2.5318009719748535E-9    2.338741197672402        2.437214209187787E-9     2.338741197672402        2.3600040066873927E-9    2.338741197672402
3.9618974020271276        6.76456117993498E-8      2.321287905152459        6.790801741855528E-8     2.321287905152459        6.670171315694582E-8     2.321287905152459        6.421309539242234E-8     2.321287905152459        6.041055172167536E-8     2.321287905152459        5.5089624287969356E-8    2.321287905152459        4.920515323362192E-8     2.321287905152459        4.3442695771608004E-8    2.321287905152459        3.815670974607953E-8     2.321287905152459        3.345014936767454E-8     2.321287905152459        2.9323097685631946E-8    2.321287905152459        2.5740392096485063E-8    2.321287905152459        2.263220657542156E-8     2.321287905152459        1.994242310549853E-8     2.321287905152459        1.760436576262069E-8     2.321287905152459        1.556378114977049E-8     2.321287905152459        1.377406865856273E-8     2.321287905152459        1.2204402428168673E-8    2.321287905152459        1.0819586994939649E-8    2.321287905152459        9.599988652426674E-9     2.321287905152459        8.525046785322302E-9     2.321287905152459        7.57941648798642E-9      2.321287905152459        6.750901964375704E-9     2.321287905152459        6.026831084138115E-9     2.321287905152459        5.394990435590617E-9     2.321287905152459        4.845334410504789E-9     2.321287905152459        4.364774794046008E-9     2.321287905152459        3.9465384738048E-9       2.321287905152459        3.5832741584105713E-9    2.321287905152459        3.265937276516816E-9     2.321287905152459        2.990808841110905E-9     2.321287905152459        2.750383101791054E-9     2.321287905152459        2.5419045191641823E-9    2.321287905152459        2.363110162089577E-9     2.321287905152459        2.209996239735373E-9     2.321287905152459        2.077270431604796E-9     2.321287905152459        1.9645082286388313E-9    2.321287905152459        1.8682210245844905E-9    2.321287905152459        1.7893808714310388E-9    2.321287905152459        1.723046204218917E-9     2.321287905152459        1.6673093220685618E-9    2.321287905152459
3.979350694547071         6.463406247248495E-8     2.3038346126325155       6.396388034298724E-8     2.3038346126325155       6.203664142100077E-8     2.3038346126325155       5.904702493460829E-8     2.3038346126325155       5.494216131252443E-8     2.3038346126325155       4.952156926125266E-8     2.3038346126325155       4.366238438235088E-8     2.3038346126325155       3.804048615312324E-8     2.3038346126325155       3.294870676657392E-8     2.3038346126325155       2.846977302194821E-8     2.3038346126325155       2.4584939776105808E-8    2.3038346126325155       2.1246717842784502E-8    2.3038346126325155       1.8378869961326666E-8    2.3038346126325155       1.591922844099201E-8     2.3038346126325155       1.3800790155535733E-8    2.3038346126325155       1.1970268535575402E-8    2.3038346126325155       1.0379296203476847E-8    2.3038346126325155       8.998316248424312E-9     2.3038346126325155       7.79184524786948E-9      2.3038346126325155       6.740485365713827E-9     2.3038346126325155       5.82240769117879E-9      2.3038346126325155       5.023764358358398E-9     2.3038346126325155       4.3309394735763065E-9    2.3038346126325155       3.73113361913311E-9      2.3038346126325155       3.2122206238545406E-9    2.3038346126325155       2.768024795641788E-9     2.3038346126325155       2.3849022034973157E-9    2.3038346126325155       2.0579138767098985E-9    2.3038346126325155       1.780782999659998E-9     2.3038346126325155       1.5473739447210535E-9    2.3038346126325155       1.3566189023646346E-9    2.3038346126325155       1.2016674622161365E-9    2.3038346126325155       1.0818004062156577E-9    2.3038346126325155       9.943675730550608E-10    2.3038346126325155       9.339254272784488E-10    2.3038346126325155       8.985955544725954E-10    2.3038346126325155       8.817630009206719E-10    2.3038346126325155       8.799148256897991E-10    2.3038346126325155       8.910855920355871E-10    2.3038346126325155       9.091008575796621E-10    2.3038346126325155       9.312860296680216E-10    2.3038346126325155
3.9968039870670142        6.210749332860086E-8     2.2863813201125724       6.070501403742367E-8     2.2863813201125724       5.822899449944422E-8     2.2863813201125724       5.489049308354188E-8     2.2863813201125724       5.061269921527243E-8     2.2863813201125724       4.5170877920549595E-8    2.2863813201125724       3.940205116350377E-8     2.2863813201125724       3.395244589188948E-8     2.2863813201125724       2.907588113541035E-8     2.2863813201125724       2.4833298587990437E-8    2.2863813201125724       2.1190667740707943E-8    2.2863813201125724       1.809099190497056E-8     2.2863813201125724       1.5452364446772172E-8    2.2863813201125724       1.320979523734015E-8     2.2863813201125724       1.1295758967933177E-8    2.2863813201125724       9.656922855521339E-9     2.2863813201125724       8.245382677285266E-9     2.2863813201125724       7.030551428578868E-9     2.2863813201125724       5.978441551954706E-9     2.2863813201125724       5.068720972656348E-9     2.2863813201125724       4.280779183794691E-9     2.2863813201125724       3.6011163419417675E-9    2.2863813201125724       3.013750159797008E-9     2.2863813201125724       2.507769557876214E-9     2.2863813201125724       2.0709935353869533E-9    2.2863813201125724       1.6972010358880748E-9    2.2863813201125724       1.3735590673890912E-9    2.2863813201125724       1.0959577556634345E-9    2.2863813201125724       8.588828799395683E-10    2.2863813201125724       6.568344300230824E-10    2.2863813201125724       4.890451794011756E-10    2.2863813201125724       3.589800366317478E-10    2.2863813201125724       2.7613521981499433E-10   2.2863813201125724       2.5094011108683797E-10   2.2863813201125724       2.789877706677627E-10    2.2863813201125724       3.3096616559387543E-10   2.2863813201125724       3.916236273387152E-10    2.2863813201125724       4.5179933199869945E-10   2.2863813201125724       5.095361494112937E-10    2.2863813201125724       5.62825028640209E-10     2.2863813201125724       6.119284659039773E-10    2.2863813201125724
4.014257279586958         5.974424871364501E-8     2.2689280275926285       5.776388401882091E-8     2.2689280275926285       5.4888129164083516E-8    2.2689280275926285       5.1319272177912764E-8    2.2689280275926285       4.696640316176097E-8     2.2689280275926285       4.159304977030149E-8     2.2689280275926285       3.599117697100119E-8     2.2689280275926285       3.076592167681429E-8     2.2689280275926285       2.614787119616463E-8     2.2689280275926285       2.2174698761358643E-8    2.2689280275926285       1.880089802411849E-8     2.2689280275926285       1.5960984748013513E-8    2.2689280275926285       1.3570886453925308E-8    2.2689280275926285       1.1562966084854538E-8    2.2689280275926285       9.870181940202189E-9     2.2689280275926285       8.438929702733644E-9     2.2689280275926285       7.22263621690483E-9      2.2689280275926285       6.190538671775747E-9     2.2689280275926285       5.309493619358711E-9     2.2689280275926285       4.558562871263848E-9     2.2689280275926285       3.919848565007803E-9     2.2689280275926285       3.378550065290837E-9     2.2689280275926285       2.9201822596063583E-9    2.2689280275926285       2.5344509957980374E-9    2.2689280275926285       2.211149138803391E-9     2.2689280275926285       1.9420252905273807E-9    2.2689280275926285       1.7168239397525589E-9    2.2689280275926285       1.5320885414940252E-9    2.2689280275926285       1.3804287065080066E-9    2.2689280275926285       1.2559966999310357E-9    2.2689280275926285       1.1561172626102124E-9    2.2689280275926285       1.0761691966747997E-9    2.2689280275926285       1.0138300922325328E-9    2.2689280275926285       9.663346189595716E-10    2.2689280275926285       9.301072061355233E-10    2.2689280275926285       9.043065029647986E-10    2.2689280275926285       8.855503840562245E-10    2.2689280275926285       8.736648679016378E-10    2.2689280275926285       8.675097959960122E-10    2.2689280275926285       8.650293670091239E-10    2.2689280275926285       8.656961330764391E-10    2.2689280275926285
4.031710572106902         5.731552098309043E-8     2.2514747350726845       5.4804775130335525E-8    2.2514747350726845       5.156705398047732E-8     2.2514747350726845       4.780242367958853E-8     2.2514747350726845       4.3401643188027447E-8    2.2514747350726845       3.8099805058835025E-8    2.2514747350726845       3.267258947637418E-8     2.2514747350726845       2.767043417547532E-8     2.2514747350726845       2.3297939250221905E-8    2.2514747350726845       1.9574632107196337E-8    2.2514747350726845       1.6445035079205684E-8    2.2514747350726845       1.3835329976819648E-8    2.2514747350726845       1.1660886769415748E-8    2.2514747350726845       9.852032371352553E-9     2.2514747350726845       8.341555144759433E-9     2.2514747350726845       7.077913859251874E-9     2.2514747350726845       6.0151165027194435E-9    2.2514747350726845       5.12258097439471E-9      2.2514747350726845       4.368784296852429E-9     2.2514747350726845       3.732233211409926E-9     2.2514747350726845       3.1976971098993722E-9    2.2514747350726845       2.748161709667086E-9     2.2514747350726845       2.3715911851937347E-9    2.2514747350726845       2.0571135736001044E-9    2.2514747350726845       1.7955162964151565E-9    2.2514747350726845       1.578369700015659E-9     2.2514747350726845       1.3977922597766357E-9    2.2514747350726845       1.249912021588086E-9     2.2514747350726845       1.1282268564165194E-9    2.2514747350726845       1.0280207844709808E-9    2.2514747350726845       9.47190195625407E-10     2.2514747350726845       8.813311280695689E-10    2.2514747350726845       8.289079135431415E-10    2.2514747350726845       7.877093050664741E-10    2.2514747350726845       7.558960397054361E-10    2.2514747350726845       7.325214055849077E-10    2.2514747350726845       7.143763823018218E-10    2.2514747350726845       7.0214423837499E-10      2.2514747350726845       6.948156354537358E-10    2.2514747350726845       6.913546855621529E-10    2.2514747350726845       6.89979035028038E-10     2.2514747350726845
4.049163864626845         5.509087508633401E-8     2.2340214425527414       5.2105684955784303E-8    2.2340214425527414       4.854136823002891E-8     2.2340214425527414       4.461149060382788E-8     2.2340214425527414       4.0165637695344094E-8    2.2340214425527414       3.493123119219208E-8     2.2340214425527414       2.965346368407681E-8     2.2340214425527414       2.4838743764365952E-8    2.2340214425527414       2.067008097457942E-8     2.2340214425527414       1.7149725195732532E-8    2.2340214425527414       1.4214492056890346E-8    2.2340214425527414       1.1783188715067698E-8    2.2340214425527414       9.77166881766971E-9      2.2340214425527414       8.108521649688074E-9     2.2340214425527414       6.727630854148702E-9     2.2340214425527414       5.5791813526381434E-9    2.2340214425527414       4.618431067854237E-9     2.2340214425527414       3.814933708880994E-9     2.2340214425527414       3.140220755365949E-9     2.2340214425527414       2.5733382970224612E-9    2.2340214425527414       2.098560878541824E-9     2.2340214425527414       1.7008938015170398E-9    2.2340214425527414       1.3690901627870078E-9    2.2340214425527414       1.0926834431434243E-9    2.2340214425527414       8.646299121650779E-10    2.2340214425527414       6.779340934863931E-10    2.2340214425527414       5.2913793672915E-10      2.2340214425527414       4.1611504463051347E-10   2.2340214425527414       3.3887328913506657E-10   2.2340214425527414       2.982492899204016E-10    2.2340214425527414       2.913205961622106E-10    2.2340214425527414       3.071160037780227E-10    2.2340214425527414       3.33693298853246E-10     2.2340214425527414       3.666001613224527E-10    2.2340214425527414       3.9994715852025083E-10   2.2340214425527414       4.329139732875933E-10    2.2340214425527414       4.6351773976867804E-10   2.2340214425527414       4.923543631544892E-10    2.2340214425527414       5.200339691022787E-10    2.2340214425527414       5.450461448148329E-10    2.2340214425527414       5.693710544986449E-10    2.2340214425527414
4.066617157146788         5.314098067761815E-8     2.2165681500327987       4.9803695740433857E-8    2.2165681500327987       4.60302043059722E-8      2.2165681500327987       4.2015742980523316E-8    2.2165681500327987       3.759201897779638E-8     2.2165681500327987       3.247908530956518E-8     2.2165681500327987       2.7379651569307724E-8    2.2165681500327987       2.2780811168784685E-8    2.2165681500327987       1.883181286593266E-8     2.2165681500327987       1.5526078650551285E-8    2.2165681500327987       1.2792569084201442E-8    2.2165681500327987       1.0547886278728766E-8    2.2165681500327987       8.706505871514526E-9     2.2165681500327987       7.1970282932463215E-9    2.2165681500327987       5.955251500498429E-9     2.2165681500327987       4.931847325298948E-9     2.2165681500327987       4.083809704542617E-9     2.2165681500327987       3.3815955678626376E-9    2.2165681500327987       2.7979396238576514E-9    2.2165681500327987       2.313330823213921E-9     2.2165681500327987       1.9117717450650132E-9    2.2165681500327987       1.5814627245926041E-9    2.2165681500327987       1.309277428087788E-9     2.2165681500327987       1.088307176502656E-9     2.2165681500327987       9.109396097731883E-10    2.2165681500327987       7.695678448705255E-10    2.2165681500327987       6.606962922774143E-10    2.2165681500327987       5.790614424524036E-10    2.2165681500327987       5.216394725623437E-10    2.2165681500327987       4.834737461343859E-10    2.2165681500327987       4.601561107475134E-10    2.2165681500327987       4.4846661833557715E-10   2.2165681500327987       4.462177678934755E-10    2.2165681500327987       4.486182975399667E-10    2.2165681500327987       4.551804897759253E-10    2.2165681500327987       4.640272022314002E-10    2.2165681500327987       4.738220172387683E-10    2.2165681500327987       4.840153132767486E-10    2.2165681500327987       4.947822297761407E-10    2.2165681500327987       5.063058448689146E-10    2.2165681500327987       5.170131980117594E-10    2.2165681500327987
4.084070449666731         5.1142046135723375E-8    2.1991148575128556       4.749646646739229E-8     2.1991148575128556       4.354854237732362E-8     2.1991148575128556       3.94854278222721E-8      2.1991148575128556       3.511558276993466E-8     2.1991148575128556       3.014400369501109E-8     2.1991148575128556       2.5234816368292954E-8    2.1991148575128556       2.086193325361367E-8     2.1991148575128556       1.7139564162615126E-8    2.1991148575128556       1.4051783714788073E-8    2.1991148575128556       1.152135965549568E-8     2.1991148575128556       9.462131618979252E-9     2.1991148575128556       7.788488723473257E-9     2.1991148575128556       6.429905228072027E-9     2.1991148575128556       5.323673968622979E-9     2.1991148575128556       4.4212586929565075E-9    2.1991148575128556       3.6820241619661397E-9    2.1991148575128556       3.0760066589545446E-9    2.1991148575128556       2.5779970913953462E-9    2.1991148575128556       2.169527876463895E-9     2.1991148575128556       1.834468433036102E-9     2.1991148575128556       1.5608740994584294E-9    2.1991148575128556       1.3375048005694866E-9    2.1991148575128556       1.1565013308754456E-9    2.1991148575128556       1.0107819203878E-9       2.1991148575128556       8.925696846814748E-10    2.1991148575128556       7.975698625036156E-10    2.1991148575128556       7.222334630599663E-10    2.1991148575128556       6.624644761354734E-10    2.1991148575128556       6.155886338832983E-10    2.1991148575128556       5.781912752302719E-10    2.1991148575128556       5.499881168650301E-10    2.1991148575128556       5.28305378737473E-10     2.1991148575128556       5.13109359138723E-10     2.1991148575128556       5.026167122073465E-10    2.1991148575128556       4.953636010927236E-10    2.1991148575128556       4.911169853345009E-10    2.1991148575128556       4.898367094240336E-10    2.1991148575128556       4.914795059502098E-10    2.1991148575128556       4.94150429752714E-10     2.1991148575128556       4.981455391071018E-10    2.1991148575128556
4.101523742186674         4.917586065545794E-8     2.1816615649929125       4.524187449430629E-8     2.1816615649929125       4.1118203263679656E-8    2.1816615649929125       3.699943461716223E-8     2.1816615649929125       3.266048398700734E-8     2.1816615649929125       2.7803095929496602E-8    2.1816615649929125       2.3059637344353697E-8    2.1816615649929125       1.8867470915350595E-8    2.1816615649929125       1.5329009979694527E-8    2.1816615649929125       1.2414540322274041E-8    2.1816615649929125       1.0041799029835843E-8    2.1816615649929125       8.122157455904805E-9     2.1816615649929125       6.570839026995302E-9     2.1816615649929125       5.317303485392559E-9     2.1816615649929125       4.3015504020256115E-9    2.1816615649929125       3.476376175677307E-9     2.1816615649929125       2.8029523844947807E-9    2.1816615649929125       2.252528716167168E-9     2.1816615649929125       1.8021095501497968E-9    2.1816615649929125       1.4340995424388685E-9    2.1816615649929125       1.1334313081044572E-9    2.1816615649929125       8.887316766299594E-10    2.1816615649929125       6.921645011471566E-10    2.1816615649929125       5.357638895297888E-10    2.1816615649929125       4.1573750675250616E-10   2.1816615649929125       3.2833627071014707E-10   2.1816615649929125       2.731310793232771E-10    2.1816615649929125       2.4791807787236194E-10   2.1816615649929125       2.4679824358960324E-10   2.1816615649929125       2.596218692095879E-10    2.1816615649929125       2.8098875446857923E-10   2.1816615649929125       3.048134128630401E-10    2.1816615649929125       3.2702644471794474E-10   2.1816615649929125       3.499921934185341E-10    2.1816615649929125       3.717501025985792E-10    2.1816615649929125       3.914722377308348E-10    2.1816615649929125       4.0998297847967063E-10   2.1816615649929125       4.2777196573162784E-10   2.1816615649929125       4.439013235642943E-10    2.1816615649929125       4.5920586684353706E-10   2.1816615649929125       4.73686909928304E-10     2.1816615649929125
4.118977034706617         4.7448874139611024E-8    2.164208272472969        4.331580565873621E-8     2.164208272472969        3.909893975820603E-8     2.164208272472969        3.499561278199957E-8     2.164208272472969        3.0731728536940736E-8    2.164208272472969        2.6021102842119023E-8    2.164208272472969        2.1457823978381925E-8    2.164208272472969        1.7460365559024175E-8    2.164208272472969        1.4114389702682891E-8    2.164208272472969        1.1378911261507971E-8    2.164208272472969        9.167876281541956E-9     2.164208272472969        7.392607279212164E-9     2.164208272472969        5.969022437560224E-9     2.164208272472969        4.827694076233668E-9     2.164208272472969        3.9106786087055684E-9    2.164208272472969        3.171809481411879E-9     2.164208272472969        2.574415259266529E-9     2.164208272472969        2.0910421986403712E-9    2.164208272472969        1.6997651434715878E-9    2.164208272472969        1.3833648606541363E-9    2.164208272472969        1.1283333583625396E-9    2.164208272472969        9.241130447177944E-10    2.164208272472969        7.618235698188171E-10    2.164208272472969        6.3526944229579E-10      2.164208272472969        5.387896358257448E-10    2.164208272472969        4.659522692162806E-10    2.164208272472969        4.1333508884662385E-10   2.164208272472969        3.7761808823226473E-10   2.164208272472969        3.547495861312475E-10    2.164208272472969        3.4195959987389895E-10   2.164208272472969        3.3616024011069955E-10   2.164208272472969        3.3432804354324933E-10   2.164208272472969        3.3747699245538214E-10   2.164208272472969        3.4165439133504373E-10   2.164208272472969        3.476210563738892E-10    2.164208272472969        3.550751766297007E-10    2.164208272472969        3.6273601534355676E-10   2.164208272472969        3.709862492289666E-10    2.164208272472969        3.796998895223948E-10    2.164208272472969        3.889066800910795E-10    2.164208272472969        3.9827552372688163E-10   2.164208272472969
4.136430327226561         4.565279971102952E-8     2.146754979953025        4.13438444640992E-8      2.146754979953025        3.7051807605208854E-8    2.146754979953025        3.296661279581313E-8     2.146754979953025        2.8795921816079736E-8    2.146754979953025        2.423802590291862E-8     2.146754979953025        1.9858692444260797E-8    2.146754979953025        1.6073568650195014E-8    2.146754979953025        1.2920216000979066E-8    2.146754979953025        1.0362157067294009E-8    2.146754979953025        8.310944192465905E-9     2.146754979953025        6.676641214748432E-9     2.146754979953025        5.3764694149692555E-9    2.146754979953025        4.342838384436379E-9     2.146754979953025        3.5191495282344934E-9    2.146754979953025        2.8614547500977973E-9    2.146754979953025        2.3344841295802546E-9    2.146754979953025        1.91242005769964E-9      2.146754979953025        1.5734794171320756E-9    2.146754979953025        1.3017889599523588E-9    2.146754979953025        1.0846679527120017E-9    2.146754979953025        9.110359605974984E-10    2.146754979953025        7.738029123128901E-10    2.146754979953025        6.663450929020782E-10    2.146754979953025        5.815605751025906E-10    2.146754979953025        5.161406103650689E-10    2.146754979953025        4.651024376997593E-10    2.146754979953025        4.2700919952423183E-10   2.146754979953025        3.9867972048935215E-10   2.146754979953025        3.7822745218563727E-10   2.146754979953025        3.629442105736586E-10    2.146754979953025        3.534230297311773E-10    2.146754979953025        3.4646095483008146E-10   2.146754979953025        3.438192251742424E-10    2.146754979953025        3.434779416707664E-10    2.146754979953025        3.4341891826198764E-10   2.146754979953025        3.460036478739652E-10    2.146754979953025        3.4857647527734287E-10   2.146754979953025        3.5308019586104334E-10   2.146754979953025        3.5750660027436913E-10   2.146754979953025        3.62563977876689E-10     2.146754979953025
4.153883619746504         4.39328777076356E-8      2.1293016874330823       3.947079303397808E-8     2.1293016874330823       3.510104851405073E-8     2.1293016874330823       3.102814621526443E-8     2.1293016874330823       2.6936540475571417E-8    2.1293016874330823       2.251127021004564E-8     2.1293016874330823       1.829214639341022E-8     2.1293016874330823       1.4664506391492003E-8    2.1293016874330823       1.1667172506068859E-8    2.1293016874330823       9.249198686837397E-9     2.1293016874330823       7.32024626155081E-9      2.1293016874330823       5.79055134814151E-9      2.1293016874330823       4.578114696087065E-9     2.1293016874330823       3.617378677133753E-9     2.1293016874330823       2.8535188095376037E-9    2.1293016874330823       2.2448482585789577E-9    2.1293016874330823       1.7572311006194146E-9    2.1293016874330823       1.3664038036481837E-9    2.1293016874330823       1.0520872678866642E-9    2.1293016874330823       7.988669529212818E-10    2.1293016874330823       5.947846584827933E-10    2.1293016874330823       4.297013299269238E-10    2.1293016874330823       2.9689880672111215E-10   2.1293016874330823       1.9052627606095226E-10   2.1293016874330823       1.0467754012189119E-10   2.1293016874330823       4.239168140955785E-11    2.1293016874330823       4.4445597832425994E-11   2.1293016874330823       8.611739095375821E-11    2.1293016874330823       1.254040195684095E-10    2.1293016874330823       1.5895601196344354E-10   2.1293016874330823       1.886150632677901E-10    2.1293016874330823       2.1390353708915738E-10   2.1293016874330823       2.360164412298556E-10    2.1293016874330823       2.5534017793858366E-10   2.1293016874330823       2.7345646055517003E-10   2.1293016874330823       2.8980594106668426E-10   2.1293016874330823       3.040398583903373E-10    2.1293016874330823       3.182848950959307E-10    2.1293016874330823       3.3108875624615036E-10   2.1293016874330823       3.4340377181943304E-10   2.1293016874330823       3.5465529852757234E-10   2.1293016874330823
4.171336912266447         4.235146416886895E-8     2.111848394913139        3.780775510738399E-8     2.111848394913139        3.343144186996719E-8     2.111848394913139        2.9411379845801305E-8    2.111848394913139        2.5450092801817067E-8    2.111848394913139        2.1189967594666243E-8    2.111848394913139        1.7159878082277002E-8    2.111848394913139        1.3724729709563249E-8    2.111848394913139        1.0904340609722526E-8    2.111848394913139        8.64582931734347E-9      2.111848394913139        6.857320607546502E-9     2.111848394913139        5.450679081391125E-9     2.111848394913139        4.345178501303622E-9     2.111848394913139        3.4776812059675612E-9    2.111848394913139        2.795034847186959E-9     2.111848394913139        2.2571880409180246E-9    2.111848394913139        1.831933512840084E-9     2.111848394913139        1.4958622055125013E-9    2.111848394913139        1.2303441434203105E-9    2.111848394913139        1.0201847029866288E-9    2.111848394913139        8.547753182757647E-10    2.111848394913139        7.253766394267383E-10    2.111848394913139        6.247742713661838E-10    2.111848394913139        5.480595974187287E-10    2.111848394913139        4.892297213117421E-10    2.111848394913139        4.450997694093249E-10    2.111848394913139        4.119905633322127E-10    2.111848394913139        3.889375631677523E-10    2.111848394913139        3.7222675897848846E-10   2.111848394913139        3.6114999221781716E-10   2.111848394913139        3.5389620914126716E-10   2.111848394913139        3.4948297714757944E-10   2.111848394913139        3.482107757256511E-10    2.111848394913139        3.489022612336004E-10    2.111848394913139        3.5074598216324014E-10   2.111848394913139        3.530858930037326E-10    2.111848394913139        3.575784506117309E-10    2.111848394913139        3.6202126954128046E-10   2.111848394913139        3.6779804687867517E-10   2.111848394913139        3.7354787136385E-10      2.111848394913139        3.796491632049693E-10    2.111848394913139
4.1887902047863905        4.068286073962368E-8     2.094395102393196        3.603318275927375E-8     2.094395102393196        3.164061898138107E-8     2.094395102393196        2.7641283822137256E-8    2.094395102393196        2.3775168064349364E-8    2.094395102393196        1.9659526769239195E-8    2.094395102393196        1.5794723263452894E-8    2.094395102393196        1.2520867301102831E-8    2.094395102393196        9.848370159666297E-9     2.094395102393196        7.720020058954152E-9     2.094395102393196        6.043707520064695E-9     2.094395102393196        4.730996805117449E-9     2.094395102393196        3.7039291861196845E-9    2.094395102393196        2.900733952911963E-9     2.094395102393196        2.270597325885949E-9     2.094395102393196        1.775943485989233E-9     2.094395102393196        1.3855441735854662E-9    2.094395102393196        1.0779290515008648E-9    2.094395102393196        8.357488629681906E-10    2.094395102393196        6.455753453051931E-10    2.094395102393196        4.979624565399599E-10    2.094395102393196        3.853467276031485E-10    2.094395102393196        3.029715857848515E-10    2.094395102393196        2.4760218995797916E-10   2.094395102393196        2.1497660787354546E-10   2.094395102393196        2.0152084169038015E-10   2.094395102393196        2.001828895912527E-10    2.094395102393196        2.0746709396368783E-10   2.094395102393196        2.1823873658417763E-10   2.094395102393196        2.3069679175775713E-10   2.094395102393196        2.4359682839675963E-10   2.094395102393196        2.5580108929410457E-10   2.094395102393196        2.6730530783918056E-10   2.094395102393196        2.7840663458709607E-10   2.094395102393196        2.8873618940410536E-10   2.094395102393196        2.9872505110088344E-10   2.094395102393196        3.0765565596124935E-10   2.094395102393196        3.161941592520318E-10    2.094395102393196        3.245335688911973E-10    2.094395102393196        3.32601309066257E-10     2.094395102393196        3.404879866724511E-10    2.094395102393196
4.2062434973063345        3.91692197087644E-8      2.076941809873252        3.448276943336806E-8     2.076941809873252        3.012378179103578E-8     2.076941809873252        2.619020442707881E-8     2.076941809873252        2.2451642032084324E-8    2.076941809873252        1.8489505420393106E-8    2.076941809873252        1.4805550158357161E-8    2.076941809873252        1.1698387226391382E-8    2.076941809873252        9.175331805548245E-9     2.076941809873252        7.177574768481758E-9     2.076941809873252        5.612668414344031E-9     2.076941809873252        4.394711121487081E-9     2.076941809873252        3.44721206272821E-9      2.076941809873252        2.7109369051805006E-9    2.076941809873252        2.137079577147095E-9     2.076941809873252        1.6894664826377071E-9    2.076941809873252        1.338487143456077E-9     2.076941809873252        1.064068116907255E-9     2.076941809873252        8.499111967277428E-10    2.076941809873252        6.823554094691303E-10    2.076941809873252        5.529339621906466E-10    2.076941809873252        4.5447750434020095E-10   2.076941809873252        3.801362415411586E-10    2.076941809873252        3.267122166728117E-10    2.076941809873252        2.8900254494252594E-10   2.076941809873252        2.637199264973249E-10    2.076941809873252        2.481782248625628E-10    2.076941809873252        2.3950669638581155E-10   2.076941809873252        2.3594879700191026E-10   2.076941809873252        2.355362459111731E-10    2.076941809873252        2.3718190687871443E-10   2.076941809873252        2.4051683715591684E-10   2.076941809873252        2.4484624643963957E-10   2.076941809873252        2.5011836991840493E-10   2.076941809873252        2.556721666376691E-10    2.076941809873252        2.6127645728818814E-10   2.076941809873252        2.679739073800934E-10    2.076941809873252        2.7442570194978834E-10   2.076941809873252        2.8115192187174944E-10   2.076941809873252        2.885198577947134E-10    2.076941809873252        2.954471994884083E-10    2.076941809873252
4.223696789826278         3.759505669572377E-8     2.059488517353309        3.286619514243553E-8     2.059488517353309        2.853245844381549E-8     2.059488517353309        2.466927734809347E-8     2.059488517353309        2.1035178475608556E-8    2.059488517353309        1.7229165606870246E-8    2.059488517353309        1.371693233064331E-8     2.059488517353309        1.0762846787672737E-8    2.059488517353309        8.383587723582711E-9     2.059488517353309        6.5111952005786705E-9    2.059488517353309        5.053298883807844E-9     2.059488517353309        3.925639721583797E-9     2.059488517353309        3.0535686959941023E-9    2.059488517353309        2.380222596012208E-9     2.059488517353309        1.8588185429572862E-9    2.059488517353309        1.4547052550032058E-9    2.059488517353309        1.1403461191883346E-9    2.059488517353309        8.966240437782067E-10    2.059488517353309        7.077410699648815E-10    2.059488517353309        5.619271854855744E-10    2.059488517353309        4.5116971771427513E-10   2.059488517353309        3.677100685390527E-10    2.059488517353309        3.066049527828018E-10    2.059488517353309        2.6464213480571324E-10   2.059488517353309        2.364093918504653E-10    2.059488517353309        2.1926936067426426E-10   2.059488517353309        2.0927938429149272E-10   2.059488517353309        2.0579125270625006E-10   2.059488517353309        2.051518511380639E-10    2.059488517353309        2.0710705030433902E-10   2.059488517353309        2.1031615390147963E-10   2.059488517353309        2.140381548559603E-10    2.059488517353309        2.183007000092389E-10    2.059488517353309        2.2294957391193687E-10   2.059488517353309        2.278426618951185E-10    2.059488517353309        2.329515782608829E-10    2.059488517353309        2.377382538551328E-10    2.059488517353309        2.4291606689369846E-10   2.059488517353309        2.481318873058082E-10    2.059488517353309        2.5333015810405414E-10   2.059488517353309        2.5884637958302874E-10   2.059488517353309
4.241150082346221         3.612385550808109E-8     2.042035224833366        3.13869800664751E-8      2.042035224833366        2.7112749117713054E-8    2.042035224833366        2.334768747400185E-8     2.042035224833366        1.982326706799033E-8     2.042035224833366        1.6170406801043263E-8    2.042035224833366        1.2819132932597525E-8    2.042035224833366        1.0009631616516084E-8    2.042035224833366        7.759728160544253E-9     2.042035224833366        5.997017488313308E-9     2.042035224833366        4.630047964433396E-9     2.042035224833366        3.577071412978557E-9     2.042035224833366        2.765590117088438E-9     2.042035224833366        2.141076965479684E-9     2.042035224833366        1.658870768174206E-9     2.042035224833366        1.2860858590081887E-9    2.042035224833366        9.96273442562246E-10     2.042035224833366        7.71728268653209E-10     2.042035224833366        5.981301545232951E-10    2.042035224833366        4.6368736934075204E-10   2.042035224833366        3.6169838758853284E-10   2.042035224833366        2.8569180182033613E-10   2.042035224833366        2.3078241220235904E-10   2.042035224833366        1.9466876238452187E-10   2.042035224833366        1.7288392865905243E-10   2.042035224833366        1.6228378779633135E-10   2.042035224833366        1.594514654066661E-10    2.042035224833366        1.608093271669263E-10    2.042035224833366        1.6521017573696723E-10   2.042035224833366        1.7065649331151916E-10   2.042035224833366        1.766722592477902E-10    2.042035224833366        1.827182371844835E-10    2.042035224833366        1.8851409078047693E-10   2.042035224833366        1.9430826058440825E-10   2.042035224833366        1.9996616638520385E-10   2.042035224833366        2.050623688029785E-10    2.042035224833366        2.1012665391613645E-10   2.042035224833366        2.1520189040656313E-10   2.042035224833366        2.201326030185486E-10    2.042035224833366        2.2521385958510127E-10   2.042035224833366        2.29512157533392E-10     2.042035224833366
4.258603374866164         3.463308422537001E-8     2.024581932313423        2.990637987812306E-8     2.024581932313423        2.5686671727472226E-8    2.024581932313423        2.200855759188003E-8     2.024581932313423        1.8611220695910984E-8    2.024581932313423        1.5111634558291094E-8    2.024581932313423        1.192439854615639E-8     2.024581932313423        9.268439072692002E-9     2.024581932313423        7.151950772770817E-9     2.024581932313423        5.503615179192283E-9     2.024581932313423        4.2333297284576375E-9    2.024581932313423        3.2608486523623405E-9    2.024581932313423        2.516584008500084E-9     2.024581932313423        1.9479857900040156E-9    2.024581932313423        1.512340287637473E-9     2.024581932313423        1.1785919715308214E-9    2.024581932313423        9.217534632977438E-10    2.024581932313423        7.249336232547769E-10    2.024581932313423        5.743132673777235E-10    2.024581932313423        4.594494395475187E-10    2.024581932313423        3.733285466441799E-10    2.024581932313423        3.0872752267039885E-10   2.024581932313423        2.6185101321184805E-10   2.024581932313423        2.296118600472675E-10    2.024581932313423        2.073458373719819E-10    2.024581932313423        1.930496658103244E-10    2.024581932313423        1.8448151196996912E-10   2.024581932313423        1.8024327941090577E-10   2.024581932313423        1.7902557959618323E-10   2.024581932313423        1.7951823713130127E-10   2.024581932313423        1.8116574305107663E-10   2.024581932313423        1.8364415343985558E-10   2.024581932313423        1.8673632482903687E-10   2.024581932313423        1.902694434379059E-10    2.024581932313423        1.9376683313898712E-10   2.024581932313423        1.977940451511832E-10    2.024581932313423        2.018706505473881E-10    2.024581932313423        2.0578302763020834E-10   2.024581932313423        2.0993639139548616E-10   2.024581932313423        2.142113598383955E-10    2.024581932313423        2.1874398781415502E-10   2.024581932313423
4.276056667386107         3.3180840464783E-8       2.0071286397934798       2.8508762830215857E-8    2.0071286397934798       2.4363289213656978E-8    2.0071286397934798       2.0790907975608476E-8    2.0071286397934798       1.7513500156275302E-8    2.0071286397934798       1.4163508990922524E-8    2.0071286397934798       1.1129020341174741E-8    2.0071286397934798       8.60570373281801E-9      2.0071286397934798       6.606563308848246E-9     2.0071286397934798       5.055824366212517E-9     2.0071286397934798       3.864846574318762E-9     2.0071286397934798       2.9562473110308083E-9    2.0071286397934798       2.2626892273010063E-9    2.0071286397934798       1.7340241685381937E-9    2.0071286397934798       1.3297518947899368E-9    2.0071286397934798       1.0204737069803169E-9    2.0071286397934798       7.823712229344133E-10    2.0071286397934798       5.99928363162095E-10     2.0071286397934798       4.6083803446120316E-10   2.0071286397934798       3.549258892257865E-10    2.0071286397934798       2.7621341075606315E-10   2.0071286397934798       2.1979507200885433E-10   2.0071286397934798       1.814469574096573E-10    2.0071286397934798       1.583475469805107E-10    2.0071286397934798       1.4684077470067112E-10   2.0071286397934798       1.4324921575490112E-10   2.0071286397934798       1.4442679061430447E-10   2.0071286397934798       1.4841776078347078E-10   2.0071286397934798       1.538914872648884E-10    2.0071286397934798       1.597929132388193E-10    2.0071286397934798       1.6587347216963314E-10   2.0071286397934798       1.7201668259552186E-10   2.0071286397934798       1.7762275543445487E-10   2.0071286397934798       1.8340326185122042E-10   2.0071286397934798       1.891333942850414E-10    2.0071286397934798       1.9430851073862116E-10   2.0071286397934798       1.9944016818145554E-10   2.0071286397934798       2.04721425523319E-10     2.0071286397934798       2.1003376209984743E-10   2.0071286397934798       2.1505387191816757E-10   2.0071286397934798       2.1980299456388493E-10   2.0071286397934798
4.293509959906051         3.1732491851344276E-8    1.9896753472735356       2.7120694553274943E-8    1.9896753472735356       2.3039332227506394E-8    1.9896753472735356       1.957675085918406E-8     1.9896753472735356       1.642446490191083E-8     1.9896753472735356       1.3230175570498477E-8    1.9896753472735356       1.0342481726166906E-8    1.9896753472735356       7.956180027925597E-9     1.9896753472735356       6.077091040646399E-9     1.9896753472735356       4.6273345817897055E-9    1.9896753472735356       3.52017665608767E-9      1.9896753472735356       2.6800282811678186E-9    1.9896753472735356       2.0427535090149647E-9    1.9896753472735356       1.5600165776246465E-9    1.9896753472735356       1.1933091149285074E-9    1.9896753472735356       9.149895247660531E-10    1.9896753472735356       7.028263650909439E-10    1.9896753472735356       5.420850701648692E-10    1.9896753472735356       4.2072360101341317E-10   1.9896753472735356       3.3049471093827413E-10   1.9896753472735356       2.6468702653997954E-10   1.9896753472735356       2.18054826860942E-10     1.9896753472735356       1.8692935210656168E-10   1.9896753472735356       1.686440286793565E-10    1.9896753472735356       1.583337107670784E-10    1.9896753472735356       1.5392919832828404E-10   1.9896753472735356       1.5323950001731628E-10   1.9896753472735356       1.549499231825143E-10    1.9896753472735356       1.5782069407325377E-10   1.9896753472735356       1.6162434885765225E-10   1.9896753472735356       1.6555994474515887E-10   1.9896753472735356       1.6947691604906137E-10   1.9896753472735356       1.7379112684350057E-10   1.9896753472735356       1.781940125131219E-10    1.9896753472735356       1.8255034338056166E-10   1.9896753472735356       1.8697152952398984E-10   1.9896753472735356       1.9131992114637648E-10   1.9896753472735356       1.956544880837931E-10    1.9896753472735356       2.0003567058323627E-10   1.9896753472735356       2.0436108179209554E-10   1.9896753472735356       2.0903654767962735E-10   1.9896753472735356
4.310963252425994         3.03273359336406E-8      1.9722220547535925       2.5805201606631444E-8    1.9722220547535925       2.1832886959001608E-8    1.9722220547535925       1.8490435533180448E-8    1.9722220547535925       1.5475927284393485E-8    1.9722220547535925       1.2431558577521645E-8    1.9722220547535925       9.68758556462801E-9      1.9722220547535925       7.429954042348331E-9     1.9722220547535925       5.66210028303108E-9      1.9722220547535925       4.303595895060156E-9     1.9722220547535925       3.270085432135176E-9     1.9722220547535925       2.4890058615152783E-9    1.9722220547535925       1.89898127705324E-9      1.9722220547535925       1.453913174066823E-9     1.9722220547535925       1.117287570904295E-9     1.9722220547535925       8.629304613184573E-10    1.9722220547535925       6.698788102651866E-10    1.9722220547535925       5.24286030628615E-10     1.9722220547535925       4.152702913065167E-10    1.9722220547535925       3.3396612032201905E-10   1.9722220547535925       2.7478735441008285E-10   1.9722220547535925       2.332443149734007E-10    1.9722220547535925       2.050447383845888E-10    1.9722220547535925       1.8694441380904807E-10   1.9722220547535925       1.7649740154058252E-10   1.9722220547535925       1.7124708699222498E-10   1.9722220547535925       1.6936396287822414E-10   1.9722220547535925       1.698125929424925E-10    1.9722220547535925       1.7201959426585782E-10   1.9722220547535925       1.7487885949552111E-10   1.9722220547535925       1.7839673613449717E-10   1.9722220547535925       1.8215266585513864E-10   1.9722220547535925       1.859002652032789E-10    1.9722220547535925       1.8999405070511864E-10   1.9722220547535925       1.9412336045030293E-10   1.9722220547535925       1.9790250324456428E-10   1.9722220547535925       2.019596157219849E-10    1.9722220547535925       2.0581934275287013E-10   1.9722220547535925       2.0983361820254634E-10   1.9722220547535925       2.1387536329671815E-10   1.9722220547535925       2.1744947090055632E-10   1.9722220547535925
4.328416544945937         2.8910517734446243E-8    1.9547687622336494       2.445431930006141E-8     1.9547687622336494       2.058109003223982E-8     1.9547687622336494       1.7348707739892694E-8    1.9547687622336494       1.445441199744169E-8     1.9547687622336494       1.1549560384937557E-8    1.9547687622336494       8.940283622293678E-9     1.9547687622336494       6.807454924799031E-9     1.9547687622336494       5.142967016679275E-9     1.9547687622336494       3.868893963339955E-9     1.9547687622336494       2.903481209511313E-9     1.9547687622336494       2.1761386741626483E-9    1.9547687622336494       1.6284182780053342E-9    1.9547687622336494       1.216145851017455E-9     1.9547687622336494       9.048788746911109E-10    1.9547687622336494       6.699831690760016E-10    1.9547687622336494       4.91971953115216E-10     1.9547687622336494       3.581535460965392E-10    1.9547687622336494       2.584916787608508E-10    1.9547687622336494       1.8640212017519146E-10   1.9547687622336494       1.3839253432497515E-10   1.9547687622336494       1.1137523131797775E-10   1.9547687622336494       1.0233845772810074E-10   1.9547687622336494       1.0573529186629912E-10   1.9547687622336494       1.1401474986598007E-10   1.9547687622336494       1.2407204500938961E-10   1.9547687622336494       1.3403378377544736E-10   1.9547687622336494       1.4355395519137265E-10   1.9547687622336494       1.5228434298836294E-10   1.9547687622336494       1.605298251889115E-10    1.9547687622336494       1.6804909511164082E-10   1.9547687622336494       1.75122673775064E-10     1.9547687622336494       1.8176002189145291E-10   1.9547687622336494       1.8831683296886193E-10   1.9547687622336494       1.9457948048604965E-10   1.9547687622336494       2.0070067452733051E-10   1.9547687622336494       2.064231672541245E-10    1.9547687622336494       2.1240573357700956E-10   1.9547687622336494       2.1820080998228603E-10   1.9547687622336494       2.2396154374234845E-10   1.9547687622336494       2.2979361790831238E-10   1.9547687622336494
4.34586983746588          2.754435667569011E-8     1.9373154697137063       2.321794220354235E-8     1.9373154697137063       1.9486196111508972E-8    1.9373154697137063       1.638880346496374E-8     1.9373154697137063       1.3639854133536785E-8    1.9373154697137063       1.0886294350108322E-8    1.9373154697137063       8.42694261651756E-9      1.9373154697137063       6.430055297708086E-9     1.9373154697137063       4.874097666297801E-9     1.9373154697137063       3.688710906691434E-9     1.9373154697137063       2.794881505673155E-9     1.9373154697137063       2.1254256205826397E-9    1.9373154697137063       1.6244287851221123E-9    1.9373154697137063       1.2502536778969423E-9    1.9373154697137063       9.700584736579987E-10    1.9373154697137063       7.603375164485717E-10    1.9373154697137063       6.027797865638405E-10    1.9373154697137063       4.850836092768977E-10    1.9373154697137063       3.973434679923502E-10    1.9373154697137063       3.3175753720559473E-10   1.9373154697137063       2.837515189311417E-10    1.9373154697137063       2.490714197015929E-10    1.9373154697137063       2.2412369670229416E-10   1.9373154697137063       2.0686177766576323E-10   1.9373154697137063       1.954030347872909E-10    1.9373154697137063       1.8834936286155698E-10   1.9373154697137063       1.8428583631368952E-10   1.9373154697137063       1.827363916190134E-10    1.9373154697137063       1.829124264797245E-10    1.9373154697137063       1.8444654544136924E-10   1.9373154697137063       1.870174898516502E-10    1.9373154697137063       1.8998551980630856E-10   1.9373154697137063       1.9355236442475144E-10   1.9373154697137063       1.9766369976184212E-10   1.9373154697137063       2.019785889884404E-10    1.9373154697137063       2.0636014752002192E-10   1.9373154697137063       2.1128630839749874E-10   1.9373154697137063       2.1593385147204693E-10   1.9373154697137063       2.211463844323369E-10    1.9373154697137063       2.263431063566267E-10    1.9373154697137063       2.315201606003964E-10    1.9373154697137063
4.363323129985823         2.6135460038981022E-8    1.9198621771937632       2.189901389534198E-8     1.9198621771937632       1.8292491777781317E-8    1.9198621771937632       1.5311050031391994E-8    1.9198621771937632       1.267628783139893E-8     1.9198621771937632       1.0054406625842584E-8    1.9198621771937632       7.732986598575513E-9     1.9198621771937632       5.841016806408131E-9     1.9198621771937632       4.3758689971661464E-9    1.9198621771937632       3.2622058170527344E-9    1.9198621771937632       2.4240683494463355E-9    1.9198621771937632       1.7966483682683933E-9    1.9198621771937632       1.3268351272979845E-9    1.9198621771937632       9.749527020067717E-10    1.9198621771937632       7.102746841162378E-10    1.9198621771937632       5.107854239243066E-10    1.9198621771937632       3.590543911470365E-10    1.9198621771937632       2.4373149061888393E-10   1.9198621771937632       1.558451793019812E-10    1.9198621771937632       8.809169417524463E-11    1.9198621771937632       3.608545831894549E-11    1.9198621771937632       4.835457194539943E-12    1.9198621771937632       3.606185016043957E-11    1.9198621771937632       6.097145427272369E-11    1.9198621771937632       8.08888366057881E-11     1.9198621771937632       9.708757702968727E-11    1.9198621771937632       1.1033476637762111E-10   1.9198621771937632       1.2149194263844758E-10   1.9198621771937632       1.3123479869517198E-10   1.9198621771937632       1.3950589713579953E-10   1.9198621771937632       1.4692527995304113E-10   1.9198621771937632       1.5375364050616846E-10   1.9198621771937632       1.5979386094440878E-10   1.9198621771937632       1.6552238397598327E-10   1.9198621771937632       1.71112140438327E-10     1.9198621771937632       1.7642200287871092E-10   1.9198621771937632       1.8135671222498912E-10   1.9198621771937632       1.8640491469007683E-10   1.9198621771937632       1.9133976352419002E-10   1.9198621771937632       1.9625805000394343E-10   1.9198621771937632       2.0096648845197086E-10   1.9198621771937632
4.380776422505767         2.4812061991944737E-8    1.9024088846738192       2.071749743486841E-8     1.9024088846738192       1.7243170798182108E-8    1.9024088846738192       1.4399355917667719E-8    1.9024088846738192       1.1899850824793395E-8    1.9024088846738192       9.426638190268092E-9     1.9024088846738192       7.243890243509004E-9     1.9024088846738192       5.475958624738039E-9     1.9024088846738192       4.111146344039011E-9     1.9024088846738192       3.079022688372686E-9     1.9024088846738192       2.30678502326569E-9      1.9024088846738192       1.7325874568405696E-9    1.9024088846738192       1.3061196400662223E-9    1.9024088846738192       9.8988308444299E-10      1.9024088846738192       7.549174640642307E-10    1.9024088846738192       5.805355320035039E-10    1.9024088846738192       4.5075414426970946E-10   1.9024088846738192       3.548669497471636E-10    1.9024088846738192       2.8433116516241935E-10   1.9024088846738192       2.3263225365399697E-10   1.9024088846738192       1.957289343097471E-10    1.9024088846738192       1.694546200368257E-10    1.9024088846738192       1.5135318116945632E-10   1.9024088846738192       1.3961088504248881E-10   1.9024088846738192       1.3211234913239235E-10   1.9024088846738192       1.278479756648302E-10    1.9024088846738192       1.2572921606422706E-10   1.9024088846738192       1.2530449418029122E-10   1.9024088846738192       1.2591295699255817E-10   1.9024088846738192       1.276373367142224E-10    1.9024088846738192       1.2969480332375765E-10   1.9024088846738192       1.3191015073478005E-10   1.9024088846738192       1.3461606780646068E-10   1.9024088846738192       1.375773927682498E-10    1.9024088846738192       1.4060588655238585E-10   1.9024088846738192       1.4364384219442685E-10   1.9024088846738192       1.4656196909249632E-10   1.9024088846738192       1.496208891387644E-10    1.9024088846738192       1.5277683824130315E-10   1.9024088846738192       1.5595353278621797E-10   1.9024088846738192       1.5908859700453044E-10   1.9024088846738192
4.39822971502571          2.3418152253976083E-8    1.884955592153876        1.949941579055379E-8     1.884955592153876        1.6166514273246998E-8    1.884955592153876        1.3467658588495225E-8    1.884955592153876        1.1106720135298746E-8    1.884955592153876        8.780591886292762E-9     1.884955592153876        6.720284455634625E-9     1.884955592153876        5.072810726251541E-9     1.884955592153876        3.798705666132182E-9     1.884955592153876        2.8377230099664206E-9    1.884955592153876        2.1203985507803806E-9    1.884955592153876        1.5883971148892245E-9    1.884955592153876        1.1939923146895291E-9    1.884955592153876        9.021623397752377E-10    1.884955592153876        6.858303253449326E-10    1.884955592153876        5.25597777320622E-10     1.884955592153876        4.067810743772264E-10    1.884955592153876        3.1932236224949163E-10   1.884955592153876        2.5580154951975927E-10   1.884955592153876        2.1001598089434974E-10   1.884955592153876        1.7811437423383902E-10   1.884955592153876        1.5697294425764362E-10   1.884955592153876        1.4378561100088863E-10   1.884955592153876        1.3563697704505E-10      1.884955592153876        1.3182041384825685E-10   1.884955592153876        1.30429015789402E-10     1.884955592153876        1.3095186877066713E-10   1.884955592153876        1.3278403028756328E-10   1.884955592153876        1.3531113326838655E-10   1.884955592153876        1.382767215768217E-10    1.884955592153876        1.4178393985048144E-10   1.884955592153876        1.4532783365580354E-10   1.884955592153876        1.4892103435136433E-10   1.884955592153876        1.5276687872479062E-10   1.884955592153876        1.5665267312071898E-10   1.884955592153876        1.6036548449854862E-10   1.884955592153876        1.6443884156588545E-10   1.884955592153876        1.6828019096373532E-10   1.884955592153876        1.7237730727688253E-10   1.884955592153876        1.7627847904800123E-10   1.884955592153876        1.8024521088386615E-10   1.884955592153876
4.4156830075456535        2.2086723423856646E-8    1.867502299633933        1.8300537573732815E-8    1.867502299633933        1.510711899220849E-8     1.867502299633933        1.2529358647507106E-8    1.867502299633933        1.0290582714450925E-8    1.867502299633933        8.088508847733292E-9     1.867502299633933        6.1484633600899585E-9    1.867502299633933        4.5981959306705E-9       1.867502299633933        3.405859515252157E-9     1.867502299633933        2.5085564231272436E-9    1.867502299633933        1.8400815046058318E-9    1.867502299633933        1.3445979587228864E-9    1.867502299633933        9.771272109541608E-10    1.867502299633933        7.046108487172202E-10    1.867502299633933        5.016559124553155E-10    1.867502299633933        3.5029581321839274E-10   1.867502299633933        2.367478644735784E-10    1.867502299633933        1.5191512968423197E-10   1.867502299633933        8.958430835322841E-11    1.867502299633933        4.824700228761074E-11    1.867502299633933        3.6983331829863975E-11   1.867502299633933        5.1281886494346656E-11   1.867502299633933        6.954963369074805E-11    1.867502299633933        8.629810989330219E-11    1.867502299633933        1.001134547010989E-10    1.867502299633933        1.1205895706711216E-10   1.867502299633933        1.2192881363280823E-10   1.867502299633933        1.304992582537544E-10    1.867502299633933        1.3824671019832486E-10   1.867502299633933        1.4513899340449952E-10   1.867502299633933        1.5128625627526352E-10   1.867502299633933        1.5718600431400877E-10   1.867502299633933        1.6248336093734741E-10   1.867502299633933        1.6772705731505213E-10   1.867502299633933        1.727184920983925E-10    1.867502299633933        1.774785921486332E-10    1.867502299633933        1.8200238731718898E-10   1.867502299633933        1.864861434678223E-10    1.867502299633933        1.909853130081113E-10    1.867502299633933        1.9563926296235804E-10   1.867502299633933        1.9997084705245394E-10   1.867502299633933
4.4331363000655974        2.0798294229897695E-8    1.850049007113989        1.7180376537230637E-8    1.850049007113989        1.4153226068299822E-8    1.850049007113989        1.1716090814325764E-8    1.850049007113989        9.617314784794187E-9     1.850049007113989        7.559358900328283E-9     1.850049007113989        5.753855541043701E-9     1.850049007113989        4.314981398508544E-9     1.850049007113989        3.2129440571710503E-9    1.850049007113989        2.3875739671291547E-9    1.850049007113989        1.7760575303212731E-9    1.850049007113989        1.3258513676010332E-9    1.850049007113989        9.946876215503558E-10    1.850049007113989        7.517380254886177E-10    1.850049007113989        5.730875357527574E-10    1.850049007113989        4.419406921545106E-10    1.850049007113989        3.455669443769855E-10    1.850049007113989        2.7515641186414234E-10   1.850049007113989        2.2391390259805613E-10   1.850049007113989        1.870193162600837E-10    1.850049007113989        1.6082908334280326E-10   1.850049007113989        1.424774287320378E-10    1.850049007113989        1.299973789183472E-10    1.850049007113989        1.218474661350113E-10    1.850049007113989        1.1682311212349344E-10   1.850049007113989        1.1396723287132719E-10   1.850049007113989        1.1269740640861322E-10   1.850049007113989        1.1270989279216265E-10   1.850049007113989        1.1339748727639378E-10   1.850049007113989        1.1495105824192096E-10   1.850049007113989        1.168403741450788E-10    1.850049007113989        1.1875995996323926E-10   1.850049007113989        1.2107456513832222E-10   1.850049007113989        1.234465163396217E-10    1.850049007113989        1.2606083943457004E-10   1.850049007113989        1.286561225949232E-10    1.850049007113989        1.313227600120708E-10    1.850049007113989        1.341371908246698E-10    1.850049007113989        1.36935764002152E-10     1.850049007113989        1.3972401584408853E-10   1.850049007113989        1.4263372820939623E-10   1.850049007113989
4.4505895925855405        1.940659920410644E-8     1.832595714594046        1.599116862427323E-8     1.832595714594046        1.313582758509041E-8     1.832595714594046        1.0848119970369569E-8    1.832595714594046        8.891524954888731E-9     1.832595714594046        6.975339354920462E-9     1.832595714594046        5.3034294619434996E-9    1.832595714594046        3.973227612644022E-9     1.832595714594046        2.953897839792626E-9     1.832595714594046        2.191983392796286E-9     1.832595714594046        1.6284120536141268E-9    1.832595714594046        1.2142916724257528E-9    1.832595714594046        9.100738436508474E-10    1.832595714594046        6.872325029120292E-10    1.832595714594046        5.237159704999738E-10    1.832595714594046        4.038706206570789E-10    1.832595714594046        3.160667081365925E-10    1.832595714594046        2.5231976475075797E-10   1.832595714594046        2.0654109536858776E-10   1.832595714594046        1.7417649310939962E-10   1.832595714594046        1.5183225248585546E-10   1.832595714594046        1.3739204581784147E-10   1.832595714594046        1.2842212718447893E-10   1.832595714594046        1.2306160259691565E-10   1.832595714594046        1.208720319206708E-10    1.832595714594046        1.2051912279277668E-10   1.832595714594046        1.2145439597481094E-10   1.832595714594046        1.2352644382926866E-10   1.832595714594046        1.2642539722703522E-10   1.832595714594046        1.2961829419544616E-10   1.832595714594046        1.3328508171989618E-10   1.832595714594046        1.3705380428977376E-10   1.832595714594046        1.408885139406902E-10    1.832595714594046        1.45058668444886E-10     1.832595714594046        1.49281238316205E-10     1.832595714594046        1.5342279154944073E-10   1.832595714594046        1.5768408191565351E-10   1.832595714594046        1.6187261942049034E-10   1.832595714594046        1.6615317757067437E-10   1.832595714594046        1.7033163181289426E-10   1.832595714594046        1.744349132860528E-10    1.832595714594046
4.468042885105484         1.8085131786079353E-8    1.8151424220741028       1.4841303796714441E-8    1.8151424220741028       1.2141386412486419E-8    1.8151424220741028       9.988004882553285E-9     1.8151424220741028       8.148474223438568E-9     1.8151424220741028       6.364024808005767E-9     1.8151424220741028       4.80396332656394E-9      1.8151424220741028       3.5657814315663637E-9    1.8151424220741028       2.6191673391489754E-9    1.8151424220741028       1.9122640983525787E-9    1.8151424220741028       1.3895861145168718E-9    1.8151424220741028       1.0050348780048073E-9    1.8151424220741028       7.217811696491582E-10    1.8151424220741028       5.131178046040054E-10    1.8151424220741028       3.5872471636684223E-10   1.8151424220741028       2.440964572374986E-10    1.8151424220741028       1.5836565532460095E-10   1.8151424220741028       9.424584899243546E-11    1.8151424220741028       4.6449412122720647E-11   1.8151424220741028       1.4359376222928444E-11   1.8151424220741028       2.3217641792877074E-11   1.8151424220741028       4.336466211497073E-11    1.8151424220741028       5.971054095431787E-11    1.8151424220741028       7.291645716468539E-11    1.8151424220741028       8.346887278411532E-11    1.8151424220741028       9.23768209293582E-11     1.8151424220741028       9.973564821674635E-11    1.8151424220741028       1.0611949970160111E-10   1.8151424220741028       1.1180697413858274E-10   1.8151424220741028       1.168725025243202E-10    1.8151424220741028       1.2154551385834885E-10   1.8151424220741028       1.2600844055674298E-10   1.8151424220741028       1.3010754213994096E-10   1.8151424220741028       1.3421379888968598E-10   1.8151424220741028       1.3823844665127636E-10   1.8151424220741028       1.4197599189410022E-10   1.8151424220741028       1.4573665407044226E-10   1.8151424220741028       1.4932160968828E-10      1.8151424220741028       1.531074141325064E-10    1.8151424220741028       1.5694149351145325E-10   1.8151424220741028       1.605857612267371E-10    1.8151424220741028
4.485496177625427         1.6838856380076925E-8    1.7976891295541597       1.3780495099531433E-8    1.7976891295541597       1.1246095751239413E-8    1.7976891295541597       9.23405644121607E-9      1.7976891295541597       7.521163703884967E-9     1.7976891295541597       5.866066411879127E-9     1.7976891295541597       4.426416578837371E-9     1.7976891295541597       3.280250097853361E-9     1.7976891295541597       2.4110164056761116E-9    1.7976891295541597       1.7644207655863304E-9    1.7976891295541597       1.2885127910158613E-9    1.7976891295541597       9.401990935028665E-10    1.7976891295541597       6.854124307828365E-10    1.7976891295541597       4.99450783658876E-10     1.7976891295541597       3.6363576650260915E-10   1.7976891295541597       2.6483398444621424E-10   1.7976891295541597       1.935950141781984E-10    1.7976891295541597       1.436330380927233E-10    1.7976891295541597       1.1019873574016487E-10   1.7976891295541597       9.031205499780086E-11    1.7976891295541597       8.0626070693899E-11      1.7976891295541597       7.759552653061407E-11    1.7976891295541597       7.836322823383663E-11    1.7976891295541597       8.136290694735769E-11    1.7976891295541597       8.485555299113114E-11    1.7976891295541597       8.87032129724679E-11     1.7976891295541597       9.257476970394139E-11    1.7976891295541597       9.639771477220421E-11    1.7976891295541597       1.0016837073878798E-10   1.7976891295541597       1.0409846786474559E-10   1.7976891295541597       1.0787155027977787E-10   1.7976891295541597       1.1155923560650241E-10   1.7976891295541597       1.152740202181041E-10    1.7976891295541597       1.1906363851990803E-10   1.7976891295541597       1.2280954987867297E-10   1.7976891295541597       1.265198748272908E-10    1.7976891295541597       1.3017145158703829E-10   1.7976891295541597       1.340198984931495E-10    1.7976891295541597       1.3773576496494213E-10   1.7976891295541597       1.414910927158374E-10    1.7976891295541597       1.4508007993644438E-10   1.7976891295541597
4.50294947014537          1.54931846753431E-8      1.7802358370342166       1.2661358218792713E-8    1.7802358370342166       1.0318079650321753E-8    1.7802358370342166       8.463890549836092E-9     1.7802358370342166       6.899977115501616E-9     1.7802358370342166       5.3830653045539315E-9    1.7802358370342166       4.070340670905078E-9     1.7802358370342166       3.0302164953994374E-9    1.7802358370342166       2.2419960969652723E-9    1.7802358370342166       1.6578224461578705E-9    1.7802358370342166       1.2295788440662778E-9    1.7802358370342166       9.178199422112944E-10    1.7802358370342166       6.911055939932627E-10    1.7802358370342166       5.267857137781428E-10    1.7802358370342166       4.0755855460979777E-10   1.7802358370342166       3.2104153217539133E-10   1.7802358370342166       2.583865192360755E-10    1.7802358370342166       2.1322350152462375E-10   1.7802358370342166       1.8073803535358055E-10   1.7802358370342166       1.5765942054622446E-10   1.7802358370342166       1.4144705566526334E-10   1.7802358370342166       1.3040851088334442E-10   1.7802358370342166       1.2309932194964476E-10   1.7802358370342166       1.184749270606949E-10    1.7802358370342166       1.1611920835720654E-10   1.7802358370342166       1.1520005604737949E-10   1.7802358370342166       1.152933321298108E-10    1.7802358370342166       1.1635174142944067E-10   1.7802358370342166       1.180576781180587E-10    1.7802358370342166       1.202854351577661E-10    1.7802358370342166       1.2281815198613742E-10   1.7802358370342166       1.2544199539052544E-10   1.7802358370342166       1.2830696846274652E-10   1.7802358370342166       1.31424429254037E-10     1.7802358370342166       1.3464372253412759E-10   1.7802358370342166       1.379458503935607E-10    1.7802358370342166       1.4127575094907665E-10   1.7802358370342166       1.4480572116904505E-10   1.7802358370342166       1.4837067884466027E-10   1.7802358370342166       1.5184533051614398E-10   1.7802358370342166       1.5539527600645864E-10   1.7802358370342166
4.520402762665313         1.4094732033281983E-8    1.7627825445142735       1.1496017565282746E-8    1.7627825445142735       9.351710910732146E-9     1.7627825445142735       7.650699253243568E-9     1.7627825445142735       6.232929535480826E-9     1.7627825445142735       4.8524602202219575E-9    1.7627825445142735       3.6590511386219107E-9    1.7627825445142735       2.7141028782567383E-9    1.7627825445142735       1.999693134368321E-9     1.7627825445142735       1.4705055090111413E-9    1.7627825445142735       1.0825551149091376E-9    1.7627825445142735       8.000855290672612E-10    1.7627825445142735       5.945236885272923E-10    1.7627825445142735       4.454653421899788E-10    1.7627825445142735       3.374719750828846E-10    1.7627825445142735       2.594383051789534E-10    1.7627825445142735       2.0355367731526984E-10   1.7627825445142735       1.642141592961835E-10    1.7627825445142735       1.3728468719159404E-10   1.7627825445142735       1.1949930374691015E-10   1.7627825445142735       1.0843299386897047E-10   1.7627825445142735       1.0224091335201566E-10   1.7627825445142735       9.933739173168679E-11    1.7627825445142735       9.830913422372993E-11    1.7627825445142735       9.891441870025041E-11    1.7627825445142735       1.0038227186702007E-10   1.7627825445142735       1.0223484438284404E-10   1.7627825445142735       1.0465649100593028E-10   1.7627825445142735       1.0723161005583861E-10   1.7627825445142735       1.0988924000012365E-10   1.7627825445142735       1.1266319945534097E-10   1.7627825445142735       1.1535423713124902E-10   1.7627825445142735       1.1801605787922572E-10   1.7627825445142735       1.2083154420710105E-10   1.7627825445142735       1.2363260337360096E-10   1.7627825445142735       1.2631535923692673E-10   1.7627825445142735       1.2912341417076617E-10   1.7627825445142735       1.3182537004589175E-10   1.7627825445142735       1.3475204698039393E-10   1.7627825445142735       1.376168398338422E-10    1.7627825445142735       1.405905554137945E-10    1.7627825445142735
4.537856055185257         1.2812761880762901E-8    1.7453292519943295       1.041233847879632E-8     1.7453292519943295       8.447693122269883E-9     1.7453292519943295       6.887623293447466E-9     1.7453292519943295       5.587885868391034E-9     1.7453292519943295       4.334302337054264E-9     1.7453292519943295       3.247381143471336E-9     1.7453292519943295       2.387757423195899E-9     1.7453292519943295       1.7395081543102473E-9    1.7453292519943295       1.2594767423745204E-9    1.7453292519943295       9.074042273088107E-10    1.7453292519943295       6.504715935721914E-10    1.7453292519943295       4.626806876830845E-10    1.7453292519943295       3.253980789850285E-10    1.7453292519943295       2.2471959401606732E-10   1.7453292519943295       1.5068431104573805E-10   1.7453292519943295       9.63496875180681E-11     1.7453292519943295       5.7611436917229785E-11   1.7453292519943295       3.408107876478771E-11    1.7453292519943295       2.932648264581761E-11    1.7453292519943295       3.7827656382050204E-11   1.7453292519943295       4.870146394574255E-11    1.7453292519943295       5.843700315666937E-11    1.7453292519943295       6.683094687777167E-11    1.7453292519943295       7.386280565555962E-11    1.7453292519943295       7.998116409229653E-11    1.7453292519943295       8.519709542880683E-11    1.7453292519943295       8.984421168764245E-11    1.7453292519943295       9.406417281025271E-11    1.7453292519943295       9.774377502144041E-11    1.7453292519943295       1.0121911550572821E-10   1.7453292519943295       1.0445148607083661E-10   1.7453292519943295       1.073820850210098E-10    1.7453292519943295       1.1022926931148582E-10   1.7453292519943295       1.1297021297838633E-10   1.7453292519943295       1.1547904723152039E-10   1.7453292519943295       1.180074692724092E-10    1.7453292519943295       1.203193530515552E-10    1.7453292519943295       1.2273802269301977E-10   1.7453292519943295       1.2524611850091765E-10   1.7453292519943295       1.2763214933432999E-10   1.7453292519943295
4.5553093477052           1.1643934573123655E-8    1.7278759594743864       9.434305683966616E-9     1.7278759594743864       7.6327600737963E-9       1.7278759594743864       6.208362613200018E-9     1.7278759594743864       5.028409783700781E-9     1.7278759594743864       3.883982013574716E-9     1.7278759594743864       2.901965146115155E-9     1.7278759594743864       2.1267229936686016E-9    1.7278759594743864       1.5414480367505383E-9    1.7278759594743864       1.1089207163527672E-9    1.7278759594743864       7.924223580626118E-10    1.7278759594743864       5.619106812876369E-10    1.7278759594743864       3.938940375010709E-10    1.7278759594743864       2.7147165609095556E-10   1.7278759594743864       1.8216587517679084E-10   1.7278759594743864       1.1729729976886993E-10   1.7278759594743864       7.135285057308488E-11    1.7278759594743864       4.308262693418613E-11    1.7278759594743864       3.5379884631201423E-11   1.7278759594743864       4.327894795350952E-11    1.7278759594743864       5.4669510379114574E-11   1.7278759594743864       6.524669798317652E-11    1.7278759594743864       7.422977665971474E-11    1.7278759594743864       8.213000054593284E-11    1.7278759594743864       8.877693307073053E-11    1.7278759594743864       9.47291270169971E-11     1.7278759594743864       1.0003272837273365E-10   1.7278759594743864       1.0482632052776239E-10   1.7278759594743864       1.0944253531360923E-10   1.7278759594743864       1.1375878918488624E-10   1.7278759594743864       1.1785377753772516E-10   1.7278759594743864       1.2183107913973876E-10   1.7278759594743864       1.256038566512036E-10    1.7278759594743864       1.2939937512701916E-10   1.7278759594743864       1.3314610192158089E-10   1.7278759594743864       1.367268065625428E-10    1.7278759594743864       1.4030649430446397E-10   1.7278759594743864       1.439100722177472E-10    1.7278759594743864       1.475087836314001E-10    1.7278759594743864       1.5122766192782796E-10   1.7278759594743864       1.547612701852977E-10    1.7278759594743864
4.572762640225144         1.0422380364675175E-8    1.7104226669544424       8.431722776879951E-9     1.7104226669544424       6.8121168293188734E-9    1.7104226669544424       5.541966294188765E-9     1.7104226669544424       4.485494166248899E-9     1.7104226669544424       3.4578416340451677E-9    1.7104226669544424       2.5904716518866048E-9    1.7104226669544424       1.903546871860151E-9     1.7104226669544424       1.386497475030199E-9     1.7104226669544424       1.0058793330394613E-9    1.7104226669544424       7.287346220510131E-10    1.7104226669544424       5.282179985235302E-10    1.7104226669544424       3.834096265425519E-10    1.7104226669544424       2.7931732167604786E-10   1.7104226669544424       2.0480519575559887E-10   1.7104226669544424       1.5207532076718408E-10   1.7104226669544424       1.156796791172436E-10    1.7104226669544424       9.188687111090685E-11    1.7104226669544424       7.754030861125324E-11    1.7104226669544424       7.023415152064094E-11    1.7104226669544424       6.744761715700431E-11    1.7104226669544424       6.731047577831552E-11    1.7104226669544424       6.862588986365498E-11    1.7104226669544424       7.079409734406509E-11    1.7104226669544424       7.326690364509506E-11    1.7104226669544424       7.594577559536957E-11    1.7104226669544424       7.866181606601955E-11    1.7104226669544424       8.134738970957604E-11    1.7104226669544424       8.407530958935231E-11    1.7104226669544424       8.684600133781666E-11    1.7104226669544424       8.942172378222781E-11    1.7104226669544424       9.191900908930473E-11    1.7104226669544424       9.433883317591937E-11    1.7104226669544424       9.677989654312154E-11    1.7104226669544424       9.918069810312731E-11    1.7104226669544424       1.01428603753616E-10     1.7104226669544424       1.0368109366138198E-10   1.7104226669544424       1.0602966474287393E-10   1.7104226669544424       1.0833036952631906E-10   1.7104226669544424       1.1066780442659862E-10   1.7104226669544424       1.1287072678588434E-10   1.7104226669544424
4.590215932745087         9.06138176741858E-9      1.6929693744344994       7.330107318031954E-9     1.6929693744344994       5.910535270106084E-9     1.6929693744344994       4.811890257336352E-9     1.6929693744344994       3.905234727717294E-9     1.6929693744344994       3.022109985183884E-9     1.6929693744344994       2.268644615721247E-9     1.6929693744344994       1.670707455919402E-9     1.6929693744344994       1.2261754617068541E-9    1.6929693744344994       8.997764197663572E-10    1.6929693744344994       6.627964752721197E-10    1.6929693744344994       4.920362137312879E-10    1.6929693744344994       3.6925521329017627E-10   1.6929693744344994       2.814248936548138E-10    1.6929693744344994       2.1869519362065028E-10   1.6929693744344994       1.7405818796708644E-10   1.6929693744344994       1.4252025352367093E-10   1.6929693744344994       1.2057136084241124E-10   1.6929693744344994       1.0546060401059822E-10   1.6929693744344994       9.536406522663405E-11    1.6929693744344994       8.88908648781653E-11     1.6929693744344994       8.502585382448976E-11    1.6929693744344994       8.305717755724808E-11    1.6929693744344994       8.239179010663033E-11    1.6929693744344994       8.28304583743719E-11     1.6929693744344994       8.392493946224549E-11    1.6929693744344994       8.53784022024607E-11     1.6929693744344994       8.730458545410043E-11    1.6929693744344994       8.937645681427583E-11    1.6929693744344994       9.169892436189504E-11    1.6929693744344994       9.399032361586169E-11    1.6929693744344994       9.620333726605685E-11    1.6929693744344994       9.84363216766404E-11     1.6929693744344994       1.0071677058870114E-10   1.6929693744344994       1.0300287982469781E-10   1.6929693744344994       1.0516491202936734E-10   1.6929693744344994       1.0735042267312133E-10   1.6929693744344994       1.0958727972320526E-10   1.6929693744344994       1.1186166117906472E-10   1.6929693744344994       1.1413344865513051E-10   1.6929693744344994       1.1638342562809024E-10   1.6929693744344994
4.60766922526503          7.579186820414268E-9     1.6755160819145563       6.124299547172628E-9     1.6755160819145563       4.943848740550612E-9     1.6755160819145563       4.019972762084159E-9     1.6755160819145563       3.2644459289872576E-9    1.6755160819145563       2.526950516829516E-9     1.6755160819145563       1.9010380293803962E-9    1.6755160819145563       1.4082814567099748E-9    1.6755160819145563       1.0391513204005634E-9    1.6755160819145563       7.684553756163041E-10    1.6755160819145563       5.721275836855477E-10    1.6755160819145563       4.309011969378095E-10    1.6755160819145563       3.2949590830892424E-10   1.6755160819145563       2.570999431813737E-10    1.6755160819145563       2.0550002153720128E-10   1.6755160819145563       1.688533289763705E-10    1.6755160819145563       1.4303325308502298E-10   1.6755160819145563       1.2516005851600895E-10   1.6755160819145563       1.1297313110561789E-10   1.6755160819145563       1.0492640109898635E-10   1.6755160819145563       9.997308220950608E-11    1.6755160819145563       9.729041604617793E-11    1.6755160819145563       9.625032770980094E-11    1.6755160819145563       9.635351841302888E-11    1.6755160819145563       9.751010314530206E-11    1.6755160819145563       9.92843023725796E-11     1.6755160819145563       1.0137143833342978E-10   1.6755160819145563       1.0400687337028122E-10   1.6755160819145563       1.0681468536205503E-10   1.6755160819145563       1.098527812078452E-10    1.6755160819145563       1.1297198028896939E-10   1.6755160819145563       1.16048679906166E-10     1.6755160819145563       1.191436479977323E-10    1.6755160819145563       1.2234417201891567E-10   1.6755160819145563       1.2554257252293947E-10   1.6755160819145563       1.2864843942397132E-10   1.6755160819145563       1.3173781704176125E-10   1.6755160819145563       1.348011885477001E-10    1.6755160819145563       1.3789601355527203E-10   1.6755160819145563       1.4094146568394213E-10   1.6755160819145563       1.4392620698093238E-10   1.6755160819145563
4.625122517784973         6.108390303334504E-9     1.6580627893946132       4.929356904316683E-9     1.6580627893946132       3.9795812036698195E-9    1.6580627893946132       3.2384587296442676E-9    1.6580627893946132       2.627093905309326E-9     1.6580627893946132       2.0329980095580195E-9    1.6580627893946132       1.5282652092085092E-9    1.6580627893946132       1.131935850085404E-9     1.6580627893946132       8.344860058514257E-10    1.6580627893946132       6.163860203039524E-10    1.6580627893946132       4.582260546910532E-10    1.6580627893946132       3.445744609072634E-10    1.6580627893946132       2.631262840347144E-10    1.6580627893946132       2.0524987979837198E-10   1.6580627893946132       1.6438654983660213E-10   1.6580627893946132       1.3583648319402463E-10   1.6580627893946132       1.1624632688576564E-10   1.6580627893946132       1.0323687721145394E-10   1.6580627893946132       9.489216475755673E-11    1.6580627893946132       8.982279524102792E-11    1.6580627893946132       8.714609146184053E-11    1.6580627893946132       8.615357134095999E-11    1.6580627893946132       8.629872080211475E-11    1.6580627893946132       8.71992765884084E-11     1.6580627893946132       8.879941459663613E-11    1.6580627893946132       9.077841720197837E-11    1.6580627893946132       9.29022975150649E-11     1.6580627893946132       9.540645091492827E-11    1.6580627893946132       9.801302889034253E-11    1.6580627893946132       1.0072810969876967E-10   1.6580627893946132       1.035270373069442E-10    1.6580627893946132       1.0629838404244814E-10   1.6580627893946132       1.0906821709559146E-10   1.6580627893946132       1.119798646057206E-10    1.6580627893946132       1.1489378028762771E-10   1.6580627893946132       1.1780351870448897E-10   1.6580627893946132       1.2072559411018835E-10   1.6580627893946132       1.2365788462295236E-10   1.6580627893946132       1.2668759777864008E-10   1.6580627893946132       1.2972525951109938E-10   1.6580627893946132       1.3278129864964417E-10   1.6580627893946132
4.642575810304916         4.758157068032001E-9     1.64060949687467         3.841991307741589E-9     1.64060949687467         3.0921594188907662E-9    1.64060949687467         2.516136977404184E-9     1.64060949687467         2.036836301047615E-9     1.64060949687467         1.5730815576858123E-9    1.64060949687467         1.1794380980214576E-9    1.64060949687467         8.681643035986286E-10    1.64060949687467         6.359430596374406E-10    1.64060949687467         4.656466523279974E-10    1.64060949687467         3.4213649937406425E-10   1.64060949687467         2.534341730974021E-10    1.64060949687467         1.8999056159767466E-10   1.64060949687467         1.4517902526023615E-10   1.64060949687467         1.1401140645509705E-10   1.64060949687467         9.288499135494524E-11    1.64060949687467         7.915193234464466E-11    1.64060949687467         7.082945806632673E-11    1.64060949687467         6.624248428053566E-11    1.64060949687467         6.406454764286216E-11    1.64060949687467         6.351011506486098E-11    1.64060949687467         6.399087265567221E-11    1.64060949687467         6.506153553599644E-11    1.64060949687467         6.650326214911109E-11    1.64060949687467         6.827020530497566E-11    1.64060949687467         7.020072598149464E-11    1.64060949687467         7.215220202215618E-11    1.64060949687467         7.429409557823093E-11    1.64060949687467         7.649654659395819E-11    1.64060949687467         7.869474480247676E-11    1.64060949687467         8.096331221595095E-11    1.64060949687467         8.320510410940905E-11    1.64060949687467         8.541319268936567E-11    1.64060949687467         8.774282445203452E-11    1.64060949687467         9.004595796488158E-11    1.64060949687467         9.236302165505815E-11    1.64060949687467         9.467654739594205E-11    1.64060949687467         9.69830580731916E-11     1.64060949687467         9.938941703258408E-11    1.64060949687467         1.017909081270452E-10    1.64060949687467         1.0423292450903058E-10   1.64060949687467
4.6600291028248595        3.6144414899395277E-9    1.623156204354727        2.9138651997138746E-9    1.623156204354727        2.3422946527176825E-9    1.623156204354727        1.9005848447717706E-9    1.623156204354727        1.5358456664529323E-9    1.623156204354727        1.1794146328217078E-9    1.623156204354727        8.776967837217297E-10    1.623156204354727        6.41569096849864E-10     1.623156204354727        4.6425966334052826E-10   1.623156204354727        3.3413196259910975E-10   1.623156204354727        2.3970545547682414E-10   1.623156204354727        1.719278804601991E-10    1.623156204354727        1.236664670981315E-10    1.623156204354727        9.011114852930149E-11    1.623156204354727        6.782234698918036E-11    1.623156204354727        5.4341010191455856E-11   1.623156204354727        4.757218957872202E-11    1.623156204354727        4.539433142988036E-11    1.623156204354727        4.583015306853454E-11    1.623156204354727        4.7418855983656735E-11   1.623156204354727        4.952250262194032E-11    1.623156204354727        5.180798341790639E-11    1.623156204354727        5.404604568780484E-11    1.623156204354727        5.627241492793117E-11    1.623156204354727        5.847649800112114E-11    1.623156204354727        6.068668911193661E-11    1.623156204354727        6.284090937877937E-11    1.623156204354727        6.505195371877078E-11    1.623156204354727        6.733456852560906E-11    1.623156204354727        6.957302361049541E-11    1.623156204354727        7.18877945152295E-11     1.623156204354727        7.419790853069266E-11    1.623156204354727        7.647719514500478E-11    1.623156204354727        7.886903179798174E-11    1.623156204354727        8.123498995271E-11       1.623156204354727        8.359115408124149E-11    1.623156204354727        8.59331386226304E-11     1.623156204354727        8.823582931116341E-11    1.623156204354727        9.060558679846028E-11    1.623156204354727        9.291441291990648E-11    1.623156204354727        9.519860556216354E-11    1.623156204354727
4.677482395344803         2.6863616484086595E-9    1.6057029118347839       2.165976389368967E-9     1.6057029118347839       1.7331305434684026E-9    1.6057029118347839       1.4062327331887508E-9    1.6057029118347839       1.1310521642669775E-9    1.6057029118347839       8.697601193197542E-10    1.6057029118347839       6.393770302403447E-10    1.6057029118347839       4.6482600607785467E-10   1.6057029118347839       3.317604728468217E-10    1.6057029118347839       2.3374668824207114E-10   1.6057029118347839       1.6222907543206955E-10   1.6057029118347839       1.1044181340056572E-10   1.6057029118347839       7.317593281017732E-11    1.6057029118347839       4.7188026956984455E-11   1.6057029118347839       3.103647824518099E-11    1.6057029118347839       2.4816388990953408E-11   1.6057029118347839       2.6571756541357797E-11   1.6057029118347839       3.150509688555553E-11    1.6057029118347839       3.682237515710567E-11    1.6057029118347839       4.1631530652066904E-11   1.6057029118347839       4.588707514917953E-11    1.6057029118347839       4.966081293758555E-11    1.6057029118347839       5.295866261171975E-11    1.6057029118347839       5.598585738616605E-11    1.6057029118347839       5.874966262458228E-11    1.6057029118347839       6.136895588619057E-11    1.6057029118347839       6.38041907064924E-11     1.6057029118347839       6.614364452304221E-11    1.6057029118347839       6.846204136129919E-11    1.6057029118347839       7.064655910164152E-11    1.6057029118347839       7.280245387255935E-11    1.6057029118347839       7.487735261526132E-11    1.6057029118347839       7.686057088424713E-11    1.6057029118347839       7.888899912737918E-11    1.6057029118347839       8.086741211534599E-11    1.6057029118347839       8.276978818713777E-11    1.6057029118347839       8.466192782585928E-11    1.6057029118347839       8.65155084844965E-11     1.6057029118347839       8.843743970281067E-11    1.6057029118347839       9.032477111108255E-11    1.6057029118347839       9.219335033014271E-11    1.6057029118347839
4.694935687864747         1.9719803744688663E-9    1.5882496193148399       1.5830070580540976E-9    1.5882496193148399       1.272048911538909E-9     1.5882496193148399       1.0209348835733124E-9    1.5882496193148399       8.185212445806666E-10    1.5882496193148399       6.252481120505927E-10    1.5882496193148399       4.601279976463808E-10    1.5882496193148399       3.2749875596582585E-10   1.5882496193148399       2.289187946949395E-10    1.5882496193148399       1.5620097712268792E-10   1.5882496193148399       1.0303120117012374E-10   1.5882496193148399       6.435900830616985E-11    1.5882496193148399       3.643747733698701E-11    1.5882496193148399       1.7626655986560212E-11   1.5882496193148399       1.2100166972047564E-11   1.5882496193148399       1.9034932929217866E-11   1.5882496193148399       2.7058874253622763E-11   1.5882496193148399       3.385338072162368E-11    1.5882496193148399       3.944056553707017E-11    1.5882496193148399       4.4036755199431816E-11   1.5882496193148399       4.7942360976337313E-11   1.5882496193148399       5.136971250419765E-11    1.5882496193148399       5.437610422351361E-11    1.5882496193148399       5.718915169597696E-11    1.5882496193148399       5.981683009145686E-11    1.5882496193148399       6.237275306251936E-11    1.5882496193148399       6.480369421568303E-11    1.5882496193148399       6.719680635693427E-11    1.5882496193148399       6.961396013204577E-11    1.5882496193148399       7.195647701247163E-11    1.5882496193148399       7.428399371745771E-11    1.5882496193148399       7.654911179850231E-11    1.5882496193148399       7.8746560676614E-11      1.5882496193148399       8.099045087456701E-11    1.5882496193148399       8.319968423606007E-11    1.5882496193148399       8.53126699506231E-11     1.5882496193148399       8.742294336312944E-11    1.5882496193148399       8.949620793454892E-11    1.5882496193148399       9.162310946396874E-11    1.5882496193148399       9.371844451984142E-11    1.5882496193148399       9.576937968178167E-11    1.5882496193148399
4.71238898038469          1.4417117750051696E-9    1.5707963267948968       1.1522980527565852E-9    1.5707963267948968       9.232097451160023E-10    1.5707963267948968       7.416622844463747E-10    1.5707963267948968       5.94598101814388E-10     1.5707963267948968       4.4640964188002376E-10   1.5707963267948968       3.2675533276222707E-10   1.5707963267948968       2.2944925168639003E-10   1.5707963267948968       1.570244804687838E-10    1.5707963267948968       1.0342837521074676E-10   1.5707963267948968       6.404196043081377E-11    1.5707963267948968       3.5057436746594596E-11   1.5707963267948968       1.3604928741866739E-11   1.5707963267948968       2.904345580481735E-12    1.5707963267948968       1.4821747499425715E-11   1.5707963267948968       2.4158732848185755E-11   1.5707963267948968       3.152830655339222E-11    1.5707963267948968       3.740528097861656E-11    1.5707963267948968       4.2168108635642924E-11   1.5707963267948968       4.6095476164284674E-11   1.5707963267948968       4.945135341611789E-11    1.5707963267948968       5.242060148283657E-11    1.5707963267948968       5.5046935307900536E-11   1.5707963267948968       5.753454787099734E-11    1.5707963267948968       5.989299353749613E-11    1.5707963267948968       6.222091283449717E-11    1.5707963267948968       6.446292052737683E-11    1.5707963267948968       6.672008707102675E-11    1.5707963267948968       6.903869171788294E-11    1.5707963267948968       7.134837344985596E-11    1.5707963267948968       7.368385179667407E-11    1.5707963267948968       7.600538513491173E-11    1.5707963267948968       7.83179634328406E-11     1.5707963267948968       8.07185912986127E-11     1.5707963267948968       8.313499252290608E-11    1.5707963267948968       8.548744677796801E-11    1.5707963267948968       8.78708212025833E-11     1.5707963267948968       9.024293995709866E-11    1.5707963267948968       9.267170428703385E-11    1.5707963267948968       9.507443524852684E-11    1.5707963267948968       9.741089229067578E-11    1.5707963267948968
4.729842272904633         1.0483467446308844E-9    1.5533430342749537       8.370738063859603E-10    1.5533430342749537       6.620830457088102E-10    1.5533430342749537       5.336205142045386E-10    1.5533430342749537       4.2954746063785224E-10   1.5533430342749537       3.21430903442509E-10     1.5533430342749537       2.3543949162455503E-10   1.5533430342749537       1.619379320767687E-10    1.5533430342749537       1.0949270448605571E-10   1.5533430342749537       7.078570614123999E-11    1.5533430342749537       4.251986399331801E-11    1.5533430342749537       2.2127322837431388E-11   1.5533430342749537       9.291412129338045E-12    1.5533430342749537       1.0498688250979587E-11   1.5533430342749537       1.7939826733127438E-11   1.5533430342749537       2.4615811654978085E-11   1.5533430342749537       3.022727666099515E-11    1.5533430342749537       3.49366337454763E-11     1.5533430342749537       3.893662657892728E-11    1.5533430342749537       4.240788062678872E-11    1.5533430342749537       4.551961270438011E-11    1.5533430342749537       4.839041576470556E-11    1.5533430342749537       5.103089110893939E-11    1.5533430342749537       5.3587842084936735E-11   1.5533430342749537       5.605371596622346E-11    1.5533430342749537       5.849574656206927E-11    1.5533430342749537       6.084679853264265E-11    1.5533430342749537       6.3199134397609E-11      1.5533430342749537       6.557655145497007E-11    1.5533430342749537       6.792377291671162E-11    1.5533430342749537       7.026009152993878E-11    1.5533430342749537       7.254624906343495E-11    1.5533430342749537       7.480001535041992E-11    1.5533430342749537       7.710827757988685E-11    1.5533430342749537       7.941223512152957E-11    1.5533430342749537       8.164046371729113E-11    1.5533430342749537       8.388632116896924E-11    1.5533430342749537       8.611989466859737E-11    1.5533430342749537       8.840233471873429E-11    1.5533430342749537       9.066544327091395E-11    1.5533430342749537       9.287055535523778E-11    1.5533430342749537
4.747295565424577         7.692780798285696E-10    1.5358897417550097       6.129198451272139E-10    1.5358897417550097       4.858602708917495E-10    1.5358897417550097       3.889758541363923E-10    1.5358897417550097       3.0850047225855146E-10   1.5358897417550097       2.3458420558550527E-10   1.5358897417550097       1.699827657204716E-10    1.5358897417550097       1.1508655225623963E-10   1.5358897417550097       7.657973864856957E-11    1.5358897417550097       4.848960511359049E-11    1.5358897417550097       2.8877944738792157E-11   1.5358897417550097       1.725775546896404E-11    1.5358897417550097       1.5151025553797305E-11   1.5358897417550097       1.928717499581732E-11    1.5358897417550097       2.4494548883558506E-11   1.5358897417550097       2.923985658051182E-11    1.5358897417550097       3.3394983855951196E-11   1.5358897417550097       3.6996044188045714E-11   1.5358897417550097       4.01260703166342E-11     1.5358897417550097       4.289977062620194E-11    1.5358897417550097       4.5428807756549316E-11   1.5358897417550097       4.7797782588435736E-11   1.5358897417550097       5.00025331733171E-11     1.5358897417550097       5.2157885426230186E-11   1.5358897417550097       5.425479907261604E-11    1.5358897417550097       5.6340599907527037E-11   1.5358897417550097       5.834568065427595E-11    1.5358897417550097       6.035736978654539E-11    1.5358897417550097       6.238157869808356E-11    1.5358897417550097       6.437149434181808E-11    1.5358897417550097       6.633440087149421E-11    1.5358897417550097       6.823333300084119E-11    1.5358897417550097       7.008715440419554E-11    1.5358897417550097       7.197191996918385E-11    1.5358897417550097       7.383413538514702E-11    1.5358897417550097       7.561116730300149E-11    1.5358897417550097       7.739170317654932E-11    1.5358897417550097       7.914928275457335E-11    1.5358897417550097       8.09446064882159E-11     1.5358897417550097       8.272077543530088E-11    1.5358897417550097       8.44487465830887E-11     1.5358897417550097
4.76474885794452          5.674706425414889E-10    1.5184364492350666       4.493601752404084E-10    1.5184364492350666       3.546832715708869E-10    1.5184364492350666       2.8433733045663355E-10   1.5184364492350666       2.234690367299125E-10    1.5184364492350666       1.6519039496887263E-10   1.5184364492350666       1.165393800312621E-10    1.5184364492350666       7.990236153586528E-11    1.5184364492350666       5.19361120305675E-11     1.5184364492350666       3.1942604432039057E-11   1.5184364492350666       1.9081534476053626E-11   1.5184364492350666       1.4114040892984859E-11   1.5184364492350666       1.6250007106931447E-11   1.5184364492350666       2.075153947014629E-11    1.5184364492350666       2.5253931006013507E-11   1.5184364492350666       2.9291525293950694E-11   1.5184364492350666       3.292041824494706E-11    1.5184364492350666       3.618461060414562E-11    1.5184364492350666       3.912316800438778E-11    1.5184364492350666       4.182458768741813E-11    1.5184364492350666       4.4357593132573874E-11   1.5184364492350666       4.676945827060631E-11    1.5184364492350666       4.9050656150796614E-11   1.5184364492350666       5.128053470103951E-11    1.5184364492350666       5.344316826945949E-11    1.5184364492350666       5.557135236084305E-11    1.5184364492350666       5.7598255760863935E-11   1.5184364492350666       5.960401225534982E-11    1.5184364492350666       6.158224109345691E-11    1.5184364492350666       6.350215445281291E-11    1.5184364492350666       6.536021519927555E-11    1.5184364492350666       6.713348866642336E-11    1.5184364492350666       6.884145595359065E-11    1.5184364492350666       7.05678177259667E-11     1.5184364492350666       7.225779963372118E-11    1.5184364492350666       7.387455570752355E-11    1.5184364492350666       7.54938637813674E-11     1.5184364492350666       7.710823594481365E-11    1.5184364492350666       7.877206723601354E-11    1.5184364492350666       8.044110370388307E-11    1.5184364492350666       8.209103852901208E-11    1.5184364492350666
4.782202150464463         4.226255376473864E-10    1.5009831567151235       3.3438678177046615E-10   1.5009831567151235       2.639194759667118E-10    1.5009831567151235       2.1064459664596199E-10   1.5009831567151235       1.6298603254213625E-10   1.5009831567151235       1.1481406987535082E-10   1.5009831567151235       8.307379505706824E-11    1.5009831567151235       5.181944661861117E-11    1.5009831567151235       3.055355232884801E-11    1.5009831567151235       1.6715906428539005E-11   1.5009831567151235       1.2654784171254888E-11   1.5009831567151235       1.672516668591589E-11    1.5009831567151235       2.230399986493871E-11    1.5009831567151235       2.734214171624771E-11    1.5009831567151235       3.162261546033447E-11    1.5009831567151235       3.524958792846579E-11    1.5009831567151235       3.8430144430483515E-11   1.5009831567151235       4.1250243677503855E-11   1.5009831567151235       4.3757110022899447E-11   1.5009831567151235       4.604222370373433E-11    1.5009831567151235       4.819011604950078E-11    1.5009831567151235       5.025719201684518E-11    1.5009831567151235       5.223271767025351E-11    1.5009831567151235       5.421300574732577E-11    1.5009831567151235       5.619240252917196E-11    1.5009831567151235       5.819985933841389E-11    1.5009831567151235       6.016900195746707E-11    1.5009831567151235       6.21949988701036E-11     1.5009831567151235       6.426127209109147E-11    1.5009831567151235       6.634330916550389E-11    1.5009831567151235       6.841775732526181E-11    1.5009831567151235       7.047115720097456E-11    1.5009831567151235       7.249717140676083E-11    1.5009831567151235       7.459784005445993E-11    1.5009831567151235       7.668797139234386E-11    1.5009831567151235       7.872454816251625E-11    1.5009831567151235       8.077426067976647E-11    1.5009831567151235       8.282835474720281E-11    1.5009831567151235       8.492329814152437E-11    1.5009831567151235       8.701441616766108E-11    1.5009831567151235       8.906325020148387E-11    1.5009831567151235
4.799655442984406         3.1644057190792517E-10   1.4835298641951804       2.515963512762839E-10    1.4835298641951804       1.9527500621006212E-10   1.4835298641951804       1.5241877159550392E-10   1.4835298641951804       1.1504479288565101E-10   1.4835298641951804       8.036430234511478E-11    1.4835298641951804       5.672241134380228E-11    1.4835298641951804       3.4606770605058533E-11   1.4835298641951804       2.1124894492970088E-11   1.4835298641951804       1.6838578647644725E-11   1.4835298641951804       1.9932979735406365E-11   1.4835298641951804       2.5057474981896323E-11   1.4835298641951804       3.007970192626916E-11    1.4835298641951804       3.460489937623173E-11    1.4835298641951804       3.862100571899162E-11    1.4835298641951804       4.221106599232181E-11    1.4835298641951804       4.5542195667908316E-11   1.4835298641951804       4.865495992419692E-11    1.4835298641951804       5.1541191656780275E-11   1.4835298641951804       5.426508476115214E-11    1.4835298641951804       5.6897960270568074E-11   1.4835298641951804       5.94704960889929E-11     1.4835298641951804       6.195607959074929E-11    1.4835298641951804       6.444170222581245E-11    1.4835298641951804       6.691646703875573E-11    1.4835298641951804       6.939935761287464E-11    1.4835298641951804       7.180529072972761E-11    1.4835298641951804       7.424962761188184E-11    1.4835298641951804       7.670421801120447E-11    1.4835298641951804       7.9145122356183E-11      1.4835298641951804       8.154385440665764E-11    1.4835298641951804       8.388893271427913E-11    1.4835298641951804       8.616731787639886E-11    1.4835298641951804       8.851094245338779E-11    1.4835298641951804       9.082350327677904E-11    1.4835298641951804       9.304357678087493E-11    1.4835298641951804       9.526660002833496E-11    1.4835298641951804       9.747881004041692E-11    1.4835298641951804       9.97224251538564E-11     1.4835298641951804       1.019553806991669E-10    1.4835298641951804       1.0412778747856012E-10   1.4835298641951804
4.817108735504349         2.414643597890105E-10    1.4660765716752373       1.9291981882555066E-10   1.4660765716752373       1.475855316245968E-10    1.4660765716752373       1.1401431587959636E-10   1.4660765716752373       8.726163029154795E-11    1.4660765716752373       6.482595061995377E-11    1.4660765716752373       4.206565949588341E-11    1.4660765716752373       3.2138886039285995E-11   1.4660765716752373       2.579580978882216E-11    1.4660765716752373       2.5369584805038436E-11   1.4660765716752373       2.803056340851812E-11    1.4660765716752373       3.1630027004610984E-11   1.4660765716752373       3.534681951749132E-11    1.4660765716752373       3.895004556284154E-11    1.4660765716752373       4.235297400611284E-11    1.4660765716752373       4.5563584010704444E-11   1.4660765716752373       4.86849439801145E-11     1.4660765716752373       5.170858751751229E-11    1.4660765716752373       5.459529529280031E-11    1.4660765716752373       5.7373046744579473E-11   1.4660765716752373       6.010176959477407E-11    1.4660765716752373       6.279867742978547E-11    1.4660765716752373       6.541715564587947E-11    1.4660765716752373       6.803612480214055E-11    1.4660765716752373       7.064131267318158E-11    1.4660765716752373       7.324173688189567E-11    1.4660765716752373       7.573860671103251E-11    1.4660765716752373       7.825243456691026E-11    1.4660765716752373       8.075254060455192E-11    1.4660765716752373       8.320454168442104E-11    1.4660765716752373       8.559336153273528E-11    1.4660765716752373       8.789251514637186E-11    1.4660765716752373       9.010232703690399E-11    1.4660765716752373       9.235125172918698E-11    1.4660765716752373       9.456207912683123E-11    1.4660765716752373       9.66541953253065E-11     1.4660765716752373       9.875222880396667E-11    1.4660765716752373       1.008312466963196E-10    1.4660765716752373       1.0295386964640766E-10   1.4660765716752373       1.0507666130983808E-10   1.4660765716752373       1.0715324731643658E-10   1.4660765716752373
4.834562028024293         1.901473414911549E-10    1.4486232791552933       1.4924718687970926E-10   1.4486232791552933       1.1769083549805442E-10   1.4486232791552933       9.282441316994728E-11    1.4486232791552933       7.207847448985844E-11    1.4486232791552933       5.1176039206303187E-11   1.4486232791552933       3.512432883911146E-11    1.4486232791552933       2.8217328116250764E-11   1.4486232791552933       2.4182511683988672E-11   1.4486232791552933       2.399361572159495E-11    1.4486232791552933       2.5675959995970832E-11   1.4486232791552933       2.797708559084575E-11    1.4486232791552933       3.0375114212541997E-11   1.4486232791552933       3.272310063272395E-11    1.4486232791552933       3.4937487773023884E-11   1.4486232791552933       3.701550628017012E-11    1.4486232791552933       3.9029229636076895E-11   1.4486232791552933       4.096423109847528E-11    1.4486232791552933       4.280553195799937E-11    1.4486232791552933       4.456304056307417E-11    1.4486232791552933       4.628830334578714E-11    1.4486232791552933       4.801831085178905E-11    1.4486232791552933       4.9701926623920804E-11   1.4486232791552933       5.1421668062145054E-11   1.4486232791552933       5.317160705436639E-11    1.4486232791552933       5.4964912584958834E-11   1.4486232791552933       5.6724427970255564E-11   1.4486232791552933       5.854984780695645E-11    1.4486232791552933       6.042810850025615E-11    1.4486232791552933       6.232064424000805E-11    1.4486232791552933       6.423208237832506E-11    1.4486232791552933       6.611970124162601E-11    1.4486232791552933       6.800264820501753E-11    1.4486232791552933       6.995677762191407E-11    1.4486232791552933       7.192927189342388E-11    1.4486232791552933       7.385096242990893E-11    1.4486232791552933       7.580659866828989E-11    1.4486232791552933       7.776933204420103E-11    1.4486232791552933       7.979067382007957E-11    1.4486232791552933       8.181750601399897E-11    1.4486232791552933       8.381316869776968E-11    1.4486232791552933
4.852015320544236         1.572155173235288E-10    1.4311699866353502       1.2290777985820884E-10   1.4311699866353502       9.793563913617715E-11    1.4311699866353502       7.663307920578226E-11    1.4311699866353502       5.428346501853026E-11    1.4311699866353502       4.01811237302523E-11     1.4311699866353502       2.6657521116370646E-11   1.4311699866353502       1.7886463128866842E-11   1.4311699866353502       1.6584214959366787E-11   1.4311699866353502       1.8933344865626996E-11   1.4311699866353502       2.2246591094946706E-11   1.4311699866353502       2.5477254431615632E-11   1.4311699866353502       2.840509551831361E-11    1.4311699866353502       3.1044177238378697E-11   1.4311699866353502       3.341089945344882E-11    1.4311699866353502       3.554253375267059E-11    1.4311699866353502       3.753427004451959E-11    1.4311699866353502       3.939194789031904E-11    1.4311699866353502       4.1101871761194166E-11   1.4311699866353502       4.269752613266752E-11    1.4311699866353502       4.4223622608538624E-11   1.4311699866353502       4.571540459341904E-11    1.4311699866353502       4.7142290272483215E-11   1.4311699866353502       4.8582128133321426E-11   1.4311699866353502       5.003220025191204E-11    1.4311699866353502       5.151066824528888E-11    1.4311699866353502       5.2958774964846176E-11   1.4311699866353502       5.4469128014402676E-11   1.4311699866353502       5.6028019867958187E-11   1.4311699866353502       5.7619212958256054E-11   1.4311699866353502       5.922729814785538E-11    1.4311699866353502       6.084099080909664E-11    1.4311699866353502       6.246321928756555E-11    1.4311699866353502       6.418166263342006E-11    1.4311699866353502       6.592562997937701E-11    1.4311699866353502       6.765687437204881E-11    1.4311699866353502       6.943291787406541E-11    1.4311699866353502       7.124256605228685E-11    1.4311699866353502       7.311741664374738E-11    1.4311699866353502       7.501317645647541E-11    1.4311699866353502       7.68959049328454E-11     1.4311699866353502
4.869468613064179         1.2145131967582574E-10   1.4137166941154071       9.181794962767126E-11    1.4137166941154071       7.268382140670081E-11    1.4137166941154071       5.261272651466684E-11    1.4137166941154071       3.475018896139824E-11    1.4137166941154071       3.12767541961097E-11     1.4137166941154071       1.8441440090417104E-11   1.4137166941154071       1.708030456524504E-11    1.4137166941154071       1.9516535050903225E-11   1.4137166941154071       2.2985273010252294E-11   1.4137166941154071       2.63862624302074E-11     1.4137166941154071       2.954020844595803E-11    1.4137166941154071       3.247683019150211E-11    1.4137166941154071       3.5290329936754783E-11   1.4137166941154071       3.799360042095627E-11    1.4137166941154071       4.0610190676290005E-11   1.4137166941154071       4.323181664659579E-11    1.4137166941154071       4.584246111603545E-11    1.4137166941154071       4.839102099479516E-11    1.4137166941154071       5.089211196418452E-11    1.4137166941154071       5.339324544837773E-11    1.4137166941154071       5.59016534491982E-11     1.4137166941154071       5.83689456244715E-11     1.4137166941154071       6.086286356267242E-11    1.4137166941154071       6.336786396477223E-11    1.4137166941154071       6.588810807753656E-11    1.4137166941154071       6.833361923705837E-11    1.4137166941154071       7.081909154140777E-11    1.4137166941154071       7.330899736401037E-11    1.4137166941154071       7.577974026044144E-11    1.4137166941154071       7.820921309688852E-11    1.4137166941154071       8.05794800849912E-11     1.4137166941154071       8.288124276649532E-11    1.4137166941154071       8.524506146676866E-11    1.4137166941154071       8.758347220864475E-11    1.4137166941154071       8.983460187392384E-11    1.4137166941154071       9.209459398950744E-11    1.4137166941154071       9.435197808511639E-11    1.4137166941154071       9.665110244102937E-11    1.4137166941154071       9.895136223182233E-11    1.4137166941154071       1.0120292837961193E-10   1.4137166941154071
4.886921905584122         9.936024409228795E-11    1.396263401595464        7.44092560562303E-11     1.396263401595464        5.863560700135945E-11    1.396263401595464        4.2994632235141247E-11   1.396263401595464        3.2628646566243685E-11   1.396263401595464        2.788891388323603E-11    1.396263401595464        2.2242924096021142E-11   1.396263401595464        1.7819591873044882E-11   1.396263401595464        1.8560886341296817E-11   1.396263401595464        2.0368149295523413E-11   1.396263401595464        2.2440585614967198E-11   1.396263401595464        2.4544275768165563E-11   1.396263401595464        2.6614894365922938E-11   1.396263401595464        2.8688823689640538E-11   1.396263401595464        3.073770278979439E-11    1.396263401595464        3.276791426095774E-11    1.396263401595464        3.4837472187456976E-11   1.396263401595464        3.6918494948054244E-11   1.396263401595464        3.8976216405434594E-11   1.396263401595464        4.100657746058736E-11    1.396263401595464        4.30386551944251E-11     1.396263401595464        4.508384127784036E-11    1.396263401595464        4.7088238178409274E-11   1.396263401595464        4.910585648179506E-11    1.396263401595464        5.112057045031407E-11    1.396263401595464        5.31349539400967E-11     1.396263401595464        5.507016114180861E-11    1.396263401595464        5.7013020806421084E-11   1.396263401595464        5.894347819156922E-11    1.396263401595464        6.08253118033874E-11     1.396263401595464        6.26649081150025E-11     1.396263401595464        6.442213354378451E-11    1.396263401595464        6.612054463131764E-11    1.396263401595464        6.783673466352335E-11    1.396263401595464        6.9528823406775E-11      1.396263401595464        7.114170986882756E-11    1.396263401595464        7.276292075459728E-11    1.396263401595464        7.437593924790481E-11    1.396263401595464        7.603979920910906E-11    1.396263401595464        7.771245877242948E-11    1.396263401595464        7.936975104206385E-11    1.396263401595464
4.9043751981040655        8.018490682554483E-11    1.378810109075521        6.064053071103234E-11    1.378810109075521        4.4033557092746205E-11   1.378810109075521        3.231487573335328E-11    1.378810109075521        2.1725504071112764E-11   1.378810109075521        1.772517357031454E-11    1.378810109075521        1.6560019446907452E-11   1.378810109075521        1.511081787302279E-11    1.378810109075521        1.8330328919322822E-11   1.378810109075521        2.1694195884776672E-11   1.378810109075521        2.4799190198925145E-11   1.378810109075521        2.7649573142720662E-11   1.378810109075521        3.030380465390063E-11    1.378810109075521        3.283308507977814E-11    1.378810109075521        3.523834942939369E-11    1.378810109075521        3.752581909362746E-11    1.378810109075521        3.976429704037125E-11    1.378810109075521        4.193575375602312E-11    1.378810109075521        4.3994901356248977E-11   1.378810109075521        4.595964422945202E-11    1.378810109075521        4.786736208315305E-11    1.378810109075521        4.9734723724879805E-11   1.378810109075521        5.1524629662021896E-11   1.378810109075521        5.3305983490501116E-11   1.378810109075521        5.507325159055225E-11    1.378810109075521        5.683714099147527E-11    1.378810109075521        5.853123686142066E-11    1.378810109075521        6.025680641920849E-11    1.378810109075521        6.199369043561083E-11    1.378810109075521        6.373058277882777E-11    1.378810109075521        6.544679934505503E-11    1.378810109075521        6.714104349825413E-11    1.378810109075521        6.880830373740862E-11    1.378810109075521        7.056071025791052E-11    1.378810109075521        7.232288640024124E-11    1.378810109075521        7.404955475662537E-11    1.378810109075521        7.581928944459236E-11    1.378810109075521        7.762094009292993E-11    1.378810109075521        7.948836401150414E-11    1.378810109075521        8.138499174847822E-11    1.378810109075521        8.327004273513076E-11    1.378810109075521
4.921828490624009         6.543201758845829E-11    1.3613568165555778       5.315517593412248E-11    1.3613568165555778       3.916060229143568E-11    1.3613568165555778       3.037591185327376E-11    1.3613568165555778       2.1016988390650173E-11   1.3613568165555778       2.0932234184708383E-11   1.3613568165555778       1.730533998398843E-11    1.3613568165555778       2.0079095376568007E-11   1.3613568165555778       2.171137358970952E-11    1.3613568165555778       2.3707002267450665E-11   1.3613568165555778       2.574111774610351E-11    1.3613568165555778       2.776737754505093E-11    1.3613568165555778       2.9758338989997894E-11   1.3613568165555778       3.174858575372835E-11    1.3613568165555778       3.369526845038331E-11    1.3613568165555778       3.55915910513307E-11     1.3613568165555778       3.749639432682357E-11    1.3613568165555778       3.938358329212934E-11    1.3613568165555778       4.121973761043516E-11    1.3613568165555778       4.300817306115341E-11    1.3613568165555778       4.479986236288082E-11    1.3613568165555778       4.6620321618941326E-11   1.3613568165555778       4.842220576098255E-11    1.3613568165555778       5.028094619268528E-11    1.3613568165555778       5.2191837040688126E-11   1.3613568165555778       5.4165529367758597E-11   1.3613568165555778       5.612535186776701E-11    1.3613568165555778       5.8176115615284895E-11   1.3613568165555778       6.029514102841047E-11    1.3613568165555778       6.244979727509879E-11    1.3613568165555778       6.463999958744717E-11    1.3613568165555778       6.682416221738939E-11    1.3613568165555778       6.900893987108188E-11    1.3613568165555778       7.12838155185943E-11     1.3613568165555778       7.357992508325915E-11    1.3613568165555778       7.583316331685856E-11    1.3613568165555778       7.811433138601694E-11    1.3613568165555778       8.040390185664988E-11    1.3613568165555778       8.274297166151131E-11    1.3613568165555778       8.507778676120407E-11    1.3613568165555778       8.736244167832426E-11    1.3613568165555778
4.939281783143953         5.7650839991275057E-11   1.3439035240356338       4.511445829413885E-11    1.3439035240356338       3.203008498353329E-11    1.3439035240356338       2.3871085166136922E-11   1.3439035240356338       1.6075182838730592E-11   1.3439035240356338       1.1967473407273526E-11   1.3439035240356338       8.916239982556327E-12    1.3439035240356338       1.3772967925804367E-11   1.3439035240356338       1.6675007357012122E-11   1.3439035240356338       1.9475843069180063E-11   1.3439035240356338       2.2010003762526165E-11   1.3439035240356338       2.4330678897798907E-11   1.3439035240356338       2.650258873024679E-11    1.3439035240356338       2.8593194416961016E-11   1.3439035240356338       3.060428051578967E-11    1.3439035240356338       3.254541808199978E-11    1.3439035240356338       3.4486095131022646E-11   1.3439035240356338       3.641323337511633E-11    1.3439035240356338       3.828779542120176E-11    1.3439035240356338       4.013555818751946E-11    1.3439035240356338       4.19887181353861E-11     1.3439035240356338       4.3858182416525164E-11   1.3439035240356338       4.571782797737912E-11    1.3439035240356338       4.761978228635741E-11    1.3439035240356338       4.9551115314617736E-11   1.3439035240356338       5.152013667997794E-11    1.3439035240356338       5.346004664761196E-11    1.3439035240356338       5.5452043373606505E-11   1.3439035240356338       5.746380320966021E-11    1.3439035240356338       5.947634425685516E-11    1.3439035240356338       6.146277848069124E-11    1.3439035240356338       6.340448586999572E-11    1.3439035240356338       6.529196571040246E-11    1.3439035240356338       6.721662739191627E-11    1.3439035240356338       6.909733659325337E-11    1.3439035240356338       7.089881843209941E-11    1.3439035240356338       7.267333645223883E-11    1.3439035240356338       7.441601122097916E-11    1.3439035240356338       7.615535482964858E-11    1.3439035240356338       7.785623609363716E-11    1.3439035240356338       7.948689966829562E-11    1.3439035240356338
4.956735075663896         4.395534911889193E-11    1.3264502315156907       3.56458596159791E-11     1.3264502315156907       2.5841017322824295E-11   1.3264502315156907       2.0792586045458043E-11   1.3264502315156907       1.7542945374890822E-11   1.3264502315156907       1.5317841887979793E-11   1.3264502315156907       2.0186867177925817E-11   1.3264502315156907       1.9950007512122323E-11   1.3264502315156907       2.2118511530593637E-11   1.3264502315156907       2.4263357528997658E-11   1.3264502315156907       2.6308291057383354E-11   1.3264502315156907       2.8316024314265862E-11   1.3264502315156907       3.030085624734892E-11    1.3264502315156907       3.231029752630138E-11    1.3264502315156907       3.430616423503348E-11    1.3264502315156907       3.6277414040671026E-11   1.3264502315156907       3.8272547046456206E-11   1.3264502315156907       4.025701774298787E-11    1.3264502315156907       4.2189486286351955E-11   1.3264502315156907       4.406393944160925E-11    1.3264502315156907       4.591858934219764E-11    1.3264502315156907       4.776876680571218E-11    1.3264502315156907       4.95633487015567E-11     1.3264502315156907       5.136699037416724E-11    1.3264502315156907       5.317181234435981E-11    1.3264502315156907       5.4984888280871495E-11   1.3264502315156907       5.673091708208953E-11    1.3264502315156907       5.850891653410528E-11    1.3264502315156907       6.030088700051297E-11    1.3264502315156907       6.207565035579278E-11    1.3264502315156907       6.383981412241581E-11    1.3264502315156907       6.555883760819694E-11    1.3264502315156907       6.72476832180492E-11     1.3264502315156907       6.899341977106192E-11    1.3264502315156907       7.074479385546887E-11    1.3264502315156907       7.243715038051183E-11    1.3264502315156907       7.415998805598508E-11    1.3264502315156907       7.588855692030155E-11    1.3264502315156907       7.767434756997985E-11    1.3264502315156907       7.947203000266414E-11    1.3264502315156907       8.124465859924069E-11    1.3264502315156907
4.97418836818384          3.570206319276203E-11    1.3089969389957468       2.7129104329491972E-11   1.3089969389957468       1.941616486392553E-11    1.3089969389957468       1.4640361828759425E-11   1.3089969389957468       1.2475147946530044E-11   1.3089969389957468       1.3391288947970072E-11   1.3089969389957468       2.0728383482337154E-11   1.3089969389957468       2.1327447012115164E-11   1.3089969389957468       2.413425654408589E-11    1.3089969389957468       2.6528801997804845E-11   1.3089969389957468       2.8580068544904024E-11   1.3089969389957468       3.043448741038915E-11    1.3089969389957468       3.216080469671366E-11    1.3089969389957468       3.383645028547821E-11    1.3089969389957468       3.546145522438107E-11    1.3089969389957468       3.704192557619543E-11    1.3089969389957468       3.864906006139669E-11    1.3089969389957468       4.027165087802175E-11    1.3089969389957468       4.187321946690468E-11    1.3089969389957468       4.34714436603656E-11     1.3089969389957468       4.510914196389519E-11    1.3089969389957468       4.680066361584323E-11    1.3089969389957468       4.850603257471126E-11    1.3089969389957468       5.028505380437277E-11    1.3089969389957468       5.21244774597347E-11     1.3089969389957468       5.402245782939215E-11    1.3089969389957468       5.590439473090353E-11    1.3089969389957468       5.785771112880431E-11    1.3089969389957468       5.984584806624794E-11    1.3089969389957468       6.184808068812898E-11    1.3089969389957468       6.383346806721335E-11    1.3089969389957468       6.57863863472727E-11     1.3089969389957468       6.769248190960007E-11    1.3089969389957468       6.965684306752851E-11    1.3089969389957468       7.159564548898671E-11    1.3089969389957468       7.346711532976844E-11    1.3089969389957468       7.533788109899897E-11    1.3089969389957468       7.720468583119815E-11    1.3089969389957468       7.909970587337629E-11    1.3089969389957468       8.099293574682925E-11    1.3089969389957468       8.284751452500882E-11    1.3089969389957468
4.991641660703783         3.6632875786938385E-11   1.2915436464758037       2.7815435960341277E-11   1.2915436464758037       2.130419225679036E-11    1.2915436464758037       1.559676517078236E-11    1.2915436464758037       1.4506007054635138E-11   1.2915436464758037       1.3990399238371381E-11   1.2915436464758037       1.790899937969311E-11    1.2915436464758037       1.3278282251338728E-11   1.2915436464758037       1.528923004355105E-11    1.2915436464758037       1.714644932886161E-11    1.2915436464758037       1.886129702738856E-11    1.2915436464758037       2.053990878357227E-11    1.2915436464758037       2.221385225029958E-11    1.2915436464758037       2.3937120314978524E-11   1.2915436464758037       2.5681531769765884E-11   1.2915436464758037       2.7436419472555975E-11   1.2915436464758037       2.923877508940395E-11    1.2915436464758037       3.10545809132499E-11     1.2915436464758037       3.2846518557855886E-11   1.2915436464758037       3.4608217529363974E-11   1.2915436464758037       3.63594438246078E-11     1.2915436464758037       3.811053368350612E-11    1.2915436464758037       3.981867638772639E-11    1.2915436464758037       4.153152179754142E-11    1.2915436464758037       4.323824256648897E-11    1.2915436464758037       4.494509457257768E-11    1.2915436464758037       4.6589288752074416E-11   1.2915436464758037       4.824612816941649E-11    1.2915436464758037       4.990021730362528E-11    1.2915436464758037       5.152172077817956E-11    1.2915436464758037       5.3116893395683775E-11   1.2915436464758037       5.4649947720787855E-11   1.2915436464758037       5.614056344120216E-11    1.2915436464758037       5.765100806083997E-11    1.2915436464758037       5.913946672318764E-11    1.2915436464758037       6.056266417638233E-11    1.2915436464758037       6.198586177752522E-11    1.2915436464758037       6.339254696405459E-11    1.2915436464758037       6.482998627230089E-11    1.2915436464758037       6.625917516972524E-11    1.2915436464758037       6.766001461587633E-11    1.2915436464758037
5.009094953223726         2.5927990267908023E-11   1.2740903539558606       1.6808075252607054E-11   1.2740903539558606       1.1258012078543946E-11   1.2740903539558606       7.566386790204221E-12    1.2740903539558606       9.6927346821809E-12      1.2740903539558606       1.2523260799915916E-11   1.2740903539558606       1.8146856448421687E-11   1.2740903539558606       1.6619680977607833E-11   1.2740903539558606       1.9613579033863316E-11   1.2740903539558606       2.2301515293069634E-11   1.2740903539558606       2.4743995861126427E-11   1.2740903539558606       2.7080264063940518E-11   1.2740903539558606       2.935301273879725E-11    1.2740903539558606       3.162443271554638E-11    1.2740903539558606       3.386473126793758E-11    1.2740903539558606       3.606305162756677E-11    1.2740903539558606       3.8272090034251564E-11   1.2740903539558606       4.046055612102873E-11    1.2740903539558606       4.2577128808495345E-11   1.2740903539558606       4.462143334521786E-11    1.2740903539558606       4.6633932523213955E-11   1.2740903539558606       4.8624036417277754E-11   1.2740903539558606       5.054403900981142E-11    1.2740903539558606       5.2459056281202825E-11   1.2740903539558606       5.436351216419914E-11    1.2740903539558606       5.62625264982281E-11     1.2740903539558606       5.808297322703632E-11    1.2740903539558606       5.99326968708021E-11     1.2740903539558606       6.179145708711163E-11    1.2740903539558606       6.364031847391307E-11    1.2740903539558606       6.547787437038245E-11    1.2740903539558606       6.728800044295672E-11    1.2740903539558606       6.907529566784011E-11    1.2740903539558606       7.095282014465689E-11    1.2740903539558606       7.28573564706868E-11     1.2740903539558606       7.473353399604075E-11    1.2740903539558606       7.667045309746539E-11    1.2740903539558606       7.865500487370129E-11    1.2740903539558606       8.073049415390674E-11    1.2740903539558606       8.28569988360152E-11     1.2740903539558606       8.498839489438007E-11    1.2740903539558606
5.026548245743669         2.0238323184638103E-11   1.2566370614359175       1.3708086358835652E-11   1.2566370614359175       7.232050064374358E-12    1.2566370614359175       5.053909040197164E-12    1.2566370614359175       8.357653622164313E-12    1.2566370614359175       8.503156583708023E-12    1.2566370614359175       1.6191053980030427E-11   1.2566370614359175       1.5203723732658206E-11   1.2566370614359175       1.7693652187452682E-11   1.2566370614359175       1.9950645730810136E-11   1.2566370614359175       2.2031598997864096E-11   1.2566370614359175       2.402967613891899E-11    1.2566370614359175       2.5988397320112003E-11   1.2566370614359175       2.7947204507500308E-11   1.2566370614359175       2.9880879438899094E-11   1.2566370614359175       3.1777221958611105E-11   1.2566370614359175       3.368615327500163E-11    1.2566370614359175       3.558433330048407E-11    1.2566370614359175       3.742020543153624E-11    1.2566370614359175       3.921741832967998E-11    1.2566370614359175       4.1004559275001826E-11   1.2566370614359175       4.278727975236557E-11    1.2566370614359175       4.454724064527156E-11    1.2566370614359175       4.633243276827154E-11    1.2566370614359175       4.8137334300358315E-11   1.2566370614359175       4.9971829944709884E-11   1.2566370614359175       5.1778109600916466E-11   1.2566370614359175       5.363990318503591E-11    1.2566370614359175       5.5527846583090055E-11   1.2566370614359175       5.7430061738289075E-11   1.2566370614359175       5.932344545800742E-11    1.2566370614359175       6.119369813845736E-11    1.2566370614359175       6.303080306124455E-11    1.2566370614359175       6.492937072089052E-11    1.2566370614359175       6.680822095232598E-11    1.2566370614359175       6.863843244947139E-11    1.2566370614359175       7.046358395309122E-11    1.2566370614359175       7.228420097344127E-11    1.2566370614359175       7.412429316883157E-11    1.2566370614359175       7.594978777920473E-11    1.2566370614359175       7.772543435270007E-11    1.2566370614359175
5.044001538263612         3.1602379069305834E-11   1.2391837689159744       2.469133696742878E-11    1.2391837689159744       1.669713415680623E-11    1.2391837689159744       1.1355034603844015E-11   1.2391837689159744       1.082314092726558E-11    1.2391837689159744       8.960501441175672E-12    1.2391837689159744       1.1333005952546066E-11   1.2391837689159744       1.4412071609953242E-11   1.2391837689159744       1.6361722545573546E-11   1.2391837689159744       1.826744239821511E-11    1.2391837689159744       2.0065833841475108E-11   1.2391837689159744       2.1790184388249566E-11   1.2391837689159744       2.3453585282601654E-11   1.2391837689159744       2.509098408126363E-11    1.2391837689159744       2.667434885789469E-11    1.2391837689159744       2.8199030771761592E-11   1.2391837689159744       2.970731631812811E-11    1.2391837689159744       3.11755644675203E-11     1.2391837689159744       3.257689060700725E-11    1.2391837689159744       3.392006689283945E-11    1.2391837689159744       3.522984458789311E-11    1.2391837689159744       3.6525802311122896E-11   1.2391837689159744       3.777733486771944E-11    1.2391837689159744       3.9036713496349395E-11   1.2391837689159744       4.0300408690998174E-11   1.2391837689159744       4.1580121390569455E-11   1.2391837689159744       4.282527426331881E-11    1.2391837689159744       4.411070734669428E-11    1.2391837689159744       4.542519385703434E-11    1.2391837689159744       4.674953890687376E-11    1.2391837689159744       4.808943515054764E-11    1.2391837689159744       4.941944535522803E-11    1.2391837689159744       5.0758652649003096E-11   1.2391837689159744       5.216998667248464E-11    1.2391837689159744       5.361004081185537E-11    1.2391837689159744       5.50506899464338E-11     1.2391837689159744       5.653748207724424E-11    1.2391837689159744       5.8062155896363266E-11   1.2391837689159744       5.966221663013217E-11    1.2391837689159744       6.129527248251828E-11    1.2391837689159744       6.293619052656763E-11    1.2391837689159744
5.061454830783555         2.045526420837989E-11    1.2217304763960313       1.4376712268603077E-11   1.2217304763960313       9.986500993153477E-12    1.2217304763960313       8.460841521048973E-12    1.2217304763960313       1.0779532113055237E-11   1.2217304763960313       1.2856792153354748E-11   1.2217304763960313       1.3938649637476072E-11   1.2217304763960313       1.8184512942714023E-11   1.2217304763960313       2.010566383561488E-11    1.2217304763960313       2.1860502272389808E-11   1.2217304763960313       2.3476482756634822E-11   1.2217304763960313       2.504911156045687E-11    1.2217304763960313       2.6596695711212698E-11   1.2217304763960313       2.8167999978208415E-11   1.2217304763960313       2.972885101445096E-11    1.2217304763960313       3.127380306983657E-11    1.2217304763960313       3.2850691939201586E-11   1.2217304763960313       3.443486602899742E-11    1.2217304763960313       3.5994226721914545E-11   1.2217304763960313       3.7533845343486887E-11   1.2217304763960313       3.909273736261852E-11    1.2217304763960313       4.068792523948145E-11    1.2217304763960313       4.228344863102159E-11    1.2217304763960313       4.393515168846155E-11    1.2217304763960313       4.563803031423246E-11    1.2217304763960313       4.739901571124614E-11    1.2217304763960313       4.9151961575084604E-11   1.2217304763960313       5.098123314583808E-11    1.2217304763960313       5.2863383266783765E-11   1.2217304763960313       5.4766121151395635E-11   1.2217304763960313       5.669098888295545E-11    1.2217304763960313       5.859487146912236E-11    1.2217304763960313       6.048284466657501E-11    1.2217304763960313       6.242683051597043E-11    1.2217304763960313       6.43673369356372E-11     1.2217304763960313       6.625148032090741E-11    1.2217304763960313       6.813429112895174E-11    1.2217304763960313       6.999920258758415E-11    1.2217304763960313       7.188397124427343E-11    1.2217304763960313       7.374324599482209E-11    1.2217304763960313       7.553936449056181E-11    1.2217304763960313
5.078908123303498         1.499741104213887E-11    1.2042771838760882       9.649630899870849E-12    1.2042771838760882       8.399541069491527E-12    1.2042771838760882       8.722497112749867E-12    1.2042771838760882       1.121038721606412E-11    1.2042771838760882       1.4926905155156643E-11   1.2042771838760882       1.6178316112491645E-11   1.2042771838760882       1.933333572171471E-11    1.2042771838760882       2.1371772054002947E-11   1.2042771838760882       2.323963431974754E-11    1.2042771838760882       2.4967203481669183E-11   1.2042771838760882       2.665790364948435E-11    1.2042771838760882       2.832808280322951E-11    1.2042771838760882       3.00250706206271E-11     1.2042771838760882       3.1714942298558825E-11   1.2042771838760882       3.3388247009052177E-11   1.2042771838760882       3.509739566326472E-11    1.2042771838760882       3.682072812644043E-11    1.2042771838760882       3.8516214506189446E-11   1.2042771838760882       4.019254240500418E-11    1.2042771838760882       4.189273035926253E-11    1.2042771838760882       4.362801228753319E-11    1.2042771838760882       4.5361018050218773E-11   1.2042771838760882       4.7147318451509994E-11   1.2042771838760882       4.897947344151767E-11    1.2042771838760882       5.085824366541413E-11    1.2042771838760882       5.2712333330799874E-11   1.2042771838760882       5.463242610196139E-11    1.2042771838760882       5.6587144263872E-11      1.2042771838760882       5.855308120823416E-11    1.2042771838760882       6.05158958304989E-11     1.2042771838760882       6.244995731331538E-11    1.2042771838760882       6.434843552909475E-11    1.2042771838760882       6.631125468737031E-11    1.2042771838760882       6.826583169287135E-11    1.2042771838760882       7.016518936886069E-11    1.2042771838760882       7.207540559444588E-11    1.2042771838760882       7.39913832677E-11        1.2042771838760882       7.594942433026456E-11    1.2042771838760882       7.791532826440732E-11    1.2042771838760882       7.984723971559738E-11    1.2042771838760882
5.096361415823442         1.8661850842999794E-11   1.1868238913561442       1.4184368336981849E-11   1.1868238913561442       8.846526095324961E-12    1.1868238913561442       4.688124153532939E-12    1.1868238913561442       5.521005518653882E-12    1.1868238913561442       1.1419911769275527E-11   1.1868238913561442       1.0881428274374455E-11   1.1868238913561442       1.4848567174909346E-11   1.1868238913561442       1.7485617722007605E-11   1.1868238913561442       1.980081150744389E-11    1.1868238913561442       2.1863523469279453E-11   1.1868238913561442       2.3798403921394478E-11   1.1868238913561442       2.5655657523068005E-11   1.1868238913561442       2.749478490187395E-11    1.1868238913561442       2.930147259414565E-11    1.1868238913561442       3.107204156402088E-11    1.1868238913561442       3.2862441407488845E-11   1.1868238913561442       3.4654444753777236E-11   1.1868238913561442       3.6402137091050805E-11   1.1868238913561442       3.811855210492951E-11    1.1868238913561442       3.983788766700002E-11    1.1868238913561442       4.156627454617289E-11    1.1868238913561442       4.327215685216056E-11    1.1868238913561442       4.5005636071907324E-11   1.1868238913561442       4.675931531806058E-11    1.1868238913561442       4.8537352420337274E-11   1.1868238913561442       5.027498901455812E-11    1.1868238913561442       5.2061615943406256E-11   1.1868238913561442       5.386891298859755E-11    1.1868238913561442       5.568432166997074E-11    1.1868238913561442       5.7487516435170305E-11   1.1868238913561442       5.926781874563995E-11    1.1868238913561442       6.101413744013047E-11    1.1868238913561442       6.283027434222328E-11    1.1868238913561442       6.46383940726617E-11     1.1868238913561442       6.639837998256936E-11    1.1868238913561442       6.81710078834964E-11     1.1868238913561442       6.995040239086455E-11    1.1868238913561442       7.17626147587061E-11     1.1868238913561442       7.357527681790505E-11    1.1868238913561442       7.534583276469287E-11    1.1868238913561442
5.113814708343385         5.1900226205032374E-12   1.169370598836201        2.9334422085036567E-12   1.169370598836201        3.98224401170724E-12     1.169370598836201        6.593871392525652E-12    1.169370598836201        9.348762766644078E-12    1.169370598836201        1.498387022705508E-11    1.169370598836201        1.4704320734789302E-11   1.169370598836201        1.6562709230247354E-11   1.169370598836201        1.8586278152059385E-11   1.169370598836201        2.0419172172468698E-11   1.169370598836201        2.2102218203855228E-11   1.169370598836201        2.3726379368213548E-11   1.169370598836201        2.530884916021195E-11    1.169370598836201        2.6884114680802126E-11   1.169370598836201        2.8425579368578032E-11   1.169370598836201        2.991922874386337E-11    1.169370598836201        3.1409096475628593E-11   1.169370598836201        3.287880261755718E-11    1.169370598836201        3.4292911709854845E-11   1.169370598836201        3.5664977502014906E-11   1.169370598836201        3.7032954969243855E-11   1.169370598836201        3.8415235501889747E-11   1.169370598836201        3.978618340066434E-11    1.169370598836201        4.120566556227939E-11    1.169370598836201        4.267201465608615E-11    1.169370598836201        4.419436831587217E-11    1.169370598836201        4.5716974680210686E-11   1.169370598836201        4.732211281612857E-11    1.169370598836201        4.898318833003221E-11    1.169370598836201        5.068602590746191E-11    1.169370598836201        5.240397802078786E-11    1.169370598836201        5.41240610767925E-11     1.169370598836201        5.5828900345851175E-11   1.169370598836201        5.7602909859654857E-11   1.169370598836201        5.936556358885221E-11    1.169370598836201        6.10760857936416E-11     1.169370598836201        6.278141964253688E-11    1.169370598836201        6.447025040044944E-11    1.169370598836201        6.616111958116513E-11    1.169370598836201        6.782011938035486E-11    1.169370598836201        6.941165190881795E-11    1.169370598836201
5.131268000863329         2.0860680528171977E-11   1.151917306316257        1.4680038669306928E-11   1.151917306316257        9.274028725663537E-12    1.151917306316257        5.770715928401803E-12    1.151917306316257        6.273755577495327E-12    1.151917306316257        9.15720508266484E-12     1.151917306316257        1.0224349156951777E-11   1.151917306316257        1.401588775756844E-11    1.151917306316257        1.643865109182532E-11    1.151917306316257        1.8565066213727963E-11   1.151917306316257        2.0432953157370213E-11   1.151917306316257        2.2134675059167256E-11   1.151917306316257        2.372432967136507E-11    1.151917306316257        2.526095884955888E-11    1.151917306316257        2.674575362914705E-11    1.151917306316257        2.8190591937931082E-11   1.151917306316257        2.965615683021986E-11    1.151917306316257        3.1138159518244266E-11   1.151917306316257        3.261065075886591E-11    1.151917306316257        3.409650554374631E-11    1.151917306316257        3.5623946733879117E-11   1.151917306316257        3.7202031495476845E-11   1.151917306316257        3.880558301867118E-11    1.151917306316257        4.0472409863632735E-11   1.151917306316257        4.2185259019933975E-11   1.151917306316257        4.394337839083745E-11    1.151917306316257        4.56819611384173E-11     1.151917306316257        4.74613721899014E-11     1.151917306316257        4.9245133403374645E-11   1.151917306316257        5.101012460114477E-11    1.151917306316257        5.2730407722213336E-11   1.151917306316257        5.438422390164828E-11    1.151917306316257        5.596286844261241E-11    1.151917306316257        5.7539767367491644E-11   1.151917306316257        5.905070113751436E-11    1.151917306316257        6.04663490622348E-11     1.151917306316257        6.183744983969954E-11    1.151917306316257        6.316289159352829E-11    1.151917306316257        6.447380723580423E-11    1.151917306316257        6.5746162442775E-11      1.151917306316257        6.696379302644634E-11    1.151917306316257
5.1487212933832724        7.259279473595163E-12    1.134464013796314        2.3993757286806296E-12   1.134464013796314        3.725434106943032E-12    1.134464013796314        5.0513024215156425E-12   1.134464013796314        9.508878703896719E-12    1.134464013796314        1.1643851934771943E-11   1.134464013796314        1.3634629732646379E-11   1.134464013796314        1.632060904301002E-11    1.134464013796314        1.7781041651640316E-11   1.134464013796314        1.9073910654552287E-11   1.134464013796314        2.0258926506518756E-11   1.134464013796314        2.1424638023254565E-11   1.134464013796314        2.2606865772319215E-11   1.134464013796314        2.3844926136620916E-11   1.134464013796314        2.5119816642036737E-11   1.134464013796314        2.6423525661687945E-11   1.134464013796314        2.779528136223728E-11    1.134464013796314        2.9211724990809935E-11   1.134464013796314        3.063063549339731E-11    1.134464013796314        3.206315941866497E-11    1.134464013796314        3.352047965566007E-11    1.134464013796314        3.5004137907762356E-11   1.134464013796314        3.648547382242704E-11    1.134464013796314        3.799779495476734E-11    1.134464013796314        3.952531552144965E-11    1.134464013796314        4.107268435323169E-11    1.134464013796314        4.258740328892695E-11    1.134464013796314        4.413166496259578E-11    1.134464013796314        4.568153819518487E-11    1.134464013796314        4.7223308611797576E-11   1.134464013796314        4.874713303337705E-11    1.134464013796314        5.0234566274821016E-11   1.134464013796314        5.1692331549128185E-11   1.134464013796314        5.319081623353692E-11    1.134464013796314        5.4675862865333124E-11   1.134464013796314        5.612899695787399E-11    1.134464013796314        5.758700467774421E-11    1.134464013796314        5.905365727664532E-11    1.134464013796314        6.055459023945178E-11    1.134464013796314        6.205758650837252E-11    1.134464013796314        6.353916898049787E-11    1.134464013796314
5.1661745859032155        2.0330906469478482E-11   1.117010721276371        1.5157615478603364E-11   1.117010721276371        1.0474622150955427E-11   1.117010721276371        8.938808635310785E-12    1.117010721276371        7.980211551682638E-12    1.117010721276371        8.11501552248797E-12     1.117010721276371        9.200469091966326E-12    1.117010721276371        1.2922636133619118E-11   1.117010721276371        1.456836609554463E-11    1.117010721276371        1.607086163824564E-11    1.117010721276371        1.744409089863566E-11    1.117010721276371        1.8749626574826717E-11   1.117010721276371        2.0021864346083294E-11   1.117010721276371        2.1299041379786788E-11   1.117010721276371        2.2567173448574336E-11   1.117010721276371        2.3824228176560415E-11   1.117010721276371        2.5115532136632532E-11   1.117010721276371        2.642392321902597E-11    1.117010721276371        2.7717937018963924E-11   1.117010721276371        2.9014451706717766E-11   1.117010721276371        3.0330464637921116E-11   1.117010721276371        3.1675758045135635E-11   1.117010721276371        3.302503369786887E-11    1.117010721276371        3.441553624744796E-11    1.117010721276371        3.58350610768168E-11     1.117010721276371        3.7287630619374195E-11   1.117010721276371        3.872377491038447E-11    1.117010721276371        4.0200133645780014E-11   1.117010721276371        4.169318679924977E-11    1.117010721276371        4.318419204511053E-11    1.117010721276371        4.465962516605404E-11    1.117010721276371        4.609448062878792E-11    1.117010721276371        4.749038000801223E-11    1.117010721276371        4.89096902812104E-11     1.117010721276371        5.029514150998462E-11    1.117010721276371        5.1622928936510976E-11   1.117010721276371        5.292789032555259E-11    1.117010721276371        5.421005799034898E-11    1.117010721276371        5.549692540283748E-11    1.117010721276371        5.6760785827549516E-11   1.117010721276371        5.798044581222936E-11    1.117010721276371
5.183627878423159         3.702280845794261E-12    1.0995574287564278       1.355761686144132E-12    1.0995574287564278       5.482049803912204E-12    1.0995574287564278       7.87275919806092E-12     1.0995574287564278       1.1591961286899505E-11   1.0995574287564278       1.3240191268410775E-11   1.0995574287564278       1.486435116256382E-11    1.0995574287564278       1.779907965278701E-11    1.0995574287564278       1.9033641869236688E-11   1.0995574287564278       2.0108923870670626E-11   1.0995574287564278       2.1070829155076847E-11   1.0995574287564278       2.201555135235936E-11    1.0995574287564278       2.2961508194990422E-11   1.0995574287564278       2.395147890999871E-11    1.0995574287564278       2.4969928617411437E-11   1.0995574287564278       2.6010211579751273E-11   1.0995574287564278       2.7113179331549296E-11   1.0995574287564278       2.8262865600856236E-11   1.0995574287564278       2.943258783371726E-11    1.0995574287564278       3.062443758677571E-11    1.0995574287564278       3.185924907516979E-11    1.0995574287564278       3.314739673901006E-11    1.0995574287564278       3.4448762368854664E-11   1.0995574287564278       3.580247551342843E-11    1.0995574287564278       3.719318134729946E-11    1.0995574287564278       3.861503867357723E-11    1.0995574287564278       4.000769908759023E-11    1.0995574287564278       4.142942797024065E-11    1.0995574287564278       4.285318683580652E-11    1.0995574287564278       4.425702995803649E-11    1.0995574287564278       4.562117400704477E-11    1.0995574287564278       4.6928783101137624E-11   1.0995574287564278       4.81768371016526E-11     1.0995574287564278       4.9434028017604616E-11   1.0995574287564278       5.064725715085189E-11    1.0995574287564278       5.1785211345415364E-11   1.0995574287564278       5.290693011648004E-11    1.0995574287564278       5.400437579854526E-11    1.0995574287564278       5.511463012317148E-11    1.0995574287564278       5.621602596046082E-11    1.0995574287564278       5.729240167534382E-11    1.0995574287564278
5.201081170943102         1.3558831198246285E-11   1.0821041362364847       9.239835756857679E-12    1.0821041362364847       4.136897644580451E-12    1.0821041362364847       4.6394490653638296E-12   1.0821041362364847       7.062519852941033E-12    1.0821041362364847       9.865968409186382E-12    1.0821041362364847       1.1159173027309495E-11   1.0821041362364847       1.4960027385609732E-11   1.0821041362364847       1.6683350483729014E-11   1.0821041362364847       1.8178152395981365E-11   1.0821041362364847       1.9523781032183778E-11   1.0821041362364847       2.08342143258258E-11     1.0821041362364847       2.215706211701566E-11    1.0821041362364847       2.3544699075199764E-11   1.0821041362364847       2.4985286442427947E-11   1.0821041362364847       2.6473911292877748E-11   1.0821041362364847       2.8050943674777872E-11   1.0821041362364847       2.969264517350463E-11    1.0821041362364847       3.1350702281650984E-11   1.0821041362364847       3.3031400931812725E-11   1.0821041362364847       3.47439973210344E-11     1.0821041362364847       3.6478760454390074E-11   1.0821041362364847       3.820633885989394E-11    1.0821041362364847       3.9950577208598115E-11   1.0821041362364847       4.1692068352605535E-11   1.0821041362364847       4.3429795003712345E-11   1.0821041362364847       4.510295907298971E-11    1.0821041362364847       4.677488671730557E-11    1.0821041362364847       4.841499525182841E-11    1.0821041362364847       5.0009658543002836E-11   1.0821041362364847       5.154256222828368E-11    1.0821041362364847       5.300207333987524E-11    1.0821041362364847       5.438854704440954E-11    1.0821041362364847       5.578212254988802E-11    1.0821041362364847       5.7128380327190234E-11   1.0821041362364847       5.840922567938823E-11    1.0821041362364847       5.967563839281467E-11    1.0821041362364847       6.093196311652252E-11    1.0821041362364847       6.22107060909918E-11     1.0821041362364847       6.348831660589083E-11    1.0821041362364847       6.474716035959746E-11    1.0821041362364847
5.218534463463045         5.19974507376487E-13     1.0646508437165416       3.846515685897998E-12    1.0646508437165416       6.510652403649023E-12    1.0646508437165416       8.525910481551408E-12    1.0646508437165416       1.080337279568404E-11    1.0646508437165416       1.2577616653887344E-11   1.0646508437165416       1.3118013837867E-11      1.0646508437165416       1.5324774512648844E-11   1.0646508437165416       1.6393925865015894E-11   1.0646508437165416       1.7451545456737038E-11   1.0646508437165416       1.8527600350316173E-11   1.0646508437165416       1.9690547698895373E-11   1.0646508437165416       2.0947422593985913E-11   1.0646508437165416       2.2314578925924466E-11   1.0646508437165416       2.37527643193662E-11     1.0646508437165416       2.523471973402271E-11    1.0646508437165416       2.6788300266688994E-11   1.0646508437165416       2.8381714378288116E-11   1.0646508437165416       2.995591013929043E-11    1.0646508437165416       3.151874418065679E-11    1.0646508437165416       3.30819532179608E-11     1.0646508437165416       3.463813602314481E-11    1.0646508437165416       3.616071738938245E-11    1.0646508437165416       3.7682604761148345E-11   1.0646508437165416       3.9190622738545276E-11   1.0646508437165416       4.068823666058051E-11    1.0646508437165416       4.21254008989543E-11     1.0646508437165416       4.357260158388459E-11    1.0646508437165416       4.500749098480897E-11    1.0646508437165416       4.642592210188127E-11    1.0646508437165416       4.7813126427082187E-11   1.0646508437165416       4.916713698678322E-11    1.0646508437165416       5.048605410642045E-11    1.0646508437165416       5.186302543852824E-11    1.0646508437165416       5.3238790730020095E-11   1.0646508437165416       5.45972394841727E-11     1.0646508437165416       5.5984224084601815E-11   1.0646508437165416       5.741103495351377E-11    1.0646508437165416       5.890271457742527E-11    1.0646508437165416       6.043490700147025E-11    1.0646508437165416       6.197907010897553E-11    1.0646508437165416
5.235987755982989         1.2615615371691436E-11   1.0471975511965976       7.218282936876802E-12    1.0471975511965976       2.808839698981509E-12    1.0471975511965976       1.2896932503215824E-12   1.0471975511965976       4.702067181911951E-12    1.0471975511965976       8.674151452165274E-12    1.0471975511965976       1.0158208813351088E-11   1.0471975511965976       1.408818376622085E-11    1.0471975511965976       1.6335761587927924E-11   1.0471975511965976       1.8343855664771215E-11   1.0471975511965976       2.016386310278837E-11    1.0471975511965976       2.1909990100891904E-11   1.0471975511965976       2.361268516932006E-11    1.0471975511965976       2.531895230324252E-11    1.0471975511965976       2.701190360575694E-11    1.0471975511965976       2.868131433755008E-11    1.0471975511965976       3.036940082437973E-11    1.0471975511965976       3.2055455807374184E-11   1.0471975511965976       3.36998899531886E-11     1.0471975511965976       3.5302510681043226E-11   1.0471975511965976       3.6893025131795575E-11   1.0471975511965976       3.8478795578483154E-11   1.0471975511965976       4.0019271117994284E-11   1.0471975511965976       4.1564887941056564E-11   1.0471975511965976       4.3107694300684354E-11   1.0471975511965976       4.464814837762025E-11    1.0471975511965976       4.6126165534069656E-11   1.0471975511965976       4.762223714916505E-11    1.0471975511965976       4.911491423223838E-11    1.0471975511965976       5.0592646903363545E-11   1.0471975511965976       5.20374747184935E-11     1.0471975511965976       5.344606307853621E-11    1.0471975511965976       5.4811394805513437E-11   1.0471975511965976       5.622672494560187E-11    1.0471975511965976       5.763286183410586E-11    1.0471975511965976       5.898297918140224E-11    1.0471975511965976       6.035383960267174E-11    1.0471975511965976       6.173003531891053E-11    1.0471975511965976       6.314261422296302E-11    1.0471975511965976       6.456596756790632E-11    1.0471975511965976       6.596288337993959E-11    1.0471975511965976
5.253441048502932         8.743105963615317E-12    1.0297442586766545       9.768326515237605E-12    1.0297442586766545       1.2732079156467002E-11   1.0297442586766545       1.45702798987481E-11     1.0297442586766545       1.5611988547824002E-11   1.0297442586766545       1.7723000643262087E-11   1.0297442586766545       1.7832922453348618E-11   1.0297442586766545       1.9488157731817404E-11   1.0297442586766545       2.0463453040606997E-11   1.0297442586766545       2.148989219380169E-11    1.0297442586766545       2.2581038412794503E-11   1.0297442586766545       2.3803858177895064E-11   1.0297442586766545       2.515287864393491E-11    1.0297442586766545       2.6642488477132627E-11   1.0297442586766545       2.8221832653409862E-11   1.0297442586766545       2.986074163588029E-11    1.0297442586766545       3.1583588707962495E-11   1.0297442586766545       3.335388706226876E-11    1.0297442586766545       3.51121342089546E-11     1.0297442586766545       3.685620550047249E-11    1.0297442586766545       3.8608693827751204E-11   1.0297442586766545       4.036191818958983E-11    1.0297442586766545       4.20867713381641E-11     1.0297442586766545       4.3817662924989E-11      1.0297442586766545       4.554751213665821E-11    1.0297442586766545       4.727801910706337E-11    1.0297442586766545       4.895027781767967E-11    1.0297442586766545       5.064380080456853E-11    1.0297442586766545       5.2333999727565956E-11   1.0297442586766545       5.400571664618037E-11    1.0297442586766545       5.5653733952328735E-11   1.0297442586766545       5.7258719192476665E-11   1.0297442586766545       5.88225695209424E-11     1.0297442586766545       6.043202682332724E-11    1.0297442586766545       6.203071196284214E-11    1.0297442586766545       6.357835280846375E-11    1.0297442586766545       6.513633402360975E-11    1.0297442586766545       6.669802450511949E-11    1.0297442586766545       6.829319248439952E-11    1.0297442586766545       6.989235782293201E-11    1.0297442586766545       7.14590607703707E-11     1.0297442586766545
5.270894341022875         8.205514653913442E-12    1.0122909661567114       5.312914917013534E-12    1.0122909661567114       3.491716048961606E-12    1.0122909661567114       3.5558432957762787E-12   1.0122909661567114       5.1151895575326745E-12   1.0122909661567114       7.486068735729563E-12    1.0122909661567114       9.123574488088173E-12    1.0122909661567114       1.0936387752774064E-11   1.0122909661567114       1.2594112693659439E-11   1.0122909661567114       1.418527516788625E-11    1.0122909661567114       1.5707583488126847E-11   1.0122909661567114       1.723828021654409E-11    1.0122909661567114       1.876434287489863E-11    1.0122909661567114       2.031958949330514E-11    1.0122909661567114       2.186444789153154E-11    1.0122909661567114       2.3383791330102597E-11   1.0122909661567114       2.490869707927624E-11    1.0122909661567114       2.641147123451649E-11    1.0122909661567114       2.7861124173655678E-11   1.0122909661567114       2.924902694681996E-11    1.0122909661567114       3.060549441412016E-11    1.0122909661567114       3.1945587568213765E-11   1.0122909661567114       3.322664339556313E-11    1.0122909661567114       3.450426869102265E-11    1.0122909661567114       3.577417069176469E-11    1.0122909661567114       3.704282535995075E-11    1.0122909661567114       3.826039069254548E-11    1.0122909661567114       3.9503072390465137E-11   1.0122909661567114       4.0764059440593786E-11   1.0122909661567114       4.2021851342506046E-11   1.0122909661567114       4.3287201672966196E-11   1.0122909661567114       4.453518627929586E-11    1.0122909661567114       4.57770562939914E-11     1.0122909661567114       4.7081405711783144E-11   1.0122909661567114       4.8409806487042654E-11   1.0122909661567114       4.9714471289430313E-11   1.0122909661567114       5.1058450131515E-11      1.0122909661567114       5.242625946461272E-11    1.0122909661567114       5.3854818696775146E-11   1.0122909661567114       5.530970546063108E-11    1.0122909661567114       5.6761146104286074E-11   1.0122909661567114
5.288347633542818         1.253121812446772E-11    0.9948376736367683       1.1016926744774602E-11   0.9948376736367683       1.0005649018217726E-11   0.9948376736367683       1.1158384331986912E-11   0.9948376736367683       1.1617514369676547E-11   0.9948376736367683       1.3982244056211124E-11   0.9948376736367683       1.4511857706818219E-11   0.9948376736367683       1.6062315168530798E-11   0.9948376736367683       1.7412045165572367E-11   0.9948376736367683       1.872608014785998E-11    0.9948376736367683       2.0014482608379178E-11   0.9948376736367683       2.132403762363026E-11    0.9948376736367683       2.2662158081193714E-11   0.9948376736367683       2.4050325811153152E-11   0.9948376736367683       2.5452381060238373E-11   0.9948376736367683       2.6855069599319375E-11   0.9948376736367683       2.8287932977894324E-11   0.9948376736367683       2.9720380853805445E-11   0.9948376736367683       3.112423713996824E-11    0.9948376736367683       3.250150690034235E-11    0.9948376736367683       3.387078060642645E-11    0.9948376736367683       3.5242099201119495E-11   0.9948376736367683       3.658928080021946E-11    0.9948376736367683       3.7952573935907986E-11   0.9948376736367683       3.9325777170709186E-11   0.9948376736367683       4.0717710280848535E-11   0.9948376736367683       4.207613942149182E-11    0.9948376736367683       4.346629064169911E-11    0.9948376736367683       4.4868939183048605E-11   0.9948376736367683       4.6262675212800216E-11   0.9948376736367683       4.764711314076219E-11    0.9948376736367683       4.899240039139311E-11    0.9948376736367683       5.03109952936801E-11     0.9948376736367683       5.1653625422219153E-11   0.9948376736367683       5.29784692981393E-11     0.9948376736367683       5.425018041922261E-11    0.9948376736367683       5.551594010974057E-11    0.9948376736367683       5.675832904006482E-11    0.9948376736367683       5.8013568281620496E-11   0.9948376736367683       5.924405694415615E-11    0.9948376736367683       6.04289658235537E-11     0.9948376736367683
5.305800926062761         5.9339361510326985E-12   0.9773843811168252       6.700865241969433E-12    0.9773843811168252       9.64136482512881E-12     0.9773843811168252       1.0863434392430063E-11   0.9773843811168252       1.1705317277609464E-11   0.9773843811168252       1.3495430129273716E-11   0.9773843811168252       1.378448117402766E-11    0.9773843811168252       1.4804666115992282E-11   0.9773843811168252       1.558613396349872E-11    0.9773843811168252       1.6394844397990745E-11   0.9773843811168252       1.7231107970805715E-11   0.9773843811168252       1.8152099875152416E-11   0.9773843811168252       1.914352176099531E-11    0.9773843811168252       2.0219566359328066E-11   0.9773843811168252       2.1344648462619213E-11   0.9773843811168252       2.2493353858942527E-11   0.9773843811168252       2.3692729261681724E-11   0.9773843811168252       2.4922886172578712E-11   0.9773843811168252       2.6138500086932365E-11   0.9773843811168252       2.734620293054962E-11    0.9773843811168252       2.856435489747152E-11    0.9773843811168252       2.979916587893636E-11    0.9773843811168252       3.101995667821298E-11    0.9773843811168252       3.226645568800742E-11    0.9773843811168252       3.3528928773572453E-11   0.9773843811168252       3.480886470947523E-11    0.9773843811168252       3.6059014783006656E-11   0.9773843811168252       3.734228605486189E-11    0.9773843811168252       3.863948120885376E-11    0.9773843811168252       3.9940669207382256E-11   0.9773843811168252       4.1229941748426505E-11   0.9773843811168252       4.249793483592184E-11    0.9773843811168252       4.374242333461147E-11    0.9773843811168252       4.503999580746411E-11    0.9773843811168252       4.6334021411546425E-11   0.9773843811168252       4.7604345314336145E-11   0.9773843811168252       4.8892071844908417E-11   0.9773843811168252       5.0205822940438944E-11   0.9773843811168252       5.156600404437076E-11    0.9773843811168252       5.295403201577959E-11    0.9773843811168252       5.4345341828342676E-11   0.9773843811168252
5.323254218582705         1.0173312450798992E-11   0.9599310885968814       5.498822734280856E-12    0.9599310885968814       2.681318880120678E-12    0.9599310885968814       2.388368174704743E-12    0.9599310885968814       4.7187856982026596E-12   0.9599310885968814       8.665980052059887E-12    0.9599310885968814       1.1041959303688528E-11   0.9599310885968814       1.362734407173157E-11    0.9599310885968814       1.5996030720646272E-11   0.9599310885968814       1.8181501659554316E-11   0.9599310885968814       2.0212513313024783E-11   0.9599310885968814       2.217225042983812E-11    0.9599310885968814       2.40835611713742E-11     0.9599310885968814       2.5983669686107714E-11   0.9599310885968814       2.7847963621598665E-11   0.9599310885968814       2.966892386737964E-11    0.9599310885968814       3.148796147215336E-11    0.9599310885968814       3.3282287756370096E-11   0.9599310885968814       3.5015395869588886E-11   0.9599310885968814       3.669286090267365E-11    0.9599310885968814       3.8348329835953186E-11   0.9599310885968814       3.998530920102755E-11    0.9599310885968814       4.157750439767838E-11    0.9599310885968814       4.316983238180107E-11    0.9599310885968814       4.4757782402828093E-11   0.9599310885968814       4.634443253776999E-11    0.9599310885968814       4.787388189781454E-11    0.9599310885968814       4.942303221172139E-11    0.9599310885968814       5.0967470475267645E-11   0.9599310885968814       5.249259179061368E-11    0.9599310885968814       5.3986360783148417E-11   0.9599310885968814       5.54384357485388E-11     0.9599310885968814       5.68416856525399E-11     0.9599310885968814       5.827971095756397E-11    0.9599310885968814       5.970034928675576E-11    0.9599310885968814       6.105558367129531E-11    0.9599310885968814       6.241766195449781E-11    0.9599310885968814       6.376786797881318E-11    0.9599310885968814       6.514226354777609E-11    0.9599310885968814       6.651042646053242E-11    0.9599310885968814       6.783996769204412E-11    0.9599310885968814
5.340707511102648         1.2553773123023131E-11   0.9424777960769383       1.107553084293172E-11    0.9424777960769383       1.0268431808694776E-11   0.9424777960769383       1.0936805888645458E-11   0.9424777960769383       1.1133950068486228E-11   0.9424777960769383       1.2561149701544097E-11   0.9424777960769383       1.256685221865993E-11    0.9424777960769383       1.3709160088804671E-11   0.9424777960769383       1.4553202405916485E-11   0.9424777960769383       1.539977210954232E-11    0.9424777960769383       1.6234998966195774E-11   0.9424777960769383       1.7109472054795648E-11   0.9424777960769383       1.801362386141476E-11    0.9424777960769383       1.8975577470252512E-11   0.9424777960769383       1.996123582467198E-11    0.9424777960769383       2.095862761990098E-11    0.9424777960769383       2.1999796572321274E-11   0.9424777960769383       2.3061641420910628E-11   0.9424777960769383       2.4120655387794653E-11   0.9424777960769383       2.51705673959164E-11     0.9424777960769383       2.6234396135940084E-11   0.9424777960769383       2.732872130206592E-11    0.9424777960769383       2.8411940320287966E-11   0.9424777960769383       2.9529358320587506E-11   0.9424777960769383       3.0673662863817137E-11   0.9424777960769383       3.1848257167207925E-11   0.9424777960769383       3.3000977383311125E-11   0.9424777960769383       3.4196392689221614E-11   0.9424777960769383       3.542470362881048E-11    0.9424777960769383       3.6660493208187905E-11   0.9424777960769383       3.791481159563386E-11    0.9424777960769383       3.915339669840031E-11    0.9424777960769383       4.039418980904899E-11    0.9424777960769383       4.1692096872370254E-11   0.9424777960769383       4.3010848798905835E-11   0.9424777960769383       4.431666975501891E-11    0.9424777960769383       4.565634986713905E-11    0.9424777960769383       4.7022385906575233E-11   0.9424777960769383       4.844931430389965E-11    0.9424777960769383       4.9904620989020556E-11   0.9424777960769383       5.136328027932935E-11    0.9424777960769383
5.358160803622591         8.093842268727011E-12    0.9250245035569951       1.0012055307537633E-11   0.9250245035569951       1.222356918603739E-11    0.9250245035569951       1.4171684244632678E-11   0.9250245035569951       1.4978114143528357E-11   0.9250245035569951       1.6847600544861223E-11   0.9250245035569951       1.702759784417205E-11    0.9250245035569951       1.818952546720747E-11    0.9250245035569951       1.9029501427203134E-11   0.9250245035569951       1.992800855212248E-11    0.9250245035569951       2.0891656158049278E-11   0.9250245035569951       2.1961792499031218E-11   0.9250245035569951       2.3135323398258276E-11   0.9250245035569951       2.4418361703314586E-11   0.9250245035569951       2.5769772885978713E-11   0.9250245035569951       2.716603740918931E-11    0.9250245035569951       2.863155936735446E-11    0.9250245035569951       3.013627936462109E-11    0.9250245035569951       3.163151360166915E-11    0.9250245035569951       3.312825386777502E-11    0.9250245035569951       3.4638060598229356E-11   0.9250245035569951       3.6153962253996423E-11   0.9250245035569951       3.766071030657824E-11    0.9250245035569951       3.918484140672465E-11    0.9250245035569951       4.071337788801279E-11    0.9250245035569951       4.225272722558145E-11    0.9250245035569951       4.3753791292389304E-11   0.9250245035569951       4.527793312569651E-11    0.9250245035569951       4.67968209594277E-11     0.9250245035569951       4.830295538069951E-11    0.9250245035569951       4.977789165854913E-11    0.9250245035569951       5.121198028378945E-11    0.9250245035569951       5.2602444561477566E-11   0.9250245035569951       5.402146576112555E-11    0.9250245035569951       5.541245876285599E-11    0.9250245035569951       5.675408515681135E-11    0.9250245035569951       5.808589734265558E-11    0.9250245035569951       5.940598288411058E-11    0.9250245035569951       6.073761245280972E-11    0.9250245035569951       6.2051246992493E-11      0.9250245035569951       6.332242713470727E-11    0.9250245035569951
5.375614096142535         1.2222709247495725E-11   0.9075712110370511       9.683733795728293E-12    0.9075712110370511       7.693491933516375E-12    0.9075712110370511       6.5184134833968226E-12   0.9075712110370511       6.2232875911728205E-12   0.9075712110370511       7.545894876202081E-12    0.9075712110370511       8.797775108614784E-12    0.9075712110370511       1.0654920636787055E-11   0.9075712110370511       1.2389866597421264E-11   0.9075712110370511       1.4085136117807465E-11   0.9075712110370511       1.5693351277728746E-11   0.9075712110370511       1.728826011417279E-11    0.9075712110370511       1.8846544818208637E-11   0.9075712110370511       2.0404796778320655E-11   0.9075712110370511       2.193419091665327E-11    0.9075712110370511       2.342041329402544E-11    0.9075712110370511       2.4895422793028713E-11   0.9075712110370511       2.6339154742093925E-11   0.9075712110370511       2.7727622551291804E-11   0.9075712110370511       2.9045703834510635E-11   0.9075712110370511       3.032800435992075E-11    0.9075712110370511       3.1593590030787516E-11   0.9075712110370511       3.2792450949793934E-11   0.9075712110370511       3.3982672511195156E-11   0.9075712110370511       3.516214626124075E-11    0.9075712110370511       3.6330538107684045E-11   0.9075712110370511       3.74351848799975E-11     0.9075712110370511       3.855267293185648E-11    0.9075712110370511       3.9676560755728664E-11   0.9075712110370511       4.0786504124988645E-11   0.9075712110370511       4.188655570639571E-11    0.9075712110370511       4.2963282390938056E-11   0.9075712110370511       4.402110934281723E-11    0.9075712110370511       4.5135587245419E-11      0.9075712110370511       4.6268546876396915E-11   0.9075712110370511       4.73696186094925E-11     0.9075712110370511       4.851557888816464E-11    0.9075712110370511       4.968746527962795E-11    0.9075712110370511       5.092144580760428E-11    0.9075712110370511       5.219416608191138E-11    0.9075712110370511       5.3472963196268984E-11   0.9075712110370511
5.3930673886624785        1.4755108080985027E-11   0.890117918517108        1.4154434948232747E-11   0.890117918517108        1.2601596328268123E-11   0.890117918517108        1.2228098469712259E-11   0.890117918517108        1.233311670808542E-11    0.890117918517108        1.2663458503390248E-11   0.890117918517108        1.2609523602267772E-11   0.890117918517108        1.3152649933280811E-11   0.890117918517108        1.381121221301688E-11    0.890117918517108        1.459274496975917E-11    0.890117918517108        1.5479320595685E-11      0.890117918517108        1.6456803882953514E-11   0.890117918517108        1.7531925303539418E-11   0.890117918517108        1.870427482843357E-11    0.890117918517108        1.993207877038776E-11    0.890117918517108        2.1201812676196997E-11   0.890117918517108        2.254064760147563E-11    0.890117918517108        2.3919002662302855E-11   0.890117918517108        2.5296865106855565E-11   0.890117918517108        2.669079759750053E-11    0.890117918517108        2.810987189029237E-11    0.890117918517108        2.954912451011164E-11    0.890117918517108        3.1002344514853465E-11   0.890117918517108        3.248922037036271E-11    0.890117918517108        3.3999303302629886E-11   0.890117918517108        3.554682199373138E-11    0.890117918517108        3.70876509321929E-11     0.890117918517108        3.8676360945222945E-11   0.890117918517108        4.0290711873040605E-11   0.890117918517108        4.191586824301467E-11    0.890117918517108        4.35524593091137E-11     0.890117918517108        4.516661701929163E-11    0.890117918517108        4.677074539182753E-11    0.890117918517108        4.841594875136261E-11    0.890117918517108        5.005303708182761E-11    0.890117918517108        5.166782326380039E-11    0.890117918517108        5.327500873464609E-11    0.890117918517108        5.4878870832273915E-11   0.890117918517108        5.6500648103797865E-11   0.890117918517108        5.810070967965764E-11    0.890117918517108        5.96569062895293E-11     0.890117918517108
5.410520681182422         1.2390710272585897E-11   0.8726646259971649       1.579359700770421E-11    0.8726646259971649       1.822302033094282E-11    0.8726646259971649       2.0506510101229023E-11   0.8726646259971649       2.1942639582583534E-11   0.8726646259971649       2.3899816922067418E-11   0.8726646259971649       2.4344972095630898E-11   0.8726646259971649       2.5314115649127706E-11   0.8726646259971649       2.6130557308229397E-11   0.8726646259971649       2.6986423870371537E-11   0.8726646259971649       2.78868027844535E-11     0.8726646259971649       2.8886944346441652E-11   0.8726646259971649       2.9972289525492195E-11   0.8726646259971649       3.115290737752646E-11    0.8726646259971649       3.2382594540211573E-11   0.8726646259971649       3.363331636654689E-11    0.8726646259971649       3.4923093313966963E-11   0.8726646259971649       3.622292571871486E-11    0.8726646259971649       3.748974287147117E-11    0.8726646259971649       3.871622609394034E-11    0.8726646259971649       3.9930109768588285E-11   0.8726646259971649       4.113385512526796E-11    0.8726646259971649       4.2295562968525076E-11   0.8726646259971649       4.345707363706752E-11    0.8726646259971649       4.4613124772899355E-11   0.8726646259971649       4.576211438981781E-11    0.8726646259971649       4.684566338329866E-11    0.8726646259971649       4.7935910110347667E-11   0.8726646259971649       4.901074921155671E-11    0.8726646259971649       5.005182413182849E-11    0.8726646259971649       5.1045600316828367E-11   0.8726646259971649       5.198452695776059E-11    0.8726646259971649       5.285964983790068E-11    0.8726646259971649       5.3747270552659856E-11   0.8726646259971649       5.460259176399725E-11    0.8726646259971649       5.536938203227158E-11    0.8726646259971649       5.613132665144708E-11    0.8726646259971649       5.686229864691596E-11    0.8726646259971649       5.759783972966042E-11    0.8726646259971649       5.831807724105023E-11    0.8726646259971649       5.899562049271908E-11    0.8726646259971649
5.427973973702365         1.3901227332134187E-11   0.8552113334772218       1.2905184441458948E-11   0.8552113334772218       1.2888594514511005E-11   0.8552113334772218       1.2937901689574269E-11   0.8552113334772218       1.2816633477665128E-11   0.8552113334772218       1.3519912928714176E-11   0.8552113334772218       1.3524679495482698E-11   0.8552113334772218       1.3983393369190969E-11   0.8552113334772218       1.44479879145356E-11     0.8552113334772218       1.499745764603477E-11    0.8552113334772218       1.558155419825571E-11    0.8552113334772218       1.6251043456587936E-11   0.8552113334772218       1.6956694789155323E-11   0.8552113334772218       1.7719616273217943E-11   0.8552113334772218       1.8508470279106544E-11   0.8552113334772218       1.9301819177083498E-11   0.8552113334772218       2.0122527211881508E-11   0.8552113334772218       2.0952966962339416E-11   0.8552113334772218       2.1780623397592535E-11   0.8552113334772218       2.259339367525649E-11    0.8552113334772218       2.3413765547630303E-11   0.8552113334772218       2.4273935774851022E-11   0.8552113334772218       2.5119843300326022E-11   0.8552113334772218       2.6012575324548936E-11   0.8552113334772218       2.6947526439009E-11      0.8552113334772218       2.7925289594984648E-11   0.8552113334772218       2.8904409704383473E-11   0.8552113334772218       2.9946741986414344E-11   0.8552113334772218       3.104859592303834E-11    0.8552113334772218       3.218979321852194E-11    0.8552113334772218       3.337609935521838E-11    0.8552113334772218       3.4583870957450447E-11   0.8552113334772218       3.582842262757372E-11    0.8552113334772218       3.7161414510773E-11      0.8552113334772218       3.8544747179193885E-11   0.8552113334772218       3.995133620597108E-11    0.8552113334772218       4.141894366298729E-11    0.8552113334772218       4.294108889112507E-11    0.8552113334772218       4.454722105845243E-11    0.8552113334772218       4.620303375050618E-11    0.8552113334772218       4.7884354956040585E-11   0.8552113334772218
5.445427266222308         1.4286134543887875E-11   0.8377580409572788       1.2063288428036689E-11   0.8377580409572788       1.007860883671972E-11    0.8377580409572788       8.26829833669398E-12     0.8377580409572788       7.1627583821334815E-12   0.8377580409572788       5.985863729862585E-12    0.8377580409572788       6.245587000736871E-12    0.8377580409572788       7.091988247342142E-12    0.8377580409572788       8.367903545293921E-12    0.8377580409572788       9.824844477657672E-12    0.8377580409572788       1.1370553005475297E-11   0.8377580409572788       1.2953658342980661E-11   0.8377580409572788       1.4595306422076395E-11   0.8377580409572788       1.6290654360820544E-11   0.8377580409572788       1.8013509197372865E-11   0.8377580409572788       1.9755080849756864E-11   0.8377580409572788       2.155067688350069E-11    0.8377580409572788       2.3379603136707837E-11   0.8377580409572788       2.5191398555657447E-11   0.8377580409572788       2.701020646025561E-11    0.8377580409572788       2.8853051351683417E-11   0.8377580409572788       3.0698142103990356E-11   0.8377580409572788       3.2553684776545586E-11   0.8377580409572788       3.44277808745886E-11     0.8377580409572788       3.631095630907346E-11    0.8377580409572788       3.821303011264946E-11    0.8377580409572788       4.008551279180466E-11    0.8377580409572788       4.1988566300064486E-11   0.8377580409572788       4.3887034730893374E-11   0.8377580409572788       4.5775421465784365E-11   0.8377580409572788       4.763746568718518E-11    0.8377580409572788       4.9453485577061813E-11   0.8377580409572788       5.121442496884253E-11    0.8377580409572788       5.299443044668999E-11    0.8377580409572788       5.473108658358537E-11    0.8377580409572788       5.6403370510775557E-11   0.8377580409572788       5.8036691378015404E-11   0.8377580409572788       5.963728710397694E-11    0.8377580409572788       6.12189899733859E-11     0.8377580409572788       6.275399401294409E-11    0.8377580409572788       6.420854516086238E-11    0.8377580409572788
5.462880558742251         1.3476332203773216E-11   0.8203047484373357       1.4758539011429037E-11   0.8203047484373357       1.6416429344152084E-11   0.8203047484373357       1.8116091071953446E-11   0.8203047484373357       1.9666523707152774E-11   0.8203047484373357       2.1154274565089645E-11   0.8203047484373357       2.1983184748981004E-11   0.8203047484373357       2.3122276176975966E-11   0.8203047484373357       2.4130920979746754E-11   0.8203047484373357       2.514149308828273E-11    0.8203047484373357       2.6178521970204586E-11   0.8203047484373357       2.7274182097161598E-11   0.8203047484373357       2.8434375829978255E-11   0.8203047484373357       2.967171589692138E-11    0.8203047484373357       3.0942504408835236E-11   0.8203047484373357       3.2226818767234135E-11   0.8203047484373357       3.3542717174876224E-11   0.8203047484373357       3.4857778143772437E-11   0.8203047484373357       3.613148468787269E-11    0.8203047484373357       3.736362673062055E-11    0.8203047484373357       3.856386142004056E-11    0.8203047484373357       3.973671764110333E-11    0.8203047484373357       4.0853506858258694E-11   0.8203047484373357       4.194845472669256E-11    0.8203047484373357       4.301102136778418E-11    0.8203047484373357       4.404612835446303E-11    0.8203047484373357       4.499969851545201E-11    0.8203047484373357       4.593147594565109E-11    0.8203047484373357       4.6825817063031664E-11   0.8203047484373357       4.7659212611424086E-11   0.8203047484373357       4.842968603239924E-11    0.8203047484373357       4.912133954180486E-11    0.8203047484373357       4.974162166896024E-11    0.8203047484373357       5.0349232000133294E-11   0.8203047484373357       5.0910179664224E-11      0.8203047484373357       5.138491161395813E-11    0.8203047484373357       5.184629292457901E-11    0.8203047484373357       5.226983040231316E-11    0.8203047484373357       5.2702022385552955E-11   0.8203047484373357       5.311806964207951E-11    0.8203047484373357       5.350785012348902E-11    0.8203047484373357
5.480333851262194         1.2466628362021032E-11   0.8028514559173925       1.5830229288127307E-11   0.8028514559173925       1.920221236000314E-11    0.8028514559173925       2.153641036260824E-11    0.8028514559173925       2.3092132119424334E-11   0.8028514559173925       2.4624895488919935E-11   0.8028514559173925       2.4963360552760285E-11   0.8028514559173925       2.5506609156833362E-11   0.8028514559173925       2.581838355200894E-11    0.8028514559173925       2.60925979312849E-11     0.8028514559173925       2.6340945374954402E-11   0.8028514559173925       2.665189805005237E-11    0.8028514559173925       2.6997588710604082E-11   0.8028514559173925       2.7407556619744017E-11   0.8028514559173925       2.784499283663171E-11    0.8028514559173925       2.828627385720757E-11    0.8028514559173925       2.8747440569378216E-11   0.8028514559173925       2.920644191616538E-11    0.8028514559173925       2.9645170973941155E-11   0.8028514559173925       3.0041106830145027E-11   0.8028514559173925       3.042819451382836E-11    0.8028514559173925       3.083659965663421E-11    0.8028514559173925       3.1208575063210654E-11   0.8028514559173925       3.161210566489829E-11    0.8028514559173925       3.2052246932509436E-11   0.8028514559173925       3.252571074583637E-11    0.8028514559173925       3.299072099175725E-11    0.8028514559173925       3.352184253350261E-11    0.8028514559173925       3.412107268348564E-11    0.8028514559173925       3.477498796003451E-11    0.8028514559173925       3.549072641532644E-11    0.8028514559173925       3.626016367130055E-11    0.8028514559173925       3.709352048557544E-11    0.8028514559173925       3.805817523478525E-11    0.8028514559173925       3.912245930425911E-11    0.8028514559173925       4.023946669822694E-11    0.8028514559173925       4.147439319417583E-11    0.8028514559173925       4.281248878699671E-11    0.8028514559173925       4.427821842157381E-11    0.8028514559173925       4.5845800888039884E-11   0.8028514559173925       4.7479168366039943E-11   0.8028514559173925
5.497787143782138         1.2544758058443026E-11   0.7853981633974485       1.2952954168500158E-11   0.7853981633974485       1.440916031521799E-11    0.7853981633974485       1.4924485580048226E-11   0.7853981633974485       1.491287473499735E-11    0.7853981633974485       1.501123045125151E-11    0.7853981633974485       1.4336655855811247E-11   0.7853981633974485       1.3773028540009204E-11   0.7853981633974485       1.315977236043481E-11    0.7853981633974485       1.2644039065874307E-11   0.7853981633974485       1.2242107925665346E-11   0.7853981633974485       1.2061481915405275E-11   0.7853981633974485       1.2093217624146055E-11   0.7853981633974485       1.2375605260588113E-11   0.7853981633974485       1.2888431810122018E-11   0.7853981633974485       1.3601288753671022E-11   0.7853981633974485       1.4528889930293837E-11   0.7853981633974485       1.5638316086824888E-11   0.7853981633974485       1.6878271914906934E-11   0.7853981633974485       1.8236684191029128E-11   0.7853981633974485       1.9716498216367816E-11   0.7853981633974485       2.1303988587907084E-11   0.7853981633974485       2.297041956090192E-11    0.7853981633974485       2.4731724359349002E-11   0.7853981633974485       2.6567399058521706E-11   0.7853981633974485       2.847771429600901E-11    0.7853981633974485       3.0414848243105224E-11   0.7853981633974485       3.242896993300893E-11    0.7853981633974485       3.448771415523974E-11    0.7853981633974485       3.6578519330963535E-11   0.7853981633974485       3.868378339947385E-11    0.7853981633974485       4.077898230986765E-11    0.7853981633974485       4.28563217910977E-11     0.7853981633974485       4.4975663908454727E-11   0.7853981633974485       4.706835451783991E-11    0.7853981633974485       4.9129660343827076E-11   0.7853981633974485       5.1156502208217003E-11   0.7853981633974485       5.316133139267154E-11    0.7853981633974485       5.5151055293262895E-11   0.7853981633974485       5.709063875376227E-11    0.7853981633974485       5.894895758797738E-11    0.7853981633974485
5.515240436302081         1.1207338365248668E-11   0.7679448708775054       9.551581314922083E-12    0.7679448708775054       8.398230651161884E-12    0.7679448708775054       6.817685690830658E-12    0.7679448708775054       5.2217100948291704E-12   0.7679448708775054       3.2002979054891887E-12   0.7679448708775054       2.5188993285215527E-12   0.7679448708775054       3.1681569957652606E-12   0.7679448708775054       4.921139597429877E-12    0.7679448708775054       6.943282619058111E-12    0.7679448708775054       9.051589785850062E-12    0.7679448708775054       1.1183166922520426E-11   0.7679448708775054       1.3348941486246186E-11   0.7679448708775054       1.554996121763581E-11    0.7679448708775054       1.7752264210868305E-11   0.7679448708775054       1.9949259067336836E-11   0.7679448708775054       2.216806028074507E-11    0.7679448708775054       2.4380346111600194E-11   0.7679448708775054       2.6544442650800456E-11   0.7679448708775054       2.8673214548320515E-11   0.7679448708775054       3.0776385584377605E-11   0.7679448708775054       3.2839988970137617E-11   0.7679448708775054       3.4858879234537946E-11   0.7679448708775054       3.684556001037747E-11    0.7679448708775054       3.8785629237408215E-11   0.7679448708775054       4.069209125039602E-11    0.7679448708775054       4.2511435216714424E-11   0.7679448708775054       4.429511752633642E-11    0.7679448708775054       4.602080849143337E-11    0.7679448708775054       4.7662407308147894E-11   0.7679448708775054       4.9224571240299155E-11   0.7679448708775054       5.066729389071962E-11    0.7679448708775054       5.200407746319796E-11    0.7679448708775054       5.328166684588868E-11    0.7679448708775054       5.446418917600914E-11    0.7679448708775054       5.551317921952842E-11    0.7679448708775054       5.64796922000048E-11     0.7679448708775054       5.734575842358868E-11    0.7679448708775054       5.8151019845789295E-11   0.7679448708775054       5.886333750804262E-11    0.7679448708775054       5.946566042863202E-11    0.7679448708775054
5.532693728822025         9.151196226045497E-12    0.7504915783575614       9.182406441593442E-12    0.7504915783575614       9.527120852215681E-12    0.7504915783575614       1.0622722074659365E-11   0.7504915783575614       1.2066985828927676E-11   0.7504915783575614       1.3689526158755191E-11   0.7504915783575614       1.5335518592642962E-11   0.7504915783575614       1.7173107128225723E-11   0.7504915783575614       1.8974533012127912E-11   0.7504915783575614       2.0754528947114185E-11   0.7504915783575614       2.2514891215123945E-11   0.7504915783575614       2.4256015496658425E-11   0.7504915783575614       2.5994036836171373E-11   0.7504915783575614       2.7730501140314262E-11   0.7504915783575614       2.943003044236969E-11    0.7504915783575614       3.107339556555778E-11    0.7504915783575614       3.268043272946479E-11    0.7504915783575614       3.422415646543112E-11    0.7504915783575614       3.5657691827136553E-11   0.7504915783575614       3.6985844502060896E-11   0.7504915783575614       3.8227681836928955E-11   0.7504915783575614       3.938000267199839E-11    0.7504915783575614       4.042044779230219E-11    0.7504915783575614       4.13838342130116E-11     0.7504915783575614       4.226710148317698E-11    0.7504915783575614       4.306921145615427E-11    0.7504915783575614       4.3746815772622365E-11   0.7504915783575614       4.4359913208000876E-11   0.7504915783575614       4.48961348702722E-11     0.7504915783575614       4.5345717958283796E-11   0.7504915783575614       4.570304653129304E-11    0.7504915783575614       4.596924086685144E-11    0.7504915783575614       4.6148766112263876E-11   0.7504915783575614       4.6316790731891664E-11   0.7504915783575614       4.6451659324104524E-11   0.7504915783575614       4.650757107564627E-11    0.7504915783575614       4.658632279282618E-11    0.7504915783575614       4.6670757743263045E-11   0.7504915783575614       4.6813639333832904E-11   0.7504915783575614       4.70128993443236E-11     0.7504915783575614       4.7262820677421494E-11   0.7504915783575614
5.550147021341968         8.208283487944706E-12    0.7330382858376183       1.1006005745757067E-11   0.7330382858376183       1.3600624585036715E-11   0.7330382858376183       1.6455724952098147E-11   0.7330382858376183       1.8901141934526458E-11   0.7330382858376183       2.1384991791995545E-11   0.7330382858376183       2.297441786994768E-11    0.7330382858376183       2.4676031433297402E-11   0.7330382858376183       2.6075476094901577E-11   0.7330382858376183       2.7303086820441814E-11   0.7330382858376183       2.8388917641405615E-11   0.7330382858376183       2.939082934043973E-11    0.7330382858376183       3.031782428519231E-11    0.7330382858376183       3.119236437701011E-11    0.7330382858376183       3.1986094747450914E-11   0.7330382858376183       3.2681718429606145E-11   0.7330382858376183       3.3305044673689884E-11   0.7330382858376183       3.3835602964281505E-11   0.7330382858376183       3.425067304020996E-11    0.7330382858376183       3.454988425924867E-11    0.7330382858376183       3.476200357997424E-11    0.7330382858376183       3.4916826580259016E-11   0.7330382858376183       3.4979001114218013E-11   0.7330382858376183       3.501562982188221E-11    0.7330382858376183       3.504101274702345E-11    0.7330382858376183       3.50625850095866E-11     0.7330382858376183       3.505410679701787E-11    0.7330382858376183       3.509991268951122E-11    0.7330382858376183       3.520950122953656E-11    0.7330382858376183       3.53905554613216E-11     0.7330382858376183       3.5652457218104144E-11   0.7330382858376183       3.601565877215762E-11    0.7330382858376183       3.6494207417324297E-11   0.7330382858376183       3.717054389382935E-11    0.7330382858376183       3.800920081789639E-11    0.7330382858376183       3.898717569204649E-11    0.7330382858376183       4.015371657499982E-11    0.7330382858376183       4.149809169969032E-11    0.7330382858376183       4.3037848107622213E-11   0.7330382858376183       4.473523475894537E-11    0.7330382858376183       4.655079631163829E-11    0.7330382858376183
5.567600313861911         8.607967400499972E-12    0.7155849933176752       1.2797451159519362E-11   0.7155849933176752       1.6024148016438593E-11   0.7155849933176752       1.894597177263153E-11    0.7155849933176752       2.109350359549328E-11    0.7155849933176752       2.316738163377337E-11    0.7155849933176752       2.398023395463005E-11    0.7155849933176752       2.4854308420511306E-11   0.7155849933176752       2.5347771601043E-11      0.7155849933176752       2.563366047141844E-11    0.7155849933176752       2.574241936704424E-11    0.7155849933176752       2.577064922777352E-11    0.7155849933176752       2.5715116487782653E-11   0.7155849933176752       2.5620952369539728E-11   0.7155849933176752       2.547509242231144E-11    0.7155849933176752       2.5277277313951378E-11   0.7155849933176752       2.506819616735699E-11    0.7155849933176752       2.4849456016291735E-11   0.7155849933176752       2.464141358337788E-11    0.7155849933176752       2.4449640305440557E-11   0.7155849933176752       2.433190472480839E-11    0.7155849933176752       2.4354117346435448E-11   0.7155849933176752       2.4486760316510452E-11   0.7155849933176752       2.4820161400297327E-11   0.7155849933176752       2.53686153424007E-11     0.7155849933176752       2.6145097445243902E-11   0.7155849933176752       2.710710519611605E-11    0.7155849933176752       2.8317359444457177E-11   0.7155849933176752       2.975531484003542E-11    0.7155849933176752       3.1381300116599554E-11   0.7155849933176752       3.318353656827144E-11    0.7155849933176752       3.5107783816792725E-11   0.7155849933176752       3.714286838300019E-11    0.7155849933176752       3.931581755111205E-11    0.7155849933176752       4.1560100075383E-11      0.7155849933176752       4.3837754553281405E-11   0.7155849933176752       4.6143551506126197E-11   0.7155849933176752       4.846601475592336E-11    0.7155849933176752       5.080878829722616E-11    0.7155849933176752       5.312126740666407E-11    0.7155849933176752       5.5360581810598293E-11   0.7155849933176752
5.585053606381854         9.641681337505356E-12    0.6981317007977322       1.312370133750577E-11    0.6981317007977322       1.5643204815158562E-11   0.6981317007977322       1.75668144745566E-11     0.6981317007977322       1.8673013720795673E-11   0.6981317007977322       1.9620481981708445E-11   0.6981317007977322       1.9335495096177377E-11   0.6981317007977322       1.906004329730099E-11    0.6981317007977322       1.846615944113687E-11    0.6981317007977322       1.772738001787487E-11    0.6981317007977322       1.6875956843740512E-11   0.6981317007977322       1.6039935646175447E-11   0.6981317007977322       1.5236788417232868E-11   0.6981317007977322       1.455660962381324E-11    0.6981317007977322       1.4045351230316972E-11   0.6981317007977322       1.3760839049354118E-11   0.6981317007977322       1.3791302811366307E-11   0.6981317007977322       1.417470434863782E-11    0.6981317007977322       1.4910482693915658E-11   0.6981317007977322       1.5974391301029332E-11   0.6981317007977322       1.735829624408138E-11    0.6981317007977322       1.9014629868359787E-11   0.6981317007977322       2.087399180172522E-11    0.6981317007977322       2.2915012423023425E-11   0.6981317007977322       2.508654103385684E-11    0.6981317007977322       2.7363744802533328E-11   0.6981317007977322       2.967558852582687E-11    0.6981317007977322       3.205028475656283E-11    0.6981317007977322       3.44430587167216E-11     0.6981317007977322       3.682314722353878E-11    0.6981317007977322       3.9172498272563495E-11   0.6981317007977322       4.1445430173674384E-11   0.6981317007977322       4.363082304675789E-11    0.6981317007977322       4.57727976515618E-11     0.6981317007977322       4.781399529481357E-11    0.6981317007977322       4.9721055421510624E-11   0.6981317007977322       5.151191421410698E-11    0.6981317007977322       5.318148641858465E-11    0.6981317007977322       5.474061672352555E-11    0.6981317007977322       5.616102677351429E-11    0.6981317007977322       5.741160773837536E-11    0.6981317007977322
5.602506898901797         1.024358278196886E-11    0.680678408277789        1.1792278625977406E-11   0.680678408277789        1.2897261643718975E-11   0.680678408277789        1.3391376940408293E-11   0.680678408277789        1.3229340315288596E-11   0.680678408277789        1.2902448900920778E-11   0.680678408277789        1.1592822824839957E-11   0.680678408277789        1.030949543313914E-11    0.680678408277789        8.922869550245132E-12    0.680678408277789        7.67464610287796E-12     0.680678408277789        6.7717474272184154E-12   0.680678408277789        6.565667205920592E-12    0.680678408277789        7.185696337837459E-12    0.680678408277789        8.541510886706088E-12    0.680678408277789        1.037622283290265E-11    0.680678408277789        1.2495681763374545E-11   0.680678408277789        1.4821768212268223E-11   0.680678408277789        1.7270596949265637E-11   0.680678408277789        1.974662691700418E-11    0.680678408277789        2.2249159952240996E-11   0.680678408277789        2.4759483163331115E-11   0.680678408277789        2.7236971627278938E-11   0.680678408277789        2.9677440984328815E-11   0.680678408277789        3.206813437489991E-11    0.680678408277789        3.438810506533809E-11    0.680678408277789        3.6636162042217066E-11   0.680678408277789        3.876186648971613E-11    0.680678408277789        4.080369454528007E-11    0.680678408277789        4.2726747252241555E-11   0.680678408277789        4.4517774867310026E-11   0.680678408277789        4.6154643961568926E-11   0.680678408277789        4.762013370195853E-11    0.680678408277789        4.8904139430310184E-11   0.680678408277789        5.007096872345255E-11    0.680678408277789        5.1072690174083565E-11   0.680678408277789        5.187944948529515E-11    0.680678408277789        5.2545913255905016E-11   0.680678408277789        5.3067241696090135E-11   0.680678408277789        5.347382638491539E-11    0.680678408277789        5.375960587485668E-11    0.680678408277789        5.391545293194668E-11    0.680678408277789
5.6199601914217405        9.913781582987231E-12    0.6632251157578459       9.558079608791146E-12    0.6632251157578459       9.156516660079785E-12    0.6632251157578459       8.25451252322157E-12     0.6632251157578459       6.930520638069374E-12    0.6632251157578459       5.467882034456878E-12    0.6632251157578459       3.4610126384220203E-12   0.6632251157578459       2.280759681896255E-12    0.6632251157578459       3.267992921165787E-12    0.6632251157578459       5.479920115952237E-12    0.6632251157578459       8.005082257531539E-12    0.6632251157578459       1.0642570231385534E-11   0.6632251157578459       1.3347345033456417E-11   0.6632251157578459       1.6095224606821953E-11   0.6632251157578459       1.8834897286524046E-11   0.6632251157578459       2.154160463599926E-11    0.6632251157578459       2.423022749177049E-11    0.6632251157578459       2.6862471986584255E-11   0.6632251157578459       2.9377025171547864E-11   0.6632251157578459       3.178528633590043E-11    0.6632251157578459       3.40795420958717E-11     0.6632251157578459       3.6239790711965925E-11   0.6632251157578459       3.825563247053194E-11    0.6632251157578459       4.0134622613901185E-11   0.6632251157578459       4.186449364711328E-11    0.6632251157578459       4.3446721057115545E-11   0.6632251157578459       4.4835591669866206E-11   0.6632251157578459       4.6082151037779134E-11   0.6632251157578459       4.716678495946768E-11    0.6632251157578459       4.808055821054556E-11    0.6632251157578459       4.881315226197617E-11    0.6632251157578459       4.9364239650379645E-11   0.6632251157578459       4.9744186819707236E-11   0.6632251157578459       5.002913232005572E-11    0.6632251157578459       5.019479492623398E-11    0.6632251157578459       5.022261916061937E-11    0.6632251157578459       5.0200875085861664E-11   0.6632251157578459       5.0136147914926995E-11   0.6632251157578459       5.0089999271270584E-11   0.6632251157578459       5.0069578940201095E-11   0.6632251157578459       5.009287824139561E-11    0.6632251157578459
5.6374134839416845        8.851299382478832E-12    0.6457718232379019       7.38627011990945E-12     0.6457718232379019       5.940918776587693E-12    0.6457718232379019       4.139286979020706E-12    0.6457718232379019       2.315651581167331E-12    0.6457718232379019       1.3267984856263732E-12   0.6457718232379019       3.615912908570784E-12    0.6457718232379019       6.3321594415370506E-12   0.6457718232379019       9.135242090899889E-12    0.6457718232379019       1.193818236763625E-11    0.6457718232379019       1.4720564776445126E-11   0.6457718232379019       1.7460154148296887E-11   0.6457718232379019       2.0163236193567784E-11   0.6457718232379019       2.282645323474509E-11    0.6457718232379019       2.5400465910935507E-11   0.6457718232379019       2.7865286721042557E-11   0.6457718232379019       3.0235952143384515E-11   0.6457718232379019       3.24717417438463E-11     0.6457718232379019       3.452380767737225E-11    0.6457718232379019       3.639391254646926E-11    0.6457718232379019       3.8085206049161734E-11   0.6457718232379019       3.959808330914869E-11    0.6457718232379019       4.090671478986251E-11    0.6457718232379019       4.204443455908807E-11    0.6457718232379019       4.3010116350859447E-11   0.6457718232379019       4.381056964358412E-11    0.6457718232379019       4.4405595031946964E-11   0.6457718232379019       4.486555091741197E-11    0.6457718232379019       4.5192990540557957E-11   0.6457718232379019       4.538535482842835E-11    0.6457718232379019       4.545830046400682E-11    0.6457718232379019       4.542538640297708E-11    0.6457718232379019       4.5324981543829355E-11   0.6457718232379019       4.524561123198145E-11    0.6457718232379019       4.51905412533973E-11     0.6457718232379019       4.5153541885409994E-11   0.6457718232379019       4.524250010193973E-11    0.6457718232379019       4.54687200644186E-11     0.6457718232379019       4.5906258301793975E-11   0.6457718232379019       4.6549536462174295E-11   0.6457718232379019       4.739958845902055E-11    0.6457718232379019
5.654866776461628         7.520013641758002E-12    0.6283185307179588       5.957120682730127E-12    0.6283185307179588       4.664794735829909E-12    0.6283185307179588       4.0434450115635145E-12   0.6283185307179588       4.802149664044672E-12    0.6283185307179588       6.412298570348309E-12    0.6283185307179588       8.875079754512759E-12    0.6283185307179588       1.1466672101459345E-11   0.6283185307179588       1.4079269417872704E-11   0.6283185307179588       1.6642009491901802E-11   0.6283185307179588       1.9124726545200528E-11   0.6283185307179588       2.1515217137314633E-11   0.6283185307179588       2.3811484749433665E-11   0.6283185307179588       2.6012416633083746E-11   0.6283185307179588       2.8071031265117888E-11   0.6283185307179588       2.9967906944421704E-11   0.6283185307179588       3.171751649092907E-11    0.6283185307179588       3.328309260049181E-11    0.6283185307179588       3.463186774258325E-11    0.6283185307179588       3.5758338340152176E-11   0.6283185307179588       3.668103427733911E-11    0.6283185307179588       3.7420224082136435E-11   0.6283185307179588       3.794183362791172E-11    0.6283185307179588       3.830591237670712E-11    0.6283185307179588       3.8523817928574615E-11   0.6283185307179588       3.861536700713069E-11    0.6283185307179588       3.8552852887995355E-11   0.6283185307179588       3.8428084531142044E-11   0.6283185307179588       3.826721638749721E-11    0.6283185307179588       3.808375748545188E-11    0.6283185307179588       3.792129250577276E-11    0.6283185307179588       3.780808559105267E-11    0.6283185307179588       3.780060671207092E-11    0.6283185307179588       3.799081422133504E-11    0.6283185307179588       3.8389394727149333E-11   0.6283185307179588       3.8980605656128507E-11   0.6283185307179588       3.9845893290327306E-11   0.6283185307179588       4.0968115845214926E-11   0.6283185307179588       4.238189345645433E-11    0.6283185307179588       4.4035939248802466E-11   0.6283185307179588       4.5880275269157764E-11   0.6283185307179588
5.672320068981571         6.28385940681297E-12     0.6108652381980157       5.439922382055978E-12    0.6108652381980157       5.426059458049339E-12    0.6108652381980157       6.4783982084990765E-12   0.6108652381980157       8.245359990349517E-12    0.6108652381980157       1.0289963692486639E-11   0.6108652381980157       1.266785846023023E-11    0.6108652381980157       1.5020145960327226E-11   0.6108652381980157       1.7283092662960848E-11   0.6108652381980157       1.9420940634125817E-11   0.6108652381980157       2.1410798777230806E-11   0.6108652381980157       2.3258831124535605E-11   0.6108652381980157       2.4961034901771433E-11   0.6108652381980157       2.6521668567450976E-11   0.6108652381980157       2.7901991006345953E-11   0.6108652381980157       2.908570568563364E-11    0.6108652381980157       3.0090141594968836E-11   0.6108652381980157       3.089039295491465E-11    0.6108652381980157       3.147026189408029E-11    0.6108652381980157       3.182453348228138E-11    0.6108652381980157       3.199002750196657E-11    0.6108652381980157       3.2005017336151797E-11   0.6108652381980157       3.184251669023309E-11    0.6108652381980157       3.1585105035307186E-11   0.6108652381980157       3.1265107705414604E-11   0.6108652381980157       3.091949513104721E-11    0.6108652381980157       3.054685469118876E-11    0.6108652381980157       3.025928120971929E-11    0.6108652381980157       3.010496231457696E-11    0.6108652381980157       3.0114836828649265E-11   0.6108652381980157       3.034039755869058E-11    0.6108652381980157       3.080377260455604E-11    0.6108652381980157       3.15375767839435E-11     0.6108652381980157       3.259635049006162E-11    0.6108652381980157       3.394064226197167E-11    0.6108652381980157       3.551445423997805E-11    0.6108652381980157       3.7323268348001804E-11   0.6108652381980157       3.931834222189654E-11    0.6108652381980157       4.148569891425733E-11    0.6108652381980157       4.375090795023317E-11    0.6108652381980157       4.604445406899598E-11    0.6108652381980157
5.689773361501514         5.311934250970646E-12    0.5934119456780726       5.5373498281021385E-12   0.5934119456780726       6.765017353359751E-12    0.5934119456780726       8.705640639286837E-12    0.5934119456780726       1.0861086780993502E-11   0.5934119456780726       1.307867177641274E-11    0.5934119456780726       1.52906336695182E-11     0.5934119456780726       1.7355483878272265E-11   0.5934119456780726       1.9222638035358714E-11   0.5934119456780726       2.0887680806212324E-11   0.5934119456780726       2.2340476284374165E-11   0.5934119456780726       2.3606948950236355E-11   0.5934119456780726       2.4685479444962984E-11   0.5934119456780726       2.5588825206934212E-11   0.5934119456780726       2.6291200276880036E-11   0.5934119456780726       2.678206749693843E-11    0.5934119456780726       2.708663254669561E-11    0.5934119456780726       2.7197188803382196E-11   0.5934119456780726       2.7114634789568203E-11   0.5934119456780726       2.6846463730751803E-11   0.5934119456780726       2.6450690130610963E-11   0.5934119456780726       2.598751531440664E-11    0.5934119456780726       2.545356552346985E-11    0.5934119456780726       2.495865427500332E-11    0.5934119456780726       2.455969728291342E-11    0.5934119456780726       2.4319693786398476E-11   0.5934119456780726       2.4259742314720867E-11   0.5934119456780726       2.4493365472272633E-11   0.5934119456780726       2.505095909621164E-11    0.5934119456780726       2.593569802652166E-11    0.5934119456780726       2.7139722009181935E-11   0.5934119456780726       2.862406224853135E-11    0.5934119456780726       3.034880090984434E-11    0.5934119456780726       3.231696390406911E-11    0.5934119456780726       3.443551443720588E-11    0.5934119456780726       3.6637765075415114E-11   0.5934119456780726       3.889359476939204E-11    0.5934119456780726       4.116742489312306E-11    0.5934119456780726       4.343516600718916E-11    0.5934119456780726       4.5637546050695466E-11   0.5934119456780726       4.7718339961209885E-11   0.5934119456780726
5.707226654021458         4.614677996480659E-12    0.5759586531581287       5.862493347227641E-12    0.5759586531581287       7.939228869073891E-12    0.5759586531581287       1.036669157625412E-11    0.5759586531581287       1.2704924888488462E-11   0.5759586531581287       1.499091113173466E-11    0.5759586531581287       1.701254292204321E-11    0.5759586531581287       1.8801448729521202E-11   0.5759586531581287       2.030060084416473E-11    0.5759586531581287       2.1533339403001894E-11   0.5759586531581287       2.2502414783885327E-11   0.5759586531581287       2.3252960851829732E-11   0.5759586531581287       2.3788408421110507E-11   0.5759586531581287       2.41337791105734E-11     0.5759586531581287       2.4275802123935653E-11   0.5759586531581287       2.421664388725036E-11    0.5759586531581287       2.399595893513869E-11    0.5759586531581287       2.362677226458543E-11    0.5759586531581287       2.313285515274674E-11    0.5759586531581287       2.2547919614661457E-11   0.5759586531581287       2.195828280127865E-11    0.5759586531581287       2.1454314932360023E-11   0.5759586531581287       2.1068554627317715E-11   0.5759586531581287       2.093004504616072E-11    0.5759586531581287       2.10982938637321E-11     0.5759586531581287       2.1622859592567066E-11   0.5759586531581287       2.2485109026636937E-11   0.5759586531581287       2.3728520450742804E-11   0.5759586531581287       2.5301500012466212E-11   0.5759586531581287       2.714485755818645E-11    0.5759586531581287       2.919023653090582E-11    0.5759586531581287       3.136665965073009E-11    0.5759586531581287       3.361180880683294E-11    0.5759586531581287       3.593335168240285E-11    0.5759586531581287       3.8233964596439906E-11   0.5759586531581287       4.046791112136693E-11    0.5759586531581287       4.260994882891927E-11    0.5759586531581287       4.4643422587511704E-11   0.5759586531581287       4.6551371519519766E-11   0.5759586531581287       4.829420570711029E-11    0.5759586531581287       4.983128772901401E-11    0.5759586531581287
5.7246799465414           4.135211302503135E-12    0.5585053606381865       6.183366678319969E-12    0.5585053606381865       8.790556581924465E-12    0.5585053606381865       1.1491245461228278E-11   0.5585053606381865       1.3907486114766374E-11   0.5585053606381865       1.6200650985734276E-11   0.5585053606381865       1.8041249479247396E-11   0.5585053606381865       1.9589366776682722E-11   0.5585053606381865       2.0781108518811226E-11   0.5585053606381865       2.166120141874453E-11    0.5585053606381865       2.224333217296286E-11    0.5585053606381865       2.2590234960938E-11      0.5585053606381865       2.2713591918644303E-11   0.5585053606381865       2.2651740085953217E-11   0.5585053606381865       2.2406549978041132E-11   0.5585053606381865       2.1998417391390978E-11   0.5585053606381865       2.148803535267567E-11    0.5585053606381865       2.091527284691825E-11    0.5585053606381865       2.0332976923296455E-11   0.5585053606381865       1.980986364449361E-11    0.5585053606381865       1.9460840972366992E-11   0.5585053606381865       1.9392049030607034E-11   0.5585053606381865       1.964053236930794E-11    0.5585053606381865       2.029631285575479E-11    0.5585053606381865       2.135494575478918E-11    0.5585053606381865       2.279432651359364E-11    0.5585053606381865       2.4525634629594356E-11   0.5585053606381865       2.653469774547072E-11    0.5585053606381865       2.8733789137030427E-11   0.5585053606381865       3.105580882913246E-11    0.5585053606381865       3.342888859383496E-11    0.5585053606381865       3.578794203340722E-11    0.5585053606381865       3.808365250974393E-11    0.5585053606381865       4.0336913716955094E-11   0.5585053606381865       4.246029180763674E-11    0.5585053606381865       4.4419112721632946E-11   0.5585053606381865       4.620464271964196E-11    0.5585053606381865       4.780823140212187E-11    0.5585053606381865       4.922760639375884E-11    0.5585053606381865       5.043485015042608E-11    0.5585053606381865       5.140578279299697E-11    0.5585053606381865
5.742133239061344         3.791917129494606E-12    0.5410520681182425       6.396647848579285E-12    0.5410520681182425       9.318663923946613E-12    0.5410520681182425       1.216161767419686E-11    0.5410520681182425       1.4595741658795417E-11   0.5410520681182425       1.6861103362596483E-11   0.5410520681182425       1.8545769353771293E-11   0.5410520681182425       1.990003873279322E-11    0.5410520681182425       2.085393555811233E-11    0.5410520681182425       2.146787843499835E-11    0.5410520681182425       2.1765976445156594E-11   0.5410520681182425       2.1826664030324775E-11   0.5410520681182425       2.1669126800450407E-11   0.5410520681182425       2.1348693479171215E-11   0.5410520681182425       2.088426734304446E-11    0.5410520681182425       2.0317055991346422E-11   0.5410520681182425       1.9733492267925218E-11   0.5410520681182425       1.920226435674759E-11    0.5410520681182425       1.880281089325051E-11    0.5410520681182425       1.862668925844856E-11    0.5410520681182425       1.8788625085092307E-11   0.5410520681182425       1.9362663986199637E-11   0.5410520681182425       2.0340350429687318E-11   0.5410520681182425       2.1735214810063244E-11   0.5410520681182425       2.3480515765579825E-11   0.5410520681182425       2.5512330048259958E-11   0.5410520681182425       2.7721636405376706E-11   0.5410520681182425       3.008553703633517E-11    0.5410520681182425       3.252021216647511E-11    0.5410520681182425       3.496582007761018E-11    0.5410520681182425       3.735927225376944E-11    0.5410520681182425       3.964462726952459E-11    0.5410520681182425       4.1783465973328764E-11   0.5410520681182425       4.380638615050419E-11    0.5410520681182425       4.563616155149036E-11    0.5410520681182425       4.724269884877432E-11    0.5410520681182425       4.863512657761284E-11    0.5410520681182425       4.981072967096484E-11    0.5410520681182425       5.078119427555899E-11    0.5410520681182425       5.1530158066558276E-11   0.5410520681182425       5.204861909635123E-11    0.5410520681182425
5.759586531581287         3.5143360859641024E-12   0.5235987755982994       6.466243728518633E-12    0.5235987755982994       9.559271846281403E-12    0.5235987755982994       1.2462862913910628E-11   0.5235987755982994       1.4882681469306676E-11   0.5235987755982994       1.710330885995016E-11    0.5235987755982994       1.8665175648335616E-11   0.5235987755982994       1.9873914220513435E-11   0.5235987755982994       2.0656702970696823E-11   0.5235987755982994       2.1084756359572364E-11   0.5235987755982994       2.1189902887116713E-11   0.5235987755982994       2.1062912418637743E-11   0.5235987755982994       2.073320390476511E-11    0.5235987755982994       2.0270487712655684E-11   0.5235987755982994       1.9712142094494407E-11   0.5235987755982994       1.9118648007324713E-11   0.5235987755982994       1.8601508899027602E-11   0.5235987755982994       1.825179934228881E-11    0.5235987755982994       1.8157540389309567E-11   0.5235987755982994       1.8408535192051242E-11   0.5235987755982994       1.9086417088754785E-11   0.5235987755982994       2.0209876623813945E-11   0.5235987755982994       2.1723778436470258E-11   0.5235987755982994       2.359238188570723E-11    0.5235987755982994       2.5724691267494122E-11   0.5235987755982994       2.8050407401637884E-11   0.5235987755982994       3.046112002674778E-11    0.5235987755982994       3.2938030348200236E-11   0.5235987755982994       3.540574266631145E-11    0.5235987755982994       3.780977737797079E-11    0.5235987755982994       4.009427262150289E-11    0.5235987755982994       4.2210864059459284E-11   0.5235987755982994       4.412859479944198E-11    0.5235987755982994       4.588545808301139E-11    0.5235987755982994       4.74139849136027E-11     0.5235987755982994       4.868767933979279E-11    0.5235987755982994       4.973080513369395E-11    0.5235987755982994       5.054886482423837E-11    0.5235987755982994       5.116394012704452E-11    0.5235987755982994       5.1572629128360054E-11   0.5235987755982994       5.1780123460371694E-11   0.5235987755982994
5.777039824101231         3.2579212996303184E-12   0.5061454830783554       6.389110664063026E-12    0.5061454830783554       9.549569693428681E-12    0.5061454830783554       1.2457120070819968E-11   0.5061454830783554       1.484388436912057E-11    0.5061454830783554       1.7018861913697463E-11   0.5061454830783554       1.8494143474149875E-11   0.5061454830783554       1.9605339789559477E-11   0.5061454830783554       2.027695494661756E-11    0.5061454830783554       2.058771449554212E-11    0.5061454830783554       2.0574585187794727E-11   0.5061454830783554       2.0336237846921478E-11   0.5061454830783554       1.991115272703967E-11    0.5061454830783554       1.9381708340871694E-11   0.5061454830783554       1.8798730045988482E-11   0.5061454830783554       1.824055154574703E-11    0.5061454830783554       1.7835178120744467E-11   0.5061454830783554       1.768508359425176E-11    0.5061454830783554       1.7872920695632808E-11   0.5061454830783554       1.847146557952191E-11    0.5061454830783554       1.952339015966915E-11    0.5061454830783554       2.1004367342379205E-11   0.5061454830783554       2.283315429661036E-11    0.5061454830783554       2.495313432101396E-11    0.5061454830783554       2.726819038736373E-11    0.5061454830783554       2.970875603398828E-11    0.5061454830783554       3.217109170370721E-11    0.5061454830783554       3.4641777418497414E-11   0.5061454830783554       3.7049497546694825E-11   0.5061454830783554       3.934501148807547E-11    0.5061454830783554       4.1477084171512596E-11   0.5061454830783554       4.3403688378980445E-11   0.5061454830783554       4.509838297530784E-11    0.5061454830783554       4.660694206418439E-11    0.5061454830783554       4.786950846180028E-11    0.5061454830783554       4.886263758713333E-11    0.5061454830783554       4.9625502057596944E-11   0.5061454830783554       5.016912448178672E-11    0.5061454830783554       5.052560860707431E-11    0.5061454830783554       5.0704430973944995E-11   0.5061454830783554       5.0720723379647846E-11   0.5061454830783554
5.794493116621174         2.9999846994739606E-12   0.4886921905584123       6.161752551342288E-12    0.4886921905584123       9.304796896739779E-12    0.4886921905584123       1.2168593989497145E-11   0.4886921905584123       1.4514349956647093E-11   0.4886921905584123       1.6642915685081255E-11   0.4886921905584123       1.8066494407626115E-11   0.4886921905584123       1.912210142207354E-11    0.4886921905584123       1.9736065623556264E-11   0.4886921905584123       1.9987499017680053E-11   0.4886921905584123       1.9915627087449812E-11   0.4886921905584123       1.9621438905949473E-11   0.4886921905584123       1.915032371247398E-11    0.4886921905584123       1.8591629537306797E-11   0.4886921905584123       1.8005198951263095E-11   0.4886921905584123       1.7480425870411553E-11   0.4886921905584123       1.7155133517211225E-11   0.4886921905584123       1.713608523948071E-11    0.4886921905584123       1.7498023309183266E-11   0.4886921905584123       1.829802099982624E-11    0.4886921905584123       1.9552880345913408E-11   0.4886921905584123       2.1213472164801915E-11   0.4886921905584123       2.3187046630580768E-11   0.4886921905584123       2.5407054683969875E-11   0.4886921905584123       2.7777701709351226E-11   0.4886921905584123       3.0230695989748973E-11   0.4886921905584123       3.266599119464353E-11    0.4886921905584123       3.5073064785437414E-11   0.4886921905584123       3.738290964560479E-11    0.4886921905584123       3.954889772530244E-11    0.4886921905584123       4.152531392999907E-11    0.4886921905584123       4.327446650610526E-11    0.4886921905584123       4.477262932841022E-11    0.4886921905584123       4.6071638920787096E-11   0.4886921905584123       4.711801811792239E-11    0.4886921905584123       4.789126910751441E-11    0.4886921905584123       4.844119609144005E-11    0.4886921905584123       4.878469031542679E-11    0.4886921905584123       4.8962449305591495E-11   0.4886921905584123       4.899178283731086E-11    0.4886921905584123       4.889764288051077E-11    0.4886921905584123
5.811946409141117         2.7406718603450743E-12   0.4712388980384692       5.781619439794571E-12    0.4712388980384692       8.816947766022698E-12    0.4712388980384692       1.1590198687127374E-11   0.4712388980384692       1.3879759644884552E-11   0.4712388980384692       1.5959960402779594E-11   0.4712388980384692       1.736287341596744E-11    0.4712388980384692       1.8400655955339035E-11   0.4712388980384692       1.90071511858514E-11     0.4712388980384692       1.9252817403672775E-11   0.4712388980384692       1.9174842259542732E-11   0.4712388980384692       1.8871299319120415E-11   0.4712388980384692       1.8388208692406576E-11   0.4712388980384692       1.7815005487561303E-11   0.4712388980384692       1.7214169697204E-11      0.4712388980384692       1.6679535288692952E-11   0.4712388980384692       1.6351881242335528E-11   0.4712388980384692       1.6343505822967025E-11   0.4712388980384692       1.6729024400439633E-11   0.4712388980384692       1.7561596727631955E-11   0.4712388980384692       1.8849355353943043E-11   0.4712388980384692       2.0533485050708693E-11   0.4712388980384692       2.2515791358492507E-11   0.4712388980384692       2.472430903681936E-11    0.4712388980384692       2.7064056845982696E-11   0.4712388980384692       2.9463825980634564E-11   0.4712388980384692       3.18266276839936E-11     0.4712388980384692       3.414361791569136E-11    0.4712388980384692       3.634436158733408E-11    0.4712388980384692       3.8385249521669467E-11   0.4712388980384692       4.022483773486584E-11    0.4712388980384692       4.182658445987799E-11    0.4712388980384692       4.3169410426974993E-11   0.4712388980384692       4.4307005357730214E-11   0.4712388980384692       4.519092406744912E-11    0.4712388980384692       4.580433913953746E-11    0.4712388980384692       4.620235747406351E-11    0.4712388980384692       4.6405209673917226E-11   0.4712388980384692       4.645951046286906E-11    0.4712388980384692       4.6390018428363376E-11   0.4712388980384692       4.6225610779466965E-11   0.4712388980384692
5.829399701661061         2.4989119102763994E-12   0.45378560551852526      5.2296678136722945E-12   0.45378560551852526      8.050882656802581E-12    0.45378560551852526      1.0674749996878218E-11   0.45378560551852526      1.288689345023303E-11    0.45378560551852526      1.491192716422723E-11    0.45378560551852526      1.6328110646207613E-11   0.45378560551852526      1.739660367081426E-11    0.45378560551852526      1.805302223462687E-11    0.45378560551852526      1.835580244329922E-11    0.45378560551852526      1.833405758173256E-11    0.45378560551852526      1.8075893490801178E-11   0.45378560551852526      1.7621620895008448E-11   0.45378560551852526      1.7051426879391824E-11   0.45378560551852526      1.6422190435664294E-11   0.45378560551852526      1.5822616243043892E-11   0.45378560551852526      1.5390206544656167E-11   0.45378560551852526      1.5242152361753E-11      0.45378560551852526      1.5469386106276825E-11   0.45378560551852526      1.6138621122884954E-11   0.45378560551852526      1.7273700765293307E-11   0.45378560551852526      1.881931534932709E-11    0.45378560551852526      2.0678856949923267E-11   0.45378560551852526      2.2775117738794968E-11   0.45378560551852526      2.5009930105352684E-11   0.45378560551852526      2.7307752537459558E-11   0.45378560551852526      2.95727490324041E-11     0.45378560551852526      3.1791371953206947E-11   0.45378560551852526      3.389276450955565E-11    0.45378560551852526      3.5834404668557715E-11   0.45378560551852526      3.75745065549363E-11     0.45378560551852526      3.907820056529168E-11    0.45378560551852526      4.032469907551378E-11    0.45378560551852526      4.1363431584285026E-11   0.45378560551852526      4.2150445887998346E-11   0.45378560551852526      4.266979196721594E-11    0.45378560551852526      4.297790626572271E-11    0.45378560551852526      4.309316689155317E-11    0.45378560551852526      4.306684488501065E-11    0.45378560551852526      4.292492156080863E-11    0.45378560551852526      4.269907224855865E-11    0.45378560551852526
5.8468529941810035        2.306860634529196E-12    0.436332312998583        4.481219169162642E-12    0.436332312998583        6.962982284596762E-12    0.436332312998583        9.373445718663507E-12    0.436332312998583        1.1494574302615789E-11   0.436332312998583        1.3472257382647312E-11   0.436332312998583        1.4953949403170835E-11   0.436332312998583        1.6124557995358566E-11   0.436332312998583        1.6918798388065147E-11   0.436332312998583        1.7374669928350018E-11   0.436332312998583        1.7509608238320075E-11   0.436332312998583        1.739474269386209E-11    0.436332312998583        1.705704427638704E-11    0.436332312998583        1.6559025566951296E-11   0.436332312998583        1.5942591355319838E-11   0.436332312998583        1.5277850653102912E-11   0.436332312998583        1.468364728030255E-11    0.436332312998583        1.4272935040911908E-11   0.436332312998583        1.4157107686411055E-11   0.436332312998583        1.4436155465563127E-11   0.436332312998583        1.5182262483513302E-11   0.436332312998583        1.6379013881938804E-11   0.436332312998583        1.7943780558971353E-11   0.436332312998583        1.9801170118380553E-11   0.436332312998583        2.1847390781984863E-11   0.436332312998583        2.399650645517743E-11    0.436332312998583        2.6148692963420348E-11   0.436332312998583        2.8280931791069454E-11   0.436332312998583        3.031948355266256E-11    0.436332312998583        3.221817979871039E-11    0.436332312998583        3.3932433971581495E-11   0.436332312998583        3.542566030845347E-11    0.436332312998583        3.667214633251801E-11    0.436332312998583        3.7713586931081406E-11   0.436332312998583        3.850770000744191E-11    0.436332312998583        3.903433387110754E-11    0.436332312998583        3.9345225965593386E-11   0.436332312998583        3.945537658417792E-11    0.436332312998583        3.941030421869138E-11    0.436332312998583        3.9236206909740946E-11   0.436332312998583        3.896194299931531E-11    0.436332312998583
5.8643062867009474        2.2332609243779976E-12   0.418879020478639        3.5156398866142742E-12   0.418879020478639        5.5220926245070806E-12   0.418879020478639        7.685964622411102E-12    0.418879020478639        9.745660433934662E-12    0.418879020478639        1.1743433244415535E-11   0.418879020478639        1.3391292257604752E-11   0.418879020478639        1.47957641537242E-11     0.418879020478639        1.5877036707892915E-11   0.418879020478639        1.6648997140307947E-11   0.418879020478639        1.7111028531520294E-11   0.418879020478639        1.731665920489742E-11    0.418879020478639        1.727413733164843E-11    0.418879020478639        1.7026566063541643E-11   0.418879020478639        1.659356860009916E-11    0.418879020478639        1.601885379552193E-11    0.418879020478639        1.538785068632526E-11    0.418879020478639        1.4782462297971694E-11   0.418879020478639        1.4305889159031475E-11   0.418879020478639        1.4068367539305308E-11   0.418879020478639        1.420351092372649E-11    0.418879020478639        1.4784938512325195E-11   0.418879020478639        1.5793713888229724E-11   0.418879020478639        1.7198971033250463E-11   0.418879020478639        1.8906714165633323E-11   0.418879020478639        2.0822679880267114E-11   0.418879020478639        2.2833712306604692E-11   0.418879020478639        2.4900648393213596E-11   0.418879020478639        2.694095751131182E-11    0.418879020478639        2.889463350163769E-11    0.418879020478639        3.0710274517664044E-11   0.418879020478639        3.233941247496981E-11    0.418879020478639        3.375094962821061E-11    0.418879020478639        3.4970554373943307E-11   0.418879020478639        3.595442212433289E-11    0.418879020478639        3.6671840475725817E-11   0.418879020478639        3.716386369561577E-11    0.418879020478639        3.7434686447231565E-11   0.418879020478639        3.752318372653278E-11    0.418879020478639        3.7445233810382033E-11   0.418879020478639        3.7222134071068075E-11   0.418879020478639
5.88175957922089          2.3783053868966965E-12   0.40142572795869685      2.3486203991933276E-12   0.40142572795869685      3.7710526899297115E-12   0.40142572795869685      5.779745721989537E-12    0.40142572795869685      7.922465091061467E-12    0.40142572795869685      1.0123070324846618E-11   0.40142572795869685      1.2108109975695823E-11   0.40142572795869685      1.394666387751276E-11    0.40142572795869685      1.551550137385287E-11    0.40142572795869685      1.68073561474963E-11     0.40142572795869685      1.7804869767470556E-11   0.40142572795869685      1.8545507438871816E-11   0.40142572795869685      1.9022346168163414E-11   0.40142572795869685      1.9264799268026088E-11   0.40142572795869685      1.9272277582119255E-11   0.40142572795869685      1.9066621064339067E-11   0.40142572795869685      1.8710118774782636E-11   0.40142572795869685      1.8249248809534508E-11   0.40142572795869685      1.7755453781921358E-11   0.40142572795869685      1.730914803888439E-11    0.40142572795869685      1.704058985525474E-11    0.40142572795869685      1.7071990731229775E-11   0.40142572795869685      1.7449371379025657E-11   0.40142572795869685      1.8242281755869276E-11   0.40142572795869685      1.9432638320393035E-11   0.40142572795869685      2.096546298461412E-11    0.40142572795869685      2.273269816353378E-11    0.40142572795869685      2.4693533015200395E-11   0.40142572795869685      2.6754913322745047E-11   0.40142572795869685      2.8829594396795555E-11   0.40142572795869685      3.085886098920616E-11    0.40142572795869685      3.2766575612984165E-11   0.40142572795869685      3.4511884908295256E-11   0.40142572795869685      3.610271637299259E-11    0.40142572795869685      3.748492580803428E-11    0.40142572795869685      3.861297565615365E-11    0.40142572795869685      3.9512286386932236E-11   0.40142572795869685      4.0174095341333515E-11   0.40142572795869685      4.063074046343834E-11    0.40142572795869685      4.08804841393129E-11     0.40142572795869685      4.0932544055410764E-11   0.40142572795869685
5.899212871740834         2.8187402399418355E-12   0.3839724354387528       1.1829947509111103E-12   0.3839724354387528       1.948131145616654E-12    0.3839724354387528       4.192108911183615E-12    0.3839724354387528       6.660323752039867E-12    0.3839724354387528       9.295193862035936E-12    0.3839724354387528       1.1747640183749495E-11   0.3839724354387528       1.4149356773986337E-11   0.3839724354387528       1.631729389952723E-11    0.3839724354387528       1.823196928625081E-11    0.3839724354387528       1.9866264285086677E-11   0.3839724354387528       2.1244484990239876E-11   0.3839724354387528       2.235232318334574E-11    0.3839724354387528       2.321187804429168E-11    0.3839724354387528       2.3805491936872418E-11   0.3839724354387528       2.4141484458423596E-11   0.3839724354387528       2.4276429394807137E-11   0.3839724354387528       2.4234063620178367E-11   0.3839724354387528       2.4065418805855055E-11   0.3839724354387528       2.3830362618763247E-11   0.3839724354387528       2.3641516258818505E-11   0.3839724354387528       2.3615200770524582E-11   0.3839724354387528       2.3799355430150123E-11   0.3839724354387528       2.430901292152504E-11    0.3839724354387528       2.5183764938626607E-11   0.3839724354387528       2.642654637904914E-11    0.3839724354387528       2.796809914478013E-11    0.3839724354387528       2.980951240327983E-11    0.3839724354387528       3.1867956929520204E-11   0.3839724354387528       3.4046572000536814E-11   0.3839724354387528       3.628425286481344E-11    0.3839724354387528       3.8478998533717406E-11   0.3839724354387528       4.058475316601249E-11    0.3839724354387528       4.2594025006761783E-11   0.3839724354387528       4.4435522889047044E-11   0.3839724354387528       4.604595898475381E-11    0.3839724354387528       4.74397540251905E-11     0.3839724354387528       4.8595981045425876E-11   0.3839724354387528       4.9543100040488446E-11   0.3839724354387528       5.025988761694068E-11    0.3839724354387528       5.074383274765798E-11    0.3839724354387528
5.916666164260777         3.5071760393636417E-12   0.36651914291880977      1.2753153458859498E-12   0.36651914291880977      1.3395689247542004E-12   0.36651914291880977      3.810512271992118E-12    0.36651914291880977      6.504314408458712E-12    0.36651914291880977      9.527638259375729E-12    0.36651914291880977      1.2329880373875974E-11   0.36651914291880977      1.5191928589329134E-11   0.36651914291880977      1.7857282070877554E-11   0.36651914291880977      2.030104952107925E-11    0.36651914291880977      2.2485513981758318E-11   0.36651914291880977      2.442521195461416E-11    0.36651914291880977      2.610183023323819E-11    0.36651914291880977      2.7529679532015457E-11   0.36651914291880977      2.867749995271713E-11    0.36651914291880977      2.954237053075333E-11    0.36651914291880977      3.018089141015029E-11    0.36651914291880977      3.0604303646950305E-11   0.36651914291880977      3.0845290603805054E-11   0.36651914291880977      3.09606454913114E-11     0.36651914291880977      3.105311413482714E-11    0.36651914291880977      3.123122839388965E-11    0.36651914291880977      3.153391859526994E-11    0.36651914291880977      3.209411432911054E-11    0.36651914291880977      3.296274224911153E-11    0.36651914291880977      3.41717520734913E-11     0.36651914291880977      3.56724612415404E-11     0.36651914291880977      3.750831087377403E-11    0.36651914291880977      3.961141934767237E-11    0.36651914291880977      4.189756405554537E-11    0.36651914291880977      4.430642730060851E-11    0.36651914291880977      4.672899170292124E-11    0.36651914291880977      4.91183595840392E-11     0.36651914291880977      5.1465502539677995E-11   0.36651914291880977      5.368173721315609E-11    0.36651914291880977      5.5689742650968004E-11   0.36651914291880977      5.749955160126168E-11    0.36651914291880977      5.908204492298882E-11    0.36651914291880977      6.046321132227107E-11    0.36651914291880977      6.16075558347503E-11     0.36651914291880977      6.250195895732205E-11    0.36651914291880977
5.934119456780721         4.263397131390101E-12    0.3490658503988658       2.4966740561139965E-12   0.3490658503988658       2.5075437463220987E-12   0.3490658503988658       4.29721888515158E-12     0.3490658503988658       6.755548774875671E-12    0.3490658503988658       9.818987539474607E-12    0.3490658503988658       1.269135165565525E-11    0.3490658503988658       1.5738809518717417E-11   0.3490658503988658       1.865225305297576E-11    0.3490658503988658       2.1392987155920743E-11   0.3490658503988658       2.39109763789894E-11     0.3490658503988658       2.6209685819305118E-11   0.3490658503988658       2.8264566413104722E-11   0.3490658503988658       3.0082750024070405E-11   0.3490658503988658       3.1619882610321896E-11   0.3490658503988658       3.2863732514172056E-11   0.3490658503988658       3.387006580045932E-11    0.3490658503988658       3.463938028301876E-11    0.3490658503988658       3.5190438883551864E-11   0.3490658503988658       3.55781163189573E-11     0.3490658503988658       3.5897952247286116E-11   0.3490658503988658       3.6253337283074187E-11   0.3490658503988658       3.667877147335582E-11    0.3490658503988658       3.7313690438071035E-11   0.3490658503988658       3.82140319449676E-11     0.3490658503988658       3.94246001324044E-11     0.3490658503988658       4.090813570200632E-11    0.3490658503988658       4.2731866396839965E-11   0.3490658503988658       4.4841084190831546E-11   0.3490658503988658       4.71643294740938E-11     0.3490658503988658       4.964189661177429E-11    0.3490658503988658       5.216871872614124E-11    0.3490658503988658       5.46966197026247E-11     0.3490658503988658       5.722240591799205E-11    0.3490658503988658       5.964287439511921E-11    0.3490658503988658       6.187782415623373E-11    0.3490658503988658       6.39312828781062E-11     0.3490658503988658       6.577209008006317E-11    0.3490658503988658       6.74199774727285E-11     0.3490658503988658       6.883380087477057E-11    0.3490658503988658       6.999299115922097E-11    0.3490658503988658
5.951572749300663         4.8133635352839436E-12   0.3316125578789235       3.6130411420827276E-12   0.3316125578789235       3.434407525836852E-12    0.3316125578789235       4.300980827353972E-12    0.3316125578789235       6.040648884547864E-12    0.3316125578789235       8.657358391902832E-12    0.3316125578789235       1.1240177936781052E-11   0.3316125578789235       1.4109289851134855E-11   0.3316125578789235       1.6936084167109376E-11   0.3316125578789235       1.9658896059877206E-11   0.3316125578789235       2.2210997937521408E-11   0.3316125578789235       2.458155504808571E-11    0.3316125578789235       2.6739125787068568E-11   0.3316125578789235       2.8678889052460922E-11   0.3316125578789235       3.03495409645603E-11     0.3316125578789235       3.1731333669664974E-11   0.3316125578789235       3.286975077712433E-11    0.3316125578789235       3.375928146456106E-11    0.3316125578789235       3.440315351784729E-11    0.3316125578789235       3.4854190354375583E-11   0.3316125578789235       3.519577781912157E-11    0.3316125578789235       3.552322529648973E-11    0.3316125578789235       3.58721438581762E-11     0.3316125578789235       3.637901669511078E-11    0.3316125578789235       3.71073329378263E-11     0.3316125578789235       3.8113162423881636E-11   0.3316125578789235       3.9376979774032305E-11   0.3316125578789235       4.097429050270048E-11    0.3316125578789235       4.286689930605719E-11    0.3316125578789235       4.499700897203794E-11    0.3316125578789235       4.730389853998392E-11    0.3316125578789235       4.96957292477862E-11     0.3316125578789235       5.2117484121803294E-11   0.3316125578789235       5.4569773279928075E-11   0.3316125578789235       5.694136650480216E-11    0.3316125578789235       5.91574630344574E-11     0.3316125578789235       6.120893745255963E-11    0.3316125578789235       6.306706159875957E-11    0.3316125578789235       6.473976000745883E-11    0.3316125578789235       6.618716824752429E-11    0.3316125578789235       6.738350667851059E-11    0.3316125578789235
5.969026041820607         4.890572282250565E-12    0.3141592653589796       4.433441421740346E-12    0.3141592653589796       4.092574025705181E-12    0.3141592653589796       3.791599990846077E-12    0.3141592653589796       3.984989853851767E-12    0.3141592653589796       5.292216517995467E-12    0.3141592653589796       7.027607960913671E-12    0.3141592653589796       9.244789334406294E-12    0.3141592653589796       1.1587818017727341E-11   0.3141592653589796       1.393604887908015E-11    0.3141592653589796       1.620179264370283E-11    0.3141592653589796       1.834420856834877E-11    0.3141592653589796       2.0327034468175835E-11   0.3141592653589796       2.2127391805625157E-11   0.3141592653589796       2.3691992381368E-11      0.3141592653589796       2.4996559692295587E-11   0.3141592653589796       2.606129442826635E-11    0.3141592653589796       2.68738701712729E-11     0.3141592653589796       2.7422157391006248E-11   0.3141592653589796       2.7743378305617375E-11   0.3141592653589796       2.7899876922917904E-11   0.3141592653589796       2.796250986821875E-11    0.3141592653589796       2.796913659370369E-11    0.3141592653589796       2.8040103385767814E-11   0.3141592653589796       2.8251222495883617E-11   0.3141592653589796       2.867243293041564E-11    0.3141592653589796       2.9320775408724775E-11   0.3141592653589796       3.0285332336220924E-11   0.3141592653589796       3.155463481644193E-11    0.3141592653589796       3.3095745642738226E-11   0.3141592653589796       3.485641621342304E-11    0.3141592653589796       3.6765319715167244E-11   0.3141592653589796       3.8756982295660536E-11   0.3141592653589796       4.082728966640272E-11    0.3141592653589796       4.2863109793914154E-11   0.3141592653589796       4.4799828982917545E-11   0.3141592653589796       4.6607142286611554E-11   0.3141592653589796       4.8258039253825356E-11   0.3141592653589796       4.9738285870956665E-11   0.3141592653589796       5.1012011304677016E-11   0.3141592653589796       5.2048180092674666E-11   0.3141592653589796
5.986479334340551         4.3699417833601146E-12   0.29670597283903555      5.153259076150817E-12    0.29670597283903555      5.540985194830797E-12    0.29670597283903555      5.443081857157074E-12    0.29670597283903555      4.895127194789183E-12    0.29670597283903555      4.21191925869886E-12     0.29670597283903555      3.5069533634375273E-12   0.29670597283903555      3.4410789584101928E-12   0.29670597283903555      4.272589078523829E-12    0.29670597283903555      5.704388097385466E-12    0.29670597283903555      7.403384898213334E-12    0.29670597283903555      9.19054819395923E-12     0.29670597283903555      1.0980840945127164E-11   0.29670597283903555      1.2710987015560683E-11   0.29670597283903555      1.4322026414371432E-11   0.29670597283903555      1.577050258123449E-11    0.29670597283903555      1.704415797537432E-11    0.29670597283903555      1.811169084165193E-11    0.29670597283903555      1.8937341033848956E-11   0.29670597283903555      1.951861669802635E-11    0.29670597283903555      1.9875683889061134E-11   0.29670597283903555      2.0023791455811718E-11   0.29670597283903555      1.9971332684970106E-11   0.29670597283903555      1.9782481712111737E-11   0.29670597283903555      1.9507883836984213E-11   0.29670597283903555      1.9202250593609237E-11   0.29670597283903555      1.8913963184059062E-11   0.29670597283903555      1.8756817267150748E-11   0.29670597283903555      1.8797715017953298E-11   0.29670597283903555      1.908767450078811E-11    0.29670597283903555      1.9656402573161845E-11   0.29670597283903555      2.0501991027892604E-11   0.29670597283903555      2.1592775535925594E-11   0.29670597283903555      2.292240725261557E-11    0.29670597283903555      2.439433287600274E-11    0.29670597283903555      2.5935743150045133E-11   0.29670597283903555      2.749704579127022E-11    0.29670597283903555      2.902991526278723E-11    0.29670597283903555      3.048976980678859E-11    0.29670597283903555      3.182723995031769E-11    0.29670597283903555      3.299238483582233E-11    0.29670597283903555
6.003932626860493         3.4390174237455125E-12   0.27925268031909334      6.035191690585894E-12    0.27925268031909334      8.049136746345054E-12    0.27925268031909334      9.4811531706409E-12      0.27925268031909334      1.0254003170643446E-11   0.27925268031909334      1.0748076585191197E-11   0.27925268031909334      1.0626626530411921E-11   0.27925268031909334      1.0372254555484874E-11   0.27925268031909334      1.0076107649176418E-11   0.27925268031909334      9.96737346909896E-12     0.27925268031909334      1.0208177306129209E-11   0.27925268031909334      1.094148173432064E-11    0.27925268031909334      1.2143474807911372E-11   0.27925268031909334      1.37444000884792E-11     0.27925268031909334      1.560332705415494E-11    0.27925268031909334      1.7596311769913437E-11   0.27925268031909334      1.965938985073094E-11    0.27925268031909334      2.1695854784267805E-11   0.27925268031909334      2.361969243041342E-11    0.27925268031909334      2.5381187933464976E-11   0.27925268031909334      2.695874060135066E-11    0.27925268031909334      2.833239066655916E-11    0.27925268031909334      2.9462666670889613E-11   0.27925268031909334      3.037653030456606E-11    0.27925268031909334      3.107717543743573E-11    0.27925268031909334      3.1585465331922755E-11   0.27925268031909334      3.189270062685623E-11    0.27925268031909334      3.208689033348947E-11    0.27925268031909334      3.221556275257126E-11    0.27925268031909334      3.231505214721398E-11    0.27925268031909334      3.245882171843107E-11    0.27925268031909334      3.2685121536520635E-11   0.27925268031909334      3.3067098283764885E-11   0.27925268031909334      3.368987541680174E-11    0.27925268031909334      3.455469573507534E-11    0.27925268031909334      3.563365055046711E-11    0.27925268031909334      3.6954427406809334E-11   0.27925268031909334      3.846924839930304E-11    0.27925268031909334      4.016027315027277E-11    0.27925268031909334      4.1947078173065844E-11   0.27925268031909334      4.375115719728199E-11    0.27925268031909334
6.021385919380437         2.6478492984814493E-12   0.26179938779914935      6.794403617038683E-12    0.26179938779914935      1.0248614626543129E-11   0.26179938779914935      1.3011272188773668E-11   0.26179938779914935      1.4958223880608332E-11   0.26179938779914935      1.665673715585279E-11    0.26179938779914935      1.7460664017085505E-11   0.26179938779914935      1.805877590243854E-11    0.26179938779914935      1.8446221756658322E-11   0.26179938779914935      1.8835237537387927E-11   0.26179938779914935      1.936489400553731E-11    0.26179938779914935      2.022330714869799E-11    0.26179938779914935      2.1462774839578458E-11   0.26179938779914935      2.3124781721151688E-11   0.26179938779914935      2.5130248174024415E-11   0.26179938779914935      2.7396415522715122E-11   0.26179938779914935      2.988446855207004E-11    0.26179938779914935      3.247854064510588E-11    0.26179938779914935      3.5061690558608916E-11   0.26179938779914935      3.7568957984930183E-11   0.26179938779914935      3.9961280725028136E-11   0.26179938779914935      4.220319962489671E-11    0.26179938779914935      4.4222699449843265E-11   0.26179938779914935      4.604384111162459E-11    0.26179938779914935      4.764982423337098E-11    0.26179938779914935      4.905131115295707E-11    0.26179938779914935      5.020274304879618E-11    0.26179938779914935      5.120993770857655E-11    0.26179938779914935      5.209916195466315E-11    0.26179938779914935      5.28878987495823E-11     0.26179938779914935      5.3641538346315336E-11   0.26179938779914935      5.4384211748858226E-11   0.26179938779914935      5.5193023968497996E-11   0.26179938779914935      5.6188890667196975E-11   0.26179938779914935      5.7365983857543E-11      0.26179938779914935      5.87096666587131E-11     0.26179938779914935      6.029202831464786E-11    0.26179938779914935      6.208634218934488E-11    0.26179938779914935      6.411625245919773E-11    0.26179938779914935      6.630152308112742E-11    0.26179938779914935      6.856452879733822E-11    0.26179938779914935
6.03883921190038          2.239505366669146E-12    0.24434609527920628      6.589969430175684E-12    0.24434609527920628      1.0424223596651855E-11   0.24434609527920628      1.3584603214633046E-11   0.24434609527920628      1.5937522274802343E-11   0.24434609527920628      1.807057838628554E-11    0.24434609527920628      1.925308157784426E-11    0.24434609527920628      2.018441102670229E-11    0.24434609527920628      2.083535575701976E-11    0.24434609527920628      2.1402227224694448E-11   0.24434609527920628      2.2018756137548107E-11   0.24434609527920628      2.287700184261312E-11    0.24434609527920628      2.4051822542979105E-11   0.24434609527920628      2.5612817624305343E-11   0.24434609527920628      2.7514962104742345E-11   0.24434609527920628      2.969992617814564E-11    0.24434609527920628      3.2151865218296625E-11   0.24434609527920628      3.4763851234807965E-11   0.24434609527920628      3.7413382094195196E-11   0.24434609527920628      4.004291041136572E-11    0.24434609527920628      4.260533208647682E-11    0.24434609527920628      4.5056410025352736E-11   0.24434609527920628      4.7319112221989546E-11   0.24434609527920628      4.940960800611795E-11    0.24434609527920628      5.13001275115705E-11     0.24434609527920628      5.299532338170516E-11    0.24434609527920628      5.443589163462701E-11    0.24434609527920628      5.572612219462116E-11    0.24434609527920628      5.68783381715699E-11     0.24434609527920628      5.790762306316073E-11    0.24434609527920628      5.886425391995105E-11    0.24434609527920628      5.977327883115323E-11    0.24434609527920628      6.070637819568771E-11    0.24434609527920628      6.179408761258621E-11    0.24434609527920628      6.302718066347959E-11    0.24434609527920628      6.439610801738349E-11    0.24434609527920628      6.598576168354264E-11    0.24434609527920628      6.778277827383106E-11    0.24434609527920628      6.981990937133546E-11    0.24434609527920628      7.202312778591226E-11    0.24434609527920628      7.432426332512529E-11    0.24434609527920628
6.056292504420323         1.515918902782676E-12    0.22689280275926318      4.735157208257406E-12    0.22689280275926318      7.61291991325743E-12     0.22689280275926318      1.0018756668580148E-11   0.22689280275926318      1.185265128266408E-11    0.22689280275926318      1.3476838270547097E-11   0.22689280275926318      1.4387232554918713E-11   0.22689280275926318      1.5005184693313325E-11   0.22689280275926318      1.5321774504442944E-11   0.22689280275926318      1.547298226511957E-11    0.22689280275926318      1.556473454293267E-11    0.22689280275926318      1.576466774708191E-11    0.22689280275926318      1.6172129273722022E-11   0.22689280275926318      1.6887191560576365E-11   0.22689280275926318      1.7923428522836647E-11   0.22689280275926318      1.9263896707394892E-11   0.22689280275926318      2.090006913940357E-11    0.22689280275926318      2.2751516746806033E-11   0.22689280275926318      2.471119852406373E-11    0.22689280275926318      2.6719932496305516E-11   0.22689280275926318      2.8726170031663398E-11   0.22689280275926318      3.0669463663241205E-11   0.22689280275926318      3.2487339615736864E-11   0.22689280275926318      3.416983375141016E-11    0.22689280275926318      3.56811802392649E-11     0.22689280275926318      3.701506906501317E-11    0.22689280275926318      3.811954175901161E-11    0.22689280275926318      3.9061763214285696E-11   0.22689280275926318      3.9839887053032915E-11   0.22689280275926318      4.0472611193895154E-11   0.22689280275926318      4.09868479640994E-11     0.22689280275926318      4.1419959808494835E-11   0.22689280275926318      4.1825242702342636E-11   0.22689280275926318      4.231714022140238E-11    0.22689280275926318      4.2903134826736386E-11   0.22689280275926318      4.360004360555418E-11    0.22689280275926318      4.448635346079743E-11    0.22689280275926318      4.557030882574804E-11    0.22689280275926318      4.687777048613642E-11    0.22689280275926318      4.836923484761939E-11    0.22689280275926318      4.999429207290094E-11    0.22689280275926318
6.073745796940266         5.768240672289648E-13    0.2094395102393201       1.4598070876316735E-12   0.2094395102393201       2.890838546963774E-12    0.2094395102393201       4.382384427647612E-12    0.2094395102393201       5.800675030403939E-12    0.2094395102393201       7.188758099100459E-12    0.2094395102393201       8.328167658312654E-12    0.2094395102393201       9.30352064915799E-12     0.2094395102393201       1.004017960107991E-11    0.2094395102393201       1.0552234174097067E-11   0.2094395102393201       1.0840533106067358E-11   0.2094395102393201       1.0950619270765929E-11   0.2094395102393201       1.0898242960737227E-11   0.2094395102393201       1.0737984971032406E-11   0.2094395102393201       1.050056587325757E-11    0.2094395102393201       1.0250342598006067E-11   0.2094395102393201       1.0074215384562051E-11   0.2094395102393201       1.005186587089485E-11    0.2094395102393201       1.0245849291725449E-11   0.2094395102393201       1.0694992653690396E-11   0.2094395102393201       1.1421543870732538E-11   0.2094395102393201       1.2387279609931284E-11   0.2094395102393201       1.3526737257040676E-11   0.2094395102393201       1.478755723969929E-11    0.2094395102393201       1.6100601102621735E-11   0.2094395102393201       1.7414590018312084E-11   0.2094395102393201       1.8658412363633335E-11   0.2094395102393201       1.9823564365100392E-11   0.2094395102393201       2.086583514545737E-11    0.2094395102393201       2.1760222041743602E-11   0.2094395102393201       2.2488866702825167E-11   0.2094395102393201       2.3037441169117116E-11   0.2094395102393201       2.3409038660157544E-11   0.2094395102393201       2.3647382493513384E-11   0.2094395102393201       2.3754691188721957E-11   0.2094395102393201       2.3734361082590348E-11   0.2094395102393201       2.3662669825616616E-11   0.2094395102393201       2.3566786697312308E-11   0.2094395102393201       2.3515936572250595E-11   0.2094395102393201       2.3543239437521426E-11   0.2094395102393201       2.3683693737307266E-11   0.2094395102393201
6.09119908946021          2.3824054728311037E-12   0.1919862177193761       2.3879643413168084E-12   0.1919862177193761       4.552358408598437E-12    0.1919862177193761       7.038931513275024E-12    0.1919862177193761       9.518987380464964E-12    0.1919862177193761       1.2307200884937378E-11   0.1919862177193761       1.4722660291018298E-11   0.1919862177193761       1.7203876037265793E-11   0.1919862177193761       1.9487130873345155E-11   0.1919862177193761       2.1577689947571156E-11   0.1919862177193761       2.3448254655966107E-11   0.1919862177193761       2.513494869781902E-11    0.1919862177193761       2.6629534841148493E-11   0.1919862177193761       2.796869030720662E-11    0.1919862177193761       2.913205707304989E-11    0.1919862177193761       3.013450804901953E-11    0.1919862177193761       3.1057882085224715E-11   0.1919862177193761       3.1922658540025613E-11   0.1919862177193761       3.2759500773216875E-11   0.1919862177193761       3.362510796665013E-11    0.1919862177193761       3.459919468401026E-11    0.1919862177193761       3.575131117974307E-11    0.1919862177193761       3.7064279408588294E-11   0.1919862177193761       3.860393354741874E-11    0.1919862177193761       4.035134268208291E-11    0.1919862177193761       4.228977292110554E-11    0.1919862177193761       4.432041250687646E-11    0.1919862177193761       4.6475619982697717E-11   0.1919862177193761       4.8686191776601006E-11   0.1919862177193761       5.0875773184876294E-11   0.1919862177193761       5.30092607784339E-11     0.1919862177193761       5.500221955207973E-11    0.1919862177193761       5.684695143151261E-11    0.1919862177193761       5.858570316697944E-11    0.1919862177193761       6.015712214881684E-11    0.1919862177193761       6.151860509692594E-11    0.1919862177193761       6.274402874406537E-11    0.1919862177193761       6.383107408621242E-11    0.1919862177193761       6.48526895942262E-11     0.1919862177193761       6.580386923517974E-11    0.1919862177193761       6.669957991408082E-11    0.1919862177193761
6.108652381980153         3.8369665814062125E-12   0.1745329251994339       4.393921423805283E-12    0.1745329251994339       7.165244139750527E-12    0.1745329251994339       1.0216910702364518E-11   0.1745329251994339       1.3178695546413002E-11   0.1745329251994339       1.6570826973051E-11      0.1745329251994339       1.9445469095123822E-11   0.1745329251994339       2.2458140280198345E-11   0.1745329251994339       2.529867584792E-11       0.1745329251994339       2.7982900607952816E-11   0.1745329251994339       3.047442710569015E-11    0.1745329251994339       3.28196009427781E-11     0.1745329251994339       3.500190892372092E-11    0.1745329251994339       3.7055814605060484E-11   0.1745329251994339       3.893877377970351E-11    0.1745329251994339       4.064789002449086E-11    0.1745329251994339       4.227166415527267E-11    0.1745329251994339       4.381280320755592E-11    0.1745329251994339       4.5276510043774766E-11   0.1745329251994339       4.671918672550816E-11    0.1745329251994339       4.822341846816032E-11    0.1745329251994339       4.986254760219147E-11    0.1745329251994339       5.161261208379173E-11    0.1745329251994339       5.356967863692918E-11    0.1745329251994339       5.572225114637491E-11    0.1745329251994339       5.806944416814478E-11    0.1745329251994339       6.050670716561266E-11    0.1745329251994339       6.310448462256448E-11    0.1745329251994339       6.57929122273288E-11     0.1745329251994339       6.849478898557675E-11    0.1745329251994339       7.116773109165279E-11    0.1745329251994339       7.37275930626761E-11     0.1745329251994339       7.615583101620872E-11    0.1745329251994339       7.852125437790631E-11    0.1745329251994339       8.073175615190277E-11    0.1745329251994339       8.27349107585647E-11     0.1745329251994339       8.46045946200039E-11     0.1745329251994339       8.633532961118936E-11    0.1745329251994339       8.800415040487314E-11    0.1745329251994339       8.958752763804719E-11    0.1745329251994339       9.108449936700615E-11    0.1745329251994339
6.126105674500097         3.708680804661497E-12    0.15707963267948988      3.725562270083533E-12    0.15707963267948988      5.165863848566623E-12    0.15707963267948988      6.994143663643407E-12    0.15707963267948988      8.924575135206708E-12    0.15707963267948988      1.1296265024022365E-11   0.15707963267948988      1.3400703221559256E-11   0.15707963267948988      1.56723467905033E-11     0.15707963267948988      1.7872663405240627E-11   0.15707963267948988      1.9987117686317073E-11   0.15707963267948988      2.1970078652133646E-11   0.15707963267948988      2.3835649501908982E-11   0.15707963267948988      2.556610335803276E-11    0.15707963267948988      2.716912897584222E-11    0.15707963267948988      2.861143416958726E-11    0.15707963267948988      2.988392735540516E-11    0.15707963267948988      3.1047914559841186E-11   0.15707963267948988      3.210822955735295E-11    0.15707963267948988      3.3065873680096375E-11   0.15707963267948988      3.397814760512292E-11    0.15707963267948988      3.4911476489082923E-11   0.15707963267948988      3.593211472620054E-11    0.15707963267948988      3.7039984665745045E-11   0.15707963267948988      3.831715593840249E-11    0.15707963267948988      3.976857364349972E-11    0.15707963267948988      4.139860983754691E-11    0.15707963267948988      4.3140411135281806E-11   0.15707963267948988      4.504068752168903E-11    0.15707963267948988      4.704242109178189E-11    0.15707963267948988      4.908890298100154E-11    0.15707963267948988      5.113127823623231E-11    0.15707963267948988      5.3109109317708817E-11   0.15707963267948988      5.4992259887207204E-11   0.15707963267948988      5.6823706901483194E-11   0.15707963267948988      5.852723160717977E-11    0.15707963267948988      6.006000693814529E-11    0.15707963267948988      6.146476158491447E-11    0.15707963267948988      6.273964617579629E-11    0.15707963267948988      6.393614001615341E-11    0.15707963267948988      6.503837492417247E-11    0.15707963267948988      6.60488466814433E-11     0.15707963267948988
6.14355896702004          2.2588860177846825E-12   0.1396263401595468       3.2216791836652505E-12   0.1396263401595468       3.900532727413455E-12    0.1396263401595468       4.275551710968592E-12    0.1396263401595468       4.3593630541571E-12      0.1396263401595468       4.331646584283337E-12    0.1396263401595468       4.126435997379797E-12    0.1396263401595468       4.0312252908736316E-12   0.1396263401595468       4.150605803391875E-12    0.1396263401595468       4.567990923876648E-12    0.1396263401595468       5.251339517682702E-12    0.1396263401595468       6.138002143393127E-12    0.1396263401595468       7.141155485758659E-12    0.1396263401595468       8.198298960966694E-12    0.1396263401595468       9.246402413876088E-12    0.1396263401595468       1.024062920269497E-11    0.1396263401595468       1.1164654425115937E-11   0.1396263401595468       1.1984404344917571E-11   0.1396263401595468       1.2672783340440617E-11   0.1396263401595468       1.3220151124913104E-11   0.1396263401595468       1.3635164046452847E-11   0.1396263401595468       1.3926700698168532E-11   0.1396263401595468       1.4096774187135541E-11   0.1396263401595468       1.4181084890293187E-11   0.1396263401595468       1.4212116212248204E-11   0.1396263401595468       1.4221154242660978E-11   0.1396263401595468       1.422925370153311E-11    0.1396263401595468       1.43047091856776E-11     0.1396263401595468       1.4480564590680842E-11   0.1396263401595468       1.477883579487271E-11    0.1396263401595468       1.5218389744179537E-11   0.1396263401595468       1.579052875387793E-11    0.1396263401595468       1.6488556533604778E-11   0.1396263401595468       1.7309296071728353E-11   0.1396263401595468       1.8208717218167598E-11   0.1396263401595468       1.913239233103054E-11    0.1396263401595468       2.0066686889988276E-11   0.1396263401595468       2.097599817876989E-11    0.1396263401595468       2.1842198059486834E-11   0.1396263401595468       2.2632399692128003E-11   0.1396263401595468       2.331643694967032E-11    0.1396263401595468
6.161012259539983         2.5630110851485616E-12   0.12217304763960371      6.567861254192669E-12    0.12217304763960371      1.0392735162925931E-11   0.12217304763960371      1.3626769910010144E-11   0.12217304763960371      1.6159127505010633E-11   0.12217304763960371      1.8622263350694265E-11   0.12217304763960371      2.0236645793129937E-11   0.12217304763960371      2.1782808168333846E-11   0.12217304763960371      2.3170041410594184E-11   0.12217304763960371      2.4559492577378625E-11   0.12217304763960371      2.602030896610615E-11    0.12217304763960371      2.7682251571834994E-11   0.12217304763960371      2.955093545628986E-11    0.12217304763960371      3.16621288477224E-11     0.12217304763960371      3.393919708846879E-11    0.12217304763960371      3.632788958592756E-11    0.12217304763960371      3.8831960558476507E-11   0.12217304763960371      4.137484423083148E-11    0.12217304763960371      4.3864560033242275E-11   0.12217304763960371      4.6268533567242025E-11   0.12217304763960371      4.858379158334899E-11    0.12217304763960371      5.0800350719248364E-11   0.12217304763960371      5.286097936853102E-11    0.12217304763960371      5.4821627532943124E-11   0.12217304763960371      5.667457455182931E-11    0.12217304763960371      5.844342409260173E-11    0.12217304763960371      6.007171705358156E-11    0.12217304763960371      6.168456691445591E-11    0.12217304763960371      6.329133556499964E-11    0.12217304763960371      6.489028380653091E-11    0.12217304763960371      6.652100660625491E-11    0.12217304763960371      6.816741469483102E-11    0.12217304763960371      6.987465912720064E-11    0.12217304763960371      7.174451743418076E-11    0.12217304763960371      7.371996885995639E-11    0.12217304763960371      7.574873902891464E-11    0.12217304763960371      7.789015766565824E-11    0.12217304763960371      8.01126246791426E-11     0.12217304763960371      8.244090840349932E-11    0.12217304763960371      8.47962980514869E-11     0.12217304763960371      8.71133236782432E-11     0.12217304763960371
6.178465552059927         3.5847262717705214E-12   0.10471975511965972      7.990840177737956E-12    0.10471975511965972      1.2888393053173785E-11   0.10471975511965972      1.7162878574892428E-11   0.10471975511965972      2.0625756323520296E-11   0.10471975511965972      2.4097719184025935E-11   0.10471975511965972      2.650253678165351E-11    0.10471975511965972      2.8830507700574126E-11   0.10471975511965972      3.0930577751153596E-11   0.10471975511965972      3.297652839151751E-11    0.10471975511965972      3.5038162418779057E-11   0.10471975511965972      3.72730643171104E-11     0.10471975511965972      3.969314885153651E-11    0.10471975511965972      4.235473954772997E-11    0.10471975511965972      4.517640151087439E-11    0.10471975511965972      4.8106298015248976E-11   0.10471975511965972      5.1175071308430004E-11   0.10471975511965972      5.4301217880846495E-11   0.10471975511965972      5.737863900813175E-11    0.10471975511965972      6.03861164438785E-11     0.10471975511965972      6.332415700294082E-11    0.10471975511965972      6.619015152250055E-11    0.10471975511965972      6.890922083153112E-11    0.10471975511965972      7.155550911175098E-11    0.10471975511965972      7.410904981110313E-11    0.10471975511965972      7.659480179128978E-11    0.10471975511965972      7.892484613641495E-11    0.10471975511965972      8.125176143439998E-11    0.10471975511965972      8.356940158347148E-11    0.10471975511965972      8.58646631880279E-11     0.10471975511965972      8.816676101302775E-11    0.10471975511965972      9.045026070739699E-11    0.10471975511965972      9.276271511225067E-11    0.10471975511965972      9.523855499287786E-11    0.10471975511965972      9.779270776796729E-11    0.10471975511965972      1.0037051765463352E-10   0.10471975511965972      1.0305580806617251E-10   0.10471975511965972      1.0582009897866947E-10   0.10471975511965972      1.0870370545145302E-10   0.10471975511965972      1.1162372065009604E-10   0.10471975511965972      1.1450488515296994E-10   0.10471975511965972
6.19591884457987          2.2154005905320067E-12   0.08726646259971663      4.706166953892252E-12    0.08726646259971663      7.531646290923676E-12    0.08726646259971663      9.997079623373604E-12    0.08726646259971663      1.1972993739279589E-11   0.08726646259971663      1.3919698523243555E-11   0.08726646259971663      1.522497600135749E-11    0.08726646259971663      1.643375695179115E-11    0.08726646259971663      1.748649442035663E-11    0.08726646259971663      1.8489197030147726E-11   0.08726646259971663      1.9502833019691633E-11   0.08726646259971663      2.0630963964500343E-11   0.08726646259971663      2.1895767230780783E-11   0.08726646259971663      2.3333726933673102E-11   0.08726646259971663      2.4904481592288814E-11   0.08726646259971663      2.65765190502064E-11     0.08726646259971663      2.836200972018931E-11    0.08726646259971663      3.02067487277246E-11     0.08726646259971663      3.2040628453407525E-11   0.08726646259971663      3.384220226410849E-11    0.08726646259971663      3.560458032199615E-11    0.08726646259971663      3.731135048546921E-11    0.08726646259971663      3.891766986954062E-11    0.08726646259971663      4.045957689976774E-11    0.08726646259971663      4.191729776418859E-11    0.08726646259971663      4.3307697891700764E-11   0.08726646259971663      4.4582783966749944E-11   0.08726646259971663      4.582627282761841E-11    0.08726646259971663      4.704304865315243E-11    0.08726646259971663      4.8232933942456585E-11   0.08726646259971663      4.9412700047739826E-11   0.08726646259971663      5.0591527558702936E-11   0.08726646259971663      5.1790365655486106E-11   0.08726646259971663      5.310200014985872E-11    0.08726646259971663      5.4475446404615394E-11   0.08726646259971663      5.589502395804394E-11    0.08726646259971663      5.740079744987678E-11    0.08726646259971663      5.89810947369838E-11     0.08726646259971663      6.065040955956796E-11    0.08726646259971663      6.236307920475923E-11    0.08726646259971663      6.406744327386338E-11    0.08726646259971663
6.213372137099814         1.477390405145851E-12    0.06981317007977264      2.62313704773755E-12     0.06981317007977264      4.543231128817397E-12    0.06981317007977264      6.437752001666784E-12    0.06981317007977264      8.168401384107675E-12    0.06981317007977264      1.0052152287717097E-11   0.06981317007977264      1.1584788829378545E-11   0.06981317007977264      1.3156586036466645E-11   0.06981317007977264      1.4598301577463107E-11   0.06981317007977264      1.594462977584499E-11    0.06981317007977264      1.7181797364235282E-11   0.06981317007977264      1.8351597639263557E-11   0.06981317007977264      1.9454422138743135E-11   0.06981317007977264      2.0518902169557304E-11   0.06981317007977264      2.1526018580128037E-11   0.06981317007977264      2.248003806447277E-11    0.06981317007977264      2.3432955215162053E-11   0.06981317007977264      2.4383890650318742E-11   0.06981317007977264      2.533263493974986E-11    0.06981317007977264      2.6299711869039787E-11   0.06981317007977264      2.7320088470416456E-11   0.06981317007977264      2.8421360325501924E-11   0.06981317007977264      2.957621607031038E-11    0.06981317007977264      3.082096448942842E-11    0.06981317007977264      3.214331700502371E-11    0.06981317007977264      3.353329126412106E-11    0.06981317007977264      3.49280020993102E-11     0.06981317007977264      3.63654017676308E-11     0.06981317007977264      3.781220626530375E-11    0.06981317007977264      3.923081864273154E-11    0.06981317007977264      4.060541020429184E-11    0.06981317007977264      4.1896238620679876E-11   0.06981317007977264      4.311345139796652E-11    0.06981317007977264      4.42965117807479E-11     0.06981317007977264      4.541082875487643E-11    0.06981317007977264      4.642871628402664E-11    0.06981317007977264      4.741033451489604E-11    0.06981317007977264      4.835189409398466E-11    0.06981317007977264      4.9302522978182804E-11   0.06981317007977264      5.02479756897152E-11     0.06981317007977264      5.1187361573355926E-11   0.06981317007977264
6.230825429619756         5.231074727611415E-12    0.052359877559830424     9.3200703619866E-12      0.052359877559830424     1.5274489976057225E-11   0.052359877559830424     2.08413332962093E-11     0.052359877559830424     2.5672528456295298E-11   0.052359877559830424     3.0821984754410934E-11   0.052359877559830424     3.478841536095426E-11    0.052359877559830424     3.8827273192950824E-11   0.052359877559830424     4.2576302984522476E-11   0.052359877559830424     4.616899030041266E-11    0.052359877559830424     4.962168527041695E-11    0.052359877559830424     5.3073353950799925E-11   0.052359877559830424     5.6521497445893416E-11   0.052359877559830424     6.003553584743936E-11    0.052359877559830424     6.35280430208015E-11     0.052359877559830424     6.697105736861519E-11    0.052359877559830424     7.046749927453128E-11    0.052359877559830424     7.39625807255523E-11     0.052359877559830424     7.73931726785966E-11     0.052359877559830424     8.07812337783347E-11     0.052359877559830424     8.419063570543578E-11    0.052359877559830424     8.766427336209411E-11    0.052359877559830424     9.112309178936838E-11    0.052359877559830424     9.468420314617098E-11    0.052359877559830424     9.832006313673049E-11    0.052359877559830424     1.0204398169929755E-10   0.052359877559830424     1.0571208100896621E-10   0.052359877559830424     1.0947661770416651E-10   0.052359877559830424     1.1329031931920709E-10   0.052359877559830424     1.1707552309998696E-10   0.052359877559830424     1.2082444160527652E-10   0.052359877559830424     1.2445233069491382E-10   0.052359877559830424     1.2798218667350298E-10   0.052359877559830424     1.3156436731138276E-10   0.052359877559830424     1.3507751744457837E-10   0.052359877559830424     1.3844402580549856E-10   0.052359877559830424     1.417916654802743E-10    0.052359877559830424     1.4510090602082387E-10   0.052359877559830424     1.4847380158131534E-10   0.052359877559830424     1.5183420325159772E-10   0.052359877559830424     1.551309068862668E-10    0.052359877559830424
6.2482787221397           6.068228832115586E-12    0.034906585039886445     1.0607395706948193E-11   0.034906585039886445     1.7236280030093136E-11   0.034906585039886445     2.340693986359204E-11    0.034906585039886445     2.8734650064227792E-11   0.034906585039886445     3.4393538372581455E-11   0.034906585039886445     3.8716794574723055E-11   0.034906585039886445     4.3092368453725704E-11   0.034906585039886445     4.7160193187618034E-11   0.034906585039886445     5.106519077668362E-11    0.034906585039886445     5.483880889838005E-11    0.034906585039886445     5.864333994237275E-11    0.034906585039886445     6.247029740757128E-11    0.034906585039886445     6.639890517793606E-11    0.034906585039886445     7.03303334103172E-11     0.034906585039886445     7.422963291632732E-11    0.034906585039886445     7.820191788066465E-11    0.034906585039886445     8.217645451755814E-11    0.034906585039886445     8.60755579143626E-11     0.034906585039886445     8.99204542727358E-11     0.034906585039886445     9.377055599642251E-11    0.034906585039886445     9.766995922679316E-11    0.034906585039886445     1.0152888393296868E-10   0.034906585039886445     1.0547388072040311E-10   0.034906585039886445     1.0948215303047326E-10   0.034906585039886445     1.1356671860379018E-10   0.034906585039886445     1.175669257514173E-10    0.034906585039886445     1.2167331486203663E-10   0.034906585039886445     1.2582645356546802E-10   0.034906585039886445     1.2995457838067004E-10   0.034906585039886445     1.3405203255700815E-10   0.034906585039886445     1.3802438382846565E-10   0.034906585039886445     1.419101552354378E-10    0.034906585039886445     1.458735239316409E-10    0.034906585039886445     1.4978450734067306E-10   0.034906585039886445     1.5355066996577761E-10   0.034906585039886445     1.5731488889707593E-10   0.034906585039886445     1.6105168473834017E-10   0.034906585039886445     1.6486920946810787E-10   0.034906585039886445     1.6867749871705257E-10   0.034906585039886445     1.7241281794455772E-10   0.034906585039886445
6.265732014659642         1.8702336528206256E-12   0.017453292519944232     2.8648685163649538E-12   0.017453292519944232     4.5518860299035675E-12   0.017453292519944232     6.164209010984099E-12    0.017453292519944232     7.583558776673063E-12    0.017453292519944232     9.119816555068734E-12    0.017453292519944232     1.030815851403547E-11    0.017453292519944232     1.1510386271118609E-11   0.017453292519944232     1.2643760339215518E-11   0.017453292519944232     1.3731106578427792E-11   0.017453292519944232     1.477729682262204E-11    0.017453292519944232     1.582929496184655E-11    0.017453292519944232     1.687051179399273E-11    0.017453292519944232     1.7930947392165166E-11   0.017453292519944232     1.8978880916682128E-11   0.017453292519944232     2.0011761796082363E-11   0.017453292519944232     2.105742463729675E-11    0.017453292519944232     2.209599979136018E-11    0.017453292519944232     2.3112471561525122E-11   0.017453292519944232     2.4112167745740534E-11   0.017453292519944232     2.51175468102781E-11     0.017453292519944232     2.6138626789796322E-11   0.017453292519944232     2.7156772628676104E-11   0.017453292519944232     2.8206565568484273E-11   0.017453292519944232     2.928622340827433E-11    0.017453292519944232     3.039603053595017E-11    0.017453292519944232     3.148137885167113E-11    0.017453292519944232     3.2609541815156177E-11   0.017453292519944232     3.3748308584885516E-11   0.017453292519944232     3.489165501673449E-11    0.017453292519944232     3.601308962448296E-11    0.017453292519944232     3.7103424974615216E-11   0.017453292519944232     3.8167758141294E-11      0.017453292519944232     3.924995216285809E-11    0.017453292519944232     4.03042834621165E-11     0.017453292519944232     4.1313606925097095E-11   0.017453292519944232     4.231725656425089E-11    0.017453292519944232     4.3306195974862703E-11   0.017453292519944232     4.4309218793185616E-11   0.017453292519944232     4.5308933984431273E-11   0.017453292519944232     4.628740250624816E-11    0.017453292519944232
6.283185307179586         1.622343166832263E-24    2.4492935982947064E-16   3.0290071492432293E-24   2.4492935982947064E-16   4.923195147738294E-24    2.4492935982947064E-16   6.659029751666436E-24    2.4492935982947064E-16   8.138485211372537E-24    2.4492935982947064E-16   9.691416200965323E-24    2.4492935982947064E-16   1.085922602988508E-23    2.4492935982947064E-16   1.2035269674099722E-23   2.4492935982947064E-16   1.3123634223058084E-23   2.4492935982947064E-16   1.417278471347139E-23    2.4492935982947064E-16   1.5193081604648907E-23   2.4492935982947064E-16   1.623336482406879E-23    2.4492935982947064E-16   1.7293254715471875E-23   2.4492935982947064E-16   1.8393831293839653E-23   2.4492935982947064E-16   1.9506822185728784E-23   2.4492935982947064E-16   2.062010167621998E-23    2.4492935982947064E-16   2.1760528682526373E-23   2.4492935982947064E-16   2.2906024526093594E-23   2.4492935982947064E-16   2.4030466718910867E-23   2.4492935982947064E-16   2.5136208779845376E-23   2.4492935982947064E-16   2.623808008663076E-23    2.4492935982947064E-16   2.734523096051643E-23    2.4492935982947064E-16   2.843200766604183E-23    2.4492935982947064E-16   2.95328984490293E-23     2.4492935982947064E-16   3.064097059121787E-23    2.4492935982947064E-16   3.176132909841656E-23    2.4492935982947064E-16   3.285163671036342E-23    2.4492935982947064E-16   3.3966198221665073E-23   2.4492935982947064E-16   3.5091155440192235E-23   2.4492935982947064E-16   3.620984556836728E-23    2.4492935982947064E-16   3.7321957179429774E-23   2.4492935982947064E-16   3.8405625692494727E-23   2.4492935982947064E-16   3.9471617999889947E-23   2.4492935982947064E-16   4.0568212782554975E-23   2.4492935982947064E-16   4.1658504307513775E-23   2.4492935982947064E-16   4.2717491158242997E-23   2.4492935982947064E-16   4.3783757942115023E-23   2.4492935982947064E-16   4.4848724445750635E-23   2.4492935982947064E-16   4.5940989608338093E-23   2.4492935982947064E-16   4.7032655136906703E-23   2.4492935982947064E-16   4.8104604490296807E-23   2.4492935982947064E-16
