% Model:              DipoleAxial_above2.mph
% Version:            COMSOL 6.2.0.290
% Date:               Jun 15 2025, 18:37
% Dimension:          1
% Nodes:              1001
% Expressions:        8
% Description:        Radiation pattern
% theta                   Far-field norm           Elevation angle          Far-field norm           Elevation angle          Far-field norm           Elevation angle          Far-field norm           Elevation angle
0                         0                        0                        0                        0                        0                        0                        0                        0
0.006283185307179587      0.16576783864538505      0.006283185307179587     0.2987430632850488       0.006283185307179587     0.4535130094254931       0.006283185307179587     0.5677745124955791       0.006283185307179587
0.012566370614359173      0.11920113715339464      0.012566370614359173     0.21482157060637477      0.012566370614359173     0.326110863335642        0.012566370614359173     0.4082816210023914       0.012566370614359173
0.01884955592153876       0.06699949373945391      0.01884955592153876      0.12074730581264352      0.01884955592153876      0.18330340988015706      0.01884955592153876      0.22948321748370526      0.01884955592153876
0.025132741228718346      0.01427457679376092      0.025132741228718346     0.025728054814535488     0.025132741228718346     0.039055873460501225     0.025132741228718346     0.04889948337020927      0.025132741228718346
0.031415926535897934      0.0307078799488748       0.03141592653589793      0.05533765762355042      0.03141592653589793      0.08400712617680607      0.03141592653589793      0.10517337307183783      0.03141592653589793
0.03769911184307752       0.05830162167690758      0.037699111843077525     0.10506915625584032      0.037699111843077525     0.15950234148205458      0.037699111843077525     0.1996890867757397       0.037699111843077525
0.0439822971502571        0.06551969151516672      0.0439822971502571       0.11807708620596064      0.0439822971502571       0.17924781487171196      0.0439822971502571       0.22441147221383187      0.0439822971502571
0.05026548245743669       0.05311010582266483      0.05026548245743669      0.09571652715872751      0.05026548245743669      0.14530528611601634      0.05026548245743669      0.18191328395287737      0.05026548245743669
0.05654866776461628       0.027248085267847114     0.05654866776461628      0.04910927229810903      0.05654866776461628      0.07454825093544926      0.05654866776461628      0.09333539830126643      0.05654866776461628
0.06283185307179587       0.006745751568970694     0.06283185307179587      0.012160394549564026     0.06283185307179587      0.01845873945484608      0.06283185307179587      0.023113554899141846     0.06283185307179587
0.06911503837897544       0.03156093877590749      0.06911503837897544      0.05687606785312594      0.06911503837897544      0.0863437008853837       0.06911503837897544      0.10809407889813864      0.06911503837897544
0.07539822368615504       0.0469624368343872       0.07539822368615504      0.08463258000862159      0.07539822368615504      0.12847836077700792      0.07539822368615504      0.16085046428610367      0.07539822368615504
0.08168140899333463       0.04710943869597547      0.08168140899333463      0.08490057477696783      0.08168140899333463      0.12888387517050034      0.08168140899333463      0.16135642653761967      0.08168140899333463
0.0879645943005142        0.03351939886256845      0.0879645943005142       0.06041209317015121      0.0879645943005142       0.09170878187350713      0.0879645943005142       0.11481645016549961      0.0879645943005142
0.09424777960769379       0.011919752324906682     0.09424777960769379      0.021491026331603883     0.09424777960769379      0.032624551832156484     0.09424777960769379      0.04084451974391647      0.09424777960769379
0.10053096491487339       0.015422804515055252     0.10053096491487339      0.027791979075425695     0.10053096491487339      0.04219231483542825      0.10053096491487339      0.05281864562112241      0.10053096491487339
0.10681415022205297       0.033685155826963444     0.10681415022205297      0.06070318533303664      0.10681415022205297      0.09215242990409654      0.10681415022205297      0.11537233014981133      0.10681415022205297
0.11309733552923255       0.04080910879028002      0.11309733552923255      0.07354575254666984      0.11309733552923255      0.11164669703817853      0.11309733552923255      0.13977441400687315      0.11309733552923255
0.11938052083641214       0.03537710364528745      0.11938052083641214      0.06375667653336074      0.11938052083641214      0.09678694496590028      0.11938052083641214      0.121175551619147        0.11938052083641214
0.12566370614359174       0.019875155383767776     0.12566370614359174      0.03582911724611891      0.12566370614359174      0.05438950541994697      0.12566370614359174      0.06809238665253531      0.12566370614359174
0.13194689145077132       0.007109037682365685     0.13194689145077132      0.012817564769678345     0.13194689145077132      0.019460556775087904     0.13194689145077132      0.024356408949506313     0.13194689145077132
0.13823007675795088       0.023587768892976743     0.1382300767579509       0.04250533055699535      0.1382300767579509       0.06452644192614547      0.1382300767579509       0.08078753453963128      0.1382300767579509
0.1445132620651305        0.03445870601918615      0.1445132620651305       0.06209875009627507      0.1445132620651305       0.09427195638505852      0.1445132620651305       0.11801958086696938      0.1445132620651305
0.15079644737231007       0.034498849537022695     0.15079644737231007      0.06217294628355514      0.15079644737231007      0.09438106051875686      0.15079644737231007      0.11816497207545106      0.15079644737231007
0.15707963267948966       0.024127448832288914     0.15707963267948966      0.043491292798299976     0.15707963267948966      0.06602165698316553      0.15707963267948966      0.08265474782048354      0.15707963267948966
0.16336281798666927       0.008504602286348584     0.16336281798666927      0.015337201418514088     0.16336281798666927      0.023285267089417045     0.16336281798666927      0.02914775976820975      0.16336281798666927
0.16964600329384882       0.016800796561037785     0.16964600329384882      0.03027601562957035      0.16964600329384882      0.04596239185274535      0.16964600329384882      0.05754743244437727      0.16964600329384882
0.1759291886010284        0.029031226367794035     0.1759291886010284       0.0523161940787693       0.1759291886010284       0.07942079405416944      0.1759291886010284       0.09942528431615671      0.1759291886010284
0.18221237390820802       0.03233792963753739      0.182212373908208        0.058276185471009725     0.182212373908208        0.088466666215804        0.182212373908208        0.11076074436578545      0.182212373908208
0.18849555921538758       0.025711853151993206     0.18849555921538755      0.0463459365045334       0.18849555921538755      0.0703549035556099       0.18849555921538755      0.08807947230247813      0.18849555921538755
0.19477874452256716       0.011442007952406174     0.19477874452256716      0.02063089677385933      0.19477874452256716      0.031320277836749136     0.19477874452256716      0.039209600641347174     0.19477874452256716
0.20106192982974677       0.013373466197590549     0.20106192982974677      0.0241031919867308       0.20106192982974677      0.036591410878171866     0.20106192982974677      0.04581520814874032      0.20106192982974677
0.20734511513692636       0.02527333827275699      0.20734511513692636      0.04554290174753309      0.20734511513692636      0.06913925724895248      0.20734511513692636      0.08655367013554838      0.20734511513692636
0.21362830044410594       0.02996171047003464      0.2136283004441059       0.05399128570866335      0.2136283004441059       0.08196179471366788      0.2136283004441059       0.102615874599456        0.2136283004441059
0.21991148575128552       0.025625716043382495     0.2199114857512855       0.046190827028572454     0.2199114857512855       0.07011976195253894      0.2199114857512855       0.08778624323088512      0.2199114857512855
0.2261946710584651        0.01256240416064358      0.2261946710584651       0.02264946244116357      0.2261946710584651       0.0343839831739562       0.2261946710584651       0.04304401550166224      0.2261946710584651
0.2324778563656447        0.012532437139257821     0.2324778563656447       0.02259000551527938      0.2324778563656447       0.03429434327770774      0.2324778563656447       0.04294171973359648      0.2324778563656447
0.23876104167282428       0.023469312859821977     0.23876104167282428      0.0422912678399482       0.23876104167282428      0.06420358455172663      0.23876104167282428      0.08037315284073221      0.23876104167282428
0.24504422698000386       0.02791129123460722      0.24504422698000386      0.050294092828652805     0.24504422698000386      0.07634914590126149      0.24504422698000386      0.09558898426079918      0.24504422698000386
0.25132741228718347       0.02447246419467223      0.25132741228718347      0.04411242679941054      0.25132741228718347      0.06696469117929912      0.25132741228718347      0.0838374425645832       0.25132741228718347
0.257610597594363         0.011961781061400495     0.25761059759436294      0.02156919792823108      0.25761059759436294      0.03274437574503705      0.25761059759436294      0.04098884039274225      0.25761059759436294
0.26389378290154264       0.013222415178432494     0.26389378290154264      0.02383146792940235      0.26389378290154264      0.03617979275206506      0.26389378290154264      0.0453011430096958       0.26389378290154264
0.2701769682087222        0.023462766005921086     0.2701769682087222       0.04227879273302975      0.2701769682087222       0.06418370144029945      0.2701769682087222       0.08035035331291876      0.2701769682087222
0.27646015351590175       0.02612294258293086      0.27646015351590175      0.047069606998561005     0.27646015351590175      0.07145516915947069      0.27646015351590175      0.08945913790113143      0.27646015351590175
0.2827433388230814        0.02235821457528179      0.2827433388230814       0.04030510430974312      0.2827433388230814       0.06118343076894235      0.2827433388230814       0.0766038343513051       0.2827433388230814
0.289026524130261         0.01050038962095276      0.289026524130261        0.018937273826045525     0.289026524130261        0.028751091276323193     0.289026524130261        0.03598335094016183      0.289026524130261
0.29530970943744056       0.015087425350614865     0.29530970943744056      0.0271856221139773       0.29530970943744056      0.041272392791704644     0.29530970943744056      0.05167475097972412      0.29530970943744056
0.30159289474462014       0.024639973977515026     0.30159289474462014      0.04440102297064396      0.30159289474462014      0.06740472513071256      0.30159289474462014      0.0843857314640883       0.30159289474462014
0.3078760800517997        0.023949942464926856     0.30787608005179967      0.04315344177359939      0.30787608005179967      0.06550972786484911      0.30787608005179967      0.08201333403091883      0.30787608005179967
0.3141592653589793        0.019005741013857005     0.3141592653589793       0.034268704964757625     0.3141592653589793       0.05201954163545203      0.3141592653589793       0.06513461959432604      0.3141592653589793
0.3204424506661589        0.010643841663208677     0.3204424506661589       0.019193172521067954     0.3204424506661589       0.029141677814468026     0.3204424506661589       0.03647042430337564      0.3204424506661589
0.32672563597333854       0.018030017571308215     0.32672563597333854      0.032479994299719324     0.32672563597333854      0.04931035990857096      0.32672563597333854      0.061732934203208564     0.32672563597333854
0.33300882128051806       0.025754267304164427     0.33300882128051806      0.046410920579188074     0.33300882128051806      0.07045300835442848      0.33300882128051806      0.08820870371276002      0.33300882128051806
0.33929200658769765       0.020319165114513843     0.33929200658769765      0.036615043722917066     0.33929200658769765      0.055585718388992754     0.33929200658769765      0.06958274774060073      0.33929200658769765
0.3455751918948773        0.01460111504418936      0.3455751918948773       0.026334414780146177     0.3455751918948773       0.03997436742873238      0.3455751918948773       0.05005863513794324      0.3455751918948773
0.3518583772020568        0.015080135369416697     0.35185837720205687      0.02717804070737439      0.35185837720205687      0.04126217380614304      0.35185837720205687      0.05165129897258896      0.35185837720205687
0.3581415625092364        0.021026111315260824     0.35814156250923634      0.03787261153991767      0.35814156250923634      0.05749680930118808      0.35814156250923634      0.07197800864281788      0.35814156250923634
0.36442474781641604       0.024714739076888516     0.3644247478164161       0.04454212121531623      0.3644247478164161       0.06761330594967467      0.3644247478164161       0.084658877064202        0.3644247478164161
0.37070793312359557       0.014904463821218628     0.37070793312359557      0.026869234797516843     0.37070793312359557      0.040793365486853084     0.37070793312359557      0.05105704910656963      0.37070793312359557
0.37699111843077515       0.01258400829222936      0.37699111843077515      0.022682234695033228     0.37699111843077515      0.03443488398645863      0.37699111843077515      0.04311707391030327      0.37699111843077515
0.3832743037379548        0.021503780662692238     0.3832743037379548       0.03874471502957973      0.3832743037379548       0.05881740515523283      0.3832743037379548       0.07363931078403611      0.3832743037379548
0.3895574890451343        0.02152639137442046      0.3895574890451343       0.03877602571413137      0.3895574890451343       0.05886748573471215      0.3895574890451343       0.07368895062099876      0.3895574890451343
0.39584067435231396       0.01939533711249016      0.3958406743523139       0.0349636721705328       0.3958406743523139       0.05307237995625458      0.3958406743523139       0.06645866298642751      0.3958406743523139
0.40212385965949354       0.013133158798194034     0.40212385965949354      0.023679317550940902     0.40212385965949354      0.03595190937573507      0.40212385965949354      0.044999781854545576     0.40212385965949354
0.40840704496667307       0.0170881003449795       0.40840704496667307      0.030770722250944592     0.40840704496667307      0.0467169304171484       0.40840704496667307      0.05847871731762872      0.40840704496667307
0.4146902302738527        0.024426694721128926     0.4146902302738527       0.04400984868913006      0.4146902302738527       0.06680613722853508      0.4146902302738527       0.08365051125742734      0.4146902302738527
0.4209734155810323        0.017246826490841364     0.4209734155810323       0.03108200189490735      0.4209734155810323       0.04718800244792654      0.4209734155810323       0.059062822442034126     0.4209734155810323
0.4272566008882119        0.012673473595359325     0.4272566008882119       0.02284303191275763      0.4272566008882119       0.03467849396736547      0.4272566008882119       0.043419592809780555     0.4272566008882119
0.43353978619539146       0.020298769245451473     0.43353978619539146      0.036569565386912764     0.43353978619539146      0.055515393726913484     0.43353978619539146      0.06950944390007344      0.43353978619539146
0.43982297150257105       0.02059487917115768      0.43982297150257105      0.037091992346698806     0.43982297150257105      0.05631159655459879      0.43982297150257105      0.07048585152647881      0.43982297150257105
0.44610615680975063       0.018812560181625443     0.44610615680975063      0.03390378381445389      0.44610615680975063      0.05146360636734404      0.44610615680975063      0.06444426499275868      0.44610615680975063
0.4523893421169302        0.01504838220692564      0.45238934211693016      0.027131218032741385     0.45238934211693016      0.04119153959685125      0.45238934211693016      0.05156547092438264      0.45238934211693016
0.4586725274241098        0.01722977083162511      0.4586725274241098       0.03102513158513554      0.4586725274241098       0.047103481134886965     0.4586725274241098       0.058956937007511        0.4586725274241098
0.4649557127312894        0.022987562729029774     0.4649557127312894       0.04141352166682482      0.4649557127312894       0.06286446450849885      0.4649557127312894       0.07871829713366929      0.4649557127312894
0.47123889803846897       0.016894179894283236     0.4712388980384689       0.03045981736165351      0.4712388980384689       0.046243842170505624     0.4712388980384689       0.05788421886064314      0.4712388980384689
0.47752208334564855       0.012738303248849149     0.4775220833456485       0.0229521263943311       0.4775220833456485       0.03484737165344311      0.4775220833456485       0.04361804115573323      0.4775220833456485
0.48380526865282814       0.021917353231588724     0.48380526865282814      0.039486072765752334     0.48380526865282814      0.05994122678347062      0.48380526865282814      0.07505593136914307      0.48380526865282814
0.4900884539600077        0.020154977518267066     0.4900884539600077       0.03632141142400689      0.4900884539600077       0.055141227243325874     0.4900884539600077       0.0690216438328715       0.4900884539600077
0.49637163926718736       0.013905657532962077     0.49637163926718736      0.025071463325338564     0.49637163926718736      0.038059247491794415     0.49637163926718736      0.04765153582682733      0.49637163926718736
0.5026548245743669        0.018699459317098835     0.5026548245743669       0.03370210984336299      0.5026548245743669       0.05116353318753481      0.5026548245743669       0.06406328774288657      0.5026548245743669
0.5089380098815465        0.020464763665815587     0.5089380098815465       0.03686681230312312      0.5089380098815465       0.05597037838451936      0.5089380098815465       0.07005766872553407      0.5089380098815465
0.515221195188726         0.017590025655025928     0.515221195188726        0.0317020093702965       0.515221195188726        0.048122186518352386     0.515221195188726        0.06025611424838963      0.515221195188726
0.5215043804959058        0.017124996408900247     0.5215043804959058       0.03088157176177293      0.5215043804959058       0.04688228375955715      0.5215043804959058       0.05870048454930971      0.5215043804959058
0.5277875658030853        0.018526666610995883     0.5277875658030853       0.03336473201661741      0.5277875658030853       0.05065604179304114      0.5277875658030853       0.06340239140161104      0.5277875658030853
0.5340707511102648        0.019740960616457155     0.5340707511102648       0.035558744821979155     0.5340707511102648       0.05397675457737926      0.5340707511102648       0.06758663418618863      0.5340707511102648
0.5403539364174444        0.018060572903366816     0.5403539364174444       0.03256782969002697      0.5403539364174444       0.04944040997804626      0.5403539364174444       0.06190146049219916      0.5403539364174444
0.546637121724624         0.01623225709069384      0.546637121724624        0.029226245186402544     0.546637121724624        0.04437599155169161      0.546637121724624        0.05553730959328571      0.546637121724624
0.5529203070318035        0.020054480228615792     0.5529203070318035       0.03610401804046497      0.5529203070318035       0.05480530954048084      0.5529203070318035       0.06862373658406978      0.5529203070318035
0.5592034923389833        0.019812482097986934     0.5592034923389831       0.03571099873181713      0.5592034923389831       0.05420991022539542      0.5592034923389831       0.0678734979855267       0.5592034923389831
0.5654866776461628        0.014888138297185787     0.5654866776461628       0.02680923062669411      0.5654866776461628       0.04070852677105061      0.5654866776461628       0.050944077017047035     0.5654866776461628
0.5717698629533423        0.019344684140331542     0.5717698629533423       0.034814338301118374     0.5717698629533423       0.05284868810042689      0.5717698629533423       0.06617266964117088      0.5717698629533423
0.578053048260522         0.021187615857061054     0.578053048260522        0.03817788861457378      0.578053048260522        0.057953171605638634     0.578053048260522        0.0725613080502547       0.578053048260522
0.5843362335677015        0.014701681553347397     0.5843362335677015       0.026483243049320957     0.5843362335677015       0.04021410094734361      0.5843362335677015       0.05032455375941366      0.5843362335677015
0.5906194188748811        0.018347634176763255     0.5906194188748811       0.03301875582605923      0.5906194188748811       0.05012437329345004      0.5906194188748811       0.06275964454971732      0.5906194188748811
0.5969026041820608        0.021963586376214143     0.5969026041820606       0.03957266527177519      0.5969026041820606       0.060069333124246456     0.5969026041820606       0.0752127131392146       0.5969026041820606
0.6031857894892403        0.015268561829097596     0.6031857894892403       0.02751531188258193      0.6031857894892403       0.04178035145434412      0.6031857894892403       0.05228604173653474      0.6031857894892403
0.6094689747964198        0.017441490432214476     0.6094689747964198       0.0313894854722549       0.6094689747964198       0.04765295017302377      0.6094689747964198       0.05966249396060162      0.6094689747964198
0.6157521601035995        0.02223706877194359      0.6157521601035995       0.040063005091978986     0.6157521601035995       0.06081274904144556      0.6157521601035995       0.07614607217818842      0.6157521601035995
0.6220353454107791        0.016267007012356827     0.6220353454107791       0.02931969913381845      0.6220353454107791       0.04451795332411505      0.6220353454107791       0.05571490739152295      0.6220353454107791
0.6283185307179586        0.016769533096206223     0.6283185307179586       0.030175595061801556     0.6283185307179586       0.045811967346465504     0.6283185307179586       0.057353175081161875     0.6283185307179586
0.6346017160251383        0.02203606715602119      0.6346017160251383       0.03969579404904921      0.6346017160251383       0.060254968171106434     0.6346017160251383       0.07545099223091227      0.6346017160251383
0.6408849013323178        0.017576220349893812     0.6408849013323178       0.03167977347712757      0.6408849013323178       0.048099426061378535     0.6408849013323178       0.06020177353487755      0.6408849013323178
0.6471680866394973        0.01647851698593953      0.6471680866394973       0.02964730674904569      0.6471680866394973       0.045011608415849225     0.6471680866394973       0.0563443824323193       0.6471680866394973
0.6534512719466771        0.02122129209575948      0.6534512719466771       0.038226558486293444     0.6534512719466771       0.05802435469502127      0.6534512719466771       0.07266135481665294      0.6534512719466771
0.6597344572538566        0.01906571689699209      0.6597344572538566       0.034368566942691435     0.6597344572538566       0.05217972759946158      0.6597344572538566       0.06531618071418062      0.6597344572538566
0.6660176425610361        0.016843712759582633     0.6660176425610361       0.030308986007708764     0.6660176425610361       0.0460169123468546       0.6660176425610361       0.05759579733291091      0.6660176425610361
0.6723008278682158        0.01960667072150054      0.6723008278682158       0.0353230383895986       0.6723008278682158       0.05361700707978105      0.6723008278682158       0.06714369881919416      0.6723008278682158
0.6785840131753953        0.020426837787329736     0.6785840131753953       0.03681631248189111      0.6785840131753953       0.055893398957586236     0.6785840131753953       0.06997500468680615      0.6785840131753953
0.6848671984825748        0.018105937170383696     0.6848671984825748       0.03258394699162822      0.6848671984825748       0.049469785591980855     0.6848671984825748       0.061916106690542844     0.6848671984825748
0.6911503837897546        0.017330937800115832     0.6911503837897546       0.031215926594483977     0.6911503837897546       0.04738520495404716      0.6911503837897546       0.059333499019655095     0.6911503837897546
0.6974335690969341        0.02111502994253992      0.6974335690969341       0.03802540755983398      0.6974335690969341       0.05772613769817065      0.6974335690969341       0.07227884920824683      0.6974335690969341
0.7037167544041136        0.020039084608147618     0.7037167544041136       0.036061337978797736     0.7037167544041136       0.054745582879632514     0.7037167544041136       0.06852738744451682      0.7037167544041136
0.7099999397112933        0.01554447278779395      0.7099999397112933       0.027975942013165604     0.7099999397112933       0.04247387593526987      0.7099999397112933       0.05316751757556878      0.7099999397112933
0.7162831250184728        0.02048698456343206      0.7162831250184728       0.03685615969803579      0.7162831250184728       0.055949619417724104     0.7162831250184728       0.07005947623363928      0.7162831250184728
0.7225663103256524        0.021729808934110632     0.7225663103256523       0.039128305237947504     0.7225663103256523       0.05939846190527043      0.7225663103256523       0.0743629293029635       0.7225663103256523
0.7288494956328321        0.01636488247965665      0.7288494956328321       0.029459042163289973     0.7288494956328321       0.04473072802281107      0.7288494956328321       0.05597890352120652      0.7288494956328321
0.7351326809400116        0.018399177458269682     0.7351326809400116       0.03309206073967585      0.7351326809400116       0.05023442672949597      0.7351326809400116       0.06290087506043053      0.7351326809400116
0.7414158662471911        0.021935649838666783     0.7414158662471911       0.039535401924643686     0.7414158662471911       0.060015163825991785     0.7414158662471911       0.07514547421821734      0.7414158662471911
0.7476990515543708        0.019730192081008277     0.7476990515543707       0.035522762904964277     0.7476990515543707       0.05393335633205891      0.7476990515543707       0.06750685048241373      0.7476990515543707
0.7539822368615503        0.016590123206504114     0.7539822368615503       0.029849426645802205     0.7539822368615503       0.045315191089032134     0.7539822368615503       0.05672580931468529      0.7539822368615503
0.7602654221687299        0.019905232119760446     0.7602654221687299       0.03585198800310531      0.7602654221687299       0.05442576741074361      0.7602654221687299       0.06814877676514995      0.7602654221687299
0.7665486074759096        0.02238521816421464      0.7665486074759096       0.04027423821501042      0.7665486074759096       0.06113774509723508      0.7665486074759096       0.07654505048535648      0.7665486074759096
0.7728317927830891        0.01837917601819105      0.7728317927830891       0.03308039267881494      0.7728317927830891       0.050225036204666604     0.7728317927830891       0.06286142053016032      0.7728317927830891
0.7791149780902686        0.01693706897507775      0.7791149780902688       0.030428818431430252     0.7791149780902688       0.04619804829240018      0.7791149780902688       0.057834742376787436     0.7791149780902688
0.7853981633974483        0.02155869249036255      0.7853981633974483       0.03879100621560297      0.7853981633974483       0.05888203484071641      0.7853981633974483       0.0737315777858693       0.7853981633974483
0.7916813487046279        0.022043656361631515     0.7916813487046279       0.03969016347259876      0.7916813487046279       0.060257883614934754     0.7916813487046279       0.07543201667384994      0.7916813487046279
0.7979645340118074        0.01777050053401123      0.7979645340118074       0.031956951846451434     0.7979645340118074       0.04851662248043024      0.7979645340118074       0.06072707404270958      0.7979645340118074
0.8042477193189871        0.018165793042924587     0.8042477193189871       0.0327032576432244       0.8042477193189871       0.04964822049574768      0.8042477193189871       0.06215844576226702      0.8042477193189871
0.8105309046261666        0.02198909853286926      0.8105309046261666       0.03955579912469295      0.8105309046261666       0.06004634033202808      0.8105309046261666       0.07518527865986623      0.8105309046261666
0.8168140899333461        0.022408426230283805     0.8168140899333461       0.040355641300661015     0.8168140899333461       0.06126460176574773      0.8168140899333461       0.07669487821829124      0.8168140899333461
0.8230972752405259        0.01793809540751562      0.8230972752405259       0.03223673801873257      0.8230972752405259       0.048946523266035116     0.8230972752405259       0.06126251141925381      0.8230972752405259
0.8293804605477054        0.01821266000569502      0.8293804605477055       0.03274208070285477      0.8293804605477055       0.049702428234197835     0.8293804605477055       0.06223094935717538      0.8293804605477055
0.835663645854885         0.022553219636322067     0.835663645854885        0.04058438120730591      0.835663645854885        0.061610683030736475     0.835663645854885        0.07713925721119806      0.835663645854885
0.8419468311620646        0.02204571017376732      0.8419468311620646       0.039668169732185565     0.8419468311620646       0.06021751865858206      0.8419468311620646       0.07538853702287165      0.8419468311620646
0.8482300164692441        0.019151669228668858     0.8482300164692441       0.03446234570055528      0.8482300164692441       0.052326922735984556     0.8482300164692441       0.06549307275624423      0.8482300164692441
0.8545132017764238        0.017220456591177748     0.8545132017764238       0.030925076981492054     0.8545132017764238       0.046946964538015515     0.8545132017764238       0.058777505314641106     0.8545132017764238
0.8607963870836034        0.02236103221610951      0.8607963870836034       0.04023803884456132      0.8607963870836034       0.0610838735469345       0.8607963870836034       0.0764800375878016       0.8607963870836034
0.8670795723907829        0.022284790596480353     0.8670795723907829       0.04004784661091388      0.8670795723907829       0.06079439270989219      0.8670795723907829       0.07611225025994597      0.8670795723907829
0.8733627576979625        0.02115170564845217      0.8733627576979625       0.03805832904994778      0.8733627576979625       0.05778241004546905      0.8733627576979625       0.0723257105761526       0.8733627576979625
0.8796459430051421        0.017379483286291617     0.8796459430051421       0.031195469126003295     0.8796459430051421       0.047361913412088265     0.8796459430051421       0.059287932793404774     0.8796459430051421
0.8859291283123216        0.021251202623489694     0.8859291283123216       0.038233332567858457     0.8859291283123216       0.05803973594460596      0.8859291283123216       0.0726690164180269       0.8859291283123216
0.8922123136195013        0.022870446061448918     0.8922123136195013       0.04111132227797614      0.8922123136195013       0.06240975652774896      0.8922123136195013       0.07813859267137178      0.8922123136195013
0.8984954989266809        0.023248272202178        0.8984954989266809       0.041836304827198315     0.8984954989266809       0.06351298808754063      0.8984954989266809       0.07950985793159969      0.8984954989266809
0.9047786842338604        0.018835510781096108     0.9047786842338604       0.03380981268659066      0.9047786842338604       0.05133268064813132      0.9047786842338604       0.06425485299374857      0.9047786842338604
0.91106186954104          0.01945662106776098      0.91106186954104         0.03496320282119957      0.91106186954104         0.053077443766016606     0.91106186954104         0.06644972101083474      0.91106186954104
0.9173450548482196        0.021381654656760903     0.9173450548482196       0.038396531190825166     0.9173450548482196       0.05828875461462721      0.9173450548482196       0.07298001424882956      0.9173450548482196
0.9236282401553992        0.024056140217385488     0.9236282401553992       0.04328019837118044      0.9236282401553992       0.0657011397304446       0.9236282401553992       0.08225725689238415      0.9236282401553992
0.9299114254625788        0.021445584988388704     0.9299114254625788       0.03852559140753826      0.9299114254625788       0.05849015361167062      0.9299114254625788       0.0732184097096557       0.9299114254625788
0.9361946107697584        0.020568969631720172     0.9361946107697584       0.03697514660952626      0.9361946107697584       0.0561364458491193       0.9361946107697584       0.07026932807612614      0.9361946107697584
0.9424777960769379        0.018853279396353756     0.9424777960769379       0.033800534930527856     0.9424777960769379       0.05131457628613864      0.9424777960769379       0.06424138297841468      0.9424777960769379
0.9487609813841175        0.022988149171563006     0.9487609813841175       0.04130049615858806      0.9487609813841175       0.06269520671434499      0.9487609813841175       0.07849621511632765      0.9487609813841175
0.9550441666912971        0.022500574374712052     0.9550441666912971       0.04038429515907467      0.9550441666912971       0.06130548924222671      0.9550441666912971       0.0767552522187334       0.9550441666912971
0.9613273519984767        0.024355778438517627     0.9613273519984767       0.04381208728167556      0.9613273519984767       0.06651400289541091      0.9613273519984767       0.08326647396583571      0.9613273519984767
0.9676105373056563        0.019034976915210874     0.9676105373056563       0.03415025690788967      0.9676105373056563       0.05184661580585592      0.9676105373056563       0.06490214450513726      0.9676105373056563
0.9738937226128359        0.021361951598045374     0.9738937226128359       0.038364957077530515     0.9738937226128359       0.05824802058686322      0.9738937226128359       0.07291351002791015      0.9738937226128359
0.9801769079200154        0.019277397438295586     0.9801769079200154       0.034524573648376015     0.9801769079200154       0.05240883330152996      0.9801769079200154       0.0656160634582515       0.9801769079200154
0.986460093227195         0.024999169838729157     0.986460093227195        0.044886153733291675     0.986460093227195        0.06814290263048615      0.986460093227195        0.08531039486415849      0.986460093227195
0.9927432785343747        0.022843176103211776     0.9927432785343747       0.041007155406631676     0.9927432785343747       0.06224817155066438      0.9927432785343747       0.07793588829680505      0.9927432785343747
0.9990264638415542        0.024113801578409616     0.9990264638415542       0.043310988209682245     0.9990264638415542       0.06575663865841395      0.9990264638415542       0.08231571385797831      0.9990264638415542
1.0053096491487339        0.02135024033639328      1.0053096491487339       0.03831955835912712      1.0053096491487339       0.058174631484540336     1.0053096491487339       0.07282666772078264      1.0053096491487339
1.0115928344559133        0.020210616887117103     1.0115928344559133       0.03617261217222521      1.0115928344559133       0.05491915363668027      1.0115928344559133       0.06874967306444071      1.0115928344559133
1.017876019763093         0.022612667257173733     1.017876019763093        0.040528996753086056     1.017876019763093        0.06152733418643439      1.017876019763093        0.07702761860336374      1.017876019763093
1.0241592050702726        0.021192782562831636     1.0241592050702726       0.03792945471735583      1.0241592050702726       0.05757866613083159      1.0241592050702726       0.0720882991696291       1.0241592050702726
1.030442390377452         0.026343278506157097     1.030442390377452        0.04732126108225093      1.030442390377452        0.07184010666211         1.030442390377452        0.08993713624837134      1.030442390377452
1.0367255756846316        0.0222123086231899       1.0367255756846316       0.03983628369438205      1.0367255756846316       0.06047247472879517      1.0367255756846316       0.07570989898992053      1.0367255756846316
1.0430087609918115        0.024329034098193543     1.0430087609918115       0.0436082178879454       1.0430087609918115       0.06620891214677721      1.0430087609918115       0.08288049090934452      1.0430087609918115
1.049291946298991         0.02219510549480526      1.049291946298991        0.039729983536097635     1.049291946298991        0.06031597886282486      1.049291946298991        0.07550738915138408      1.049291946298991
1.0555751316061706        0.020394524499283386     1.0555751316061706       0.036399940561333104     1.0555751316061706       0.05526306941092427      1.0555751316061706       0.06918121293941774      1.0555751316061706
1.0618583169133502        0.024395412624909605     1.0618583169133502       0.04370796096780307      1.0618583169133502       0.06635584634680831      1.0618583169133502       0.08306916098742782      1.0618583169133502
1.0681415022205296        0.020850249095200883     1.0681415022205296       0.03728377577090228      1.0681415022205296       0.056596975456811        1.0681415022205296       0.07085916648681952      1.0681415022205296
1.0744246875277093        0.02611740519054388      1.0744246875277093       0.04679198675519246      1.0744246875277093       0.07103845143029858      1.0744246875277093       0.08893141413218603      1.0744246875277093
1.080707872834889         0.02519586820385315      1.080707872834889        0.04511758213059599      1.080707872834889        0.06849084675093933      1.080707872834889        0.0857465946802408       1.080707872834889
1.0869910581420683        0.022805546684923975     1.0869910581420683       0.040703398335652924     1.0869910581420683       0.06179414534443643      1.0869910581420683       0.07735863391758938      1.0869910581420683
1.093274243449248         0.026587771486181536     1.093274243449248        0.04757122538269716      1.093274243449248        0.072223999960554        1.093274243449248        0.09041062005403272      1.093274243449248
1.0995574287564276        0.021138616707163948     1.0995574287564276       0.03771855088254408      1.0995574287564276       0.057260604683729024     1.0995574287564276       0.07168329582859115      1.0995574287564276
1.105840614063607         0.02299353649384369      1.105840614063607        0.04100664491492613      1.105840614063607        0.06225938154679597      1.105840614063607        0.07793495845844735      1.105840614063607
1.1121237993707869        0.025275147363865245     1.1121237993707869       0.04517859436903174      1.1121237993707869       0.06858902068765918      1.1121237993707869       0.08586268404345328      1.1121237993707869
1.1184069846779665        0.0211258374956125       1.1184069846779665       0.037596239949031225     1.1184069846779665       0.05707312083339183      1.1184069846779665       0.07145328605329111      1.1184069846779665
1.124690169985146         0.02685324752679772      1.124690169985146        0.04790316813884272      1.124690169985146        0.07272582852933317      1.124690169985146        0.09104480661124814      1.124690169985146
1.1309733552923256        0.026691046008656943     1.1309733552923256       0.04765977129881132      1.1309733552923256       0.0723503882508027       1.1309733552923256       0.09058055721885053      1.1309733552923256
1.1372565405995052        0.02293542410589641      1.1372565405995052       0.04081303719662921      1.1372565405995052       0.06195655320625354      1.1372565405995052       0.07756831370118145      1.1372565405995052
1.1435397259066846        0.028391839907569376     1.1435397259066846       0.050706507830606304     1.1435397259066846       0.07698290278939449      1.1435397259066846       0.09637110146977457      1.1435397259066846
1.1498229112138643        0.02688602673783916      1.1498229112138643       0.048024850752316016     1.1498229112138643       0.07290615174315043      1.1498229112138643       0.09127210715188543      1.1498229112138643
1.156106096521044         0.023047074522884944     1.156106096521044        0.04093152422223009      1.156106096521044        0.06213851536540429      1.156106096521044        0.07779230498716364      1.156106096521044
1.1623892818282233        0.028346948740870626     1.1623892818282233       0.050497661665829266     1.1623892818282233       0.07666674436587063      1.1623892818282233       0.09597505100549332      1.1623892818282233
1.168672467135403         0.02639376226526709      1.168672467135403        0.04708991609563023      1.168672467135403        0.07148745273919836      1.168672467135403        0.08949705882605465      1.168672467135403
1.1749556524425828        0.021714183215335234     1.1749556524425828       0.038504435456292785     1.1749556524425828       0.058453336888159575     1.1749556524425828       0.07318025900488487      1.1749556524425828
1.1812388377497622        0.027195397889796257     1.1812388377497622       0.04832371563143014      1.1812388377497622       0.07336623022791082      1.1812388377497622       0.09184299090490054      1.1812388377497622
1.1875220230569419        0.02736690519609692      1.1875220230569419       0.04868973118798924      1.1875220230569419       0.07391670664902765      1.1875220230569419       0.09253647440470057      1.1875220230569419
1.1938052083641215        0.022185183264218006     1.1938052083641215       0.039235511003704183     1.1938052083641215       0.05956017057092023      1.1938052083641215       0.07456870085059517      1.1938052083641215
1.200088393671301         0.0265873985816781       1.200088393671301        0.047086737392396986     1.200088393671301        0.07148584386764882      1.200088393671301        0.08949258550177526      1.200088393671301
1.2063715789784806        0.02949239168730679      1.2063715789784806       0.05241466753892699      1.2063715789784806       0.07957251921905684      1.2063715789784806       0.09961653646416047      1.2063715789784806
1.2126547642856602        0.02447891004311745      1.2126547642856602       0.043373109542738486     1.2126547642856602       0.0658404029273963       1.2126547642856602       0.0824313591473977       1.2126547642856602
1.2189379495928396        0.025047965737878226     1.2189379495928396       0.04421259566328287      1.2189379495928396       0.06711940134004435      1.2189379495928396       0.08403013731820252      1.2189379495928396
1.2252211349000193        0.03096848485012157      1.2252211349000193       0.054919480416033936     1.2252211349000193       0.08337633883091834      1.2252211349000193       0.10438042428708098      1.2252211349000193
1.231504320207199         0.02886114858726904      1.231504320207199        0.05116515348183234      1.231504320207199        0.07767161875437868      1.231504320207199        0.09724311696329309      1.231504320207199
1.2377875055143783        0.023566224815911235     1.2377875055143783       0.04144266682670675      1.2377875055143783       0.06291025500581467      1.2377875055143783       0.07876430790010784      1.2377875055143783
1.2440706908215582        0.027573205524470353     1.2440706908215582       0.048519779465844425     1.2440706908215582       0.07366160757930117      1.2440706908215582       0.09221558545123447      1.2440706908215582
1.2503538761287378        0.03227538762945875      1.2503538761287378       0.057090685895161745     1.2503538761287378       0.08667307170566861      1.2503538761287378       0.1085035224024182       1.2503538761287378
1.2566370614359172        0.028966440339087476     1.2566370614359172       0.05116222032248834      1.2566370614359172       0.07766629668207103      1.2566370614359172       0.09723589255281703      1.2566370614359172
1.2629202467430969        0.024646986291900725     1.2629202467430969       0.04305096353131922      1.2629202467430969       0.0653519678278014       1.2629202467430969       0.08182240034825522      1.2629202467430969
1.2692034320502765        0.02868845105191436      1.2692034320502765       0.050132451045510014     1.2692034320502765       0.07610966995194723      1.2692034320502765       0.09528291348541339      1.2692034320502765
1.275486617357456         0.03203451897445931      1.275486617357456        0.05637248624043028      1.275486617357456        0.08558402870013755      1.275486617357456        0.10713936606995393      1.275486617357456
1.2817698026646356        0.028937747707488214     1.2817698026646356       0.051147107296270755     1.2817698026646356       0.0776469912259784       1.2817698026646356       0.097205170769348        1.2817698026646356
1.2880529879718152        0.02457893279485253      1.2880529879718152       0.04317647313723987      1.2880529879718152       0.06554444566433977      1.2880529879718152       0.08205764354744817      1.2880529879718152
1.2943361732789946        0.02791659674411448      1.2943361732789946       0.04883125709757604      1.2943361732789946       0.07413482507070812      1.2943361732789946       0.09280806691830217      1.2943361732789946
1.3006193585861743        0.033051796641119645     1.3006193585861743       0.0584388892732502       1.3006193585861743       0.08872177911786032      1.3006193585861743       0.11106792247544933      1.3006193585861743
1.3069025438933541        0.0319855065161421       1.3069025438933541       0.05733768301453877      1.3069025438933541       0.0870459449676711       1.3069025438933541       0.10897257735197888      1.3069025438933541
1.3131857292005336        0.026263676818968306     1.3131857292005336       0.04765027223737024      1.3131857292005336       0.07233486719138497      1.3131857292005336       0.09055961708138002      1.3131857292005336
1.3194689145077132        0.02424781651456604      1.3194689145077132       0.043708094042608524     1.3194689145077132       0.06635263250623456      1.3194689145077132       0.08306885033798182      1.3194689145077132
1.3257520998148928        0.02892421908698821      1.3257520998148928       0.05230460402405725      1.3257520998148928       0.0794091680195831       1.3257520998148928       0.09940825681281909      1.3257520998148928
1.3320352851220723        0.03257049094723046      1.3320352851220723       0.060268146886372755     1.3320352851220723       0.09149961063796512      1.3320352851220723       0.11454218485593647      1.3320352851220723
1.338318470429252         0.03105196136352235      1.338318470429252        0.0592536169081289       1.338318470429252        0.08995536029810655      1.338318470429252        0.1126123495753381       1.338318470429252
1.3446016557364315        0.02609861967761671      1.3446016557364315       0.05136884108990264      1.3446016557364315       0.07797987830728245      1.3446016557364315       0.09762703342696262      1.3446016557364315
1.350884841043611         0.02339298950784176      1.350884841043611        0.04655929129242305      1.350884841043611        0.07067826902269173      1.350884841043611        0.08848897589817038      1.350884841043611
1.3571680263507906        0.026351647470016053     1.3571680263507906       0.05206665339995223      1.3571680263507906       0.07904420681901736      1.3571680263507906       0.09895923242000294      1.3571680263507906
1.3634512116579702        0.02989079702133439      1.3634512116579702       0.05956008192904918      1.3634512116579702       0.09042327091473963      1.3634512116579702       0.11320095544107105      1.3634512116579702
1.3697343969651496        0.03044918433619451      1.3697343969651496       0.061587576813794516     1.3697343969651496       0.09350132773568846      1.3697343969651496       0.11705118808923347      1.3697343969651496
1.3760175822723295        0.028486546937734173     1.3760175822723295       0.057819148123976385     1.3760175822723295       0.08777733345858638      1.3760175822723295       0.1098861041121949       1.3760175822723295
1.3823007675795091        0.025170092864452636     1.3823007675795091       0.050730379389628065     1.3823007675795091       0.07701189473324795      1.3823007675795091       0.09641245474150904      1.3823007675795091
1.3885839528866886        0.0232856402631897       1.3885839528866886       0.046515395933579944     1.3885839528866886       0.07061330304772288      1.3885839528866886       0.08840241597705956      1.3885839528866886
1.3948671381938682        0.02592543652478753      1.3948671381938682       0.05050725768667848      1.3948671381938682       0.07667781068742488      1.3948671381938682       0.09599075762543523      1.3948671381938682
1.4011503235010478        0.03143944681316831      1.4011503235010478       0.05885237304975681      1.4011503235010478       0.08934976554446711      1.4011503235010478       0.11185212344042873      1.4011503235010478
1.4074335088082273        0.03622889801058646      1.4074335088082273       0.06515319808714015      1.4074335088082273       0.09891546876007973      1.4074335088082273       0.12382701387182106      1.4074335088082273
1.413716694115407         0.03818742822609251      1.413716694115407        0.06661608475601982      1.413716694115407        0.10113427912567083      1.413716694115407        0.12660636523171512      1.413716694115407
1.4199998794225865        0.03670263080951025      1.4199998794225865       0.06304333292516098      1.4199998794225865       0.09570655474586467      1.4199998794225865       0.11981592842227916      1.4199998794225865
1.426283064729766         0.032570878783643537     1.426283064729766        0.055950427514698836     1.426283064729766        0.08493528634292255      1.426283064729766        0.10633491296524102      1.426283064729766
1.4325662500369456        0.028377704260323502     1.4325662500369456       0.04950702455236971      1.4325662500369456       0.07515286703345012      1.4325662500369456       0.09408737096475989      1.4325662500369456
1.4388494353441252        0.026839444445808346     1.4388494353441252       0.048157498630774634     1.4388494353441252       0.07310636909731706      1.4388494353441252       0.09152273418001257      1.4388494353441252
1.4451326206513049        0.02805032937007715      1.4451326206513049       0.052058674370432344     1.4451326206513049       0.07903214955088009      1.4451326206513049       0.09893954222369195      1.4451326206513049
1.4514158059584845        0.030076856685366735     1.4514158059584845       0.05767588535360206      1.4514158059584845       0.08756294039747718      1.4514158059584845       0.10961609842419975      1.4514158059584845
1.4576989912656642        0.03250398293799293      1.4576989912656642       0.06334281959099278      1.4576989912656642       0.09616853733719327      1.4576989912656642       0.12038356255828565      1.4576989912656642
1.4639821765728436        0.035965426811764865     1.4639821765728436       0.06904703943735013      1.4639821765728436       0.10482804653564463      1.4639821765728436       0.1312229904370326       1.4639821765728436
1.4702653618800232        0.03887621694639828      1.4702653618800232       0.07218807056508306      1.4702653618800232       0.10959389482281807      1.4702653618800232       0.13719361352992926      1.4702653618800232
1.4765485471872029        0.03980427681545598      1.4765485471872029       0.07131856989359942      1.4765485471872029       0.10827169936005811      1.4765485471872029       0.1355410162595378       1.4765485471872029
1.4828317324943823        0.03938081196184361      1.4828317324943823       0.06883159811519922      1.4828317324943823       0.10449441174764088      1.4828317324943823       0.13081318251742124      1.4828317324943823
1.489114917801562         0.03783125401397549      1.489114917801562        0.06605519362059867      1.489114917801562        0.10027674246292705      1.489114917801562        0.12553605305860835      1.489114917801562
1.4953981031087415        0.034811756205499325     1.4953981031087415       0.06227503449689222      1.4953981031087415       0.09453556420227749      1.4953981031087415       0.11835170086140279      1.4953981031087415
1.501681288415921         0.031233612410355646     1.501681288415921        0.058218271404685065     1.501681288415921        0.08837593466464294      1.501681288415921        0.11064118891895654      1.501681288415921
1.5079644737231006        0.028690597878093773     1.5079644737231006       0.05543296078096348      1.5079644737231006       0.08414728042504503      1.5079644737231006       0.10534614686208757      1.5079644737231006
1.5142476590302805        0.028005719947308525     1.5142476590302805       0.054254162087085944     1.5142476590302805       0.08235774580181505      1.5142476590302805       0.10310427519152328      1.5142476590302805
1.5205308443374599        0.02880582197437704      1.5205308443374599       0.05402057874785422      1.5205308443374599       0.08200349031562024      1.5205308443374599       0.10266053957851262      1.5205308443374599
1.5268140296446395        0.03007659201448406      1.5268140296446395       0.05407573591505252      1.5268140296446395       0.0820882916974792       1.5268140296446395       0.10276629477232054      1.5268140296446395
1.5330972149518192        0.03131239302167383      1.5330972149518192       0.0547872629428238       1.5330972149518192       0.08317032604654133      1.5330972149518192       0.1041178388461958       1.5330972149518192
1.5393804002589986        0.032446609220864585     1.5393804002589986       0.05704518305410448      1.5393804002589986       0.0865991097548776       1.5393804002589986       0.10840818762521998      1.5393804002589986
1.5456635855661782        0.03286549352921873      1.5456635855661782       0.059806824226854426     1.5456635855661782       0.09079093344423458      1.5456635855661782       0.11365798675025789      1.5456635855661782
1.5519467708733579        0.03231821611891674      1.5519467708733579       0.06105485199680382      1.5519467708733579       0.0926854776049802       1.5519467708733579       0.11603083183473084      1.5519467708733579
1.5582299561805373        0.03228545695098308      1.5582299561805373       0.06148093700476198      1.5582299561805373       0.09333362104513562      1.5582299561805373       0.11683932941924524      1.5582299561805373
1.564513141487717         0.03401428078096426      1.564513141487717        0.06293075476600177      1.564513141487717        0.09553480742115732      1.564513141487717        0.11959401324571242      1.564513141487717
1.5707963267948966        0.03591275412638683      1.5707963267948966       0.06412380393925116      1.5707963267948966       0.09734493324630662      1.5707963267948966       0.12186192960602119      1.5707963267948966
1.5770795121020762        0.03603855259052415      1.5770795121020762       0.06356376604545413      1.5770795121020762       0.09649502576194097      1.5770795121020762       0.12079627161367369      1.5770795121020762
1.5833626974092558        0.034822009514135326     1.5833626974092558       0.06296002968805661      1.5833626974092558       0.09557962123203596      1.5833626974092558       0.11964717985777032      1.5833626974092558
1.5896458827164355        0.03353220141904722      1.5896458827164355       0.06303520473282297      1.5896458827164355       0.0956937987960603       1.5896458827164355       0.11979115879224833      1.5896458827164355
1.595929068023615         0.03288321559677677      1.595929068023615        0.0622125661090333       1.595929068023615        0.09444536977478941      1.595929068023615        0.11822951553496787      1.595929068023615
1.6022122533307945        0.033422621780518455     1.6022122533307945       0.06099096284734545      1.6022122533307945       0.09259276456532263      1.6022122533307945       0.11591011647570283      1.6022122533307945
1.6084954386379742        0.03422776142305276      1.6084954386379742       0.06065942031863214      1.6084954386379742       0.0920915698132302       1.6084954386379742       0.11528555690173126      1.6084954386379742
1.6147786239451536        0.033994510945589924     1.6147786239451536       0.061066340323056495     1.6147786239451536       0.09271118341388201      1.6147786239451536       0.1160670119713099       1.6147786239451536
1.6210618092523332        0.03336640898093774      1.6210618092523332       0.062204083107938346     1.6210618092523332       0.0944402415254052       1.6210618092523332       0.11823890172728928      1.6210618092523332
1.6273449945595129        0.03368994663769239      1.6273449945595129       0.06344248972902103      1.6273449945595129       0.09632284145171581      1.6273449945595129       0.12060160693499508      1.6273449945595129
1.6336281798666923        0.03554480895039296      1.6336281798666923       0.06479729927853196      1.6336281798666923       0.09838399286127295      1.6336281798666923       0.1231832931267032       1.6336281798666923
1.639911365173872         0.03821987623579327      1.639911365173872        0.06805905381409548      1.639911365173872        0.10334059887222531      1.639911365173872        0.12938864027167157      1.639911365173872
1.6461945504810518        0.040780061648335114     1.6461945504810518       0.07396892506933617      1.6461945504810518       0.11231595932320701      1.6461945504810518       0.1406254480604285       1.6461945504810518
1.6524777357882312        0.04393377010344104      1.6524777357882312       0.08164148502152634      1.6524777357882312       0.12396478523995982      1.6524777357882312       0.15521134861402397      1.6524777357882312
1.6587609210954108        0.04754300013410902      1.6587609210954108       0.08789711860803108      1.6587609210954108       0.13346034260556325      1.6587609210954108       0.16710347981167553      1.6587609210954108
1.6650441064025905        0.05031214068731622      1.6650441064025905       0.0909935433545494       1.6650441064025905       0.13815978376922983      1.6650441064025905       0.17298525053512742      1.6650441064025905
1.67132729170977          0.05215357056482391      1.67132729170977         0.09366064793081672      1.67132729170977         0.1422050516563997       1.67132729170977         0.17804975539008971      1.67132729170977
1.6776104770169495        0.051675579225533314     1.6776104770169495       0.09437319159827111      1.6776104770169495       0.14327867422808074      1.6776104770169495       0.17940521382554533      1.6776104770169495
1.6838936623241292        0.047776507989594014     1.6838936623241292       0.0886676477742049       1.6838936623241292       0.13460818564066737      1.6838936623241292       0.16855835291268267      1.6838936623241292
1.6901768476313086        0.04356704058019545      1.6901768476313086       0.07995642968296775      1.6901768476313086       0.1213726537647031       1.6901768476313086       0.15199045709793416      1.6901768476313086
1.6964600329384882        0.04062489086808336      1.6964600329384882       0.07303425085246588      1.6964600329384882       0.11084864846679186      1.6964600329384882       0.13882274468961917      1.6964600329384882
1.7027432182456679        0.03765157696782215      1.7027432182456679       0.06876468598649152      1.7027432182456679       0.10435499744281938      1.7027432182456679       0.13068984252500337      1.7027432182456679
1.7090264035528475        0.03872244399093304      1.7090264035528475       0.07227881480532365      1.7090264035528475       0.10968907935781995      1.7090264035528475       0.13734180138881932      1.7090264035528475
1.7153095888600272        0.045572450156498676     1.7153095888600272       0.0832961162097096       1.7153095888600272       0.126422360111634        1.7153095888600272       0.15826130024244478      1.7153095888600272
1.7215927741672068        0.052484086425036915     1.7215927741672068       0.09467015161828352      1.7215927741672068       0.14370146110842413      1.7215927741672068       0.17986507922736247      1.7215927741672068
1.7278759594743862        0.05578778374656907      1.7278759594743862       0.10188197823320347      1.7278759594743862       0.15466261694533048      1.7278759594743862       0.19356269833653028      1.7278759594743862
1.7341591447815659        0.054591963966354594     1.7341591447815659       0.10095587625832748      1.7341591447815659       0.15326845971735095      1.7341591447815659       0.19179858347642154      1.7341591447815659
1.7404423300887455        0.05028600965246741      1.7404423300887455       0.09213929527033962      1.7404423300887455       0.1398960186453134       1.7404423300887455       0.17504630506730862      1.7404423300887455
1.746725515395925         0.045288934085633344     1.746725515395925        0.0820209772916546       1.746725515395925        0.12454486949834362      1.746725515395925        0.15584224131024368      1.746725515395925
1.7530087007031045        0.04165540764263406      1.7530087007031045       0.07697072923598478      1.7530087007031045       0.1168807187633884       1.7530087007031045       0.14629264637153383      1.7530087007031045
1.7592918860102842        0.04506896442742187      1.7592918860102842       0.08356731946632526      1.7592918860102842       0.12689081614889247      1.7592918860102842       0.1588670224071641       1.7592918860102842
1.7655750713174636        0.055230962236423216     1.7655750713174636       0.10048939630277694      1.7655750713174636       0.1525673138614704       1.7655750713174636       0.19103645151250911      1.7655750713174636
1.7718582566246432        0.061518072120027176     1.7718582566246432       0.11216896256762979      1.7718582566246432       0.1702788645306177       1.7718582566246432       0.213229593796649        1.7718582566246432
1.778141441931823         0.05811614273926075      1.778141441931823        0.1073426982857711       1.778141441931823        0.16293127524225182      1.778141441931823        0.2040467841998035       1.778141441931823
1.7844246272390025        0.04890161014703591      1.7844246272390025       0.09036959681155847      1.7844246272390025       0.13714619615486057      1.7844246272390025       0.17177798266320066      1.7844246272390025
1.7907078125461822        0.04450160327811958      1.7907078125461822       0.08139225003448303      1.7907078125461822       0.12352145776074412      1.7907078125461822       0.15472320087413152      1.7907078125461822
1.7969909978533618        0.05043481474189573      1.7969909978533618       0.093381243598222        1.7969909978533618       0.141761568694082        1.7969909978533618       0.1775256165962148       1.7969909978533618
1.8032741831605412        0.059973415272440975     1.8032741831605412       0.11082542060175965      1.8032741831605412       0.16828881025281947      1.8032741831605412       0.21067661092421108      1.8032741831605412
1.8095573684677209        0.06373956686755487      1.8095573684677209       0.11665623280777929      1.8095573684677209       0.1771716220575295       1.8095573684677209       0.22173806695846252      1.8095573684677209
1.8158405537749005        0.05601883074749196      1.8158405537749005       0.103434254727342        1.8158405537749005       0.15710761300247986      1.8158405537749005       0.19657004436915398      1.8158405537749005
1.82212373908208          0.04611071405778476      1.82212373908208         0.0865971070708346       1.82212373908208         0.1315077355473368       1.82212373908208         0.16450202041185527      1.82212373908208
1.8284069243892596        0.05370162618226654      1.8284069243892596       0.0989722722531501       1.8284069243892596       0.1502087267000872       1.8284069243892596       0.18800636883239802      1.8284069243892596
1.8346901096964392        0.0653398465232614       1.8346901096964392       0.12061051888400079      1.8346901096964392       0.1830094200715747       1.8346901096964392       0.229178115700014        1.8346901096964392
1.8409732950036186        0.06543807768205578      1.8409732950036186       0.12201179497582185      1.8409732950036186       0.18513117174031005      1.8409732950036186       0.23191015032686416      1.8409732950036186
1.8472564803107985        0.05501238910564906      1.8472564803107985       0.10242532059205041      1.8472564803107985       0.15544315343144854      1.8472564803107985       0.1947738700652818       1.8472564803107985
1.8535396656179781        0.04951410469192043      1.8535396656179781       0.09242944111178605      1.8535396656179781       0.1403729943780628       1.8535396656179781       0.17579278360203102      1.8535396656179781
1.8598228509251575        0.06206277984686634      1.8598228509251575       0.11561476498982777      1.8598228509251575       0.17560824995025712      1.8598228509251575       0.2197279056576922       1.8598228509251575
1.8661060362323372        0.07149946817860078      1.8661060362323372       0.13216546156874692      1.8661060362323372       0.20069274423567762      1.8661060362323372       0.25104998776765397      1.8661060362323372
1.8723892215395168        0.06317088010450353      1.8723892215395168       0.11780552364177399      1.8723892215395168       0.17882431133674964      1.8723892215395168       0.22367332181094393      1.8723892215395168
1.8786724068466962        0.0522115160575127       1.8786724068466962       0.09783909139482126      1.8786724068466962       0.14846787311224502      1.8786724068466962       0.18577994449908936      1.8786724068466962
1.8849555921538759        0.06504618671370492      1.8849555921538759       0.11868860809291756      1.8849555921538759       0.18013887546774932      1.8849555921538759       0.22559752550929765      1.8849555921538759
1.8912387774610555        0.07594602645534014      1.8912387774610555       0.13914132690613734      1.8912387774610555       0.21118097634615535      1.8912387774610555       0.2645637001118316       1.8912387774610555
1.897521962768235         0.06619584863166549      1.897521962768235        0.12196147062569603      1.897521962768235        0.18505548369381794      1.897521962768235        0.23193675030972716      1.897521962768235
1.9038051480754146        0.058838804527893085     1.9038051480754146       0.10527100077543822      1.9038051480754146       0.1597484092050037       1.9038051480754146       0.20015964792515112      1.9038051480754146
1.9100883333825942        0.07613375031155208      1.9100883333825942       0.13487487394881822      1.9100883333825942       0.20483626135385943      1.9100883333825942       0.25631726820012934      1.9100883333825942
1.9163715186897738        0.08283052850402947      1.9163715186897738       0.1467676171689159       1.9163715186897738       0.22298924141576035      1.9163715186897738       0.2788720568009505       1.9163715186897738
1.9226547039969535        0.06697774985818074      1.9226547039969535       0.11631108721407128      1.9226547039969535       0.17679675738374473      1.9226547039969535       0.22101715545489392      1.9226547039969535
1.9289378893041331        0.0690306795169882       1.9289378893041331       0.11670637590371155      1.9289378893041331       0.17725264323584758      1.9289378893041331       0.22187590005960003      1.9289378893041331
1.9352210746113125        0.08849431910833327      1.9352210746113125       0.1503208201725492       1.9352210746113125       0.2280898491526064       1.9352210746113125       0.28574575001866903      1.9352210746113125
1.9415042599184922        0.08173323743247367      1.9415042599184922       0.13762140908483927      1.9415042599184922       0.20869458965961313      1.9415042599184922       0.26152752198855034      1.9415042599184922
1.9477874452256718        0.06845327715166076      1.9477874452256718       0.1129474047432462       1.9477874452256718       0.1713960361120111       1.9477874452256718       0.21463754300992907      1.9477874452256718
1.9540706305328512        0.08721242195527615      1.9540706305328512       0.1475376192635117       1.9540706305328512       0.22419285809191228      1.9540706305328512       0.2805115739776834       1.9540706305328512
1.9603538158400309        0.0881520620119547       1.9603538158400309       0.1501568001177775       1.9603538158400309       0.22813643564498615      1.9603538158400309       0.28550913403183487      1.9603538158400309
1.9666370011472105        0.06639808939138996      1.9666370011472105       0.11463254505013805      1.9666370011472105       0.17387811306690398      1.9666370011472105       0.21777237933343976      1.9666370011472105
1.97292018645439          0.08163198911603729      1.97292018645439         0.1489788314279714       1.97292018645439         0.22593595196765506      1.97292018645439         0.2828947424745645       1.97292018645439
1.9792033717615698        0.08963240239951742      1.9792033717615698       0.16559878749698975      1.9792033717615698       0.251336235796117        1.9792033717615698       0.31461411977195664      1.9792033717615698
1.9854865570687494        0.06620792353355573      1.9854865570687494       0.12724685171045355      1.9854865570687494       0.19333641844169358      1.9854865570687494       0.24201183520818745      1.9854865570687494
1.9917697423759289        0.07937786645068148      1.9917697423759289       0.15451623000643783      1.9917697423759289       0.23481160580720817      1.9917697423759289       0.2937978426597882       1.9917697423759289
1.9980529276831085        0.09105759427096444      1.9980529276831085       0.175033175072942        1.9980529276831085       0.2658051292238257       1.9980529276831085       0.3324975489035547       1.9980529276831085
2.004336112990288         0.07376623530885941      2.004336112990288        0.14018650333110297      2.004336112990288        0.2125465788631176       2.004336112990288        0.2662059004436066       2.004336112990288
2.0106192982974678        0.09607510385837804      2.0106192982974678       0.1719123604909395       2.0106192982974678       0.2606850659649487       2.0106192982974678       0.32689286999420214      2.0106192982974678
2.016902483604647         0.10321465446304338      2.016902483604647        0.18082650172815734      2.016902483604647        0.274503738726095        2.016902483604647        0.3439313063426739       2.016902483604647
2.0231856689118266        0.08437887582044684      2.0231856689118266       0.14017297004447993      2.0231856689118266       0.21323803363710053      2.0231856689118266       0.2664914323755404       2.0231856689118266
2.0294688542190062        0.1089685590228341       2.0294688542190062       0.18295883583206748      2.0294688542190062       0.27817505920615837      2.0294688542190062       0.3477574033261462       2.0294688542190062
2.035752039526186         0.10164098213660426      2.035752039526186        0.17191669718219396      2.035752039526186        0.26097284093275175      2.035752039526186        0.3267795732039109       2.035752039526186
2.0420352248333655        0.08445887920074516      2.0420352248333655       0.15132866381995344      2.0420352248333655       0.22917685942653132      2.0420352248333655       0.28744777695183404      2.0420352248333655
2.048318410140545         0.10922934756896378      2.048318410140545        0.20454226539996712      2.048318410140545        0.310241136963083        2.048318410140545        0.38852124618835937      2.048318410140545
2.054601595447725         0.08597753554041664      2.054601595447725        0.16804570163343086      2.054601595447725        0.2551561682070754       2.054601595447725        0.31918921346052753      2.054601595447725
2.060884780754904         0.09544867515170206      2.060884780754904        0.18465504324663623      2.060884780754904        0.28062772458441443      2.060884780754904        0.35107798010488683      2.060884780754904
2.067167966062084         0.11319016435866645      2.067167966062084        0.21065190350983035      2.067167966062084        0.3200151215312681       2.067167966062084        0.40067117734200597      2.067167966062084
2.0734511513692633        0.09768371849826435      2.0734511513692633       0.1696380897395342       2.0734511513692633       0.2573213998465374       2.0734511513692633       0.3223548079772304       2.0734511513692633
2.079734336676443         0.12953432857072072      2.079734336676443        0.21825011782649664      2.079734336676443        0.33121122259202285      2.079734336676443        0.4143582526263061       2.079734336676443
2.086017521983623         0.11355874057295746      2.086017521983623        0.18825133844193684      2.086017521983623        0.2859160520761451       2.086017521983623        0.35771465025999016      2.086017521983623
2.092300707290802         0.11428851306379807      2.092300707290802        0.20162225279654997      2.092300707290802        0.30592624253450423      2.092300707290802        0.3835323321686464       2.092300707290802
2.098583892597982         0.12165163119287536      2.098583892597982        0.22582838517908843      2.098583892597982        0.34257943117496037      2.098583892597982        0.4291444205270122       2.098583892597982
2.1048670779051615        0.09216948211967527      2.1048670779051615       0.18426409995032986      2.1048670779051615       0.2798688017877218       2.1048670779051615       0.3501742621153563       2.1048670779051615
2.111150263212341         0.13066384399634562      2.111150263212341        0.24826564188398748      2.111150263212341        0.3772229675983416       2.111150263212341        0.4720369955215061       2.111150263212341
2.1174334485195203        0.11853109228485541      2.1174334485195203       0.2127903787887733       2.1174334485195203       0.32301105381983136      2.1174334485195203       0.4041142169655452       2.1174334485195203
2.1237166338267004        0.146087872497605        2.1237166338267004       0.24649221988875228      2.1237166338267004       0.373973528175753        2.1237166338267004       0.46836926285524216      2.1237166338267004
2.1299998191338796        0.13490023700659243      2.1299998191338796       0.22426314597478933      2.1299998191338796       0.34046825141315396      2.1299998191338796       0.42657457002804466      2.1299998191338796
2.1362830044410592        0.12548950972610273      2.1362830044410592       0.2249373859369217       2.1362830044410592       0.3415485042537012       2.1362830044410592       0.42742437782030157      2.1362830044410592
2.142566189748239         0.14267850567702522      2.142566189748239        0.2721727956704697       2.142566189748239        0.41311688717783734      2.142566189748239        0.5170320099958521       2.142566189748239
2.1488493750554185        0.12271755367829383      2.1488493750554185       0.24163467645882747      2.1488493750554185       0.36666122248779787      2.1488493750554185       0.45925951844439294      2.1488493750554185
2.155132560362598         0.15350599538429996      2.155132560362598        0.2829341663135949       2.155132560362598        0.42969637066568656      2.155132560362598        0.5382774238645881       2.155132560362598
2.161415745669778         0.13801238973940635      2.161415745669778        0.23166417120306465      2.161415745669778        0.35172780343102605      2.161415745669778        0.44021971433647605      2.161415745669778
2.1676989309769574        0.18186414406523047      2.1676989309769574       0.3073951315517705       2.1676989309769574       0.4663723138952486       2.1676989309769574       0.583510944575896        2.1676989309769574
2.1739821162841366        0.15038199838533733      2.1739821162841366       0.2655388892907396       2.1739821162841366       0.40295177414773997      2.1739821162841366       0.5050652590064789       2.1739821162841366
2.1802653015913167        0.15902428967271         2.1802653015913167       0.3072699927559217       2.1802653015913167       0.4665126709087276       2.1802653015913167       0.5843248949034238       2.1802653015913167
2.186548486898496         0.13653171722159213      2.186548486898496        0.26697136120918163      2.186548486898496        0.4055307253359901       2.186548486898496        0.5073483321171671       2.186548486898496
2.1928316722056755        0.19164646741165356      2.1928316722056755       0.3379855269194023       2.1928316722056755       0.5134709294149236       2.1928316722056755       0.6426765742397247       2.1928316722056755
2.199114857512855         0.19523203794233984      2.199114857512855        0.3280994303760557       2.199114857512855        0.49789757572153315      2.199114857512855        0.6232847717154859       2.199114857512855
2.205398042820035         0.19017887367904324      2.205398042820035        0.32848783918956526      2.205398042820035        0.4975836193562095       2.205398042820035        0.6237507342626826       2.205398042820035
2.211681228127214         0.15889361382036737      2.211681228127214        0.2996561586926572       2.211681228127214        0.45461614368410413      2.211681228127214        0.5694649454664513       2.211681228127214
2.217964413434394         0.1941413280493863       2.217964413434394        0.37494854868164595      2.217964413434394        0.570092461765025        2.217964413434394        0.7133186510300858       2.217964413434394
2.2242475987415737        0.21920210006541493      2.2242475987415737       0.3985980507135312       2.2242475987415737       0.6050755164891487       2.2242475987415737       0.7575127621043903       2.2242475987415737
2.230530784048753         0.22491936052400327      2.230530784048753        0.3798351947940932       2.230530784048753        0.5755752522089927       2.230530784048753        0.7206855683363061       2.230530784048753
2.236813969355933         0.19415650193122874      2.236813969355933        0.33074463332505527      2.236813969355933        0.5028072283034243       2.236813969355933        0.6291331390923345       2.236813969355933
2.243097154663112         0.22871175441763217      2.243097154663112        0.435973944248006        2.243097154663112        0.6620349016296939       2.243097154663112        0.8298719570256515       2.243097154663112
2.249380339970292         0.24977244667307275      2.249380339970292        0.4790693953335266       2.249380339970292        0.7262648666867585       2.249380339970292        0.9098046272865438       2.249380339970292
2.2556635252774715        0.25133138880657213      2.2556635252774715       0.44843455062099535      2.2556635252774715       0.6803183983450629       2.2556635252774715       0.8509585625501933       2.2556635252774715
2.261946710584651         0.21627456648050675      2.261946710584651        0.3595624933485254       2.261946710584651        0.546480618660231        2.261946710584651        0.6839693312547434       2.261946710584651
2.2682298958918303        0.30351012758671164      2.2682298958918303       0.5489082025104685       2.2682298958918303       0.8339649646280684       2.2682298958918303       1.0440484721716863       2.2682298958918303
2.2745130811990104        0.3055565380412272       2.2745130811990104       0.5812700039727403       2.2745130811990104       0.8816224825185047       2.2745130811990104       1.1045742175451119       2.2745130811990104
2.28079626650619          0.272928745291937        2.28079626650619         0.5118681553391636       2.28079626650619         0.7759491705623107       2.28079626650619         0.9724964446707826       2.28079626650619
2.2870794518133692        0.24913714566060968      2.2870794518133692       0.4193871936786555       2.2870794518133692       0.6376068307402227       2.2870794518133692       0.7970799106161769       2.2870794518133692
2.2933626371205493        0.42631143562717655      2.2933626371205493       0.7521477137764779       2.2933626371205493       1.1416367904388358       2.2933626371205493       1.4297293749456343       2.2933626371205493
2.2996458224277285        0.39985847752220943      2.2996458224277285       0.7399182894799723       2.2996458224277285       1.1219021293109848       2.2996458224277285       1.4060096949008063       2.2996458224277285
2.305929007734908         0.2612443541016503       2.305929007734908        0.502906036552019        2.305929007734908        0.7631402419642107       2.305929007734908        0.956430217750937        2.305929007734908
2.312212193042088         0.3805966982410228       2.312212193042088        0.6567290737403716       2.312212193042088        0.9975591798212852       2.312212193042088        1.2474326404356102       2.312212193042088
2.3184953783492674        0.6298397805116194       2.3184953783492674       1.1091804423433855       2.3184953783492674       1.6835443711150848       2.3184953783492674       2.106860074685325        2.3184953783492674
2.3247785636564466        0.5163592626413607       2.3247785636564466       0.9343409538363074       2.3247785636564466       1.4172926531897556       2.3247785636564466       1.7762807796875755       2.3247785636564466
2.3310617489636267        0.16886287158079966      2.3310617489636267       0.33241368834313945      2.3310617489636267       0.5050036840084773       2.3310617489636267       0.6324775177294515       2.3310617489636267
2.337344934270806         0.7726799808496165       2.337344934270806        1.3665643822061488       2.337344934270806        2.0739139346426545       2.337344934270806        2.5962523740830186       2.337344934270806
2.3436281195779856        0.9997244319885933       2.3436281195779856       1.7720247318604974       2.3436281195779856       2.6895743539909858       2.3436281195779856       3.3669420364097826       2.3436281195779856
2.3499113048851656        0.5042871813212043       2.3499113048851656       0.8926761629635661       2.3499113048851656       1.3553924916851983       2.3499113048851656       1.6970333741679857       2.3499113048851656
2.356194490192345         0.702789211235734        2.356194490192345        1.2657609198740012       2.356194490192345        1.9211232945384675       2.356194490192345        2.403797945219277        2.356194490192345
2.3624776754995245        1.7318107831395033       2.3624776754995245       3.1052830932235955       2.3624776754995245       4.713355934606342        2.3624776754995245       5.898943225482915        2.3624776754995245
2.368760860806704         1.6138838127148374       2.368760860806704        2.882706554630787        2.368760860806704        4.375187621700404        2.368760860806704        5.4766515919685155       2.368760860806704
2.3750440461138838        0.643757789365953        2.3750440461138838       1.1544061153980194       2.3750440461138838       1.7505839276433317       2.3750440461138838       2.187328443875277        2.3750440461138838
2.381327231421063         3.0475131504503583       2.381327231421063        5.507659454727065        2.381327231421063        8.358751521326779        2.381327231421063        10.45979384605456        2.381327231421063
2.387610416728243         4.485350245688895        2.387610416728243        8.09166837917192         2.387610416728243        12.28106920833203        2.387610416728243        15.369760984237095       2.387610416728243
2.3938936020354222        3.1080335102133896       2.3938936020354222       5.608455510323564        2.3938936020354222       8.510673357298135        2.3938936020354222       10.645237119108877       2.3938936020354222
2.400176787342602         7.5362189218092075       2.400176787342602        13.632444760186061       2.400176787342602        20.68899804663051        2.400176787342602        25.893558597489474       2.400176787342602
2.4064599726497815        19.159967930523706       2.4064599726497815       34.62223853736816        2.4064599726497815       52.53963160896258        2.4064599726497815       65.78403290199883        2.4064599726497815
2.412743157956961         31.30108141358215        2.412743157956961        56.54255106434204        2.412743157956961        85.80357162322589        2.412743157956961        107.44861370605408       2.412743157956961
2.419026343264141         38.8066354138147         2.419026343264141        70.09184688206246        2.419026343264141        106.36659193748565       2.419026343264141        133.20812866526583       2.419026343264141
2.4253095285713204        39.09288126340909        2.4253095285713204       70.60349256966586        2.4253095285713204       107.14094430467581       2.4253095285713204       134.19305497078267       2.4253095285713204
2.4315927138785           34.313894677860226       2.4315927138785          61.96408551527514        2.4315927138785          94.02869333256513        2.4315927138785          117.78382368246228       2.4315927138785
2.4378758991856793        30.918006783516887       2.4378758991856793       55.828516151134856       2.4378758991856793       84.7147869687713         2.4378758991856793       106.1186009818989        2.4378758991856793
2.4441590844928593        31.469440370891135       2.4441590844928593       56.831439298221675       2.4441590844928593       86.23311469589629        2.4441590844928593       108.02220744559655       2.4441590844928593
2.4504422698000385        31.123996721073986       2.4504422698000385       56.208042615572175       2.4504422698000385       85.29184184783655        2.4504422698000385       106.84936721357757       2.4504422698000385
2.456725455107218         28.621355838822858       2.456725455107218        51.678793502247956       2.456725455107218        78.42703948812152        2.456725455107218        98.25294569138363        2.456725455107218
2.463008640414398         27.590371159926438       2.463008640414398        49.81633664003711        2.463008640414398        75.601708771312          2.463008640414398        94.70993400278644        2.463008640414398
2.4692918257215775        27.995308300065684       2.4692918257215775       50.55863463881497        2.4692918257215775       76.72423936370637        2.4692918257215775       96.11650977011838        2.4692918257215775
2.4755750110287567        26.91430354078887        2.4755750110287567       48.60956276168405        2.4755750110287567       73.76757166363453        2.4755750110287567       92.41790046710437        2.4755750110287567
2.4818581963359367        25.403906959025655       2.4818581963359367       45.8769032713536         2.4818581963359367       69.62446947520276        2.4818581963359367       87.22760139418646        2.4818581963359367
2.4881413816431164        25.46229648997144        2.4881413816431164       45.98346724774792        2.4881413816431164       69.78602871047549        2.4881413816431164       87.42611060783706        2.4881413816431164
2.4944245669502956        25.26083081198488        2.4944245669502956       45.62392488327526        2.4944245669502956       69.23850758331395        2.4944245669502956       86.7408548834644         2.4944245669502956
2.5007077522574757        23.914604512846875       2.5007077522574757       43.19036491716716        2.5007077522574757       65.54535349691926        2.5007077522574757       82.11882999630693        2.5007077522574757
2.506990937564655         23.517732236262287       2.506990937564655        42.47148232390812        2.506990937564655        64.45470977090329        2.506990937564655        80.75723108956167        2.506990937564655
2.5132741228718345        23.684584466226926       2.5132741228718345       42.77536676695704        2.5132741228718345       64.91678509151704        2.5132741228718345       81.33883374773218        2.5132741228718345
2.519557308179014         22.67221065782778        2.519557308179014        40.94463355233095        2.519557308179014        62.14051056671189        2.519557308179014        77.86170374308537        2.519557308179014
2.5258404934861938        21.99532276615723        2.5258404934861938       39.72063816387496        2.5258404934861938       60.28007621627843        2.5258404934861938       75.53567240584776        2.5258404934861938
2.532123678793373         22.240071722140392       2.532123678793373        40.17215366768562        2.532123678793373        60.96052566738974        2.532123678793373        76.3929530772128         2.532123678793373
2.538406864100553         21.517239956036583       2.538406864100553        38.87379372335284        2.538406864100553        58.99036430760586        2.538406864100553        73.91899073125697        2.538406864100553
2.5446900494077322        20.74111176155191        2.5446900494077322       37.46842092473742        2.5446900494077322       56.85690372714792        2.5446900494077322       71.23796037405798        2.5446900494077322
2.550973234714912         20.95198152136059        2.550973234714912        37.84815782687091        2.550973234714912        57.42788809825408        2.550973234714912        71.95985220666225        2.550973234714912
2.557256420022092         20.429947410282473       2.557256420022092        36.90782883608657        2.557256420022092        55.999646956927556       2.557256420022092        70.17984778229186        2.557256420022092
2.563539605329271         19.66888895891782        2.563539605329271        35.52859737875128        2.563539605329271        53.907622830504394       2.563539605329271        67.5567522110758         2.563539605329271
2.569822790636451         19.816316036968782       2.569822790636451        35.789995964706605       2.569822790636451        54.30189972475247        2.569822790636451        68.05188393306081        2.569822790636451
2.5761059759436304        19.410090882694664       2.5761059759436304       35.06205252477871        2.5761059759436304       53.19923163177858        2.5761059759436304       66.67918748783042        2.5761059759436304
2.58238916125081          18.70478225257492        2.58238916125081         33.79276662666047        2.58238916125081         51.27823041640824        2.58238916125081         64.27128374627085        2.58238916125081
2.5886723465579893        18.790831648831368       2.5886723465579893       33.94070926370363        2.5886723465579893       51.49984990998212        2.5886723465579893       64.54536743970516        2.5886723465579893
2.5949555318651694        18.454709073303075       2.5949555318651694       33.326614755610485       2.5949555318651694       50.56988580813909        2.5949555318651694       63.382938891046635       2.5949555318651694
2.6012387171723486        17.811798021614283       2.6012387171723486       32.16900815093728        2.6012387171723486       48.82405885565914        2.6012387171723486       61.19295302534815        2.6012387171723486
2.607521902479528         17.84581025279744        2.607521902479528        32.23569342615543        2.607521902479528        48.92125013992403        2.607521902479528        61.31508105074739        2.607521902479528
2.6138050877867083        17.548424461031487       2.6138050877867083       31.695113643899205       2.6138050877867083       48.087870904932636       2.6138050877867083       60.2823339058049         2.6138050877867083
2.6200882730938875        16.965332441535235       2.6200882730938875       30.63809521319693        2.6200882730938875       46.48495089280195        2.6200882730938875       58.275816812063624       2.6200882730938875
2.626371458401067         16.986731396200206       2.626371458401067        30.680772041970858       2.626371458401067        46.55400690697894        2.626371458401067        58.35332600203302        2.626371458401067
2.6326546437082468        16.69677936077707        2.6326546437082468       30.1572555637518         2.6326546437082468       45.75874280509328        2.6326546437082468       57.35219317643737        2.6326546437082468
2.6389378290154264        16.152404499188048       2.6389378290154264       29.165111328137048       2.6389378290154264       44.25912773161749        2.6389378290154264       55.47016830751976        2.6389378290154264
2.6452210143226056        16.197884286378596       2.6452210143226056       29.245012394082515       2.6452210143226056       44.383871468321125       2.6452210143226056       55.62365971034908        2.6452210143226056
2.6515041996297857        15.875639454609548       2.6515041996297857       28.670516727655272       2.6515041996297857       43.50448945351473        2.6515041996297857       54.52162124813315        2.6515041996297857
2.657787384936965         15.3730165475153         2.657787384936965        27.766343183838295       2.657787384936965        42.12791499958773        2.657787384936965        52.79853263249277        2.657787384936965
2.6640705702441445        15.46365594805967        2.6640705702441445       27.92803371332784        2.6640705702441445       42.37541991626903        2.6640705702441445       53.11323013879892        2.6640705702441445
2.670353755551324         15.0631593968515         2.670353755551324        27.20301925753156        2.670353755551324        41.27616736740784        2.670353755551324        51.737339999294576       2.670353755551324
2.676636940858504         14.653493304881554       2.676636940858504        26.464537522464042       2.676636940858504        40.155463280216914       2.676636940858504        50.33278170106459        2.676636940858504
2.6829201261656834        14.765029580817089       2.6829201261656834       26.670704857980315       2.6829201261656834       40.467472234370575       2.6829201261656834       50.726719217400316       2.6829201261656834
2.689203311472863         14.243662239735484       2.689203311472863        25.732305175763596       2.689203311472863        39.04302129887791        2.689203311472863        48.93884422998021        2.689203311472863
2.6954864967800427        13.99883503939013        2.6954864967800427       25.289688784577333       2.6954864967800427       38.36970415566673        2.6954864967800427       48.09594809300648        2.6954864967800427
2.701769682087222         14.06100761196122        2.701769682087222        25.39815745183922        2.701769682087222        38.53170166457339        2.701769682087222        48.311786600072594       2.701769682087222
2.708052867394402         13.457261888719618       2.708052867394402        24.304808546442953       2.708052867394402        36.8763216254522         2.708052867394402        46.23724518053768        2.708052867394402
2.714336052701581         13.418418059747989       2.714336052701581        24.23933783563006        2.714336052701581        36.78149057825871        2.714336052701581        46.10644373885514        2.714336052701581
2.720619238008761         13.306109440628683       2.720619238008761        24.03990570266143        2.720619238008761        36.47263293936129        2.720619238008761        45.723254623129          2.720619238008761
2.7269024233159405        12.738270867356537       2.7269024233159405       23.010266894375444       2.7269024233159405       34.903442374253764       2.7269024233159405       43.76388185451385        2.7269024233159405
2.73318560862312          12.862013029198756       2.73318560862312         23.231564281766317       2.73318560862312         35.242154714967135       2.73318560862312         44.187812214210076       2.73318560862312
2.7394687939302993        12.503818914674405       2.7394687939302993       22.582600503447456       2.7394687939302993       34.2631170189132         2.7394687939302993       42.9649678325046         2.7394687939302993
2.7457519792374794        12.124347999160229       2.7457519792374794       21.894163001210917       2.7457519792374794       33.22052707719161        2.7457519792374794       41.66166370925548        2.7457519792374794
2.752035164544659         12.246738455617335       2.752035164544659        22.11886832909456        2.752035164544659        33.55981569721823        2.752035164544659        42.08747297189787        2.752035164544659
2.758318349851838         11.708366036262449       2.758318349851838        21.15010903532703        2.758318349851838        32.089334362232634       2.758318349851838        40.24484248452206        2.758318349851838
2.7646015351590183        11.60946159618037        2.7646015351590183       20.968428547695197       2.7646015351590183       31.81358865741097        2.7646015351590183       39.89600483665814        2.7646015351590183
2.7708847204661975        11.543640630339377       2.7708847204661975       20.84809376664497        2.7708847204661975       31.62972910595634        2.7708847204661975       39.667659081704095       2.7708847204661975
2.777167905773377         11.0133223273984         2.777167905773377        19.889348667942524       2.777167905773377        30.181664193073598       2.777167905773377        37.8531489262604         2.777167905773377
2.7834510910805568        11.097515891170547       2.7834510910805568       20.0360100709299         2.7834510910805568       30.409222255206046       2.7834510910805568       38.137559391223036       2.7834510910805568
2.7897342763877364        10.765520531407216       2.7897342763877364       19.434372713521004       2.7897342763877364       29.492923135991703       2.7897342763877364       36.99459888995112        2.7897342763877364
2.7960174616949156        10.448759320664097       2.7960174616949156       18.864592561708548       2.7960174616949156       28.63021448392802        2.7960174616949156       35.90927050970568        2.7960174616949156
2.8023006470020957        10.503905350292838       2.8023006470020957       18.964635659736565       2.8023006470020957       28.77977902349553        2.8023006470020957       36.0946583488401         2.8023006470020957
2.808583832309275         10.031388500612266       2.808583832309275        18.112493984303274       2.808583832309275        27.479823854183596       2.808583832309275        34.46680163010089        2.808583832309275
2.8148670176164545        9.96986906890977         2.8148670176164545       18.002799276409416       2.8148670176164545       27.317952701639513       2.8148670176164545       34.25436372457381        2.8148670176164545
2.8211502029236346        9.814194376533731        2.8211502029236346       17.721898572284218       2.8211502029236346       26.892994491329894       2.8211502029236346       33.725893342444905       2.8211502029236346
2.827433388230814         9.416900096102909        2.827433388230814        17.007377186524536       2.827433388230814        25.803658482478657       2.827433388230814        32.3654293813063         2.827433388230814
2.8337165735379934        9.452050047507432        2.8337165735379934       17.07008676592284        2.8337165735379934       25.899456651322897       2.8337165735379934       32.47749008843604        2.8337165735379934
2.839999758845173         9.09770528295545         2.839999758845173        16.42416193164467        2.839999758845173        24.921835023188297       2.839999758845173        31.252024904910876       2.839999758845173
2.8462829441523527        8.902208901800822        2.8462829441523527       16.072799090787562       2.8462829441523527       24.391255742582462       2.8462829441523527       30.585397442736692       2.8462829441523527
2.852566129459532         8.832137222412435        2.852566129459532        15.951161445581553       2.852566129459532        24.20111000254457        2.852566129459532        30.352640151356027       2.852566129459532
2.858849314766712         8.448126800456333        2.858849314766712        15.254474597228082       2.858849314766712        23.135143960902155       2.858849314766712        29.029530008142668       2.858849314766712
2.865132500073891         8.4010603695968          2.865132500073891        15.17019450260887        2.865132500073891        23.009182492746564       2.865132500073891        28.873341874826316       2.865132500073891
2.871415685381071         8.15798062248367         2.871415685381071        14.737522314350219       2.871415685381071        22.353268257400348       2.871415685381071        28.049697118154647       2.871415685381071
2.8776988706882505        7.8874525994117075       2.8776988706882505       14.248732084857645       2.8776988706882505       21.608902665240976       2.8776988706882505       27.10952398867139        2.8776988706882505
2.88398205599543          7.834931790228081        2.88398205599543         14.153599007582578       2.88398205599543         21.467293397862676       2.88398205599543         26.935615313512113       2.88398205599543
2.8902652413026098        7.499359281947181        2.8902652413026098       13.551023784544299       2.8902652413026098       20.554300952868747       2.8902652413026098       25.802102199364995       2.8902652413026098
2.8965484266097894        7.369104135537097        2.8965484266097894       13.312677850485414       2.8965484266097894       20.192195616105973       2.8965484266097894       25.343138482975093       2.8965484266097894
2.902831611916969         7.2146420730412695       2.902831611916969        13.028595450743735       2.902831611916969        19.76464116400756        2.902831611916969        24.8070769971375         2.902831611916969
2.9091147972241482        6.901964075202214        2.9091147972241482       12.466335092229627       2.9091147972241482       18.915785378610646       2.9091147972241482       23.740487463077223       2.9091147972241482
2.9153979825313283        6.840576973292734        2.9153979825313283       12.361294640664745       2.9153979825313283       18.75270272415496        2.9153979825313283       23.526369702430543       2.9153979825313283
2.9216811678385075        6.567034379309401        2.9216811678385075       11.866624071091172       2.9216811678385075       17.999998439368515       2.9216811678385075       22.58371501887539        2.9216811678385075
2.927964353145687         6.361943757355825        2.927964353145687        11.494118925530776       2.927964353145687        17.440331454821614       2.927964353145687        21.877236696703378       2.927964353145687
2.934247538452867         6.2715875285437255       2.934247538452867        11.331808899106898       2.934247538452867        17.192218312441522       2.934247538452867        21.56381004250773        2.934247538452867
2.9405307237600464        5.936968989487731        2.9405307237600464       10.7261265119907         2.9405307237600464       16.266779170933216       2.9405307237600464       20.413354640023886       2.9405307237600464
2.9468139090672256        5.8644552903794445       2.9468139090672256       10.59548905731978        2.9468139090672256       16.072116303921256       2.9468139090672256       20.174275571796404       2.9468139090672256
2.9530970943744057        5.6372568360983815       2.9530970943744057       10.183507965506847       2.9530970943744057       15.452369085310895       2.9530970943744057       19.39120879333491        2.9530970943744057
2.9593802796815853        5.37882708378994         2.9593802796815853       9.7137282511187          2.9593802796815853       14.739553606521207       2.9593802796815853       18.488409929136242       2.9593802796815853
2.9656634649887645        5.339875975615724        2.9656634649887645       9.64638907867776         2.9656634649887645       14.637323171057293       2.9656634649887645       18.36104598281666        2.9656634649887645
2.9719466502959446        4.971182484239417        2.9719466502959446       8.978957977045182        2.9719466502959446       13.626658219505474       2.9719466502959446       17.094400120421017       2.9719466502959446
2.978229835603124         4.9068395827570805       2.978229835603124        8.859183037844105        2.978229835603124        13.445426829919727       2.978229835603124        16.866312532156073       2.978229835603124
2.9845130209103035        4.701277230805838        2.9845130209103035       8.490272256315675        2.9845130209103035       12.884847774292124       2.9845130209103035       16.16572307617816        2.9845130209103035
2.990796206217483         4.407193716552152        2.990796206217483        7.959661289268543        2.990796206217483        12.073446020011929       2.990796206217483        15.147177828984441       2.990796206217483
2.9970793915246627        4.4257448320633275       2.9970793915246627       7.991754175458142        2.9970793915246627       12.11974458492051        2.9970793915246627       15.203788295488831       2.9970793915246627
3.003362576831842         4.011383351705332        3.003362576831842        7.240388221857341        3.003362576831842        10.98371097008341        3.003362576831842        13.787525181254544       3.003362576831842
3.009645762139022         3.981213557501548        3.009645762139022        7.185193700303582        3.009645762139022        10.899518121789336       3.009645762139022        13.685207028852696       3.009645762139022
3.015928947446201         3.763833949601675        3.015928947446201        6.7987012136019835       3.015928947446201        10.310682928509053       3.015928947446201        12.943201655019966       3.015928947446201
3.022212132753381         3.4479549876180355       3.022212132753381        6.23403756423968         3.022212132753381        9.452218511988812        3.022212132753381        11.865897607920594       3.022212132753381
3.028495318060561         3.510257310395819        3.028495318060561        6.34216152551589         3.028495318060561        9.618462594191502        3.028495318060561        12.07046259520325        3.028495318060561
3.03477850336774          3.029802713397906        3.03477850336774         5.471786134078474        3.03477850336774         8.304623580793391        3.03477850336774         10.417266150045949       3.03477850336774
3.0410616886749198        3.0648479791862835       3.0410616886749198       5.539186396111557        3.0410616886749198       8.404883605520636        3.0410616886749198       10.552551376671506       3.0410616886749198
3.0473448739820994        2.798342107852615        3.0473448739820994       5.055374805029493        3.0473448739820994       7.666425508439194        3.0473448739820994       9.626424952654897        3.0473448739820994
3.053628059289279         2.5112592118211263       3.053628059289279        4.536333661855438        3.053628059289279        6.880194500818582        3.053628059289279        8.627307008924088        3.053628059289279
3.0599112445964582        2.6113710599549487       3.0599112445964582       4.722911336451203        3.0599112445964582       7.1567349859488205       3.0599112445964582       8.971222082121772        3.0599112445964582
3.0661944299036383        2.05376666707081         3.0661944299036383       3.711082879774986        3.0661944299036383       5.623531860651634        3.0661944299036383       7.047513925224855        3.0661944299036383
3.0724776152108175        2.2008540262187393       3.0724776152108175       3.974260564646776        3.0724776152108175       6.030717952086895        3.0724776152108175       7.559472406376823        3.0724776152108175
3.078760800517997         1.819851904849068        3.078760800517997        3.285468785066022        3.078760800517997        4.985284381133929        3.078760800517997        6.251135238432999        3.078760800517997
3.0850439858251772        1.597969626607072        3.0850439858251772       2.8848906461857355       3.0850439858251772       4.375094719644874        3.0850439858251772       5.489110161751142        3.0850439858251772
3.0913271711323564        1.7177469204896787       3.0913271711323564       3.1021134359216638       3.0913271711323564       4.703307692722128        3.0913271711323564       5.905844108423871        3.0913271711323564
3.097610356439536         1.0831434800965345       3.097610356439536        1.9535026572450238       3.097610356439536        2.9617015387146446       3.097610356439536        3.7202837468852947       3.097610356439536
3.1038935417467157        1.400501959491868        3.1038935417467157       2.53928631894823         3.1038935417467157       3.8519261674380565       3.1038935417467157       4.826561186811012        3.1038935417467157
3.1101767270538954        0.8034010752885015       3.1101767270538954       1.4606830755614695       3.1101767270538954       2.2153271066362703       3.1101767270538954       2.7824169589955337       3.1101767270538954
3.1164599123610746        0.7107501633514568       3.1164599123610746       1.2869524325401933       3.1164599123610746       1.9549737409708374       3.1164599123610746       2.459272082145321        3.1164599123610746
3.1227430976682546        0.903076293703548        3.1227430976682546       1.632807200582791        3.1227430976682546       2.480687468269088        3.1227430976682546       3.1127384255804142       3.1227430976682546
3.129026282975434         0.5579421175682033       3.129026282975434        1.0066557135465015       3.129026282975434        1.531529500448465        3.129026282975434        1.9071855927294639       3.129026282975434
3.1353094682826135        1.184669045854123        3.1353094682826135       2.1345401085145035       3.1353094682826135       3.236301196079948        3.1353094682826135       4.055560635229438        3.1353094682826135
3.141592653589793         5.798445939173692E-14    3.141592653589793        1.045784280611034E-13    3.141592653589793        1.586619466354743E-13    3.141592653589793        1.9872617421728165E-13   3.141592653589793
3.1478758388969728        1.1846690458541511       3.135309468282614        2.134540108514558        3.135309468282614        3.2363011960800976       3.135309468282614        4.055560635229641        3.135309468282614
3.1541590242041524        0.5579421175681952       3.1290262829754343       1.0066557135464633       3.1290262829754343       1.5315295004484004       3.1290262829754343       1.9071855927294281       3.1290262829754343
3.160442209511332         0.9030762937035961       3.1227430976682546       1.6328072005828531       3.1227430976682546       2.480687468269197        3.1227430976682546       3.112738425580581        3.1227430976682546
3.1667253948185117        0.7107501633510729       3.116459912361075        1.2869524325396775       3.116459912361075        1.9549737409700239       3.116459912361075        2.4592720821443055       3.116459912361075
3.173008580125691         0.803401075288467        3.110176727053896        1.4606830755614293       3.110176727053896        2.2153271066361744       3.110176727053896        2.7824169589955017       3.110176727053896
3.179291765432871         1.4005019594918473       3.1038935417467157       2.539286318948226        3.1038935417467157       3.8519261674380294       3.1038935417467157       4.826561186811033        3.1038935417467157
3.18557495074005          1.0831434800965294       3.0976103564395365       1.953502657244964        3.0976103564395365       2.961701538714573        3.0976103564395365       3.720283746885174        3.0976103564395365
3.19185813604723          1.7177469204895945       3.091327171132357        3.102113435921353        3.091327171132357        4.703307692721636        3.091327171132357        5.905844108423293        3.091327171132357
3.1981413213544094        1.5979696266070116       3.0850439858251772       2.8848906461857413       3.0850439858251772       4.375094719644905        3.0850439858251772       5.489110161751092        3.0850439858251772
3.204424506661589         1.8198519048490451       3.0787608005179976       3.2854687850659605       3.0787608005179976       4.9852843811338206       3.0787608005179976       6.25113523843287         3.0787608005179976
3.2107076919687683        2.2008540262187517       3.0724776152108184       3.9742605646468165       3.0724776152108184       6.030717952086922        3.0724776152108184       7.5594724063768695       3.0724776152108184
3.2169908772759483        2.053766667070818        3.0661944299036383       3.711082879775023        3.0661944299036383       5.623531860651736        3.0661944299036383       7.047513925224942        3.0661944299036383
3.223274062583128         2.611371059954921        3.0599112445964587       4.72291133645117         3.0599112445964587       7.156734985948799        3.0599112445964587       8.971222082121711        3.0599112445964587
3.229557247890307         2.5112592118211157       3.0536280592892795       4.536333661855458        3.0536280592892795       6.880194500818571        3.0536280592892795       8.627307008924085        3.0536280592892795
3.2358404331974873        2.798342107852643        3.0473448739820994       5.055374805029472        3.0473448739820994       7.6664255084391755       3.0473448739820994       9.626424952654903        3.0473448739820994
3.2421236185046665        3.064847979186319        3.04106168867492         5.539186396111541        3.04106168867492         8.40488360552064         3.04106168867492         10.552551376671532       3.04106168867492
3.248406803811846         3.0298027133978844       3.0347785033677406       5.471786134078437        3.0347785033677406       8.304623580793308        3.0347785033677406       10.417266150045837       3.0347785033677406
3.2546899891190257        3.5102573103958203       3.028495318060561        6.342161525515915        3.028495318060561        9.618462594191588        3.028495318060561        12.070462595203255       3.028495318060561
3.2609731744262054        3.447954987618038        3.0222121327533813       6.234037564239656        3.0222121327533813       9.452218511988857        3.0222121327533813       11.86589760792065        3.0222121327533813
3.2672563597333846        3.7638339496015942       3.015928947446202        6.798701213601832        3.015928947446202        10.310682928508818       3.015928947446202        12.943201655019722       3.015928947446202
3.2735395450405647        3.981213557501537        3.009645762139022        7.185193700303562        3.009645762139022        10.899518121789294       3.009645762139022        13.685207028852686       3.009645762139022
3.279822730347744         4.011383351705292        3.003362576831843        7.2403882218567635       3.003362576831843        10.98371097008263        3.003362576831843        13.787525181253539       3.003362576831843
3.2861059156549235        4.425744832063251        2.997079391524663        7.991754175457975        2.997079391524663        12.119744584920193       2.997079391524663        15.203788295488527       2.997079391524663
3.2923891009621036        4.407193716552143        2.990796206217483        7.959661289268578        2.990796206217483        12.07344602001199        2.990796206217483        15.147177828984413       2.990796206217483
3.2986722862692828        4.701277230805798        2.984513020910304        8.490272256315633        2.984513020910304        12.884847774292053       2.984513020910304        16.165723076178036       2.984513020910304
3.3049554715764624        4.906839582757175        2.9782298356031243       8.85918303784423         2.9782298356031243       13.445426829919908       2.9782298356031243       16.866312532156243       2.9782298356031243
3.311238656883642         4.971182484239412        2.9719466502959446       8.978957977045098        2.9719466502959446       13.626658219505424       2.9719466502959446       17.094400120421003       2.9719466502959446
3.3175218421908217        5.339875975615728        2.965663464988765        9.646389078677698        2.965663464988765        14.637323171057286       2.965663464988765        18.361045982816613       2.965663464988765
3.323805027498001         5.3788270837899494       2.959380279681586        9.713728251118704        2.959380279681586        14.739553606521286       2.959380279681586        18.488409929136303       2.959380279681586
3.330088212805181         5.637256836098359        2.9530970943744057       10.18350796550682        2.9530970943744057       15.45236908531091        2.9530970943744057       19.391208793334986       2.9530970943744057
3.33637139811236          5.864455290379532        2.9468139090672265       10.595489057319922       2.9468139090672265       16.07211630392137        2.9468139090672265       20.174275571796525       2.9468139090672265
3.34265458341954          5.936968989487724        2.940530723760047        10.726126511990719       2.940530723760047        16.26677917093326        2.940530723760047        20.41335464002391        2.940530723760047
3.3489377687267194        6.271587528543551        2.9342475384528672       11.331808899106885       2.9342475384528672       17.192218312441426       2.9342475384528672       21.563810042507672       2.9342475384528672
3.355220954033899         6.361943757355834        2.9279643531456876       11.494118925530778       2.9279643531456876       17.44033145482155        2.9279643531456876       21.877236696703324       2.9279643531456876
3.3615041393410787        6.567034379309399        2.921681167838508        11.866624071091247       2.921681167838508        17.99999843936853        2.921681167838508        22.58371501887549        2.921681167838508
3.3677873246482584        6.840576973292729        2.9153979825313283       12.361294640664779       2.9153979825313283       18.752702724154933       2.9153979825313283       23.5263697024305         2.9153979825313283
3.374070509955438         6.9019640752020655       2.9091147972241487       12.466335092229667       2.9091147972241487       18.915785378610664       2.9091147972241487       23.740487463077194       2.9091147972241487
3.380353695262617         7.214642073041299        2.9028316119169695       13.028595450743838       2.9028316119169695       19.764641164007713       2.9028316119169695       24.807076997137656       2.9028316119169695
3.3866368805697973        7.369104135536946        2.8965484266097894       13.312677850485352       2.8965484266097894       20.192195616105924       2.8965484266097894       25.343138482975107       2.8965484266097894
3.3929200658769765        7.499359281947132        2.89026524130261         13.551023784544098       2.89026524130261         20.554300952868456       2.89026524130261         25.80210219936465        2.89026524130261
3.399203251184156         7.834931790228088        2.8839820559954306       14.153599007582415       2.8839820559954306       21.467293397862502       2.8839820559954306       26.935615313511878       2.8839820559954306
3.4054864364913358        7.8874525994116915       2.877698870688251        14.248732084857584       2.877698870688251        21.608902665240958       2.877698870688251        27.10952398867138        2.877698870688251
3.4117696217985154        8.15798062248364         2.8714156853810713       14.737522314350189       2.8714156853810713       22.353268257400302       2.8714156853810713       28.04969711815457        2.8714156853810713
3.418052807105695         8.401060369596777        2.8651325000738916       15.170194502608787       2.8651325000738916       23.009182492746465       2.8651325000738916       28.87334187482633        2.8651325000738916
3.4243359924128747        8.448126800456258        2.858849314766712        15.254474597228112       2.858849314766712        23.135143960902088       2.858849314766712        29.02953000814262        2.858849314766712
3.4306191777200543        8.83213722241238         2.8525661294595324       15.951161445581574       2.8525661294595324       24.201110002544596       2.8525661294595324       30.35264015135601        2.8525661294595324
3.4369023630272335        8.902208901800853        2.846282944152353        16.072799090787665       2.846282944152353        24.391255742582675       2.846282944152353        30.585397442736863       2.846282944152353
3.4431855483344136        9.097705282955477        2.839999758845173        16.424161931644697       2.839999758845173        24.92183502318836        2.839999758845173        31.25202490491078        2.839999758845173
3.449468733641593         9.452050047507432        2.833716573537994        17.07008676592265        2.833716573537994        25.899456651322573       2.833716573537994        32.47749008843571        2.833716573537994
3.4557519189487724        9.41690009610301         2.8274333882308142       17.00737718652465        2.8274333882308142       25.8036584824789         2.8274333882308142       32.365429381306534       2.8274333882308142
3.462035104255952         9.81419437653372         2.8211502029236346       17.721898572284307       2.8211502029236346       26.89299449132991        2.8211502029236346       33.72589334244497        2.8211502029236346
3.4683182895631317        9.969869068909809        2.814867017616455        18.002799276409526       2.814867017616455        27.317952701639804       2.814867017616455        34.254363724574          2.814867017616455
3.474601474870311         10.031388500612177       2.8085838323092758       18.112493984303168       2.8085838323092758       27.47982385418343        2.8085838323092758       34.4668016301007         2.8085838323092758
3.480884660177491         10.503905350292827       2.8023006470020952       18.96463565973661        2.8023006470020952       28.779779023495607       2.8023006470020952       36.094658348839985       2.8023006470020952
3.4871678454846706        10.448759320664124       2.796017461694916        18.864592561708697       2.796017461694916        28.63021448392827        2.796017461694916        35.90927050970592        2.796017461694916
3.49345103079185          10.765520531407214       2.789734276387737        19.43437271352088        2.789734276387737        29.492923135991482       2.789734276387737        36.99459888995079        2.789734276387737
3.49973421609903          11.097515891170541       2.7834510910805568       20.036010070930015       2.7834510910805568       30.409222255206277       2.7834510910805568       38.13755939122327        2.7834510910805568
3.506017401406209         11.013322327398356       2.7771679057733776       19.88934866794249        2.7771679057733776       30.18166419307349        2.7771679057733776       37.85314892626018        2.7771679057733776
3.5123005867133887        11.54364063033929        2.770884720466198        20.848093766644933       2.770884720466198        31.629729105956326       2.770884720466198        39.66765908170376        2.770884720466198
3.5185837720205684        11.609461596180484       2.7646015351590183       20.96842854769507        2.7646015351590183       31.813588657410858       2.7646015351590183       39.896004836658065       2.7646015351590183
3.524866957327748         11.708366036262472       2.758318349851838        21.150109035327255       2.758318349851838        32.089334362232904       2.758318349851838        40.244842484522415       2.758318349851838
3.531150142634927         12.246738455617344       2.7520351645446595       22.11886832909459        2.7520351645446595       33.5598156972183         2.7520351645446595       42.08747297189787        2.7520351645446595
3.5374333279421073        12.124347999160289       2.7457519792374794       21.89416300121084        2.7457519792374794       33.22052707719156        2.7457519792374794       41.661663709255265       2.7457519792374794
3.5437165132492865        12.503818914674337       2.7394687939303          22.582600503447434       2.7394687939303          34.26311701891307        2.7394687939303          42.964967832504435       2.7394687939303
3.549999698556466         12.86201302919861        2.7331856086231205       23.231564281766296       2.7331856086231205       35.242154714967135       2.7331856086231205       44.18781221421024        2.7331856086231205
3.556282883863646         12.738270867356563       2.7269024233159405       23.01026689437527        2.7269024233159405       34.90344237425349        2.7269024233159405       43.763881854513535       2.7269024233159405
3.5625660691708254        13.306109440628662       2.7206192380087613       24.0399057026614         2.7206192380087613       36.47263293936127        2.7206192380087613       45.723254623128845       2.7206192380087613
3.568849254478005         13.418418059747951       2.714336052701581        24.239337835630046       2.714336052701581        36.7814905782588         2.714336052701581        46.10644373885507        2.714336052701581
3.5751324397851847        13.457261888719538       2.708052867394402        24.304808546443148       2.708052867394402        36.87632162545255        2.708052867394402        46.23724518053803        2.708052867394402
3.5814156250923643        14.061007611961264       2.7017696820872223       25.39815745183904        2.7017696820872223       38.53170166457311        2.7017696820872223       48.31178660007235        2.7017696820872223
3.5876988103995435        13.998835039390137       2.695486496780043        25.289688784577276       2.695486496780043        38.36970415566678        2.695486496780043        48.095948093006484       2.695486496780043
3.5939819957067236        14.243662239735583       2.689203311472863        25.73230517576346        2.689203311472863        39.0430212988777         2.689203311472863        48.93884422997994        2.689203311472863
3.600265181013903         14.76502958081712        2.682920126165684        26.670704857980294       2.682920126165684        40.467472234370526       2.682920126165684        50.72671921740008        2.682920126165684
3.6065483663210824        14.653493304881593       2.6766369408585042       26.46453752246405        2.6766369408585042       40.15546328021699        2.6766369408585042       50.332781701064626       2.6766369408585042
3.612831551628262         15.063159396851546       2.6703537555513246       27.20301925753143        2.6703537555513246       41.276167367407865       2.6703537555513246       51.73733999929426        2.6703537555513246
3.6191147369354417        15.463655948059735       2.664070570244145        27.928033713327835       2.664070570244145        42.37541991626902        2.664070570244145        53.113230138798855       2.664070570244145
3.6253979222426214        15.373016547515444       2.6577873849369653       27.76634318383851        2.6577873849369653       42.12791499958785        2.6577873849369653       52.79853263249306        2.6577873849369653
3.631681107549801         15.875639454609567       2.6515041996297857       28.670516727655233       2.6515041996297857       43.504489453514815       2.6515041996297857       54.521621248133506       2.6515041996297857
3.6379642928569806        16.197884286378486       2.645221014322606        29.245012394082462       2.645221014322606        44.38387146832123        2.645221014322606        55.62365971034917        2.645221014322606
3.64424747816416          16.15240449918811        2.638937829015427        29.165111328137037       2.638937829015427        44.259127731617255       2.638937829015427        55.47016830751981        2.638937829015427
3.65053066347134          16.69677936077703        2.6326546437082468       30.157255563751864       2.6326546437082468       45.75874280509341        2.6326546437082468       57.35219317643744        2.6326546437082468
3.656813848778519         16.98673139620017        2.6263714584010676       30.680772041970922       2.6263714584010676       46.55400690697893        2.6263714584010676       58.35332600203318        2.6263714584010676
3.6630970340856988        16.96533244153528        2.620088273093888        30.638095213196934       2.620088273093888        46.484950892802125       2.620088273093888        58.2758168120639         2.620088273093888
3.6693802193928784        17.548424461031445       2.6138050877867083       31.695113643899447       2.6138050877867083       48.087870904932956       2.6138050877867083       60.2823339058053         2.6138050877867083
3.675663404700058         17.845810252797452       2.6075219024795286       32.235693426155294       2.6075219024795286       48.92125013992375        2.6075219024795286       61.31508105074722        2.6075219024795286
3.6819465900072372        17.811798021614244       2.601238717172349        32.16900815093722        2.601238717172349        48.82405885565902        2.601238717172349        61.19295302534797        2.601238717172349
3.6882297753144173        18.454709073303086       2.5949555318651694       33.32661475561051        2.5949555318651694       50.56988580813913        2.5949555318651694       63.38293889104662        2.5949555318651694
3.694512960621597         18.79083164883132        2.5886723465579897       33.94070926370344        2.5886723465579897       51.499849909981776       2.5886723465579897       64.54536743970486        2.5886723465579897
3.700796145928776         18.704782252574827       2.58238916125081         33.79276662666051        2.58238916125081         51.27823041640821        2.58238916125081         64.2712837462709         2.58238916125081
3.7070793312359562        19.410090882694636       2.5761059759436304       35.06205252477851        2.5761059759436304       53.199231631778424       2.5761059759436304       66.67918748783015        2.5761059759436304
3.7133625165431354        19.816316036968864       2.5698227906364512       35.789995964706584       2.5698227906364512       54.3018997247525         2.5698227906364512       68.05188393306062        2.5698227906364512
3.719645701850315         19.66888895891785        2.563539605329271        35.528597378751186       2.563539605329271        53.90762283050406        2.563539605329271        67.55675221107556        2.563539605329271
3.7259288871574947        20.429947410282537       2.557256420022092        36.90782883608676        2.557256420022092        55.99964695692777        2.557256420022092        70.17984778229196        2.557256420022092
3.7322120724646743        20.95198152136056        2.5509732347149123       37.84815782687095        2.5509732347149123       57.427888098254144       2.5509732347149123       71.95985220666253        2.5509732347149123
3.7384952577718535        20.741111761551934       2.544690049407733        37.46842092473738        2.544690049407733        56.856903727147795       2.544690049407733        71.23796037405782        2.544690049407733
3.7447784430790336        21.517239956036583       2.538406864100553        38.8737937233529         2.538406864100553        58.990364307606          2.538406864100553        73.91899073125713        2.538406864100553
3.751061628386213         22.240071722140403       2.5321236787933734       40.17215366768557        2.5321236787933734       60.96052566738972        2.5321236787933734       76.39295307721257        2.5321236787933734
3.7573448136933925        21.995322766157102       2.5258404934861938       39.72063816387512        2.5258404934861938       60.28007621627848        2.5258404934861938       75.53567240584817        2.5258404934861938
3.7636279990005725        22.672210657827776       2.519557308179014        40.944633552331005       2.519557308179014        62.14051056671208        2.519557308179014        77.86170374308556        2.519557308179014
3.7699111843077517        23.68458446622698        2.5132741228718345       42.775366766956985       2.5132741228718345       64.91678509151697        2.5132741228718345       81.33883374773214        2.5132741228718345
3.7761943696149314        23.51773223626225        2.5069909375646553       42.47148232390799        2.5069909375646553       64.45470977090322        2.5069909375646553       80.75723108956163        2.5069909375646553
3.782477554922111         23.91460451284685        2.5007077522574757       43.19036491716727        2.5007077522574757       65.54535349691932        2.5007077522574757       82.11882999630724        2.5007077522574757
3.7887607402292907        25.260830811984864       2.494424566950296        45.62392488327506        2.494424566950296        69.23850758331365        2.494424566950296        86.7408548834643         2.494424566950296
3.79504392553647          25.462296489971497       2.488141381643117        45.983467247747996       2.488141381643117        69.78602871047562        2.488141381643117        87.42611060783722        2.488141381643117
3.80132711084365          25.403906959025658       2.4818581963359367       45.876903271353605       2.4818581963359367       69.6244694752029         2.4818581963359367       87.22760139418662        2.4818581963359367
3.807610296150829         26.914303540788755       2.4755750110287575       48.609562761683605       2.4755750110287575       73.76757166363396        2.4755750110287575       92.41790046710355        2.4755750110287575
3.8138934814580088        27.99530830006563        2.4692918257215775       50.55863463881496        2.4692918257215775       76.72423936370659        2.4692918257215775       96.11650977011834        2.4692918257215775
3.8201766667651884        27.590371159926516       2.4630086404143983       49.816336640037115       2.4630086404143983       75.60170877131192        2.4630086404143983       94.70993400278654        2.4630086404143983
3.826459852072368         28.621355838822815       2.4567254551072186       51.67879350224772        2.4567254551072186       78.42703948812141        2.4567254551072186       98.2529456913831         2.4567254551072186
3.8327430373795477        31.123996721073894       2.450442269800039        56.20804261557182        2.450442269800039        85.29184184783605        2.450442269800039        106.8493672135773        2.450442269800039
3.8390262226867273        31.469440370891057       2.444159084492859        56.83143929822161        2.444159084492859        86.23311469589616        2.444159084492859        108.02220744559624       2.444159084492859
3.845309407993907         30.91800678351684        2.4378758991856797       55.82851615113495        2.4378758991856797       84.7147869687712         2.4378758991856797       106.11860098189871       2.4378758991856797
3.851592593301086         34.31389467785996        2.4315927138785005       61.96408551527475        2.4315927138785005       94.0286933325646         2.4315927138785005       117.78382368246166       2.4315927138785005
3.8578757786082662        39.092881263409105       2.4253095285713204       70.60349256966602        2.4253095285713204       107.14094430467598       2.4253095285713204       134.19305497078315       2.4253095285713204
3.8641589639154454        38.80663541381488        2.4190263432641412       70.09184688206258        2.4190263432641412       106.36659193748591       2.4190263432641412       133.2081286652661        2.4190263432641412
3.870442149222625         31.301081413582533       2.4127431579569616       56.54255106434282        2.4127431579569616       85.80357162322723        2.4127431579569616       107.4486137060557        2.4127431579569616
3.8767253345298047        19.159967930524115       2.406459972649782        34.622238537368986       2.406459972649782        52.53963160896374        2.406459972649782        65.78403290200046        2.406459972649782
3.8830085198369844        7.53621892180956         2.4001767873426023       13.63244476018681        2.4001767873426023       20.6889980466315         2.4001767873426023       25.893558597490802       2.4001767873426023
3.889291705144164         3.108033510213304        2.3938936020354227       5.608455510323611        2.3938936020354227       8.510673357298177        2.3938936020354227       10.645237119108987       2.3938936020354227
3.8955748904513436        4.485350245688918        2.387610416728243        8.091668379171951        2.387610416728243        12.281069208332122       2.387610416728243        15.369760984237184       2.387610416728243
3.9018580757585233        3.047513150450455        2.3813272314210634       5.507659454727189        2.3813272314210634       8.35875152132696         2.3813272314210634       10.4597938460548         2.3813272314210634
3.9081412610657025        0.643757789366037        2.375044046113884        1.154406115398093        2.375044046113884        1.7505839276434536       2.375044046113884        2.1873284438754306       2.375044046113884
3.9144244463728826        1.6138838127148707       2.368760860806704        2.882706554630832        2.368760860806704        4.375187621700477        2.368760860806704        5.476651591968592        2.368760860806704
3.9207076316800618        1.7318107831395009       2.3624776754995245       3.1052830932237208       2.3624776754995245       4.713355934606537        2.3624776754995245       5.898943225483166        2.3624776754995245
3.9269908169872414        0.702789211235783        2.3561944901923453       1.2657609198739472       2.3561944901923453       1.9211232945383583       2.3561944901923453       2.4037979452191722       2.3561944901923453
3.933274002294421         0.5042871813212786       2.3499113048851656       0.8926761629636987       2.3499113048851656       1.3553924916854112       2.3499113048851656       1.6970333741682637       2.3499113048851656
3.9395571876016007        0.9997244319885911       2.343628119577986        1.7720247318604545       2.343628119577986        2.6895743539909134       2.343628119577986        3.3669420364097036       2.343628119577986
3.94584037290878          0.7726799808497395       2.3373449342708064       1.366564382206333        2.3373449342708064       2.073913934642926        2.3373449342708064       2.59625237408339         2.3373449342708064
3.95212355821596          0.16886287158076904      2.3310617489636263       0.3324136883431612       2.3310617489636263       0.5050036840085139       2.3310617489636263       0.6324775177295007       2.3310617489636263
3.9584067435231396        0.5163592626413628       2.324778563656447        0.9343409538363492       2.324778563656447        1.41729265318981         2.324778563656447        1.7762807796876567       2.324778563656447
3.964689928830319         0.6298397805116324       2.318495378349268        1.109180442343376        2.318495378349268        1.6835443711150817       2.318495378349268        2.1068600746853132       2.318495378349268
3.970973114137499         0.38059669824095443      2.312212193042088        0.6567290737403816       2.312212193042088        0.9975591798213145       2.312212193042088        1.247432640435624        2.312212193042088
3.977256299444678         0.26124435410171604      2.305929007734908        0.502906036552039        2.305929007734908        0.7631402419642392       2.305929007734908        0.9564302177509737       2.305929007734908
3.9835394847518577        0.399858477522261        2.2996458224277285       0.7399182894798682       2.2996458224277285       1.1219021293108233       2.2996458224277285       1.406009694900605        2.2996458224277285
3.9898226700590373        0.42631143562718615      2.2933626371205493       0.7521477137765733       2.2933626371205493       1.1416367904389884       2.2933626371205493       1.4297293749458155       2.2933626371205493
3.996105855366217         0.24913714566065392      2.2870794518133697       0.41938719367860466      2.2870794518133697       0.637606830740134        2.2870794518133697       0.7970799106160539       2.2870794518133697
4.002389040673396         0.27292874529200145      2.2807962665061905       0.5118681553391811       2.2807962665061905       0.7759491705623353       2.2807962665061905       0.9724964446708133       2.2807962665061905
4.008672225980576         0.3055565380411702       2.2745130811990104       0.5812700039727916       2.2745130811990104       0.8816224825185898       2.2745130811990104       1.1045742175452105       2.2745130811990104
4.0149554112877555        0.3035101275867217       2.268229895891831        0.5489082025105043       2.268229895891831        0.8339649646281175       2.268229895891831        1.0440484721717538       2.268229895891831
4.0212385965949355        0.21627456648044815      2.2619467105846507       0.35956249334846496      2.2619467105846507       0.546480618660132        2.2619467105846507       0.6839693312546223       2.2619467105846507
4.027521781902115         0.25133138880661243      2.255663525277472        0.44843455062097687      2.255663525277472        0.6803183983450323       2.255663525277472        0.8509585625501512       2.255663525277472
4.033804967209294         0.24977244667303677      2.2493803399702923       0.47906939533347037      2.2493803399702923       0.7262648666866801       2.2493803399702923       0.9098046272864313       2.2493803399702923
4.040088152516474         0.22871175441763486      2.243097154663112        0.43597394424803765      2.243097154663112        0.6620349016297362       2.243097154663112        0.8298719570257086       2.243097154663112
4.046371337823653         0.1941565019311824       2.2368139693559335       0.3307446333250544       2.2368139693559335       0.5028072283034326       2.2368139693559335       0.6291331390923358       2.2368139693559335
4.052654523130833         0.2249193605240101       2.2305307840487534       0.3798351947940583       2.2305307840487534       0.5755752522089417       2.2305307840487534       0.7206855683362415       2.2305307840487534
4.0589377084380125        0.21920210006539895      2.224247598741574        0.39859805071347         2.224247598741574        0.6050755164890582       2.224247598741574        0.7575127621042699       2.224247598741574
4.065220893745193         0.19414132804939696      2.2179644134343937       0.374948548681622        2.2179644134343937       0.5700924617649897       2.2179644134343937       0.7133186510300401       2.2179644134343937
4.071504079052372         0.1588936138204167       2.2116812281272145       0.29965615869267226      2.2116812281272145       0.4546161436841312       2.2116812281272145       0.5694649454664787       2.2116812281272145
4.077787264359552         0.19017887367901842      2.2053980428200344       0.3284878391896781       2.2053980428200344       0.497583619356374        2.2053980428200344       0.6237507342628921       2.2053980428200344
4.084070449666731         0.19523203794234312      2.1991148575128556       0.3280994303759737       2.1991148575128556       0.49789757572141424      2.1991148575128556       0.6232847717153295       2.1991148575128556
4.09035363497391          0.19164646741165484      2.1928316722056764       0.3379855269194956       2.1928316722056764       0.5134709294150642       2.1928316722056764       0.6426765742399043       2.1928316722056764
4.09663682028109          0.136531717221617        2.1865484868984963       0.26697136120913656      2.1865484868984963       0.4055307253359188       2.1865484868984963       0.5073483321170793       2.1865484868984963
4.10292000558827          0.1590242896726817       2.1802653015913163       0.3072699927559921       2.1802653015913163       0.4665126709088286       2.1802653015913163       0.5843248949035545       2.1802653015913163
4.10920319089545          0.15038199838538538      2.1739821162841366       0.26553888929074065      2.1739821162841366       0.40295177414775074      2.1739821162841366       0.505065259006488        2.1739821162841366
4.115486376202629         0.1818641440651937       2.167698930976958        0.3073951315517337       2.167698930976958        0.46637231389518813      2.167698930976958        0.5835109445758189       2.167698930976958
4.121769561509808         0.13801238973937527      2.1614157456697787       0.2316641712029254       2.1614157456697787       0.35172780343081883      2.1614157456697787       0.44021971433621354      2.1614157456697787
4.128052746816988         0.15350599538432053      2.1551325603625986       0.2829341663136087       2.1551325603625986       0.4296963706657042       2.1551325603625986       0.5382774238646051       2.1551325603625986
4.134335932124168         0.12271755367823517      2.1488493750554185       0.2416346764587265       2.1488493750554185       0.3666612224876463       2.1488493750554185       0.45925951844420276      2.1488493750554185
4.140619117431347         0.14267850567702925      2.142566189748239        0.2721727956704567       2.142566189748239        0.41311688717781236      2.142566189748239        0.5170320099958199       2.142566189748239
4.146902302738527         0.1254895097261284       2.13628300444106         0.22493738593685597      2.13628300444106         0.34154850425360034      2.13628300444106         0.4274243778201735       2.13628300444106
4.153185488045707         0.13490023700658052      2.1299998191338796       0.2242631459747617       2.1299998191338796       0.34046825141311143      2.1299998191338796       0.4265745700279892       2.1299998191338796
4.159468673352886         0.1460878724976066       2.123716633826701        0.2464922198887791       2.123716633826701        0.3739735281757943       2.123716633826701        0.46836926285529973      2.123716633826701
4.165751858660065         0.11853109228486786      2.117433448519521        0.21279037878878068      2.117433448519521        0.32301105381984047      2.117433448519521        0.4041142169655601       2.117433448519521
4.172035043967246         0.1306638439963688       2.1111502632123407       0.24826564188403255      2.1111502632123407       0.37722296759841256      2.1111502632123407       0.4720369955215901       2.1111502632123407
4.178318229274425         0.09216948211965019      2.104867077905161        0.18426409995028917      2.104867077905161        0.279868801787659        2.104867077905161        0.3501742621152772       2.104867077905161
4.184601414581604         0.12165163119286315      2.0985838925979823       0.22582838517901374      2.0985838925979823       0.3425794311748499       2.0985838925979823       0.4291444205268793       2.0985838925979823
4.190884599888784         0.11428851306379013      2.092300707290803        0.20162225279655865      2.092300707290803        0.30592624253451267      2.092300707290803        0.38353233216865873      2.092300707290803
4.197167785195964         0.11355874057292152      2.086017521983623        0.1882513384418457       2.086017521983623        0.2859160520760039       2.086017521983623        0.3577146502598145       2.086017521983623
4.203450970503143         0.12953432857072833      2.079734336676444        0.21825011782647671      2.079734336676444        0.33121122259199404      2.079734336676444        0.4143582526262716       2.079734336676444
4.209734155810323         0.0976837184982687       2.0734511513692637       0.16963808973951078      2.0734511513692637       0.25732139984650515      2.0734511513692637       0.32235480797718674      2.0734511513692637
4.216017341117502         0.1131901643586411       2.0671679660620845       0.21065190350988525      2.0671679660620845       0.32001512153135375      2.0671679660620845       0.4006711773421116       2.0671679660620845
4.222300526424682         0.09544867515169611      2.0608847807549044       0.18465504324659257      2.0608847807549044       0.2806277245843433       2.0608847807549044       0.3510779801047992       2.0608847807549044
4.228583711731861         0.08597753554037538      2.054601595447725        0.16804570163340185      2.054601595447725        0.2551561682070346       2.054601595447725        0.31918921346047613      2.054601595447725
4.234866897039041         0.10922934756898621      2.0483184101405456       0.20454226539993642      2.0483184101405456       0.3102411369630315       2.0483184101405456       0.3885212461882933       2.0483184101405456
4.241150082346221         0.08445887920074413      2.042035224833366        0.1513286638198365       2.042035224833366        0.22917685942635888      2.042035224833366        0.28744777695161355      2.042035224833366
4.247433267653401         0.10164098213663891      2.035752039526186        0.17191669718208197      2.035752039526186        0.26097284093258133      2.035752039526186        0.3267795732037011       2.035752039526186
4.25371645296058          0.10896855902283882      2.0294688542190067       0.18295883583214323      2.0294688542190067       0.2781750592062706       2.0294688542190067       0.3477574033262901       2.0294688542190067
4.259999638267759         0.08437887582042737      2.0231856689118275       0.14017297004438697      2.0231856689118275       0.2132380336369611       2.0231856689118275       0.2664914323753649       2.0231856689118275
4.266282823574939         0.10321465446307487      2.0169024836046474       0.18082650172806847      2.0169024836046474       0.2745037387259592       2.0169024836046474       0.34393130634250274      2.0169024836046474
4.2725660088821185        0.09607510385836386      2.010619298297468        0.17191236049097652      2.010619298297468        0.26068506596500157      2.010619298297468        0.3268928699942711       2.010619298297468
4.278849194189298         0.07376623530890154      2.004336112990289        0.14018650333110474      2.004336112990289        0.21254657886311693      2.004336112990289        0.2662059004436094       2.004336112990289
4.285132379496478         0.09105759427101445      1.9980529276831087       0.17503317507295216      1.9980529276831087       0.26580512922384636      1.9980529276831087       0.332497548903573        1.9980529276831087
4.291415564803658         0.0793778664506841       1.9917697423759286       0.15451623000643844      1.9917697423759286       0.2348116058072079       1.9917697423759286       0.29379784265978787      1.9917697423759286
4.297698750110837         0.0662079235335801       1.9854865570687494       0.1272468517104856       1.9854865570687494       0.19333641844173968      1.9854865570687494       0.2420118352082448       1.9854865570687494
4.303981935418016         0.08963240239955184      1.9792033717615702       0.16559878749687923      1.9792033717615702       0.2513362357959485       1.9792033717615702       0.3146141197717428       1.9792033717615702
4.310265120725196         0.08163198911603935      1.9729201864543902       0.1489788314279282       1.9729201864543902       0.2259359519675887       1.9729201864543902       0.2828947424744798       1.9729201864543902
4.3165483060323755        0.06639808939138372      1.966637001147211        0.11463254505021589      1.966637001147211        0.17387811306702         1.966637001147211        0.21777237933358665      1.966637001147211
4.322831491339556         0.08815206201203006      1.9603538158400309       0.15015680011767576      1.9603538158400309       0.22813643564483047      1.9603538158400309       0.28550913403163874      1.9603538158400309
4.329114676646735         0.0872124219553066       1.9540706305328517       0.14753761926348016      1.9540706305328517       0.22419285809186995      1.9540706305328517       0.28051157397762394      1.9540706305328517
4.335397861953915         0.0684532771516452       1.9477874452256716       0.11294740474326723      1.9477874452256716       0.17139603611204104      1.9477874452256716       0.2146375430099701       1.9477874452256716
4.341681047261094         0.08173323743247247      1.9415042599184924       0.13762140908484882      1.9415042599184924       0.20869458965962404      1.9415042599184924       0.26152752198856677      1.9415042599184924
4.347964232568273         0.08849431910833562      1.9352210746113132       0.15032082017253823      1.9352210746113132       0.2280898491525925       1.9352210746113132       0.2857457500186453       1.9352210746113132
4.354247417875452         0.06903067951701916      1.928937889304134        0.11670637590371997      1.928937889304134        0.1772526432358613       1.928937889304134        0.22187590005961536      1.928937889304134
4.360530603182633         0.06697774985818236      1.922654703996953        0.11631108721404762      1.922654703996953        0.17679675738370879      1.922654703996953        0.22101715545484824      1.922654703996953
4.366813788489813         0.08283052850402947      1.9163715186897738       0.1467676171689159       1.9163715186897738       0.22298924141576035      1.9163715186897738       0.2788720568009505       1.9163715186897738
4.373096973796992         0.07613375031154901      1.9100883333825946       0.13487487394883882      1.9100883333825946       0.2048362613538898       1.9100883333825946       0.2563172682001691       1.9100883333825946
4.379380159104172         0.058838804527893085     1.9038051480754146       0.10527100077543822      1.9038051480754146       0.1597484092050037       1.9038051480754146       0.20015964792515112      1.9038051480754146
4.385663344411351         0.06619584863169663      1.8975219627682354       0.12196147062567361      1.8975219627682354       0.1850554836937823       1.8975219627682354       0.23193675030968552      1.8975219627682354
4.39194652971853          0.07594602645530105      1.8912387774610562       0.13914132690610312      1.8912387774610562       0.21118097634610689      1.8912387774610562       0.2645637001117651       1.8912387774610562
4.39822971502571          0.06504618671368331      1.884955592153876        0.11868860809297362      1.884955592153876        0.18013887546783236      1.884955592153876        0.22559752550940906      1.884955592153876
4.4045129003328904        0.05221151605750289      1.878672406846696        0.09783909139481509      1.878672406846696        0.14846787311223844      1.878672406846696        0.18577994449907498      1.878672406846696
4.41079608564007          0.06317088010450353      1.8723892215395168       0.11780552364177399      1.8723892215395168       0.17882431133674964      1.8723892215395168       0.22367332181094393      1.8723892215395168
4.417079270947249         0.07149946817857249      1.8661060362323376       0.13216546156868766      1.8661060362323376       0.20069274423558828      1.8661060362323376       0.25104998776754844      1.8661060362323376
4.423362456254428         0.06206277984685681      1.8598228509251584       0.11561476498987974      1.8598228509251584       0.17560824995033514      1.8598228509251584       0.21972790565779307      1.8598228509251584
4.429645641561608         0.0495141046918577       1.8535396656179783       0.09242944111171361      1.8535396656179783       0.14037299437795187      1.8535396656179783       0.1757927836018954       1.8535396656179783
4.435928826868788         0.055012389105650844     1.8472564803107983       0.10242532059204615      1.8472564803107983       0.15544315343144383      1.8472564803107983       0.19477387006527136      1.8472564803107983
4.442212012175967         0.06543807768203723      1.840973295003619        0.12201179497582425      1.840973295003619        0.18513117174031574      1.840973295003619        0.23191015032686993      1.840973295003619
4.4484951974831475        0.06533984652322758      1.834690109696439        0.12061051888398117      1.834690109696439        0.18300942007154314      1.834690109696439        0.2291781156999721       1.834690109696439
4.454778382790327         0.05370162618219678      1.8284069243892598       0.09897227225316271      1.8284069243892598       0.15020872670010807      1.8284069243892598       0.18800636883242558      1.8284069243892598
4.461061568097506         0.04611071405775671      1.8221237390820806       0.08659710707089965      1.8221237390820806       0.1315077355474326       1.8221237390820806       0.16450202041197481      1.8221237390820806
4.467344753404685         0.056018830747535595     1.8158405537749014       0.10343425472740286      1.8158405537749014       0.15710761300257367      1.8158405537749014       0.19657004436927086      1.8158405537749014
4.473627938711866         0.06373956686756821      1.8095573684677204       0.11665623280773316      1.8095573684677204       0.17717162205745937      1.8095573684677204       0.2217380669583744       1.8095573684677204
4.479911124019045         0.05997341527245432      1.8032741831605412       0.11082542060173638      1.8032741831605412       0.16828881025278355      1.8032741831605412       0.21067661092416617      1.8032741831605412
4.486194309326224         0.050434814741923864     1.796990997853362        0.09338124359820676      1.796990997853362        0.14176156869405476      1.796990997853362        0.177525616596185        1.796990997853362
4.4924774946334045        0.044501603278126106     1.790707812546182        0.08139225003448958      1.790707812546182        0.12352145776075506      1.790707812546182        0.15472320087414596      1.790707812546182
4.498760679940584         0.048901610147027354     1.7844246272390027       0.09036959681152174      1.7844246272390027       0.13714619615480578      1.7844246272390027       0.1717779826631329       1.7844246272390027
4.505043865247763         0.05811614273929266      1.7781414419318236       0.10734269828578705      1.7781414419318236       0.16293127524227533      1.7781414419318236       0.20404678419983255      1.7781414419318236
4.511327050554943         0.061518072120019036     1.7718582566246435       0.11216896256763607      1.7718582566246435       0.17027886453062582      1.7718582566246435       0.21322959379665868      1.7718582566246435
4.517610235862123         0.05523096223645025      1.7655750713174634       0.100489396302798        1.7655750713174634       0.1525673138615018       1.7655750713174634       0.1910364515125477       1.7655750713174634
4.523893421169302         0.04506896442741701      1.7592918860102842       0.0835673194663172       1.7592918860102842       0.12689081614888134      1.7592918860102842       0.15886702240714795      1.7592918860102842
4.5301766064764815        0.04165540764263923      1.753008700703105        0.07697072923591382      1.753008700703105        0.11688071876327912      1.753008700703105        0.14629264637139716      1.753008700703105
4.536459791783661         0.045288934085679244     1.7467255153959258       0.08202097729173552      1.7467255153959258       0.12454486949846637      1.7467255153959258       0.15584224131039648      1.7467255153959258
4.542742977090841         0.05028600965246301      1.7404423300887457       0.09213929527033698      1.7404423300887457       0.1398960186453096       1.7404423300887457       0.17504630506730218      1.7404423300887457
4.549026162398021         0.05459196396636498      1.7341591447815656       0.10095587625832582      1.7341591447815656       0.15326845971734798      1.7341591447815656       0.1917985834764165       1.7341591447815656
4.5553093477052           0.05578778374656765      1.7278759594743864       0.10188197823320524      1.7278759594743864       0.15466261694533323      1.7278759594743864       0.19356269833653225      1.7278759594743864
4.56159253301238          0.05248408642503603      1.7215927741672064       0.09467015161825017      1.7215927741672064       0.14370146110837323      1.7215927741672064       0.1798650792272991       1.7215927741672064
4.567875718319559         0.045572450156498676     1.7153095888600272       0.0832961162097096       1.7153095888600272       0.126422360111634        1.7153095888600272       0.15826130024244478      1.7153095888600272
4.5741589036267385        0.038722443990937105     1.709026403552848        0.07227881480531986      1.709026403552848        0.10968907935781373      1.709026403552848        0.1373418013888142       1.709026403552848
4.580442088933918         0.03765157696790629      1.7027432182456688       0.06876468598664079      1.7027432182456688       0.10435499744304527      1.7027432182456688       0.13068984252528681      1.7027432182456688
4.586725274241099         0.040624890868083255     1.6964600329384878       0.07303425085246865      1.6964600329384878       0.1108486484667972       1.6964600329384878       0.13882274468962388      1.6964600329384878
4.593008459548278         0.04356704058019886      1.6901768476313086       0.07995642968295716      1.6901768476313086       0.12137265376468875      1.6901768476313086       0.15199045709791323      1.6901768476313086
4.599291644855457         0.047776507989630033     1.6838936623241294       0.08866764777428424      1.6838936623241294       0.13460818564078653      1.6838936623241294       0.1685583529128354       1.6838936623241294
4.605574830162636         0.051675579225535236     1.6776104770169502       0.09437319159827738      1.6776104770169502       0.14327867422809024      1.6776104770169502       0.17940521382555338      1.6776104770169502
4.611858015469816         0.052153570564820756     1.6713272917097701       0.09366064793081666      1.6713272917097701       0.14220505165639688      1.6713272917097701       0.178049755390091        1.6713272917097701
4.6181412007769955        0.05031214068731786      1.665044106402591        0.09099354335454939      1.665044106402591        0.13815978376923238      1.665044106402591        0.17298525053512825      1.665044106402591
4.624424386084176         0.047543000134108726     1.6587609210954108       0.08789711860803476      1.6587609210954108       0.13346034260556736      1.6587609210954108       0.1671034798116787       1.6587609210954108
4.630707571391356         0.043933770103438664     1.6524777357882308       0.08164148502152317      1.6524777357882308       0.12396478523995093      1.6524777357882308       0.15521134861401872      1.6524777357882308
4.636990756698535         0.04078006164833728      1.6461945504810516       0.07396892506933672      1.6461945504810516       0.11231595932320762      1.6461945504810516       0.14062544806042868      1.6461945504810516
4.643273942005714         0.03821987623579408      1.6399113651738724       0.06805905381409212      1.6399113651738724       0.10334059887222083      1.6399113651738724       0.1293886402716661       1.6399113651738724
4.649557127312893         0.03554480895036479      1.6336281798666932       0.064797299278441        1.6336281798666932       0.09838399286113703      1.6336281798666932       0.12318329312653167      1.6336281798666932
4.655840312620073         0.033689946637691086     1.627344994559513        0.06344248972901816      1.627344994559513        0.09632284145171319      1.627344994559513        0.12060160693499182      1.627344994559513
4.6621234979272534        0.03336640898094883      1.621061809252333        0.06220408310796954      1.621061809252333        0.0944402415254565       1.621061809252333        0.11823890172735238      1.621061809252333
4.668406683234433         0.033994510945588786     1.6147786239451538       0.06106634032305798      1.6147786239451538       0.0927111834138839       1.6147786239451538       0.11606701197131045      1.6147786239451538
4.674689868541612         0.034227761423051006     1.6084954386379746       0.060659420318633445     1.6084954386379746       0.09209156981323173      1.6084954386379746       0.11528555690173345      1.6084954386379746
4.680973053848792         0.03342262178051756      1.6022122533307945       0.06099096284734364      1.6022122533307945       0.09259276456532209      1.6022122533307945       0.11591011647570054      1.6022122533307945
4.687256239155971         0.032883215596779224     1.5959290680236153       0.062212566109037096     1.5959290680236153       0.09444536977479571      1.5959290680236153       0.11822951553497735      1.5959290680236153
4.69353942446315          0.033532201419046656     1.5896458827164361       0.06303520473282284      1.5896458827164361       0.09569379879605848      1.5896458827164361       0.11979115879224579      1.5896458827164361
4.699822609770331         0.0348220095141351       1.5833626974092552       0.0629600296880554       1.5833626974092552       0.09557962123203775      1.5833626974092552       0.11964717985777015      1.5833626974092552
4.7061057950775105        0.03603855259052411      1.577079512102076        0.06356376604545504      1.577079512102076        0.09649502576194234      1.577079512102076        0.1207962716136724       1.577079512102076
4.71238898038469          0.0359127541263873       1.5707963267948968       0.06412380393925073      1.5707963267948968       0.0973449332463079       1.5707963267948968       0.12186192960602085      1.5707963267948968
4.718672165691869         0.034014280780964586     1.5645131414877176       0.06293075476600088      1.5645131414877176       0.095534807421157        1.5645131414877176       0.11959401324571334      1.5645131414877176
4.724955350999049         0.032285456950984705     1.5582299561805375       0.06148093700476211      1.5582299561805375       0.09333362104513503      1.5582299561805375       0.11683932941924503      1.5582299561805375
4.731238536306228         0.03231821611891523      1.5519467708733583       0.0610548519968031       1.5519467708733583       0.09268547760497903      1.5519467708733583       0.11603083183473094      1.5519467708733583
4.737521721613408         0.03286549352921797      1.5456635855661782       0.0598068242268544       1.5456635855661782       0.09079093344423694      1.5456635855661782       0.11365798675026208      1.5456635855661782
4.743804906920587         0.0324466092208656       1.539380400258999        0.057045183054105074     1.539380400258999        0.08659910975487854      1.539380400258999        0.10840818762522428      1.539380400258999
4.7500880922277675        0.031312393021704264     1.533097214951819        0.054787262942891206     1.533097214951819        0.08317032604664322      1.533097214951819        0.10411783884632275      1.533097214951819
4.756371277534947         0.03007659201448629      1.5268140296446397       0.054075735915058966     1.5268140296446397       0.0820882916974879       1.5268140296446397       0.10276629477233219      1.5268140296446397
4.762654462842126         0.02880582197442689      1.5205308443374606       0.054020578747924944     1.5205308443374606       0.08200349031572561      1.5205308443374606       0.10266053957864274      1.5205308443374606
4.768937648149306         0.028005719947307436     1.5142476590302805       0.05425416208708291      1.5142476590302805       0.08235774580181125      1.5142476590302805       0.10310427519151598      1.5142476590302805
4.775220833456486         0.028690597878094096     1.5079644737231004       0.055432960780963283     1.5079644737231004       0.08414728042504482      1.5079644737231004       0.10534614686208846      1.5079644737231004
4.781504018763665         0.031233612410355122     1.5016812884159212       0.05821827140468033      1.5016812884159212       0.08837593466463999      1.5016812884159212       0.11064118891895082      1.5016812884159212
4.7877872040708445        0.03481175620546692      1.495398103108742        0.06227503449684355      1.495398103108742        0.09453556420220234      1.495398103108742        0.11835170086130783      1.495398103108742
4.7940703893780245        0.037831254013971534     1.489114917801562        0.0660551936206012       1.489114917801562        0.10027674246293261      1.489114917801562        0.12553605305861215      1.489114917801562
4.800353574685204         0.039380811961844946     1.4828317324943827       0.06883159811519668      1.4828317324943827       0.10449441174763761      1.4828317324943827       0.13081318251741741      1.4828317324943827
4.806636759992383         0.039804276815472335     1.4765485471872035       0.07131856989363118      1.4765485471872035       0.10827169936010449      1.4765485471872035       0.13554101625959972      1.4765485471872035
4.812919945299563         0.03887621694639712      1.4702653618800234       0.07218807056507899      1.4702653618800234       0.10959389482281189      1.4702653618800234       0.13719361352992082      1.4702653618800234
4.819203130606743         0.03596542681176642      1.4639821765728434       0.06904703943735031      1.4639821765728434       0.10482804653564563      1.4639821765728434       0.13122299043703306      1.4639821765728434
4.825486315913922         0.03250398293799614      1.4576989912656642       0.06334281959098792      1.4576989912656642       0.0961685373371858       1.4576989912656642       0.12038356255827576      1.4576989912656642
4.8317695012211015        0.030076856685384006     1.451415805958485        0.057675885353614044     1.451415805958485        0.08756294039749309      1.451415805958485        0.10961609842422111      1.451415805958485
4.838052686528282         0.02805032937008335      1.4451326206513049       0.05205867437044303      1.4451326206513049       0.07903214955089596      1.4451326206513049       0.09893954222371293      1.4451326206513049
4.844335871835461         0.026839444445810625     1.4388494353441257       0.04815749863084464      1.4388494353441257       0.07310636909742613      1.4388494353441257       0.09152273418014592      1.4388494353441257
4.850619057142641         0.028377704260323187     1.4325662500369456       0.04950702455236188      1.4325662500369456       0.07515286703343997      1.4325662500369456       0.09408737096474659      1.4325662500369456
4.85690224244982          0.032570878783604394     1.4262830647297664       0.05595042751467244      1.4262830647297664       0.08493528634288268      1.4262830647297664       0.10633491296519464      1.4262830647297664
4.863185427757            0.0367026308094697       1.4199998794225863       0.06304333292513818      1.4199998794225863       0.09570655474583123      1.4199998794225863       0.11981592842223583      1.4199998794225863
4.869468613064179         0.038187428226093244     1.4137166941154071       0.06661608475601855      1.4137166941154071       0.10113427912566787      1.4137166941154071       0.1266063652317117       1.4137166941154071
4.8757517983713585        0.03622889801062875      1.407433508808228        0.06515319808722315      1.407433508808228        0.09891546876020682      1.407433508808228        0.12382701387198125      1.407433508808228
4.882034983678538         0.03143944681316351      1.4011503235010487       0.05885237304975343      1.4011503235010487       0.08934976554446318      1.4011503235010487       0.11185212344042382      1.4011503235010487
4.888318168985719         0.025925436524784552     1.3948671381938678       0.05050725768676659      1.3948671381938678       0.0766778106875572       1.3948671381938678       0.09599075762560054      1.3948671381938678
4.894601354292898         0.0232856402631897       1.3885839528866886       0.046515395933579944     1.3885839528866886       0.07061330304772288      1.3885839528866886       0.08840241597705956      1.3885839528866886
4.900884539600077         0.025170092864462302     1.3823007675795094       0.05073037938962544      1.3823007675795094       0.07701189473324467      1.3823007675795094       0.09641245474150568      1.3823007675795094
4.907167724907257         0.028486546937735644     1.3760175822723293       0.057819148123964756     1.3760175822723293       0.0877773334585668       1.3760175822723293       0.10988610411217262      1.3760175822723293
4.913450910214436         0.03044918433620129      1.36973439696515         0.06158757681387973      1.36973439696515         0.09350132773581922      1.36973439696515         0.11705118808939514      1.36973439696515
4.919734095521616         0.0298907970213761       1.363451211657971        0.059560081928994986     1.363451211657971        0.0904232709146588       1.363451211657971        0.11320095544096988      1.363451211657971
4.926017280828796         0.026351647470023228     1.3571680263507908       0.052066653399982295     1.3571680263507908       0.07904420681906268      1.3571680263507908       0.09895923242005948      1.3571680263507908
4.932300466135976         0.02339298950782735      1.3508848410436107       0.046559291292493275     1.3508848410436107       0.07067826902279747      1.3508848410436107       0.08848897589830276      1.3508848410436107
4.938583651443155         0.02609861967761683      1.3446016557364315       0.05136884108990567      1.3446016557364315       0.0779798783072887       1.3446016557364315       0.09762703342696938      1.3446016557364315
4.944866836750334         0.031051961363515488     1.3383184704292523       0.059253616908121184     1.3383184704292523       0.08995536029809431      1.3383184704292523       0.11261234957532401      1.3383184704292523
4.951150022057513         0.032570490947223835     1.3320352851220731       0.060268146886327985     1.3320352851220731       0.09149961063789795      1.3320352851220731       0.11454218485585382      1.3320352851220731
4.957433207364693         0.028924219086986905     1.325752099814893        0.05230460402404206      1.325752099814893        0.07940916801955816      1.325752099814893        0.09940825681278813      1.325752099814893
4.9637163926718735        0.024247816514522968     1.319468914507713        0.043708094042605644     1.319468914507713        0.06635263250623158      1.319468914507713        0.08306885033797778      1.319468914507713
4.969999577979053         0.02626367681897211      1.3131857292005338       0.04765027223737331      1.3131857292005338       0.07233486719138926      1.3131857292005338       0.09055961708138704      1.3131857292005338
4.976282763286233         0.03198550651614267      1.3069025438933537       0.057337683014564586     1.3069025438933537       0.08704594496770983      1.3069025438933537       0.10897257735202931      1.3069025438933537
4.982565948593412         0.03305179664111436      1.3006193585861745       0.05843888927325144      1.3006193585861745       0.08872177911786149      1.3006193585861745       0.11106792247545225      1.3006193585861745
4.988849133900591         0.027916596744121235     1.2943361732789953       0.04883125709761535      1.2943361732789953       0.07413482507076734      1.2943361732789953       0.09280806691837816      1.2943361732789953
4.99513231920777          0.024578932794820648     1.288052987971816        0.04317647313725216      1.288052987971816        0.06554444566435932      1.288052987971816        0.0820576435474721       1.288052987971816
5.001415504514951         0.028937747707479654     1.2817698026646351       0.051147107296231516     1.2817698026646351       0.07764699122591703      1.2817698026646351       0.09720517076927204      1.2817698026646351
5.0076986898221305        0.03203451897445931      1.275486617357456        0.05637248624043028      1.275486617357456        0.08558402870013755      1.275486617357456        0.10713936606995393      1.275486617357456
5.01398187512931          0.028688451051910716     1.2692034320502767       0.05013245104551177      1.2692034320502767       0.0761096699519491       1.2692034320502767       0.09528291348541683      1.2692034320502767
5.020265060436489         0.024646986291900708     1.2629202467430976       0.04305096353129822      1.2629202467430976       0.0653519678277686       1.2629202467430976       0.08182240034821561      1.2629202467430976
5.026548245743669         0.028966440339094367     1.2566370614359175       0.051162220322474326     1.2566370614359175       0.07766629668205129      1.2566370614359175       0.09723589255279003      1.2566370614359175
5.032831431050848         0.032275387629442945     1.2503538761287383       0.05709068589518467      1.2503538761287383       0.08667307170570479      1.2503538761287383       0.10850352240246161      1.2503538761287383
5.039114616358028         0.027573205524470353     1.2440706908215582       0.048519779465844425     1.2440706908215582       0.07366160757930117      1.2440706908215582       0.09221558545123447      1.2440706908215582
5.045397801665208         0.023566224815930154     1.237787505514378        0.04144266682662853      1.237787505514378        0.06291025500569578      1.237787505514378        0.07876430789995874      1.237787505514378
5.0516809869723875        0.02886114858726904      1.231504320207199        0.05116515348183234      1.231504320207199        0.07767161875437868      1.231504320207199        0.09724311696329309      1.231504320207199
5.057964172279567         0.030968484850167004     1.2252211349000197       0.05491948041601342      1.2252211349000197       0.08337633883088744      1.2252211349000197       0.10438042428704003      1.2252211349000197
5.064247357586746         0.025047965737839028     1.2189379495928405       0.04421259566333512      1.2189379495928405       0.06711940134012591      1.2189379495928405       0.08403013731830289      1.2189379495928405
5.070530542893926         0.024478910043119334     1.2126547642856604       0.04337310954271917      1.2126547642856604       0.06584040292736612      1.2126547642856604       0.08243135914736018      1.2126547642856604
5.076813728201106         0.029492391687305584     1.2063715789784804       0.05241466753893624      1.2063715789784804       0.07957251921906981      1.2063715789784804       0.09961653646417666      1.2063715789784804
5.083096913508285         0.02658739858169017      1.2000883936713012       0.04708673739240698      1.2000883936713012       0.07148584386766411      1.2000883936713012       0.08949258550179572      1.2000883936713012
5.0893800988154645        0.02218518326422497      1.193805208364122        0.03923551100368092      1.193805208364122        0.05956017057088264      1.193805208364122        0.07456870085055022      1.193805208364122
5.095663284122645         0.02736690519609692      1.1875220230569419       0.04868973118798924      1.1875220230569419       0.07391670664902765      1.1875220230569419       0.09253647440470057      1.1875220230569419
5.101946469429824         0.027195397889823093     1.1812388377497627       0.0483237156314272       1.1812388377497627       0.07336623022790595      1.1812388377497627       0.09184299090489438      1.1812388377497627
5.108229654737003         0.021714183215330828     1.1749556524425835       0.03850443545632986      1.1749556524425835       0.05845333688821831      1.1749556524425835       0.0731802590049566       1.1749556524425835
5.114512840044184         0.026393762265249192     1.1686724671354025       0.04708991609564949      1.1686724671354025       0.07148745273922737      1.1686724671354025       0.08949705882609095      1.1686724671354025
5.120796025351363         0.028346948740870143     1.1623892818282233       0.050497661665863364     1.1623892818282233       0.07666674436592102      1.1623892818282233       0.09597505100555746      1.1623892818282233
5.127079210658542         0.02304707452290993      1.1561060965210441       0.04093152422219747      1.1561060965210441       0.06213851536535446      1.1561060965210441       0.07779230498710085      1.1561060965210441
5.1333623959657215        0.026886026737860853     1.149822911213865        0.04802485075233641      1.149822911213865        0.0729061517431821       1.149822911213865        0.09127210715192484      1.149822911213865
5.139645581272902         0.028391839907565605     1.1435397259066848       0.05070650783059714      1.1435397259066848       0.07698290278937957      1.1435397259066848       0.0963711014697579       1.1435397259066848
5.145928766580081         0.022935424105889793     1.1372565405995056       0.0408130371966452       1.1372565405995056       0.06195655320627566      1.1372565405995056       0.07756831370120869      1.1372565405995056
5.152211951887261         0.026691046008638107     1.1309733552923256       0.04765977129880601      1.1309733552923256       0.07235038825079519      1.1309733552923256       0.09058055721884171      1.1309733552923256
5.15849513719444          0.026853247526789914     1.1246901699851464       0.04790316813884006      1.1246901699851464       0.07272582852932877      1.1246901699851464       0.09104480661124127      1.1246901699851464
5.16477832250162          0.02112583749561007      1.1184069846779663       0.03759623994901277      1.1184069846779663       0.05707312083336207      1.1184069846779663       0.07145328605325457      1.1184069846779663
5.171061507808799         0.025275147363850173     1.112123799370787        0.04517859436906686      1.112123799370787        0.06858902068771319      1.112123799370787        0.08586268404352035      1.112123799370787
5.177344693115979         0.02299353649385137      1.105840614063608        0.04100664491491329      1.105840614063608        0.06225938154677613      1.105840614063608        0.0779349584584211       1.105840614063608
5.183627878423159         0.021138616707165866     1.0995574287564278       0.037718550882478816     1.0995574287564278       0.05726060468363032      1.0995574287564278       0.07168329582846786      1.0995574287564278
5.189911063730339         0.026587771486189588     1.0932742434492477       0.04757122538270953      1.0932742434492477       0.0722239999605749       1.0932742434492477       0.0904106200540592       1.0932742434492477
5.196194249037518         0.0228055466849569       1.0869910581420685       0.04070339833567882      1.0869910581420685       0.06179414534447612      1.0869910581420685       0.07735863391763838      1.0869910581420685
5.202477434344697         0.025195868203877907     1.0807078728348893       0.04511758213061954      1.0807078728348893       0.06849084675097639      1.0807078728348893       0.08574659468028584      1.0807078728348893
5.208760619651877         0.02611740519054388      1.0744246875277093       0.04679198675519246      1.0744246875277093       0.07103845143029858      1.0744246875277093       0.08893141413218603      1.0744246875277093
5.215043804959056         0.02085024909524081      1.06814150222053         0.03728377577087712      1.06814150222053         0.0565969754567728       1.06814150222053         0.07085916648677182      1.06814150222053
5.221326990266236         0.024395412624914063     1.0618583169133509       0.043707960967777675     1.0618583169133509       0.0663558463467691       1.0618583169133509       0.08306916098737835      1.0618583169133509
5.227610175573417         0.02039452449930674      1.05557513160617         0.03639994056127733      1.05557513160617         0.05526306941083953      1.05557513160617         0.06918121293931176      1.05557513160617
5.233893360880596         0.02219510549479568      1.0492919462989907       0.03972998353612282      1.0492919462989907       0.06031597886286233      1.0492919462989907       0.07550738915143222      1.0492919462989907
5.240176546187775         0.024329034098193543     1.0430087609918115       0.0436082178879454       1.0430087609918115       0.06620891214677721      1.0430087609918115       0.08288049090934452      1.0430087609918115
5.246459731494954         0.022212308623164832     1.0367255756846323       0.03983628369435869      1.0367255756846323       0.0604724747287589       1.0367255756846323       0.07570989898987522      1.0367255756846323
5.252742916802134         0.026343278506138188     1.0304423903774522       0.0473212610822428       1.0304423903774522       0.07184010666209684      1.0304423903774522       0.08993713624835631      1.0304423903774522
5.259026102109313         0.021192782562855193     1.024159205070273        0.03792945471739797      1.024159205070273        0.05757866613089705      1.024159205070273        0.07208829916971037      1.024159205070273
5.2653092874164935        0.022612667257173733     1.017876019763093        0.040528996753086056     1.017876019763093        0.06152733418643439      1.017876019763093        0.07702761860336374      1.017876019763093
5.271592472723673         0.020210616887151003     1.0115928344559137       0.03617261217225302      1.0115928344559137       0.05491915363672105      1.0115928344559137       0.06874967306449134      1.0115928344559137
5.277875658030853         0.02135024033640429      1.0053096491487337       0.038319558359117274     1.0053096491487337       0.05817463148452498      1.0053096491487337       0.07282666772076331      1.0053096491487337
5.284158843338032         0.024113801578430946     0.9990264638415545       0.04331098820972385      0.9990264638415545       0.06575663865847572      0.9990264638415545       0.08231571385805614      0.9990264638415545
5.290442028645211         0.022843176103195927     0.9927432785343753       0.041007155406693585     0.9927432785343753       0.06224817155075694      0.9927432785343753       0.07793588829692137      0.9927432785343753
5.296725213952391         0.024999169838721934     0.9864600932271953       0.0448861537332833       0.9864600932271953       0.06814290263047378      0.9864600932271953       0.08531039486414184      0.9864600932271953
5.303008399259571         0.019277397438261634     0.9801769079200151       0.0345245736483781       0.9801769079200151       0.05240883330153303      0.9801769079200151       0.06561606345825446      0.9801769079200151
5.3092915845667505        0.021361951598045374     0.9738937226128359       0.038364957077530515     0.9738937226128359       0.05824802058686322      0.9738937226128359       0.07291351002791015      0.9738937226128359
5.31557476987393          0.01903497691518142      0.9676105373056567       0.03415025690792838      0.9676105373056567       0.05184661580591513      0.9676105373056567       0.06490214450521066      0.9676105373056567
5.32185795518111          0.02435577843852569      0.9613273519984766       0.04381208728164836      0.9613273519984766       0.06651400289536913      0.9613273519984766       0.08326647396578372      0.9613273519984766
5.328141140488289         0.022500574374717797     0.9550441666912975       0.04038429515902895      0.9550441666912975       0.06130548924215727      0.9550441666912975       0.07675525221864501      0.9550441666912975
5.334424325795468         0.02298814917154611      0.9487609813841184       0.041300496158651195     0.9487609813841184       0.06269520671444095      0.9487609813841184       0.07849621511644711      0.9487609813841184
5.340707511102648         0.018853279396337377     0.9424777960769383       0.03380053493051134      0.9424777960769383       0.05131457628611316      0.9424777960769383       0.0642413829783825       0.9424777960769383
5.346990696409828         0.020568969631709753     0.9361946107697581       0.036975146609472216     0.9361946107697581       0.05613644584903636      0.9361946107697581       0.07026932807602279      0.9361946107697581
5.353273881717008         0.02144558498837507      0.9299114254625789       0.03852559140758561      0.9299114254625789       0.05849015361174008      0.9299114254625789       0.07321840970974358      0.9299114254625789
5.359557067024187         0.02405614021738586      0.9236282401553997       0.04328019837122069      0.9236282401553997       0.06570113973050547      0.9236282401553997       0.08225725689246023      0.9236282401553997
5.365840252331367         0.021381654656756077     0.9173450548482197       0.03839653119082441      0.9173450548482197       0.05828875461462542      0.9173450548482197       0.07298001424882847      0.9173450548482197
5.372123437638546         0.01945662106774163      0.9110618695410405       0.03496320282118756      0.9110618695410405       0.053077443765999        0.9110618695410405       0.06644972101081342      0.9110618695410405
5.378406622945726         0.018835510781088402     0.9047786842338603       0.03380981268659356      0.9047786842338603       0.051332680648135266     0.9047786842338603       0.06425485299375379      0.9047786842338603
5.384689808252905         0.023248272202161725     0.8984954989266811       0.0418363048271598       0.8984954989266811       0.06351298808748346      0.8984954989266811       0.07950985793152827      0.8984954989266811
5.390972993560085         0.02287044606142529      0.892212313619501        0.04111132227795531      0.892212313619501        0.0624097565277185       0.892212313619501        0.07813859267133205      0.892212313619501
5.397256178867265         0.021251202623481028     0.8859291283123218       0.038233332567855965     0.8859291283123218       0.0580397359446028       0.8859291283123218       0.07266901641802224      0.8859291283123218
5.403539364174444         0.01737948328629893      0.8796459430051426       0.03119546912599602      0.8796459430051426       0.047361913412077926     0.8796459430051426       0.0592879327933907       0.8796459430051426
5.409822549481623         0.021151705648465073     0.8733627576979635       0.03805832904991643      0.8733627576979635       0.05778241004542227      0.8733627576979635       0.07232571057609573      0.8733627576979635
5.416105734788804         0.022284790596491612     0.8670795723907825       0.0400478466109042       0.8670795723907825       0.060794392709876834     0.8670795723907825       0.07611225025992724      0.8670795723907825
5.422388920095983         0.02236103221612156      0.8607963870836033       0.04023803884458063      0.8607963870836033       0.061083873546963346     0.8607963870836033       0.07648003758783818      0.8607963870836033
5.428672105403162         0.017220456591179996     0.8545132017764241       0.030925076981475383     0.8545132017764241       0.0469469645379897       0.8545132017764241       0.05877750531460989      0.8545132017764241
5.4349552907103424        0.019151669228668858     0.8482300164692441       0.03446234570055528      0.8482300164692441       0.052326922735984556     0.8482300164692441       0.06549307275624423      0.8482300164692441
5.441238476017522         0.022045710173780167     0.8419468311620648       0.03966816973217524      0.8419468311620648       0.06021751865856655      0.8419468311620648       0.07538853702285049      0.8419468311620648
5.447521661324701         0.022553219636320548     0.8356636458548856       0.04058438120730256      0.8356636458548856       0.061610683030731694     0.8356636458548856       0.07713925721119155      0.8356636458548856
5.453804846631881         0.018212660005708554     0.8293804605477055       0.03274208070283163      0.8293804605477055       0.04970242823416205      0.8293804605477055       0.06223094935713049      0.8293804605477055
5.460088031939061         0.01793809540751766      0.8230972752405256       0.0322367380187581       0.8230972752405256       0.0489465232660727       0.8230972752405256       0.0612625114193001       0.8230972752405256
5.46637121724624          0.022408426230280217     0.8168140899333463       0.04035564130066681      0.8168140899333463       0.06126460176575597      0.8168140899333463       0.07669487821830225      0.8168140899333463
5.472654402553419         0.021989098532864577     0.8105309046261671       0.03955579912473384      0.8105309046261671       0.06004634033208943      0.8105309046261671       0.07518527865994379      0.8105309046261671
5.478937587860599         0.018165793042936033     0.8042477193189879       0.032703257643248024     0.8042477193189879       0.049648220495783456     0.8042477193189879       0.062158445762311804     0.8042477193189879
5.485220773167779         0.017770500534018248     0.7979645340118078       0.03195695184644529      0.7979645340118078       0.04851662248042097      0.7979645340118078       0.06072707404269872      0.7979645340118078
5.491503958474959         0.02204365636163701      0.7916813487046277       0.03969016347261813      0.7916813487046277       0.06025788361496395      0.7916813487046277       0.07543201667388574      0.7916813487046277
5.497787143782138         0.021558692490369746     0.7853981633974485       0.03879100621558155      0.7853981633974485       0.05888203484068391      0.7853981633974485       0.07373157778582953      0.7853981633974485
5.504070329089318         0.016937068975077543     0.7791149780902684       0.030428818431394222     0.7791149780902684       0.04619804829234743      0.7791149780902684       0.05783474237671861      0.7791149780902684
5.510353514396497         0.018379176018191924     0.7728317927830892       0.033080392678870765     0.7728317927830892       0.05022503620475133      0.7728317927830892       0.06286142053026622      0.7728317927830892
5.516636699703676         0.02238521816419676      0.76654860747591         0.04027423821501246      0.76654860747591         0.06113774509723775      0.76654860747591         0.07654505048536037      0.76654860747591
5.522919885010856         0.01990523211974024      0.7602654221687308       0.035851988003066854     0.7602654221687308       0.05442576741068444      0.7602654221687308       0.06814877676507716      0.7602654221687308
5.529203070318037         0.016590123206488245     0.7539822368615499       0.02984942664582762      0.7539822368615499       0.045315191089068424     0.7539822368615499       0.05672580931473021      0.7539822368615499
5.535486255625216         0.019730192081008277     0.7476990515543707       0.035522762904964277     0.7476990515543707       0.05393335633205891      0.7476990515543707       0.06750685048241373      0.7476990515543707
5.541769440932395         0.0219356498386698       0.7414158662471915       0.039535401924619185     0.7414158662471915       0.06001516382595271      0.7414158662471915       0.07514547421816843      0.7414158662471915
5.548052626239574         0.01839917745829421      0.7351326809400123       0.03309206073971216      0.7351326809400123       0.05023442672955067      0.7351326809400123       0.06290087506050074      0.7351326809400123
5.554335811546754         0.01636488247964666      0.7288494956328322       0.029459042163311504     0.7288494956328322       0.044730728022843176     0.7288494956328322       0.055978903521247264     0.7288494956328322
5.5606189968539335        0.02172980893409683      0.722566310325653        0.039128305237983385     0.722566310325653        0.059398461905324634     0.722566310325653        0.07436292930303116      0.722566310325653
5.5669021821611135        0.020486984563418836     0.7162831250184729       0.03685615969802189      0.7162831250184729       0.05594961941770345      0.7162831250184729       0.07005947623361397      0.7162831250184729
5.573185367468294         0.015544472787782919     0.7099999397112928       0.027975942013133016     0.7099999397112928       0.04247387593522168      0.7099999397112928       0.053167517575508444     0.7099999397112928
5.579468552775473         0.020039084608146664     0.7037167544041137       0.03606133797877879      0.7037167544041137       0.05474558287960431      0.7037167544041137       0.06852738744448159      0.7037167544041137
5.585751738082652         0.021115029942556887     0.6974335690969344       0.03802540755988432      0.6974335690969344       0.057726137698246464     0.6974335690969344       0.07227884920834264      0.6974335690969344
5.592034923389831         0.017330937800113584     0.6911503837897552       0.031215926594484533     0.6911503837897552       0.047385204954048        0.6911503837897552       0.05933349901965523      0.6911503837897552
5.598318108697011         0.01810593717041297      0.6848671984825753       0.032583946991629184     0.6848671984825753       0.04946978559198298      0.6848671984825753       0.06191610669054617      0.6848671984825753
5.604601294004191         0.02042683778730543      0.6785840131753951       0.0368163124818435       0.6785840131753951       0.05589339895751424      0.6785840131753951       0.06997500468671584      0.6785840131753951
5.610884479311371         0.01960667072149781      0.6723008278682159       0.03532303838960734      0.6723008278682159       0.053617007079794776     0.6723008278682159       0.06714369881921028      0.6723008278682159
5.61716766461855          0.016843712759583487     0.6660176425610367       0.030308986007707903     0.6660176425610367       0.04601691234685444      0.6660176425610367       0.05759579733291039      0.6660176425610367
5.62345084992573          0.0190657168969971       0.6597344572538566       0.0343685669427088       0.6597344572538566       0.052179727599488926     0.6597344572538566       0.06531618071421479      0.6597344572538566
5.629734035232909         0.021221292095752978     0.6534512719466774       0.038226558486301444     0.6534512719466774       0.0580243546950334       0.6534512719466774       0.0726613548166689       0.6534512719466774
5.636017220540088         0.016478516985963393     0.6471680866394982       0.029647306749003077     0.6471680866394982       0.045011608415784075     0.6471680866394982       0.05634438243223798      0.6471680866394982
5.642300405847269         0.01757622034988938      0.6408849013323172       0.03167977347715238      0.6408849013323172       0.0480994260614151       0.6408849013323172       0.060201773534924126     0.6408849013323172
5.648583591154448         0.02203606715602883      0.6346017160251382       0.0396957940490423       0.6346017160251382       0.06025496817109761      0.6346017160251382       0.07545099223090104      0.6346017160251382
5.654866776461628         0.016769533096206202     0.6283185307179588       0.030175595061820784     0.6283185307179588       0.04581196734649355      0.6283185307179588       0.057353175081198936     0.6283185307179588
5.661149961768807         0.016267007012372405     0.6220353454107796       0.0293196991338103       0.6220353454107796       0.04451795332410374      0.6220353454107796       0.055714907391506606     0.6220353454107796
5.667433147075987         0.022237068771956626     0.6157521601035997       0.04006300509194539      0.6157521601035997       0.06081274904139529      0.6157521601035997       0.07614607217812308      0.6157521601035997
5.673716332383166         0.01744149043221535      0.6094689747964204       0.031389485472265416     0.6094689747964204       0.047652950173038805     0.6094689747964204       0.05966249396062046      0.6094689747964204
5.679999517690346         0.015268561829097596     0.6031857894892403       0.02751531188258193      0.6031857894892403       0.04178035145434412      0.6031857894892403       0.05228604173653474      0.6031857894892403
5.686282702997525         0.021963586376234117     0.5969026041820611       0.03957266527176474      0.5969026041820611       0.06006933312423119      0.5969026041820611       0.0752127131391943       0.5969026041820611
5.6925658883047054        0.018347634176763255     0.5906194188748811       0.03301875582605923      0.5906194188748811       0.05012437329345004      0.5906194188748811       0.06275964454971732      0.5906194188748811
5.698849073611885         0.01470168155334332      0.5843362335677018       0.026483243049332788     0.5843362335677018       0.04021410094736142      0.5843362335677018       0.05032455375943798      0.5843362335677018
5.705132258919064         0.021187615857054233     0.5780530482605226       0.03817788861460501      0.5780530482605226       0.05795317160568556      0.5780530482605226       0.07256130805031474      0.5780530482605226
5.711415444226244         0.01934468414033905      0.5717698629533425       0.03481433830109269      0.5717698629533425       0.05284868810038787      0.5717698629533425       0.06617266964112331      0.5717698629533425
5.717698629533424         0.014888138297166153     0.5654866776461625       0.02680923062671262      0.5654866776461625       0.0407085267710771       0.5654866776461625       0.05094407701708163      0.5654866776461625
5.723981814840603         0.019812482097984353     0.5592034923389833       0.03571099873183827      0.5592034923389833       0.05420991022542788      0.5592034923389833       0.06787349798556779      0.5592034923389833
5.730265000147782         0.020054480228591465     0.5529203070318041       0.03610401804045494      0.5529203070318041       0.05480530954046655      0.5529203070318041       0.06862373658405006      0.5529203070318041
5.7365481854549625        0.01623225709069384      0.546637121724624        0.029226245186402544     0.546637121724624        0.04437599155169161      0.546637121724624        0.05553730959328571      0.546637121724624
5.742831370762142         0.01806057290337448      0.5403539364174448       0.032567829690016786     0.5403539364174448       0.04944040997803114      0.5403539364174448       0.061901460492181294     0.5403539364174448
5.749114556069321         0.01974096061646225      0.5340707511102656       0.03555874482199658      0.5340707511102656       0.053976754577404716     0.5340707511102656       0.0675866341862204       0.5340707511102656
5.755397741376501         0.018526666610986123     0.5277875658030855       0.03336473201666831      0.5277875658030855       0.0506560417931194       0.5277875658030855       0.06340239140170847      0.5277875658030855
5.761680926683681         0.017124996408900868     0.5215043804959054       0.030881571761793458     0.5215043804959054       0.0468822837595895       0.5215043804959054       0.05870048454934928      0.5215043804959054
5.76796411199086          0.017590025655034914     0.5152211951887262       0.03170200937026923      0.5152211951887262       0.04812218651831127      0.5152211951887262       0.060256114248337996     0.5152211951887262
5.774247297298039         0.02046476366579747      0.508938009881547        0.036866812303108204     0.508938009881547        0.05597037838449505      0.508938009881547        0.07005766872550499      0.508938009881547
5.7805304826052195        0.018699459317098835     0.5026548245743669       0.03370210984336299      0.5026548245743669       0.05116353318753481      0.5026548245743669       0.06406328774288657      0.5026548245743669
5.786813667912399         0.013905657532939123     0.4963716392671878       0.025071463325374046     0.4963716392671878       0.038059247491849774     0.4963716392671878       0.04765153582689621      0.4963716392671878
5.793096853219579         0.020154977518267066     0.4900884539600077       0.03632141142400689      0.4900884539600077       0.055141227243325874     0.4900884539600077       0.0690216438328715       0.4900884539600077
5.799380038526758         0.02191735323160204      0.4838052686528285       0.03948607276574204      0.4838052686528285       0.05994122678345516      0.4838052686528285       0.07505593136912221      0.4838052686528285
5.805663223833938         0.01273830324885798      0.4775220833456484       0.022952126394332462     0.4775220833456484       0.03484737165344493      0.4775220833456484       0.04361804115573719      0.4775220833456484
5.811946409141117         0.0168941798942972       0.4712388980384692       0.030459817361682035     0.4712388980384692       0.046243842170550435     0.4712388980384692       0.05788421886069869      0.4712388980384692
5.8182295944482965        0.022987562729038798     0.46495571273129         0.041413521666789084     0.46495571273129         0.06286446450844452      0.46495571273129         0.07871829713360162      0.46495571273129
5.824512779755476         0.01722977083160293      0.4586725274241108       0.031025131585128627     0.4586725274241108       0.04710348113487541      0.4586725274241108       0.058956937007497705     0.4586725274241108
5.830795965062657         0.015048382206952274     0.4523893421169298       0.027131218032709355     0.4523893421169298       0.04119153959680224      0.4523893421169298       0.051565470924319845     0.4523893421169298
5.837079150369836         0.018812560181625443     0.44610615680975063      0.03390378381445389      0.44610615680975063      0.05146360636734404      0.44610615680975063      0.06444426499275868      0.44610615680975063
5.843362335677015         0.02059487917115284      0.43982297150257144      0.03709199234671083      0.43982297150257144      0.05631159655461827      0.43982297150257144      0.07048585152650087      0.43982297150257144
5.849645520984195         0.020298769245459328     0.4335397861953914       0.03656956538695547      0.4335397861953914       0.055515393726978786     0.4335397861953914       0.0695094439001537       0.4335397861953914
5.855928706291374         0.01267347359534894      0.4272566008882122       0.02284303191278255      0.4272566008882122       0.03467849396740225      0.4272566008882122       0.043419592809828406     0.4272566008882122
5.8622118915985535        0.017246826490859048     0.420973415581033        0.031082001894871925     0.420973415581033        0.04718800244787327      0.420973415581033        0.05906282244196858      0.420973415581033
5.868495076905734         0.02442669472112436      0.4146902302738529       0.04400984868912174      0.4146902302738529       0.06680613722852283      0.4146902302738529       0.08365051125741194      0.4146902302738529
5.874778262212914         0.017088100345005984     0.40840704496667285      0.030770722250920812     0.40840704496667285      0.046716930417114236     0.40840704496667285      0.05847871731758574      0.40840704496667285
5.881061447520093         0.013133158798190648     0.4021238596594936       0.023679317550936486     0.4021238596594936       0.03595190937572746      0.4021238596594936       0.044999781854535986     0.4021238596594936
5.887344632827272         0.01939533711246136      0.3958406743523144       0.034963672170545614     0.3958406743523144       0.05307237995627413      0.3958406743523144       0.06645866298645096      0.3958406743523144
5.893627818134451         0.02152639137442753      0.3895574890451352       0.03877602571412371      0.3895574890451352       0.058867485734700284     0.3895574890451352       0.07368895062098396      0.3895574890451352
5.899911003441631         0.021503780662689126     0.3832743037379552       0.03874471502959573      0.3832743037379552       0.05881740515525812      0.3832743037379552       0.07363931078406917      0.3832743037379552
5.906194188748811         0.012584008292228112     0.3769911184307751       0.022682234695024114     0.3769911184307751       0.034434883986444745     0.3769911184307751       0.04311707391028721      0.3769911184307751
5.912477374055991         0.014904463821219488     0.37070793312359585      0.026869234797504055     0.37070793312359585      0.04079336548683351      0.37070793312359585      0.05105704910654429      0.37070793312359585
5.918760559363171         0.02471473907687345      0.36442474781641576      0.04454212121533583      0.36442474781641576      0.06761330594970551      0.36442474781641576      0.08465887706423997      0.36442474781641576
5.92504374467035          0.021026111315250177     0.3581415625092366       0.03787261153991257      0.3581415625092366       0.057496809301179924     0.3581415625092366       0.07197800864280718      0.3581415625092366
5.931326929977529         0.015080135369395647     0.35185837720205737      0.027178040707395656     0.35185837720205737      0.04126217380617498      0.35185837720205737      0.051651298972629864     0.35185837720205737
5.937610115284708         0.014601115044189955     0.3455751918948782       0.026334414780134253     0.3455751918948782       0.039974367428713055     0.3455751918948782       0.05005863513791868      0.3455751918948782
5.943893300591889         0.020319165114535093     0.3392920065876972       0.036615043722852396     0.3392920065876972       0.05558571838889526      0.3392920065876972       0.06958274774047983      0.3392920065876972
5.9501764858990684        0.02575426730417625      0.333008821280518        0.046410920579149965     0.333008821280518        0.07045300835436989      0.333008821280518        0.08820870371268691      0.333008821280518
5.956459671206248         0.0180300175713086       0.32672563597333887      0.03247999429972204      0.32672563597333887      0.04931035990857589      0.32672563597333887      0.0617329342032137       0.32672563597333887
5.962742856513427         0.010643841663194771     0.3204424506661596       0.019193172521070577     0.3204424506661596       0.029141677814470898     0.3204424506661596       0.03647042430338029      0.3204424506661596
5.969026041820607         0.019005741013871508     0.3141592653589796       0.03426870496469408      0.3141592653589796       0.05201954163535668      0.3141592653589796       0.06513461959420781      0.3141592653589796
5.975309227127786         0.023949942464934895     0.30787608005180034      0.04315344177360454      0.30787608005180034      0.06550972786485537      0.30787608005180034      0.08201333403092774      0.30787608005180034
5.981592412434966         0.02463997397751749      0.30159289474462025      0.04440102297063568      0.30159289474462025      0.06740472513070246      0.30159289474462025      0.08438573146407402      0.30159289474462025
5.987875597742146         0.015087425350585486     0.2953097094374402       0.02718562211397937      0.2953097094374402       0.041272392791708634     0.2953097094374402       0.05167475097972631      0.2953097094374402
5.9941587830493255        0.010500389620950859     0.28902652413026103      0.01893727382603697      0.28902652413026103      0.028751091276310387     0.28902652413026103      0.03598335094014577      0.28902652413026103
6.000441968356505         0.022358214575294435     0.28274333882308184      0.04030510430974109      0.28274333882308184      0.061183430768938736     0.28274333882308184      0.07660383435130147      0.28274333882308184
6.006725153663684         0.02612294258294612      0.2764601535159026       0.04706960699856083      0.2764601535159026       0.07145516915947007      0.2764601535159026       0.08945913790113043      0.2764601535159026
6.013008338970864         0.023462766005922325     0.2701769682087225       0.04227879273294757      0.2701769682087225       0.06418370144017616      0.2701769682087225       0.08035035331276583      0.2701769682087225
6.019291524278044         0.013222415178435908     0.2638937829015425       0.02383146792940389      0.2638937829015425       0.036179792752067806     0.2638937829015425       0.04530114300969911      0.2638937829015425
6.025574709585223         0.01196178106140323      0.2576105975943633       0.02156919792825938      0.2576105975943633       0.03274437574508034      0.2576105975943633       0.0409888403927937       0.2576105975943633
6.031857894892402         0.02447246419468906      0.251327412287184        0.04411242679943397      0.251327412287184        0.06696469117933346      0.251327412287184        0.0838374425646281       0.251327412287184
6.0381410801995825        0.027911291234585266     0.24504422698000397      0.05029409282868801      0.24504422698000397      0.07634914590131432      0.24504422698000397      0.09558898426086938      0.24504422698000397
6.044424265506762         0.023469312859795536     0.23876104167282475      0.0422912678399207       0.23876104167282475      0.06420358455168543      0.23876104167282475      0.08037315284068028      0.23876104167282475
6.050707450813941         0.012532437139232617     0.23247785636564555      0.02259000551522066      0.23247785636564555      0.03429434327761643      0.23247785636564555      0.04294171973348301      0.23247785636564555
6.056990636121122         0.01256240416064727      0.2261946710584646       0.02264946244111601      0.2261946710584646       0.03438398317388642      0.2261946710584646       0.043044015501572185     0.2261946710584646
6.063273821428301         0.02562571604338493      0.21991148575128538      0.04619082702856392      0.21991148575128538      0.07011976195252569      0.21991148575128538      0.08778624323087034      0.21991148575128538
6.06955700673548          0.02996171047001463      0.21362830044410622      0.053991285708616076     0.21362830044410622      0.08196179471359523      0.21362830044410622      0.10261587459936564      0.21362830044410622
6.0758401920426595        0.025273338272736673     0.20734511513692702      0.04554290174758467      0.20734511513692702      0.06913925724902911      0.20734511513692702      0.08655367013564637      0.20734511513692702
6.0821233773498395        0.013373466197588554     0.20106192982974694      0.024103191986733247     0.20106192982974694      0.036591410878176085     0.20106192982974694      0.04581520814874381      0.20106192982974694
6.088406562657019         0.011442007952435489     0.19477874452256774      0.020630896773879182     0.19477874452256774      0.031320277836780014     0.19477874452256774      0.039209600641386115     0.19477874452256774
6.094689747964199         0.025711853151992037     0.18849555921538763      0.04634593650452678      0.18849555921538763      0.07035490355559931      0.18849555921538763      0.08807947230246688      0.18849555921538763
6.100972933271379         0.03233792963759285      0.18221237390820758      0.05827618547108052      0.18221237390820758      0.08846666621591055      0.18221237390820758      0.11076074436591997      0.18221237390820758
6.107256118578558         0.029031226367791423     0.17592918860102838      0.05231619407877546      0.17592918860102838      0.07942079405418007      0.17592918860102838      0.09942528431616857      0.17592918860102838
6.113539303885737         0.016800796561035742     0.16964600329384918      0.03027601562955656      0.16964600329384918      0.04596239185272392      0.16964600329384918      0.05754743244434972      0.16964600329384918
6.1198224891929165        0.008504602286360411     0.16336281798667         0.015337201418544263     0.16336281798667         0.023285267089462016     0.16336281798667         0.02914775976826548      0.16336281798667
6.126105674500097         0.0241274488322901       0.15707963267948988      0.04349129279830197      0.15707963267948988      0.06602165698316918      0.15707963267948988      0.0826547478204873       0.15707963267948988
6.132388859807277         0.03449884953702411      0.1507964473723098       0.06217294628355243      0.1507964473723098       0.09438106051875397      0.1507964473723098       0.11816497207544448      0.1507964473723098
6.138672045114456         0.03445870601918535      0.14451326206513063      0.06209875009627222      0.14451326206513063      0.09427195638505188      0.14451326206513063      0.11801958086696282      0.14451326206513063
6.144955230421635         0.02358776889297135      0.1382300767579514       0.042505330556990406     0.1382300767579514       0.06452644192613864      0.1382300767579514       0.08078753453962248      0.1382300767579514
6.151238415728815         0.007109037682361676     0.13194689145077135      0.012817564769678139     0.13194689145077135      0.019460556775088365     0.13194689145077135      0.02435640894950638      0.13194689145077135
6.157521601035994         0.01987515538377553      0.12566370614359212      0.035829117246116364     0.12566370614359212      0.05438950541994029      0.12566370614359212      0.06809238665253133      0.12566370614359212
6.1638047863431735        0.03537710364527269      0.11938052083641294      0.06375667653334965      0.11938052083641294      0.0967869449658823       0.11938052083641294      0.12117555161912628      0.11938052083641294
6.1700879716503545        0.04080910879028149      0.11309733552923197      0.07354575254667564      0.11309733552923197      0.11164669703818729      0.11309733552923197      0.1397744140068834       0.11309733552923197
6.176371156957534         0.033685155826965546     0.10681415022205279      0.060703185333038714     0.10681415022205279      0.09215242990410158      0.10681415022205279      0.11537233014981822      0.10681415022205279
6.182654342264713         0.015422804515057096     0.10053096491487358      0.027791979075412438     0.10053096491487358      0.042192314835407155     0.10053096491487358      0.05281864562109807      0.10053096491487358
6.188937527571892         0.011919752324918686     0.09424777960769438      0.02149102633162022      0.09424777960769438      0.03262455183217811      0.09424777960769438      0.040844519743944506     0.09424777960769438
6.195220712879072         0.03351939886257138      0.0879645943005143       0.060412093170155355     0.0879645943005143       0.09170878187351568      0.0879645943005143       0.1148164501655061       0.0879645943005143
6.201503898186251         0.04710943869595738      0.08168140899333512      0.08490057477693783      0.08168140899333512      0.1288838751704528       0.08168140899333512      0.16135642653756244      0.08168140899333512
6.2077870834934314        0.0469624368343872       0.07539822368615504      0.08463258000862159      0.07539822368615504      0.12847836077700792      0.07539822368615504      0.16085046428610367      0.07539822368615504
6.214070268800611         0.03156093877589505      0.06911503837897584      0.05687606785310457      0.06911503837897584      0.08634370088535434      0.06911503837897584      0.10809407889809773      0.06911503837897584
6.220353454107791         0.006745751568976031     0.06283185307179576      0.012160394549569091     0.06283185307179576      0.01845873945485403      0.06283185307179576      0.023113554899148424     0.06283185307179576
6.22663663941497          0.02724808526785627      0.056548667764616554     0.04910927229811418      0.056548667764616554     0.07454825093545533      0.056548667764616554     0.09333539830127088      0.056548667764616554
6.232919824722149         0.0531101058226765       0.05026548245743736      0.09571652715874707      0.05026548245743736      0.1453052861160479       0.05026548245743736      0.1819132839529118       0.05026548245743736
6.239203010029329         0.06551969151516303      0.043982297150257275     0.11807708620595725      0.043982297150257275     0.17924781487170358      0.043982297150257275     0.2244114722138252       0.043982297150257275
6.245486195336509         0.058301621676886566     0.0376991118430772       0.10506915625579658      0.0376991118430772       0.15950234148198617      0.0376991118430772       0.1996890867756561       0.0376991118430772
6.2517693806436885        0.030707879948876176     0.031415926535897996     0.05533765762355493      0.031415926535897996     0.08400712617681079      0.031415926535897996     0.10517337307184368      0.031415926535897996
6.258052565950868         0.014274576793795487     0.025132741228718804     0.02572805481460721      0.025132741228718804     0.039055873460608674     0.025132741228718804     0.048899483370341744     0.025132741228718804
6.264335751258048         0.06699949373945124      0.01884955592153872      0.12074730581263485      0.01884955592153872      0.18330340988014815      0.01884955592153872      0.22948321748369763      0.01884955592153872
6.270618936565227         0.11920113715339826      0.012566370614359525     0.21482157060638316      0.012566370614359525     0.32611086333565137      0.012566370614359525     0.4082816210024046       0.012566370614359525
6.276902121872406         0.1657678386455406       0.006283185307180329     0.29874306328532224      0.006283185307180329     0.45351300942591194      0.006283185307180329     0.5677745124961064       0.006283185307180329
6.283185307179586         1.7570726320390476E-14   2.4492935982947064E-16   3.1665672177596453E-14   2.4492935982947064E-16   4.807059013399291E-14    2.4492935982947064E-16   6.018210683747243E-14    2.4492935982947064E-16
