% Model:              DipoleAxial_above2.mph
% Version:            COMSOL 6.2.0.290
% Date:               Jun 15 2025, 17:50
% Dimension:          1
% Nodes:              1001
% Expressions:        8
% Description:        Radiation pattern
% theta                   Far-field norm           Elevation angle          Far-field norm           Elevation angle          Far-field norm           Elevation angle          Far-field norm           Elevation angle
0                         0                        0                        0                        0                        0                        0                        0                        0
0.006283185307179587      9.188813958576087E-11    0.006283185307179587     3.036838268038114E-10    0.006283185307179587     8.063578416403687E-10    0.006283185307179587     2.2690765686521423E-9    0.006283185307179587
0.012566370614359173      6.604364154226285E-11    0.012566370614359173     2.1827022836838154E-10   0.012566370614359173     5.795614147647703E-10    0.012566370614359173     1.6308833995766656E-9    0.012566370614359173
0.01884955592153876       3.7135454148818503E-11   0.01884955592153876      1.2273069150338977E-10   0.01884955592153876      3.258810331244454E-10    0.01884955592153876      9.170224017104009E-10    0.01884955592153876
0.025132741228718346      7.755220098220214E-12    0.025132741228718346     2.5630885980012063E-11   0.025132741228718346     6.805572218440485E-11    0.025132741228718346     1.9151214644241758E-10   0.025132741228718346
0.031415926535897934      1.6960022844708242E-11   0.03141592653589793      5.6050768064615375E-11   0.03141592653589793      1.4882923667735775E-10   0.03141592653589793      4.187997751809367E-10    0.03141592653589793
0.03769911184307752       3.241018477834204E-11    0.037699111843077525     1.0711299948913005E-10   0.037699111843077525     2.844129368402667E-10    0.037699111843077525     8.003348251882419E-10    0.037699111843077525
0.0439822971502571        3.6289648597532594E-11   0.0439822971502571       1.1993492824039122E-10   0.0439822971502571       3.1845627318733766E-10   0.0439822971502571       8.961259147748772E-10    0.0439822971502571
0.05026548245743669       2.950791284501576E-11    0.05026548245743669      9.752189563387231E-11    0.05026548245743669      2.5894598739815906E-10   0.05026548245743669      7.286808221291296E-10    0.05026548245743669
0.05654866776461628       1.4926652945383527E-11   0.05654866776461628      4.9332949100963115E-11   0.05654866776461628      1.3098975170029695E-10   0.05654866776461628      3.685968084924012E-10    0.05654866776461628
0.06283185307179587       3.016047405810698E-12    0.06283185307179587      9.96722295128334E-12     0.06283185307179587      2.646486155048745E-11    0.06283185307179587      7.447076052245472E-11    0.06283185307179587
0.06911503837897544       1.762178300644409E-11    0.06911503837897544      5.823764414144586E-11    0.06911503837897544      1.546361723150371E-10    0.06911503837897544      4.3514715581945225E-10   0.06911503837897544
0.07539822368615504       2.601304725547203E-11    0.07539822368615504      8.597084843175381E-11    0.07539822368615504      2.2827484719838473E-10   0.07539822368615504      6.423516990231016E-10    0.07539822368615504
0.08168140899333463       2.6299595908725768E-11   0.08168140899333463      8.69189311750118E-11     0.08168140899333463      2.3079097776577207E-10   0.08168140899333463      6.494531744008158E-10    0.08168140899333463
0.0879645943005142        1.8448759829102747E-11   0.0879645943005142       6.097279026999814E-11    0.0879645943005142       1.618971337307325E-10    0.0879645943005142       4.555688925972551E-10    0.0879645943005142
0.09424777960769379       6.1256282943382596E-12   0.09424777960769379      2.024630490113139E-11    0.09424777960769379      5.37583735895882E-11     0.09424777960769379      1.5130261768293082E-10   0.09424777960769379
0.10053096491487339       8.524575637177813E-12    0.10053096491487339      2.8171647454648093E-11   0.10053096491487339      7.48042523781643E-11     0.10053096491487339      2.1049576474198833E-10   0.10053096491487339
0.10681415022205297       1.8612506779054217E-11   0.10681415022205297      6.151236416094638E-11    0.10681415022205297      1.6333078732559766E-10   0.10681415022205297      4.5959353864719513E-10   0.10681415022205297
0.11309733552923255       2.2927558010882693E-11   0.11309733552923255      7.577372896008387E-11    0.11309733552923255      2.0119820810645994E-10   0.11309733552923255      5.66183895629023E-10     0.11309733552923255
0.11938052083641214       1.957909568129271E-11    0.11938052083641214      6.470862977627158E-11    0.11938052083641214      1.7181715688055914E-10   0.11938052083641214      4.834769344003142E-10    0.11938052083641214
0.12566370614359174       1.0804227955076413E-11   0.12566370614359174      3.570869137531235E-11    0.12566370614359174      9.481369466758677E-11    0.12566370614359174      2.6683444876122374E-10   0.12566370614359174
0.13194689145077132       3.1952032461521067E-12   0.13194689145077132      1.0558778629849859E-11   0.13194689145077132      2.8036148544864933E-11   0.13194689145077132      7.886006866037172E-11    0.13194689145077132
0.13823007675795088       1.285549589559528E-11    0.1382300767579509       4.248542467701401E-11    0.1382300767579509       1.1281067957724228E-10   0.1382300767579509       3.1743373488795125E-10   0.1382300767579509
0.1445132620651305        1.9489459506433824E-11   0.1445132620651305       6.441060699521193E-11    0.1445132620651305       1.7102562096394286E-10   0.1445132620651305       4.812735290141379E-10    0.1445132620651305
0.15079644737231007       1.922403132214189E-11    0.15079644737231007      6.353472962970184E-11    0.15079644737231007      1.687010946090619E-10    0.15079644737231007      4.747077191476507E-10    0.15079644737231007
0.15707963267948966       1.3321798552822533E-11   0.15707963267948966      4.4029365866340555E-11   0.15707963267948966      1.1690607649989264E-10   0.15707963267948966      3.2900298146904365E-10   0.15707963267948966
0.16336281798666927       3.769462698087191E-12    0.16336281798666927      1.2458786777445362E-11   0.16336281798666927      3.3080939605290256E-11   0.16336281798666927      9.304228206688865E-11    0.16336281798666927
0.16964600329384882       8.767787367645186E-12    0.16964600329384882      2.897555421761913E-11    0.16964600329384882      7.693875484407173E-11    0.16964600329384882      2.164994892744412E-10    0.16964600329384882
0.1759291886010284        1.6503372741156093E-11   0.1759291886010284       5.4541322786681475E-11   0.1759291886010284       1.4482063850732413E-10   0.1759291886010284       4.0752519167984187E-10   0.1759291886010284
0.18221237390820802       1.817137482979361E-11    0.182212373908208        6.005562352577596E-11    0.182212373908208        1.5946257294060992E-10   0.182212373908208        4.487141350267824E-10    0.182212373908208
0.18849555921538758       1.4312095583842242E-11   0.18849555921538755      4.730196963025082E-11    0.18849555921538755      1.2559644586968228E-10   0.18849555921538755      3.5345323271750325E-10   0.18849555921538755
0.19477874452256716       5.6489728728909854E-12   0.19477874452256716      1.867135304344386E-11    0.19477874452256716      4.957600785846345E-11    0.19477874452256716      1.3946938506557731E-10   0.19477874452256716
0.20106192982974677       6.444755826515828E-12    0.20106192982974677      2.1298341178100085E-11   0.20106192982974677      5.655255763542076E-11    0.20106192982974677      1.5915231442027503E-10   0.20106192982974677
0.20734511513692636       1.4390071728227213E-11   0.20734511513692636      4.755635373372881E-11    0.20734511513692636      1.2627466582512173E-10   0.20734511513692636      3.5532599319646063E-10   0.20734511513692636
0.21362830044410594       1.702148838848339E-11    0.2136283004441059       5.625556981026267E-11    0.2136283004441059       1.4937157421071394E-10   0.2136283004441059       4.203249127136853E-10    0.2136283004441059
0.21991148575128552       1.4305091519202498E-11   0.2199114857512855       4.727818453954228E-11    0.2199114857512855       1.2553446687931609E-10   0.2199114857512855       3.532714616426293E-10    0.2199114857512855
0.2261946710584651        6.395847183554685E-12    0.2261946710584651       2.1140654545119103E-11   0.2261946710584651       5.613040807145544E-11    0.2261946710584651       1.57921504602382E-10     0.2261946710584651
0.2324778563656447        5.715247201974127E-12    0.2324778563656447       1.888815155089964E-11    0.2324778563656447       5.015153433119744E-11    0.2324778563656447       1.4116222001486482E-10   0.2324778563656447
0.23876104167282428       1.3348680071705024E-11   0.23876104167282428      4.4113817006839165E-11   0.23876104167282428      1.1713533173975566E-10   0.23876104167282428      3.295912936321591E-10    0.23876104167282428
0.24504422698000386       1.6096560327266577E-11   0.24504422698000386      5.3198937043104015E-11   0.24504422698000386      1.412543417043065E-10    0.24504422698000386      3.9749518807457603E-10   0.24504422698000386
0.25132741228718347       1.3598051000725304E-11   0.25132741228718347      4.494168106272135E-11    0.25132741228718347      1.1933028808112776E-10   0.25132741228718347      3.3580559977825867E-10   0.25132741228718347
0.257610597594363         6.01201803976E-12        0.25761059759436294      1.9872209948345848E-11   0.25761059759436294      5.2762590061662434E-11   0.25761059759436294      1.4844311585039058E-10   0.25761059759436294
0.26389378290154264       6.220522264532081E-12    0.26389378290154264      2.055788678603726E-11    0.26389378290154264      5.4584397565542324E-11   0.26389378290154264      1.536483530045584E-10    0.26389378290154264
0.2701769682087222        1.3338476277395967E-11   0.2701769682087222       4.407972036505552E-11    0.2701769682087222       1.1704543386812638E-10   0.2701769682087222       3.29324465996341E-10     0.2701769682087222
0.27646015351590175       1.53736760801008E-11     0.27646015351590175      5.081049796194619E-11    0.27646015351590175      1.3491109382553262E-10   0.27646015351590175      3.796576409677119E-10    0.27646015351590175
0.2827433388230814        1.2181457336187237E-11   0.2827433388230814       4.026018674567225E-11    0.2827433388230814       1.0690005038548602E-10   0.2827433388230814       3.008229865263222E-10    0.2827433388230814
0.289026524130261         4.807713608948509E-12    0.289026524130261        1.5891313915960297E-11   0.289026524130261        4.219212891068576E-11    0.289026524130261        1.1867828509695506E-10   0.289026524130261
0.29530970943744056       7.842257315702082E-12    0.29530970943744056      2.5917015411988544E-11   0.29530970943744056      6.881443127467186E-11    0.29530970943744056      1.93691161470136E-10     0.29530970943744056
0.30159289474462014       1.4039800080896797E-11   0.30159289474462014      4.639802212297072E-11    0.30159289474462014      1.23200966521999E-10     0.30159289474462014      3.466397348271682E-10    0.30159289474462014
0.3078760800517997        1.4421773636263887E-11   0.30787608005179967      4.766507138456857E-11    0.30787608005179967      1.265583534622108E-10    0.30787608005179967      3.5616237929961603E-10   0.30787608005179967
0.3141592653589793        9.778179311834628E-12    0.3141592653589793       3.2318200531998587E-11   0.3141592653589793       8.581134756108048E-11    0.3141592653589793       2.4148352820303236E-10   0.3141592653589793
0.3204424506661589        4.345854243732286E-12    0.3204424506661589       1.4361535982532578E-11   0.3204424506661589       3.813358501620843E-11    0.3204424506661589       1.072094801594278E-10    0.3204424506661589
0.32672563597333854       1.0448294201510425E-11   0.32672563597333854      3.452962405608435E-11    0.32672563597333854      9.168330214921058E-11    0.32672563597333854      2.5804329234893977E-10   0.32672563597333854
0.33300882128051806       1.4695156754263107E-11   0.33300882128051806      4.856449318103413E-11    0.33300882128051806      1.2895259679294643E-10   0.33300882128051806      3.6282303882526244E-10   0.33300882128051806
0.33929200658769765       1.2382206434182878E-11   0.33929200658769765      4.092593131229936E-11    0.33929200658769765      1.0866323221855846E-10   0.33929200658769765      3.0581172144626746E-10   0.33929200658769765
0.3455751918948773        6.403782567161041E-12    0.3455751918948773       2.116632169395465E-11    0.3455751918948773       5.619934467584955E-11    0.3455751918948773       1.5817967340567266E-10   0.3455751918948773
0.3518583772020568        7.28004457032131E-12     0.35185837720205687      2.4054918413847888E-11   0.35185837720205687      6.38754781341538E-11     0.35185837720205687      1.7964110802129308E-10   0.35185837720205687
0.3581415625092364        1.3182618555942394E-11   0.35814156250923634      4.356721997921807E-11    0.35814156250923634      1.1568047206633559E-10   0.35814156250923634      3.2557118340807106E-10   0.35814156250923634
0.36442474781641604       1.392115735553067E-11    0.3644247478164161       4.600812529067598E-11    0.3644247478164161       1.2216215062263992E-10   0.3644247478164161       3.437229980945664E-10    0.3644247478164161
0.37070793312359557       8.361588952479337E-12    0.37070793312359557      2.763906583219208E-11    0.37070793312359557      7.338401511299311E-11    0.37070793312359557      2.0652371299902025E-10   0.37070793312359557
0.37699111843077515       5.802010634603955E-12    0.37699111843077515      1.9173864992402115E-11   0.37699111843077515      5.091072229961571E-11    0.37699111843077515      1.4333182582272653E-10   0.37699111843077515
0.3832743037379548        1.1755478615586825E-11   0.3832743037379548       3.884576552728987E-11    0.3832743037379548       1.0314818350822636E-10   0.3832743037379548       2.901637898420269E-10    0.3832743037379548
0.3895574890451343        1.4026997918620034E-11   0.3895574890451343       4.63599478119061E-11     0.3895574890451343       1.2309531372438382E-10   0.3895574890451343       3.4644273935274327E-10   0.3895574890451343
0.39584067435231396       1.0116288974533138E-11   0.3958406743523139       3.3435175403975847E-11   0.3958406743523139       8.877525190087494E-11    0.3958406743523139       2.4979238409191285E-10   0.3958406743523139
0.40212385965949354       5.016099065900339E-12    0.40212385965949354      1.6576365499700494E-11   0.40212385965949354      4.401502471398204E-11    0.40212385965949354      1.2376313935065807E-10   0.40212385965949354
0.40840704496667307       1.0985637530760281E-11   0.40840704496667307      3.6303515502687655E-11   0.40840704496667307      9.639749705913307E-11    0.40840704496667307      2.7131809208940247E-10   0.40840704496667307
0.4146902302738527        1.3964135724235943E-11   0.4146902302738527       4.6147603932304285E-11   0.4146902302738527       1.2253326159466338E-10   0.4146902302738527       3.4473051207119005E-10   0.4146902302738527
0.4209734155810323        1.0398332992825686E-11   0.4209734155810323       3.437065541513311E-11    0.4209734155810323       9.125979237603395E-11    0.4209734155810323       2.5685359467596025E-10   0.4209734155810323
0.4272566008882119        5.8261306941928285E-12   0.4272566008882119       1.9252455594759078E-11   0.4272566008882119       5.112061609605608E-11    0.4272566008882119       1.4388879305812968E-10   0.4272566008882119
0.43353978619539146       1.0615931365202318E-11   0.43353978619539146      3.507735844561976E-11    0.43353978619539146      9.314299594395067E-11    0.43353978619539146      2.6198311796510473E-10   0.43353978619539146
0.43982297150257105       1.3974327000785508E-11   0.43982297150257105      4.6184651646432975E-11   0.43982297150257105      1.2263231742292936E-10   0.43982297150257105      3.451459178995802E-10    0.43982297150257105
0.44610615680975063       1.0148470548451779E-11   0.44610615680975063      3.353980115512921E-11    0.44610615680975063      8.905457785499308E-11    0.44610615680975063      2.505485387355482E-10    0.44610615680975063
0.4523893421169302        5.5829163198470615E-12   0.45238934211693016      1.8448308863680846E-11   0.45238934211693016      4.898580894679968E-11    0.45238934211693016      1.3775771225667155E-10   0.45238934211693016
0.4586725274241098        1.1766498304669368E-11   0.4586725274241098       3.8882139472106025E-11   0.4586725274241098       1.0324674814305483E-10   0.4586725274241098       2.905846948422619E-10    0.4586725274241098
0.4649557127312894        1.3509843736609457E-11   0.4649557127312894       4.464489966844162E-11    0.4649557127312894       1.1854415824037085E-10   0.4649557127312894       3.3348471152468755E-10   0.4649557127312894
0.47123889803846897       8.97278496495078E-12     0.4712388980384689       2.965933693559483E-11    0.4712388980384689       7.875084289604966E-11    0.4712388980384689       2.2165401300549244E-10   0.4712388980384689
0.47752208334564855       7.326755412626624E-12    0.4775220833456485       2.4206698785272702E-11   0.4775220833456485       6.427933173525103E-11    0.4775220833456485       1.809037198798781E-10    0.4775220833456485
0.48380526865282814       1.247297404183423E-11    0.48380526865282814      4.121343582007623E-11    0.48380526865282814      1.0943551503563178E-10   0.48380526865282814      3.078209247882731E-10    0.48380526865282814
0.4900884539600077        1.3084290997088743E-11   0.4900884539600077       4.324371865895588E-11    0.4900884539600077       1.1482295210524953E-10   0.4900884539600077       3.2317405167516593E-10   0.4900884539600077
0.49637163926718736       7.281702830596101E-12    0.49637163926718736      2.4061828286884787E-11   0.49637163926718736      6.389005914470752E-11    0.49637163926718736      1.7973558674278629E-10   0.49637163926718736
0.5026548245743669        8.921234912398727E-12    0.5026548245743669       2.947363499939368E-11    0.5026548245743669       7.826301105918791E-11    0.5026548245743669       2.2010063893408894E-10   0.5026548245743669
0.5089380098815465        1.4101291546161195E-11   0.5089380098815465       4.659870765026096E-11    0.5089380098815465       1.2373300438472814E-10   0.5089380098815465       3.4823077195464967E-10   0.5089380098815465
0.515221195188726         1.0624794278473316E-11   0.515221195188726        3.51113535516671E-11     0.515221195188726        9.32280035949399E-11     0.515221195188726        2.6225140088070083E-10   0.515221195188726
0.5215043804959058        6.4860364953656565E-12   0.5215043804959058       2.1429913116453688E-11   0.5215043804959058       5.690210376902333E-11    0.5215043804959058       1.600576829142983E-10    0.5215043804959058
0.5277875658030853        1.2725346967663967E-11   0.5277875658030853       4.204533091396504E-11    0.5277875658030853       1.1164243315649632E-10   0.5277875658030853       3.141864104477672E-10    0.5277875658030853
0.5340707511102648        1.2877815364281129E-11   0.5340707511102648       4.2554185334471763E-11   0.5340707511102648       1.1298954967339972E-10   0.5340707511102648       3.178357791709537E-10    0.5340707511102648
0.5403539364174444        7.779965387494374E-12    0.5403539364174444       2.5712073910809854E-11   0.5403539364174444       6.826755297582504E-11    0.5403539364174444       1.9213876717994967E-10   0.5403539364174444
0.546637121724624         1.0454834976985033E-11   0.546637121724624        3.453596833126043E-11    0.546637121724624        9.170360471541474E-11    0.546637121724624        2.580409299726819E-10    0.546637121724624
0.5529203070318035        1.354761907559419E-11    0.5529203070318035       4.476255668626747E-11    0.5529203070318035       1.1885344021393874E-10   0.5529203070318035       3.3431788560314513E-10   0.5529203070318035
0.5592034923389833        1.0273423164906917E-11   0.5592034923389831       3.395112578679442E-11    0.5592034923389831       9.014195922273557E-11    0.5592034923389831       2.537189406726804E-10    0.5592034923389831
0.5654866776461628        8.59914302463614E-12     0.5654866776461628       2.8398986350792327E-11   0.5654866776461628       7.540776182417156E-11    0.5654866776461628       2.1213385907614273E-10   0.5654866776461628
0.5717698629533423        1.3263614046163078E-11   0.5717698629533423       4.3817173356918767E-11   0.5717698629533423       1.1634479669622825E-10   0.5717698629533423       3.2724101167415405E-10   0.5717698629533423
0.578053048260522         1.2181438102118823E-11   0.578053048260522        4.025054988194264E-11    0.578053048260522        1.0686942069613506E-10   0.578053048260522        3.007717112785684E-10    0.578053048260522
0.5843362335677015        7.774597310699717E-12    0.5843362335677015       2.5669948207878497E-11   0.5843362335677015       6.816221145258341E-11    0.5843362335677015       1.9168136799206433E-10   0.5843362335677015
0.5906194188748811        1.2728109070990622E-11   0.5906194188748811       4.2039057388704625E-11   0.5906194188748811       1.116287736723019E-10    0.5906194188748811       3.139495818933766E-10    0.5906194188748811
0.5969026041820608        1.3331639946407455E-11   0.5969026041820606       4.404176007417829E-11    0.5969026041820606       1.1694071490048897E-10   0.5969026041820606       3.290691168592996E-10    0.5969026041820606
0.6031857894892403        7.749493244145294E-12    0.6031857894892403       2.5581101831828323E-11   0.6031857894892403       6.792987173669995E-11    0.6031857894892403       1.9096898758153726E-10   0.6031857894892403
0.6094689747964198        1.2409451313624998E-11   0.6094689747964198       4.09763506971197E-11     0.6094689747964198       1.0881519778512788E-10   0.6094689747964198       3.060028428520325E-10    0.6094689747964198
0.6157521601035995        1.3924014545029284E-11   0.6157521601035995       4.5987100792253015E-11   0.6157521601035995       1.2211451365299245E-10   0.6157521601035995       3.435693334937456E-10    0.6157521601035995
0.6220353454107791        7.986711023532821E-12    0.6220353454107791       2.635570860942318E-11    0.6220353454107791       6.999442586220719E-11    0.6220353454107791       1.9671956739598905E-10   0.6220353454107791
0.6283185307179586        1.2511317538586719E-11   0.6283185307179586       4.1302990043470296E-11   0.6283185307179586       1.0969194461892727E-10   0.6283185307179586       3.0843972728729976E-10   0.6283185307179586
0.6346017160251383        1.4123134096114802E-11   0.6346017160251383       4.663247049910318E-11    0.6346017160251383       1.2383795049495518E-10   0.6346017160251383       3.483538761924162E-10    0.6346017160251383
0.6408849013323178        8.205812628954019E-12    0.6408849013323178       2.70685567188088E-11     0.6408849013323178       7.189627798852659E-11    0.6408849013323178       2.0201882152950693E-10   0.6408849013323178
0.6471680866394973        1.3048294450589026E-11   0.6471680866394973       4.307044181377441E-11    0.6471680866394973       1.1438921614605894E-10   0.6471680866394973       3.216383229146482E-10    0.6471680866394973
0.6534512719466771        1.3945045537054863E-11   0.6534512719466771       4.6033113475600245E-11   0.6534512719466771       1.2225375166643162E-10   0.6534512719466771       3.438446417160472E-10    0.6534512719466771
0.6597344572538566        8.499360118675682E-12    0.6597344572538566       2.8031998102299836E-11   0.6597344572538566       7.445779182603667E-11    0.6597344572538566       2.092047700029903E-10    0.6597344572538566
0.6660176425610361        1.3897986168539563E-11   0.6660176425610361       4.5876153073676366E-11   0.6660176425610361       1.2183617578762162E-10   0.6660176425610361       3.4259360705837964E-10   0.6660176425610361
0.6723008278682158        1.327062491061092E-11    0.6723008278682158       4.379917394066556E-11    0.6723008278682158       1.1632043329939582E-10   0.6723008278682158       3.271294336576467E-10    0.6723008278682158
0.6785840131753953        9.313214593154858E-12    0.6785840131753953       3.07264645991057E-11     0.6785840131753953       8.160273168433911E-11    0.6785840131753953       2.293490845332815E-10    0.6785840131753953
0.6848671984825748        1.4748818322846238E-11   0.6848671984825748       4.869099848020797E-11    0.6848671984825748       1.2929928783863907E-10   0.6848671984825748       3.6361742401759754E-10   0.6848671984825748
0.6911503837897546        1.2019534358024843E-11   0.6911503837897546       3.9667075653194824E-11   0.6911503837897546       1.0533739500844797E-10   0.6911503837897546       2.9624376227435104E-10   0.6911503837897546
0.6974335690969341        1.1122960446698918E-11   0.6974335690969341       3.672163908210375E-11    0.6974335690969341       9.75075900726327E-11     0.6974335690969341       2.7418365302106497E-10   0.6974335690969341
0.7037167544041136        1.501112895940055E-11    0.7037167544041136       4.9565013262748034E-11   0.7037167544041136       1.3160645084980925E-10   0.7037167544041136       3.701362718210603E-10    0.7037167544041136
0.7099999397112933        1.0683275800425773E-11   0.7099999397112933       3.526338030108183E-11    0.7099999397112933       9.363041945945541E-11    0.7099999397112933       2.6335432600478204E-10   0.7099999397112933
0.7162831250184728        1.368873110969686E-11    0.7162831250184728       4.521336387115154E-11    0.7162831250184728       1.2004872604336778E-10   0.7162831250184728       3.3766395346455606E-10   0.7162831250184728
0.7225663103256524        1.3926991250724905E-11   0.7225663103256523       4.5989659317050714E-11   0.7225663103256523       1.2210449300040563E-10   0.7225663103256523       3.434032010785304E-10    0.7225663103256523
0.7288494956328321        1.1024103911597904E-11   0.7288494956328321       3.6410101574388285E-11   0.7288494956328321       9.667471702917464E-11    0.7288494956328321       2.7197870296453035E-10   0.7288494956328321
0.7351326809400116        1.5730554192565362E-11   0.7351326809400116       5.196509574398234E-11    0.7351326809400116       1.379809632933808E-10    0.7351326809400116       3.8812236060975036E-10   0.7351326809400116
0.7414158662471911        1.1419133605048468E-11   0.7414158662471911       3.7709188482550145E-11   0.7414158662471911       1.0012345340248921E-10   0.7414158662471911       2.815148942436595E-10    0.7414158662471911
0.7476990515543708        1.3971207323483404E-11   0.7476990515543707       4.615952412067526E-11    0.7476990515543707       1.2257612397273273E-10   0.7476990515543707       3.4486560253359064E-10   0.7476990515543707
0.7539822368615503        1.5511648459237294E-11   0.7539822368615503       5.1240014240511265E-11   0.7539822368615503       1.3606465953774314E-10   0.7539822368615503       3.827110407715712E-10    0.7539822368615503
0.7602654221687299        1.0511749654957844E-11   0.7602654221687299       3.4723706555347865E-11   0.7602654221687299       9.221488944034605E-11    0.7602654221687299       2.592782139827658E-10    0.7602654221687299
0.7665486074759096        1.6682072450027513E-11   0.7665486074759096       5.511573773206884E-11    0.7665486074759096       1.4636173134479922E-10   0.7665486074759096       4.1177854836407374E-10   0.7665486074759096
0.7728317927830891        1.2884092578615861E-11   0.7728317927830891       4.255865513126422E-11    0.7728317927830891       1.1301640430508197E-10   0.7728317927830891       3.1791990974235644E-10   0.7728317927830891
0.7791149780902686        1.4331654415913969E-11   0.7791149780902688       4.7357472563141976E-11   0.7791149780902688       1.2575763786366756E-10   0.7791149780902688       3.5381373269610593E-10   0.7791149780902688
0.7853981633974483        1.55501714362053E-11     0.7853981633974483       5.137046909705947E-11    0.7853981633974483       1.3640518388947071E-10   0.7853981633974483       3.837820430873225E-10    0.7853981633974483
0.7916813487046279        1.3132241118496623E-11   0.7916813487046279       4.3394386298348004E-11   0.7916813487046279       1.152250829716662E-10    0.7916813487046279       3.2438759428909595E-10   0.7916813487046279
0.7979645340118074        1.7033722926733943E-11   0.7979645340118074       5.6283337091218634E-11   0.7979645340118074       1.4944340210298005E-10   0.7979645340118074       4.2058203500341665E-10   0.7979645340118074
0.8042477193189871        1.2007567587926938E-11   0.8042477193189871       3.9670562633892645E-11   0.8042477193189871       1.0532939861200753E-10   0.8042477193189871       2.9645724461084105E-10   0.8042477193189871
0.8105309046261666        1.7460959938210463E-11   0.8105309046261666       5.770110279932137E-11    0.8105309046261666       1.5321426165424507E-10   0.8105309046261666       4.3137726142129343E-10   0.8105309046261666
0.8168140899333461        1.4240468838080035E-11   0.8168140899333461       4.704808098758394E-11    0.8168140899333461       1.2492601625881168E-10   0.8168140899333461       3.5168635524361275E-10   0.8168140899333461
0.8230972752405259        1.5421534843373158E-11   0.8230972752405259       5.0968955268568217E-11   0.8230972752405259       1.353632968963357E-10    0.8230972752405259       3.8101066310655036E-10   0.8230972752405259
0.8293804605477054        1.6568783507694844E-11   0.8293804605477055       5.4744336748645635E-11   0.8293804605477055       1.4538741911184192E-10   0.8293804605477055       4.0924695274682364E-10   0.8293804605477055
0.835663645854885         1.4683031665430817E-11   0.835663645854885        4.8541602199071976E-11   0.835663645854885        1.2894327052340578E-10   0.835663645854885        3.6297274266325883E-10   0.835663645854885
0.8419468311620646        1.7677342747359433E-11   0.8419468311620646       5.843090479831734E-11    0.8419468311620646       1.552044489863559E-10    0.8419468311620646       4.367309515771516E-10    0.8419468311620646
0.8482300164692441        1.3820836450429535E-11   0.8482300164692441       4.571419321004338E-11    0.8482300164692441       1.2144519703483332E-10   0.8482300164692441       3.417074235017561E-10    0.8482300164692441
0.8545132017764238        1.9142394559911726E-11   0.8545132017764238       6.33186631712953E-11     0.8545132017764238       1.6818635868514563E-10   0.8545132017764238       4.733018089552257E-10    0.8545132017764238
0.8607963870836034        1.3877223714864494E-11   0.8607963870836034       4.594455371842021E-11    0.8607963870836034       1.220405711625216E-10    0.8607963870836034       3.434268408215345E-10    0.8607963870836034
0.8670795723907829        1.8939426222291687E-11   0.8670795723907829       6.27033694244784E-11     0.8670795723907829       1.6652162328168578E-10   0.8670795723907829       4.686268091265848E-10    0.8670795723907829
0.8733627576979625        1.5615481211677095E-11   0.8733627576979625       5.1735338869766E-11      0.8733627576979625       1.3738627038615196E-10   0.8733627576979625       3.8673939549437514E-10   0.8733627576979625
0.8796459430051421        1.9506904036621297E-11   0.8796459430051421       6.46171972521979E-11     0.8796459430051421       1.7156649331131161E-10   0.8796459430051421       4.831082021897177E-10    0.8796459430051421
0.8859291283123216        1.5395910172336283E-11   0.8859291283123216       5.1038818897176224E-11   0.8859291283123216       1.3550269345688085E-10   0.8859291283123216       3.816170329950407E-10    0.8859291283123216
0.8922123136195013        1.9282630854652922E-11   0.8922123136195013       6.387022901628277E-11    0.8922123136195013       1.695641034267015E-10    0.8922123136195013       4.776252026353895E-10    0.8922123136195013
0.8984954989266809        1.791500253998096E-11    0.8984954989266809       5.93418093945446E-11     0.8984954989266809       1.5754298942750257E-10   0.8984954989266809       4.4391694918856013E-10   0.8984954989266809
0.9047786842338604        1.949728086372786E-11    0.9047786842338604       6.449939442669132E-11    0.9047786842338604       1.7124640737445185E-10   0.9047786842338604       4.824101559568348E-10    0.9047786842338604
0.91106186954104          1.666276469473864E-11    0.91106186954104         5.513393309307622E-11    0.91106186954104         1.4637552620620282E-10   0.91106186954104         4.1239920622514875E-10   0.91106186954104
0.9173450548482196        1.988021115822311E-11    0.9173450548482196       6.569279040459331E-11    0.9173450548482196       1.7441790183564469E-10   0.9173450548482196       4.911366402837644E-10    0.9173450548482196
0.9236282401553992        1.9401684692942643E-11   0.9236282401553992       6.409151241573471E-11    0.9236282401553992       1.701664665225064E-10    0.9236282401553992       4.791180430157893E-10    0.9236282401553992
0.9299114254625788        2.0727646462580085E-11   0.9299114254625788       6.841322604176394E-11    0.9299114254625788       1.8163356406504595E-10   0.9299114254625788       5.108123618204024E-10    0.9299114254625788
0.9361946107697584        1.7558771132964185E-11   0.9361946107697584       5.795359646132918E-11    0.9361946107697584       1.5383843381103263E-10   0.9361946107697584       4.324356642159192E-10    0.9361946107697584
0.9424777960769379        2.149938930234967E-11    0.9424777960769379       7.096818553189101E-11    0.9424777960769379       1.8837081854501606E-10   0.9424777960769379       5.292763782826159E-10    0.9424777960769379
0.9487609813841175        2.031672480849002E-11    0.9487609813841175       6.707148326833873E-11    0.9487609813841175       1.7799959605493087E-10   0.9487609813841175       4.999962301478454E-10    0.9487609813841175
0.9550441666912971        2.317228251540146E-11    0.9550441666912971       7.652114871360293E-11    0.9550441666912971       2.030812167097235E-10    0.9550441666912971       5.703565973057941E-10    0.9550441666912971
0.9613273519984767        1.8302290079327242E-11   0.9613273519984767       6.044366638638906E-11    0.9613273519984767       1.6036666564783035E-10   0.9613273519984767       4.500569927682453E-10    0.9613273519984767
0.9676105373056563        2.3264124455234247E-11   0.9676105373056563       7.685898877123949E-11    0.9676105373056563       2.0396110911665284E-10   0.9676105373056563       5.729812443613103E-10    0.9676105373056563
0.9738937226128359        2.039929842344874E-11    0.9738937226128359       6.740713370641292E-11    0.9738937226128359       1.788861494634976E-10    0.9738937226128359       5.027659497565501E-10    0.9738937226128359
0.9801769079200154        2.512648159692218E-11    0.9801769079200154       8.305100627074301E-11    0.9801769079200154       2.204908101885775E-10    0.9801769079200154       6.201905600445272E-10    0.9801769079200154
0.986460093227195         2.039245696587075E-11    0.986460093227195        6.743341355034618E-11    0.986460093227195        1.7911498247827336E-10   0.986460093227195        5.040114592474044E-10    0.986460093227195
0.9927432785343747        2.4519224469989197E-11   0.9927432785343747       8.110238650207165E-11    0.9927432785343747       2.1544777992910897E-10   0.9927432785343747       6.063555663382426E-10    0.9927432785343747
0.9990264638415542        2.285056346918077E-11    0.9990264638415542       7.559520603214651E-11    0.9990264638415542       2.009326751365562E-10    0.9990264638415542       5.657830727737779E-10    0.9990264638415542
1.0053096491487339        2.490535307267803E-11    1.0053096491487339       8.238885839909771E-11    1.0053096491487339       2.189866419154919E-10    1.0053096491487339       6.165236978532647E-10    1.0053096491487339
1.0115928344559133        2.52408412599718E-11     1.0115928344559133       8.340602229077727E-11    1.0115928344559133       2.2173352730035943E-10   1.0115928344559133       6.241683997368753E-10    1.0115928344559133
1.017876019763093         2.3833380240455985E-11   1.017876019763093        7.869500428270827E-11    1.017876019763093        2.0919692622001798E-10   1.017876019763093        5.886970232544819E-10    1.017876019763093
1.0241592050702726        2.7737535184314114E-11   1.0241592050702726       9.144591771824058E-11    1.0241592050702726       2.430269732780287E-10    1.0241592050702726       6.839549892798326E-10    1.0241592050702726
1.030442390377452         2.387899781975287E-11    1.030442390377452        7.859380783633321E-11    1.030442390377452        2.0886197057419557E-10   1.030442390377452        5.878909488072001E-10    1.030442390377452
1.0367255756846316        2.8288861314770546E-11   1.0367255756846316       9.311549847610626E-11    1.0367255756846316       2.4739404537173795E-10   1.0367255756846316       6.964137346713824E-10    1.0367255756846316
1.0430087609918115        2.6089193648347605E-11   1.0430087609918115       8.58727859828556E-11     1.0430087609918115       2.2816162017827324E-10   1.0430087609918115       6.424962023638231E-10    1.0430087609918115
1.049291946298991         2.8450212151014657E-11   1.049291946298991        9.373699582677687E-11    1.049291946298991        2.490534436756707E-10    1.049291946298991        7.014258416415999E-10    1.049291946298991
1.0555751316061706        2.997290695463972E-11    1.0555751316061706       9.894291491265079E-11    1.0555751316061706       2.6291437157402353E-10   1.0555751316061706       7.407007788952494E-10    1.0555751316061706
1.0618583169133502        2.6526432586638707E-11   1.0618583169133502       8.765836839330598E-11    1.0618583169133502       2.329775808845849E-10    1.0618583169133502       6.565046548010036E-10    1.0618583169133502
1.0681415022205296        3.104984346715301E-11    1.0681415022205296       1.0271175385348432E-10   1.0681415022205296       2.7297740051666034E-10   1.0681415022205296       7.690332111674695E-10    1.0681415022205296
1.0744246875277093        2.9125507605510346E-11   1.0744246875277093       9.642717115304982E-11    1.0744246875277093       2.5630465353354277E-10   1.0744246875277093       7.220044028318481E-10    1.0744246875277093
1.080707872834889         3.178925354887458E-11    1.080707872834889        1.0523788966372951E-10   1.080707872834889        2.7969803909016583E-10   1.080707872834889        7.877993886184047E-10    1.080707872834889
1.0869910581420683        3.34027446166222E-11     1.0869910581420683       1.105241863114364E-10    1.0869910581420683       2.936667484719648E-10    1.0869910581420683       8.269676814311327E-10    1.0869910581420683
1.093274243449248         2.917475446008007E-11    1.093274243449248        9.645685934231966E-11    1.093274243449248        2.562410172560934E-10    1.093274243449248        7.215667744316231E-10    1.093274243449248
1.0995574287564276        3.3355857803347744E-11   1.0995574287564276       1.1015114883983291E-10   1.0995574287564276       2.925183903140367E-10    1.0995574287564276       8.235760409640705E-10    1.0995574287564276
1.105840614063607         3.363544000938062E-11    1.105840614063607        1.109278798544483E-10    1.105840614063607        2.944696815629338E-10    1.105840614063607        8.287505230584111E-10    1.105840614063607
1.1121237993707869        3.442044804446587E-11    1.1121237993707869       1.1345352677759581E-10   1.1121237993707869       3.011218171752916E-10    1.1121237993707869       8.472089395944054E-10    1.1121237993707869
1.1184069846779665        3.88564709376493E-11     1.1184069846779665       1.2816705376416933E-10   1.1184069846779665       3.4017671968219884E-10   1.1184069846779665       9.565124910032414E-10    1.1184069846779665
1.124690169985146         3.54637540008488E-11     1.124690169985146        1.1714187704991196E-10   1.124690169985146        3.1097020782090323E-10   1.124690169985146        8.73693406709373E-10     1.124690169985146
1.1309733552923256        3.5762657651275515E-11   1.1309733552923256       1.1829303554279373E-10   1.1309733552923256       3.141093299126693E-10    1.1309733552923256       8.82193288892199E-10     1.1309733552923256
1.1372565405995052        3.9800913638903705E-11   1.1372565405995052       1.3183598879473987E-10   1.1372565405995052       3.502223562999582E-10    1.1372565405995052       9.837287501261656E-10    1.1372565405995052
1.1435397259066846        3.847881240471817E-11    1.1435397259066846       1.2756351244809104E-10   1.1435397259066846       3.3901614248477767E-10   1.1435397259066846       9.525424955640075E-10    1.1435397259066846
1.1498229112138643        4.1562029665140995E-11   1.1498229112138643       1.37748495124654E-10     1.1498229112138643       3.6613448273032174E-10   1.1498229112138643       1.0294388413637668E-9    1.1498229112138643
1.156106096521044         4.4557265617445767E-11   1.156106096521044        1.4753009393965802E-10   1.156106096521044        3.9212401952793915E-10   1.156106096521044        1.1034942623368949E-9    1.156106096521044
1.1623892818282233        4.1354003357487197E-11   1.1623892818282233       1.3675942497971327E-10   1.1623892818282233       3.634699473066676E-10    1.1623892818282233       1.0235120864730933E-9    1.1623892818282233
1.168672467135403         4.3120796232879935E-11   1.168672467135403        1.4242383855730675E-10   1.168672467135403        3.7844992386495563E-10   1.168672467135403        1.06592095579129E-9      1.168672467135403
1.1749556524425828        4.7221651058558697E-11   1.1749556524425828       1.557588419861147E-10    1.1749556524425828       4.138022351036007E-10    1.1749556524425828       1.165452907007818E-9     1.1749556524425828
1.1812388377497622        4.618142391883853E-11    1.1812388377497622       1.5221765181729897E-10   1.1812388377497622       4.04381503665168E-10     1.1812388377497622       1.138633182315461E-9     1.1812388377497622
1.1875220230569419        4.812673712323395E-11    1.1875220230569419       1.586988974645282E-10    1.1875220230569419       4.216019588681566E-10    1.1875220230569419       1.1866725061945312E-9    1.1875220230569419
1.1938052083641215        5.275520747760017E-11    1.1938052083641215       1.7415952053188435E-10   1.1938052083641215       4.626441872051836E-10    1.1938052083641215       1.301643580495813E-9     1.1938052083641215
1.200088393671301         5.215655774258835E-11    1.200088393671301        1.7234093733589958E-10   1.200088393671301        4.5777418277373493E-10   1.200088393671301        1.2874407751313922E-9    1.200088393671301
1.2063715789784806        5.202724034163558E-11    1.2063715789784806       1.7194979634750765E-10   1.2063715789784806       4.567012936995636E-10    1.2063715789784806       1.2840443556713711E-9    1.2063715789784806
1.2126547642856602        5.699901145237224E-11    1.2126547642856602       1.8831311596036449E-10   1.2126547642856602       5.001374770379942E-10    1.2126547642856602       1.4059551290926312E-9    1.2126547642856602
1.2189379495928396        5.89888016697544E-11     1.2189379495928396       1.9479071385815754E-10   1.2189379495928396       5.173585311290539E-10    1.2189379495928396       1.454233580630509E-9     1.2189379495928396
1.2252211349000193        5.754748582032179E-11    1.2252211349000193       1.8999816502264328E-10   1.2252211349000193       5.04654859492462E-10     1.2252211349000193       1.418559872534433E-9     1.2252211349000193
1.231504320207199         6.023146506744254E-11    1.231504320207199        1.9891246879535935E-10   1.231504320207199        5.282976780726757E-10    1.231504320207199        1.485486848318271E-9     1.231504320207199
1.2377875055143783        6.498021805507795E-11    1.2377875055143783       2.1468719519645739E-10   1.2377875055143783       5.701112210845736E-10    1.2377875055143783       1.6040609691581679E-9    1.2377875055143783
1.2440706908215582        6.60940219937637E-11     1.2440706908215582       2.184297674632852E-10    1.2440706908215582       5.800206481644906E-10    1.2440706908215582       1.6330184625932825E-9    1.2440706908215582
1.2503538761287378        6.70976179371181E-11     1.2503538761287378       2.217510822235422E-10    1.2503538761287378       5.889395209601899E-10    1.2503538761287378       1.6587524718714007E-9    1.2503538761287378
1.2566370614359172        7.231172511054135E-11    1.2566370614359172       2.389025113782162E-10    1.2566370614359172       6.347441269377973E-10    1.2566370614359172       1.787669068855297E-9     1.2566370614359172
1.2629202467430969        7.705673056849886E-11    1.2629202467430969       2.543894502015467E-10    1.2629202467430969       6.76266487018111E-10     1.2629202467430969       1.903756738206706E-9     1.2629202467430969
1.2692034320502765        7.752259080256196E-11    1.2692034320502765       2.557015727460045E-10    1.2692034320502765       6.801123375409505E-10    1.2692034320502765       1.913323887012436E-9     1.2692034320502765
1.275486617357456         7.782833474296795E-11    1.275486617357456        2.565851072627742E-10    1.275486617357456        6.826447632055151E-10    1.275486617357456        1.9194346948005876E-9    1.275486617357456
1.2817698026646356        8.239671653950689E-11    1.2817698026646356       2.7171172401555567E-10   1.2817698026646356       7.22788714592179E-10     1.2817698026646356       2.0321821710881303E-9    1.2817698026646356
1.2880529879718152        8.83258638975259E-11     1.2880529879718152       2.9147657299878024E-10   1.2880529879718152       7.750264876775876E-10    1.2880529879718152       2.1801119384082818E-9    1.2880529879718152
1.2943361732789946        9.182428744236822E-11    1.2943361732789946       3.03251095890886E-10     1.2943361732789946       8.059575801986821E-10    1.2943361732789946       2.2688822550725122E-9    1.2943361732789946
1.3006193585861743        9.46121977784427E-11     1.3006193585861743       3.126267313583748E-10    1.3006193585861743       8.30658827338551E-10     1.3006193585861743       2.3399571718295377E-9    1.3006193585861743
1.3069025438933541        1.0018823309282282E-10   1.3069025438933541       3.311359961272388E-10    1.3069025438933541       8.79832629489472E-10     1.3069025438933541       2.479116431146098E-9     1.3069025438933541
1.3131857292005336        1.0759571535702945E-10   1.3131857292005336       3.555569338326448E-10    1.3131857292005336       9.448196846439705E-10    1.3131857292005336       2.661895432603095E-9     1.3131857292005336
1.3194689145077132        1.1317698999293502E-10   1.3194689145077132       3.7373540463246876E-10   1.3194689145077132       9.93160416779833E-10     1.3194689145077132       2.7973325079841502E-9    1.3194689145077132
1.3257520998148928        1.1613192702708567E-10   1.3257520998148928       3.831384478766757E-10    1.3257520998148928       1.018030715546798E-9     1.3257520998148928       2.8669630745990767E-9    1.3257520998148928
1.3320352851220723        1.1944537505083843E-10   1.3320352851220723       3.9389226937105467E-10   1.3320352851220723       1.046378830752001E-9     1.3320352851220723       2.9470813142501466E-9    1.3320352851220723
1.338318470429252         1.2597465185305418E-10   1.338318470429252        4.156327270512101E-10    1.338318470429252        1.1038541814620065E-9    1.338318470429252        3.109762246121674E-9     1.338318470429252
1.3446016557364315        1.3499482472302406E-10   1.3446016557364315       4.4595780070169576E-10   1.3446016557364315       1.1840706646678318E-9    1.3446016557364315       3.3364603726268366E-9    1.3446016557364315
1.350884841043611         1.4377078351200904E-10   1.350884841043611        4.755912258174404E-10    1.350884841043611        1.2624008581848845E-9    1.350884841043611        3.5570497901686046E-9    1.350884841043611
1.3571680263507906        1.5108493432872507E-10   1.3571680263507906       5.001882087726937E-10    1.3571680263507906       1.3273687186093886E-9    1.3571680263507906       3.7388146838956745E-9    1.3571680263507906
1.3634512116579702        1.5827632725616675E-10   1.3634512116579702       5.240039673395906E-10    1.3634512116579702       1.3903411131946565E-9    1.3634512116579702       3.914185425277886E-9     1.3634512116579702
1.3697343969651496        1.6747576492530358E-10   1.3697343969651496       5.54150267541842E-10     1.3697343969651496       1.4702452866458859E-9    1.3697343969651496       4.1373363240810455E-9    1.3697343969651496
1.3760175822723295        1.793114098819884E-10    1.3760175822723295       5.929544418199036E-10    1.3760175822723295       1.5733064106923822E-9    1.3760175822723295       4.426467408882168E-9     1.3760175822723295
1.3823007675795091        1.9255646649924038E-10   1.3823007675795091       6.366221878304491E-10    1.3823007675795091       1.689458113141395E-9     1.3823007675795091       4.7534233906543014E-9    1.3823007675795091
1.3885839528866886        2.0569552201641502E-10   1.3885839528866886       6.801764146304236E-10    1.3885839528866886       1.8053539977106207E-9    1.3885839528866886       5.080463631425179E-9     1.3885839528866886
1.3948671381938682        2.1842331064873192E-10   1.3948671381938682       7.22389455175654E-10     1.3948671381938682       1.917517306715423E-9     1.3948671381938682       5.397436822580637E-9     1.3948671381938682
1.4011503235010478        2.3180309971030302E-10   1.4011503235010478       7.665905462929057E-10    1.4011503235010478       2.0347055069929805E-9    1.4011503235010478       5.728451496058386E-9     1.4011503235010478
1.4074335088082273        2.4734720280317635E-10   1.4074335088082273       8.17813342241487E-10     1.4074335088082273       2.170426691617721E-9     1.4074335088082273       6.111047143691417E-9     1.4074335088082273
1.413716694115407         2.660069097065901E-10    1.413716694115407        8.793145175026484E-10    1.413716694115407        2.3335646444400586E-9    1.413716694115407        6.570142510861015E-9     1.413716694115407
1.4199998794225865        2.8777568621698376E-10   1.4199998794225865       9.510793014514883E-10    1.4199998794225865       2.5242587084977436E-9    1.4199998794225865       7.106270614652209E-9     1.4199998794225865
1.426283064729766         3.119676316218018E-10    1.426283064729766        1.0307921282135578E-9    1.426283064729766        2.736375042560686E-9     1.426283064729766        7.702219215147736E-9     1.426283064729766
1.4325662500369456        3.378721737398127E-10    1.4325662500369456       1.1161497901855745E-9    1.4325662500369456       2.9635509987825395E-9    1.4325662500369456       8.340443684426186E-9     1.4325662500369456
1.4388494353441252        3.6533001229839755E-10   1.4388494353441252       1.2067632059624838E-9    1.4388494353441252       3.2043620070976908E-9    1.4388494353441252       9.01792684652294E-9      1.4388494353441252
1.4451326206513049        3.9482523192065886E-10   1.4451326206513049       1.3043363685599292E-9    1.4451326206513049       3.463222228714111E-9     1.4451326206513049       9.747617420263931E-9     1.4451326206513049
1.4514158059584845        4.272330946030256E-10    1.4514158059584845       1.4117431538469028E-9    1.4514158059584845       3.7481294722827996E-9    1.4514158059584845       1.0551037227060127E-8    1.4514158059584845
1.4576989912656642        4.636419822831801E-10    1.4576989912656642       1.5324072156111684E-9    1.4576989912656642       4.0685999839192025E-9    1.4576989912656642       1.1453607940886302E-8    1.4576989912656642
1.4639821765728436        5.051727560061932E-10    1.4639821765728436       1.6697667863291593E-9    1.4639821765728436       4.433796278250682E-9     1.4639821765728436       1.2481065500427428E-8    1.4639821765728436
1.4702653618800232        5.526303082046203E-10    1.4702653618800232       1.8263713324348147E-9    1.4702653618800232       4.850223148120799E-9     1.4702653618800232       1.3652587488587401E-8    1.4702653618800232
1.4765485471872029        6.064035748537584E-10    1.4765485471872029       2.00374420766754E-9      1.4765485471872029       5.321677921116906E-9     1.4765485471872029       1.4979418302116107E-8    1.4765485471872029
1.4828317324943823        6.668449212095742E-10    1.4828317324943823       2.2033662119842622E-9    1.4828317324943823       5.8519773880552864E-9    1.4828317324943823       1.6472526728490282E-8    1.4828317324943823
1.489114917801562         7.34557826280854E-10     1.489114917801562        2.4271929911376886E-9    1.489114917801562        6.446316253962159E-9     1.489114917801562        1.814650526820995E-8     1.489114917801562
1.4953981031087415        8.102511863097614E-10    1.4953981031087415       2.6773065745396755E-9    1.4953981031087415       7.110292546660436E-9     1.4953981031087415       2.001620218700516E-8     1.4953981031087415
1.501681288415921         8.946340581590473E-10    1.501681288415921        2.9560228750290555E-9    1.501681288415921        7.850211017750414E-9     1.501681288415921        2.209805823141281E-8     1.501681288415921
1.5079644737231006        9.885774666121464E-10    1.5079644737231006       3.266370320168078E-9     1.5079644737231006       8.674463579813613E-9     1.5079644737231006       2.4415538066307867E-8    1.5079644737231006
1.5142476590302805        1.0931458600575414E-9    1.5142476590302805       3.6118938347136138E-9    1.5142476590302805       9.592792009769925E-9     1.5142476590302805       2.6997186951383217E-8    1.5142476590302805
1.5205308443374599        1.2094927024872047E-9    1.5205308443374599       3.996430513096362E-9     1.5205308443374599       1.0615189302049353E-8    1.5205308443374599       2.987222829933829E-8     1.5205308443374599
1.5268140296446395        1.3389721658703646E-9    1.5268140296446395       4.4245474186431865E-9    1.5268140296446395       1.1753112789705933E-8    1.5268140296446395       3.307341766552705E-8     1.5268140296446395
1.5330972149518192        1.4831915056370485E-9    1.5330972149518192       4.9014092107150115E-9    1.5330972149518192       1.3019697465458707E-8    1.5330972149518192       3.663805531141687E-8     1.5330972149518192
1.5393804002589986        1.6436503922473293E-9    1.5393804002589986       5.4317053713472095E-9    1.5393804002589986       1.4427190057151361E-8    1.5393804002589986       4.060070449451156E-8     1.5393804002589986
1.5456635855661782        1.8214548235832158E-9    1.5456635855661782       6.019213167414756E-9     1.5456635855661782       1.5985962517805775E-8    1.5456635855661782       4.498983491466012E-8     1.5456635855661782
1.5519467708733579        2.0174867808255626E-9    1.5519467708733579       6.667187343313611E-9     1.5519467708733579       1.770560801340657E-8     1.5519467708733579       4.98311689664523E-8      1.5519467708733579
1.5582299561805373        2.2326508805128622E-9    1.5582299561805373       7.3785949218678845E-9    1.5582299561805373       1.959466411335843E-8     1.5582299561805373       5.5148122264536275E-8    1.5582299561805373
1.564513141487717         2.4679454498070665E-9    1.564513141487717        8.156456799730644E-9     1.564513141487717        2.1660679884873795E-8    1.564513141487717        6.096241539846916E-8     1.564513141487717
1.5707963267948966        2.7243063820015075E-9    1.5707963267948966       9.003776423698042E-9     1.5707963267948966       2.3910957673092036E-8    1.5707963267948966       6.729516379741706E-8     1.5707963267948966
1.5770795121020762        3.0021908475646287E-9    1.5770795121020762       9.922084567281172E-9     1.5770795121020762       2.634973081719791E-8     1.5770795121020762       7.41583758097036E-8      1.5770795121020762
1.5833626974092558        3.301383411786277E-9     1.5833626974092558       1.0910560515524431E-8    1.5833626974092558       2.897503556906439E-8     1.5833626974092558       8.154698219286412E-8     1.5833626974092558
1.5896458827164355        3.6211006146567173E-9    1.5896458827164355       1.196659529370004E-8     1.5896458827164355       3.177943649393759E-8     1.5896458827164355       8.944093638896118E-8     1.5896458827164355
1.595929068023615         3.959715994806363E-9     1.595929068023615        1.308517342978605E-8     1.595929068023615        3.474911510428333E-8     1.595929068023615        9.780080519980336E-8     1.595929068023615
1.6022122533307945        4.314494862910155E-9     1.6022122533307945       1.4257693856145087E-8    1.6022122533307945       3.786143683493879E-8     1.6022122533307945       1.0656073639864285E-7    1.6022122533307945
1.6084954386379742        4.681987657851702E-9     1.6084954386379742       1.547272809368303E-8     1.6084954386379742       4.10866689784824E-8      1.6084954386379742       1.1563645076149044E-7    1.6084954386379742
1.6147786239451536        5.058100425291589E-9     1.6147786239451536       1.6716389306087774E-8    1.6147786239451536       4.438823824708735E-8     1.6147786239451536       1.2492708161182272E-7    1.6147786239451536
1.6210618092523332        5.437367024480969E-9     1.6210618092523332       1.7970350513231286E-8    1.6210618092523332       4.771736145999455E-8     1.6210618092523332       1.3429677167006184E-7    1.6210618092523332
1.6273449945595129        5.812523434364797E-9     1.6273449945595129       1.9210312098178902E-8    1.6273449945595129       5.100984569490864E-8     1.6273449945595129       1.4356358826826125E-7    1.6273449945595129
1.6336281798666923        6.174692769000615E-9     1.6336281798666923       2.040673851713081E-8     1.6336281798666923       5.41877933418548E-8      1.6336281798666923       1.5250614564572413E-7    1.6336281798666923
1.639911365173872         6.513655180643404E-9     1.639911365173872        2.15262577385538E-8      1.639911365173872        5.716173945062586E-8     1.639911365173872        1.608723907822811E-7     1.639911365173872
1.6461945504810518        6.818138354018804E-9     1.6461945504810518       2.253211332066522E-8     1.6461945504810518       5.983272286036762E-8     1.6461945504810518       1.683860347807573E-7     1.6461945504810518
1.6524777357882312        7.076041327992468E-9     1.6524777357882312       2.338428051899483E-8     1.6524777357882312       6.209489601598036E-8     1.6524777357882312       1.7475063767672973E-7    1.6524777357882312
1.6587609210954108        7.27443286509586E-9      1.6587609210954108       2.404007132470625E-8     1.6587609210954108       6.383626348611728E-8     1.6587609210954108       1.7964861027765828E-7    1.6587609210954108
1.6650441064025905        7.399672772435846E-9     1.6650441064025905       2.4454658010416186E-8    1.6650441064025905       6.493804307162117E-8     1.6650441064025905       1.827424598780663E-7     1.6650441064025905
1.67132729170977          7.438160399349915E-9     1.67132729170977         2.458278177831861E-8     1.67132729170977         6.527938317485469E-8     1.67132729170977         1.836927721600354E-7     1.67132729170977
1.6776104770169495        7.3775585215857254E-9    1.6776104770169495       2.4382991353689094E-8    1.6776104770169495       6.474968039641893E-8     1.6776104770169495       1.821912068766359E-7     1.6776104770169495
1.6838936623241292        7.207710629430897E-9     1.6838936623241292       2.382140889794904E-8     1.6838936623241292       6.325938015711375E-8     1.6838936623241292       1.7798637259407417E-7    1.6838936623241292
1.6901768476313086        6.9211177397820975E-9    1.6901768476313086       2.2873540357461078E-8    1.6901768476313086       6.07441766184208E-8      1.6901768476313086       1.7089616879872179E-7    1.6901768476313086
1.6964600329384882        6.513749454040975E-9     1.6964600329384882       2.1526762083747218E-8    1.6964600329384882       5.7169935638969995E-8    1.6964600329384882       1.608245618909088E-7     1.6964600329384882
1.7027432182456679        5.986292157745049E-9     1.7027432182456679       1.9783628922218395E-8    1.7027432182456679       5.2542367071706404E-8    1.7027432182456679       1.4778797921741494E-7    1.7027432182456679
1.7090264035528475        5.345024214362862E-9     1.7090264035528475       1.766440830175954E-8     1.7090264035528475       4.691560943947564E-8     1.7090264035528475       1.3193831369072964E-7    1.7090264035528475
1.7153095888600272        4.601959665822571E-9     1.7153095888600272       1.5208484388505543E-8    1.7153095888600272       4.039492670853856E-8     1.7153095888600272       1.1357206135658547E-7    1.7153095888600272
1.7215927741672068        3.774577978969403E-9     1.7215927741672068       1.2473844342234752E-8    1.7215927741672068       3.313440177153519E-8     1.7215927741672068       9.312338460167631E-8     1.7215927741672068
1.7278759594743862        2.885307626958247E-9     1.7278759594743862       9.534738250717037E-9     1.7278759594743862       2.533125253539264E-8     1.7278759594743862       7.114701682209699E-8     1.7278759594743862
1.7341591447815659        1.9604356377928546E-9    1.7341591447815659       6.478003660385578E-9     1.7341591447815659       1.7215537696523188E-8    1.7341591447815659       4.8291854423891266E-8    1.7341591447815659
1.7404423300887455        1.0287495274272253E-9    1.7404423300887455       3.398861484141245E-9     1.7404423300887455       9.03900557056823E-9      1.7404423300887455       2.5269899462543793E-8    1.7404423300887455
1.746725515395925         1.4848298113497406E-10   1.746725515395925        4.904837142505675E-10    1.746725515395925        1.3097493165765859E-9    1.746725515395925        3.5522817093634606E-9    1.746725515395925
1.7530087007031045        7.737204197068963E-10    1.7530087007031045       2.557943282519402E-9     1.7530087007031045       6.781347744149982E-9     1.7530087007031045       1.9260100725764965E-8    1.7530087007031045
1.7592918860102842        1.589454213243156E-9     1.7592918860102842       5.253572083039939E-9     1.7592918860102842       1.3941433825139392E-8    1.7592918860102842       3.94167499334514E-8      1.7592918860102842
1.7655750713174636        2.3476816452795665E-9    1.7655750713174636       7.759440458933216E-9     1.7655750713174636       2.0597102723601055E-8    1.7655750713174636       5.8150819226463795E-8    1.7655750713174636
1.7718582566246432        3.052582738888025E-9     1.7718582566246432       1.0089293572172365E-8    1.7718582566246432       2.6784883981116553E-8    1.7718582566246432       7.55656572730017E-8      1.7718582566246432
1.778141441931823         3.717336279192888E-9     1.778141441931823        1.228615503740746E-8     1.778141441931823        3.261974984694163E-8     1.778141441931823        9.198705014712401E-8     1.778141441931823
1.7844246272390025        4.35744851581528E-9      1.7844246272390025       1.4401036243142643E-8    1.7844246272390025       3.823758132393581E-8     1.7844246272390025       1.0779929727038038E-7    1.7844246272390025
1.7907078125461822        4.983028159583674E-9     1.7907078125461822       1.6467913812068437E-8    1.7907078125461822       4.372787008421929E-8     1.7907078125461822       1.232522966847572E-7     1.7907078125461822
1.7969909978533618        5.591847035202501E-9     1.7969909978533618       1.847988408010981E-8     1.7969909978533618       4.907142608142491E-8     1.7969909978533618       1.3828814941672643E-7    1.7969909978533618
1.8032741831605412        6.1670438823774934E-9    1.8032741831605412       2.038084448203527E-8     1.8032741831605412       5.4119581786462534E-8    1.8032741831605412       1.5248691912404425E-7    1.8032741831605412
1.8095573684677209        6.68061150605726E-9      1.8095573684677209       2.2077856399059275E-8    1.8095573684677209       5.86264150271826E-8      1.8095573684677209       1.651577865714344E-7     1.8095573684677209
1.8158405537749005        7.1008861586775914E-9    1.8158405537749005       2.3466467895567564E-8    1.8158405537749005       6.231492519115174E-8     1.8158405537749005       1.7552358055969906E-7    1.8158405537749005
1.82212373908208          7.401757958926099E-9     1.82212373908208         2.446056944970621E-8     1.82212373908208         6.495616588351723E-8     1.82212373908208         1.8294188487900156E-7    1.82212373908208
1.8284069243892596        7.571021311725584E-9     1.8284069243892596       2.5019869163280066E-8    1.8284069243892596       6.644225696229402E-8     1.8284069243892596       1.8710881147494446E-7    1.8284069243892596
1.8346901096964392        7.614753046024498E-9     1.8346901096964392       2.5164538990938983E-8    1.8346901096964392       6.682624217283809E-8     1.8346901096964392       1.881717361647126E-7     1.8346901096964392
1.8409732950036186        7.555408442689061E-9     1.8409732950036186       2.496868560247365E-8     1.8409732950036186       6.630574278479899E-8     1.8409732950036186       1.866855594609898E-7     1.8409732950036186
1.8472564803107985        7.423238822373622E-9     1.8472564803107985       2.4532122612101312E-8    1.8472564803107985       6.514671114469843E-8     1.8472564803107985       1.8339905945145357E-7    1.8472564803107985
1.8535396656179781        7.243254861449623E-9     1.8535396656179781       2.3937459835440258E-8    1.8535396656179781       6.356829807845587E-8     1.8535396656179781       1.789307465542319E-7     1.8535396656179781
1.8598228509251575        7.0230257052747945E-9    1.8598228509251575       2.320960852835094E-8     1.8598228509251575       6.163621303069432E-8     1.8598228509251575       1.7346792383328053E-7    1.8598228509251575
1.8661060362323372        6.748551950775609E-9     1.8661060362323372       2.2302319684232704E-8    1.8661060362323372       5.922766836356782E-8     1.8661060362323372       1.6666625987906353E-7    1.8661060362323372
1.8723892215395168        6.392622215975701E-9     1.8723892215395168       2.1125846503750317E-8    1.8723892215395168       5.6104621979561615E-8    1.8723892215395168       1.57854210073854E-7      1.8723892215395168
1.8786724068466962        5.931831705872572E-9     1.8786724068466962       1.9602782861957635E-8    1.8786724068466962       5.206168499739864E-8     1.8786724068466962       1.464505799148269E-7     1.8786724068466962
1.8849555921538759        5.3624632286333994E-9    1.8849555921538759       1.7720683597894328E-8    1.8849555921538759       4.706546705393549E-8     1.8849555921538759       1.3236132251324625E-7    1.8849555921538759
1.8912387774610555        4.706702672916459E-9     1.8912387774610555       1.555303874407821E-8     1.8912387774610555       4.1310583380711896E-8    1.8912387774610555       1.1613722348253886E-7    1.8912387774610555
1.897521962768235         4.0050174042448046E-9    1.897521962768235        1.3233975140620957E-8    1.897521962768235        3.515287902973408E-8     1.897521962768235        9.878100240745363E-8     1.897521962768235
1.9038051480754146        3.2965361010318146E-9    1.9038051480754146       1.0893063292342338E-8    1.9038051480754146       2.8936126121806917E-8    1.9038051480754146       8.126029280380708E-8     1.9038051480754146
1.9100883333825942        2.597804576296204E-9     1.9100883333825942       8.584809705559176E-9     1.9100883333825942       2.2805265111095448E-8    1.9100883333825942       6.398433422178493E-8     1.9100883333825942
1.9163715186897738        1.8954163204568624E-9    1.9163715186897738       6.26438730905424E-9      1.9163715186897738       1.6642375319985845E-8    1.9163715186897738       4.6619685673979145E-8    1.9163715186897738
1.9226547039969535        1.1610390049685654E-9    1.9226547039969535       3.8378929710384984E-9    1.9226547039969535       1.0199086994153389E-8    1.9226547039969535       2.8462413384812716E-8    1.9226547039969535
1.9289378893041331        3.79617816708979E-10     1.9289378893041331       1.2556374701680996E-9    1.9289378893041331       3.343358974664392E-9     1.9289378893041331       9.136069943991352E-9     1.9289378893041331
1.9352210746113125        4.422692001980722E-10    1.9352210746113125       1.4606521065534277E-9    1.9352210746113125       3.866898106238775E-9     1.9352210746113125       1.1160754017450858E-8    1.9352210746113125
1.9415042599184922        1.2521572529688301E-9    1.9415042599184922       4.1377984358672195E-9    1.9415042599184922       1.0973878913664412E-8    1.9415042599184922       3.1190456935646076E-8    1.9415042599184922
1.9477874452256718        2.0136408608892475E-9    1.9477874452256718       6.65511913831197E-9      1.9477874452256718       1.7657660301983236E-8    1.9477874452256718       5.001780194294697E-8     1.9477874452256718
1.9540706305328512        2.7064617948652473E-9    1.9540706305328512       8.945271663809903E-9     1.9540706305328512       2.3739500034948995E-8    1.9540706305328512       6.714517775610972E-8     1.9540706305328512
1.9603538158400309        3.3465105706510004E-9    1.9603538158400309       1.1060629148230542E-8    1.9603538158400309       2.9357749415807068E-8    1.9603538158400309       8.296357411135216E-8     1.9603538158400309
1.9666370011472105        3.967335999694234E-9     1.9666370011472105       1.3112187428078248E-8    1.9666370011472105       3.4806564340781745E-8    1.9666370011472105       9.830147495039953E-8     1.9666370011472105
1.97292018645439          4.583411464494914E-9     1.97292018645439         1.5148106555985755E-8    1.97292018645439         4.0213299374399505E-8    1.97292018645439         1.1351864944163388E-7    1.97292018645439
1.9792033717615698        5.1692292363608274E-9    1.9792033717615698       1.7084315127346034E-8    1.9792033717615698       4.535443212908131E-8     1.9792033717615698       1.2798774259596601E-7    1.9792033717615698
1.9854865570687494        5.67736930803605E-9      1.9854865570687494       1.8764045325174995E-8    1.9854865570687494       4.9814437371070075E-8    1.9854865570687494       1.4053780577922565E-7    1.9854865570687494
1.9917697423759289        6.078565185674234E-9     1.9917697423759289       2.0090315262929434E-8    1.9917697423759289       5.333701443794338E-8     1.9917697423759289       1.5044410201053057E-7    1.9917697423759289
1.9980529276831085        6.386081123264709E-9     1.9980529276831085       2.110650120698732E-8     1.9980529276831085       5.603760922678082E-8     1.9980529276831085       1.5803134924222942E-7    1.9980529276831085
2.004336112990288         6.640119816118226E-9     2.004336112990288        2.1945190478060475E-8    2.004336112990288        5.8267605660835246E-8    2.004336112990288        1.6429084342819692E-7    2.004336112990288
2.0106192982974678        6.863613888312649E-9     2.0106192982974678       2.2682555743684078E-8    2.0106192982974678       6.022861644604988E-8     2.0106192982974678       1.6979130306972955E-7    2.0106192982974678
2.016902483604647         7.034438393733695E-9     2.016902483604647        2.3246167344373525E-8    2.016902483604647        6.17279253588353E-8      2.016902483604647        1.7399068249285517E-7    2.016902483604647
2.0231856689118266        7.10719847135652E-9      2.0231856689118266       2.3486261137967754E-8    2.0231856689118266       6.236766007664865E-8     2.0231856689118266       1.7576900171838727E-7    2.0231856689118266
2.0294688542190062        7.062554351831484E-9     2.0294688542190062       2.3338623040570698E-8    2.0294688542190062       6.19776691604344E-8      2.0294688542190062       1.7464615114985075E-7    2.0294688542190062
2.035752039526186         6.930197202075301E-9     2.035752039526186        2.2901109435218895E-8    2.035752039526186        6.081822684867026E-8     2.035752039526186        1.7135474456813188E-7    2.035752039526186
2.0420352248333655        6.757338401332101E-9     2.0420352248333655       2.232986449389505E-8     2.0420352248333655       5.9303397446858805E-8    2.0420352248333655       1.6706246405697668E-7    2.0420352248333655
2.048318410140545         6.554513924056917E-9     2.048318410140545        2.165980124767212E-8     2.048318410140545        5.752503634689951E-8     2.048318410140545        1.6202898394529996E-7    2.048318410140545
2.054601595447725         6.284660428664065E-9     2.054601595447725        2.0768321670819182E-8    2.054601595447725        5.515786318868587E-8     2.054601595447725        1.553380516079953E-7     2.054601595447725
2.060884780754904         5.913053192353188E-9     2.060884780754904        1.954057251288582E-8     2.060884780754904        5.1897893583829974E-8    2.060884780754904        1.4613357740480028E-7    2.060884780754904
2.067167966062084         5.456677598745403E-9     2.067167966062084        1.803243972750722E-8     2.067167966062084        4.7894045215616865E-8    2.067167966062084        1.3483437713132925E-7    2.067167966062084
2.0734511513692633        4.969155264136228E-9     2.0734511513692633       1.6420976003229943E-8    2.0734511513692633       4.3616247165861936E-8    2.0734511513692633       1.2276322077380078E-7    2.0734511513692633
2.079734336676443         4.476580493915862E-9     2.079734336676443        1.4792857756276616E-8    2.079734336676443        3.929402779170275E-8     2.079734336676443        1.1056704690846957E-7    2.079734336676443
2.086017521983623         3.948715227903807E-9     2.086017521983623        1.3048523157317394E-8    2.086017521983623        3.4662467286322524E-8    2.086017521983623        9.749993797263179E-8     2.086017521983623
2.092300707290802         3.3484768621515308E-9    2.092300707290802        1.1065103447430657E-8    2.092300707290802        2.9395501450184952E-8    2.092300707290802        8.264347234556637E-8     2.092300707290802
2.098583892597982         2.692113449985302E-9     2.098583892597982        8.895993686052974E-9     2.098583892597982        2.3635669147233362E-8    2.098583892597982        6.640041900493627E-8     2.098583892597982
2.1048670779051615        2.0364379940492687E-9    2.1048670779051615       6.72916903682294E-9      2.1048670779051615       1.788199812029573E-8     2.1048670779051615       5.017679530930811E-8     2.1048670779051615
2.111150263212341         1.4065261050646516E-9    2.111150263212341        4.647766477743958E-9     2.111150263212341        1.2354062286336264E-8    2.111150263212341        3.458932588849276E-8     2.111150263212341
2.1174334485195203        7.667670651805431E-10    2.1174334485195203       2.534015866016741E-9     2.1174334485195203       6.7388614673792835E-9    2.1174334485195203       1.875507567040938E-8     2.1174334485195203
2.1237166338267004        8.705068792367568E-11    2.1237166338267004       2.8798849304400713E-10   2.1237166338267004       7.727222190666507E-10    2.1237166338267004       1.910036919234848E-9     2.1237166338267004
2.1299998191338796        6.067783641511588E-10    2.1299998191338796       2.004531705090787E-9     2.1299998191338796       5.316271064151477E-9     2.1299998191338796       1.522412036881324E-8     2.1299998191338796
2.1362830044410592        1.253188581248398E-9     2.1362830044410592       4.140960732004279E-9     2.1362830044410592       1.098915120022693E-8     2.1362830044410592       3.1220462378419446E-8    2.1362830044410592
2.142566189748239         1.8510259415525273E-9    2.142566189748239        6.116970591674954E-9     2.142566189748239        1.6235749694191523E-8    2.142566189748239        4.601125320385483E-8     2.142566189748239
2.1488493750554185        2.4464331225179006E-9    2.1488493750554185       8.08473227406857E-9      2.1488493750554185       2.1460677863742564E-8    2.1488493750554185       6.07371356419316E-8      2.1488493750554185
2.155132560362598         3.0491129746417453E-9    2.155132560362598        1.0076607187956019E-8    2.155132560362598        2.675008848706872E-8     2.155132560362598        7.564375496306162E-8     2.155132560362598
2.161415745669778         3.605964746487015E-9     2.161415745669778        1.1917497903929004E-8    2.161415745669778        3.1638663625509444E-8    2.161415745669778        8.942187391150544E-8     2.161415745669778
2.1676989309769574        4.083008448487152E-9     2.1676989309769574       1.3494811450038608E-8    2.1676989309769574       3.5826869999747305E-8    2.1676989309769574       1.0122805505915982E-7    2.1676989309769574
2.1739821162841366        4.516131862986723E-9     2.1739821162841366       1.4926681953705924E-8    2.1739821162841366       3.9628782424384464E-8    2.1739821162841366       1.1194471655378628E-7    2.1739821162841366
2.1802653015913167        4.941437461776981E-9     2.1802653015913167       1.633224434450392E-8     2.1802653015913167       4.3361449926555366E-8    2.1802653015913167       1.2246062569317266E-7    2.1802653015913167
2.186548486898496         5.323313849176152E-9     2.186548486898496        1.7593938610453414E-8    2.186548486898496        4.671251333804978E-8     2.186548486898496        1.3189683175987959E-7    2.186548486898496
2.1928316722056755        5.6124572962530756E-9    2.1928316722056755       1.8549118595908064E-8    2.1928316722056755       4.924981841352736E-8     2.1928316722056755       1.3904103048812075E-7    2.1928316722056755
2.199114857512855         5.8313324077486015E-9    2.199114857512855        1.9271854732789116E-8    2.199114857512855        5.117059225253304E-8     2.199114857512855        1.4444778890789875E-7    2.199114857512855
2.205398042820035         6.029111399318668E-9     2.205398042820035        1.992451213003973E-8     2.205398042820035        5.290593317137589E-8     2.205398042820035        1.4932712548894937E-7    2.205398042820035
2.211681228127214         6.185711533576436E-9     2.211681228127214        2.0441447361700255E-8    2.211681228127214        5.428037633926853E-8     2.211681228127214        1.5318753082416025E-7    2.211681228127214
2.217964413434394         6.248041811083693E-9     2.217964413434394        2.064758149389365E-8     2.217964413434394        5.4828816969720225E-8    2.217964413434394        1.5472334198721647E-7    2.217964413434394
2.2242475987415737        6.231952660449475E-9     2.2242475987415737       2.059463622099467E-8     2.2242475987415737       5.4689922062337235E-8    2.2242475987415737       1.5432186217407911E-7    2.2242475987415737
2.230530784048753         6.191658017586804E-9     2.230530784048753        2.0461393237511225E-8    2.230530784048753        5.4338680553664606E-8    2.230530784048753        1.5331726209058898E-7    2.230530784048753
2.236813969355933         6.1128254808218966E-9    2.236813969355933        2.020072552694944E-8     2.236813969355933        5.3648334436699E-8       2.236813969355933        1.5135629486901785E-7    2.236813969355933
2.243097154663112         5.943342376188997E-9     2.243097154663112        1.9640548473495463E-8    2.243097154663112        5.216121248001375E-8     2.243097154663112        1.4715296114189891E-7    2.243097154663112
2.249380339970292         5.7032239744900205E-9    2.249380339970292        1.8846847709761885E-8    2.249380339970292        5.005372736518325E-8     2.249380339970292        1.4120047572825576E-7    2.249380339970292
2.2556635252774715        5.447836868233533E-9     2.2556635252774715       1.8002473589407906E-8    2.2556635252774715       4.781207481612484E-8     2.2556635252774715       1.3486599052153698E-7    2.2556635252774715
2.261946710584651         5.156688272366673E-9     2.261946710584651        1.7039966561430026E-8    2.261946710584651        4.525648506586525E-8     2.261946710584651        1.2764596058570977E-7    2.261946710584651
2.2682298958918303        4.783357330962465E-9     2.2682298958918303       1.580603213867368E-8     2.2682298958918303       4.198010409872526E-8     2.2682298958918303       1.1839524249207639E-7    2.2682298958918303
2.2745130811990104        4.3626285107303935E-9    2.2745130811990104       1.4415220723061745E-8    2.2745130811990104       3.828795379928613E-8     2.2745130811990104       1.0797085711391788E-7    2.2745130811990104
2.28079626650619          3.942251441224789E-9     2.28079626650619         1.3025345109697669E-8    2.28079626650619         3.459841847836626E-8     2.28079626650619         9.75511964614043E-8      2.28079626650619
2.2870794518133692        3.4859506735798497E-9    2.2870794518133692       1.1517105106997149E-8    2.2870794518133692       3.059373846462939E-8     2.2870794518133692       8.624234426681987E-8     2.2870794518133692
2.2933626371205493        2.964386906213235E-9     2.2933626371205493       9.793661933686088E-9     2.2933626371205493       2.6017465133193966E-8    2.2933626371205493       7.332387301582782E-8     2.2933626371205493
2.2996458224277285        2.4314778532405103E-9    2.2996458224277285       8.032811734814106E-9     2.2996458224277285       2.1341983614519496E-8    2.2996458224277285       6.012994868476708E-8     2.2996458224277285
2.305929007734908         1.9109895960799395E-9    2.305929007734908        6.3129250401178206E-9    2.305929007734908        1.677423711388708E-8     2.305929007734908        4.724157285705008E-8     2.305929007734908
2.312212193042088         1.351840071221228E-9     2.312212193042088        4.465465788086259E-9     2.312212193042088        1.1866853527099073E-8    2.312212193042088        3.339288994839447E-8     2.312212193042088
2.3184953783492674        7.598794504839755E-10    2.3184953783492674       2.5099584106488653E-9    2.3184953783492674       6.67328757537305E-9      2.3184953783492674       1.873783847850927E-8     2.3184953783492674
2.3247785636564466        1.964832456882128E-10    2.3247785636564466       6.490129429789572E-10    2.3247785636564466       1.7312836764342737E-9    2.3247785636564466       4.808569455647142E-9     2.3247785636564466
2.3310617489636267        3.583780285552312E-10    2.3310617489636267       1.1842230289409221E-9    2.3310617489636267       3.1377202661944187E-9    2.3310617489636267       8.954963946532307E-9     2.3310617489636267
2.337344934270806         9.4455464195632E-10      2.337344934270806        3.12111101777323E-9      2.337344934270806        8.282241676812538E-9     2.337344934270806        2.3468081087565712E-8    2.337344934270806
2.3436281195779856        1.509475503676702E-9     2.3436281195779856       4.987752771104399E-9     2.3436281195779856       1.3239242234490988E-8    2.3436281195779856       3.746332368889796E-8     2.3436281195779856
2.3499113048851656        2.0267243140200095E-9    2.3499113048851656       6.696884366171232E-9     2.3499113048851656       1.7777583812942695E-8    2.3499113048851656       5.027869725635188E-8     2.3499113048851656
2.356194490192345         2.5539411884147887E-9    2.356194490192345        8.439413854660057E-9     2.356194490192345        2.2405155644043345E-8    2.356194490192345        6.33408013454333E-8      2.356194490192345
2.3624776754995245        3.069961357538175E-9     2.3624776754995245       1.0145315416097916E-8    2.3624776754995245       2.6935518638197357E-8    2.3624776754995245       7.612703018484189E-8     2.3624776754995245
2.368760860806704         3.5108025414087813E-9    2.368760860806704        1.1602562117190541E-8    2.368760860806704        3.0805252893133765E-8    2.368760860806704        8.705275642626453E-8     2.368760860806704
2.3750440461138838        3.932823110692282E-9     2.3750440461138838       1.2997269418032162E-8    2.3750440461138838       3.450959328005617E-8     2.3750440461138838       9.751062608810833E-8     2.3750440461138838
2.381327231421063         4.354284372638454E-9     2.381327231421063        1.438997531019308E-8     2.381327231421063        3.8209623958924085E-8    2.381327231421063        1.0795274480238567E-7    2.381327231421063
2.387610416728243         4.6652837057445255E-9    2.387610416728243        1.5417581343593834E-8    2.387610416728243        4.093964473547087E-8     2.387610416728243        1.1566064218518265E-7    2.387610416728243
2.3938936020354222        4.912945215315263E-9     2.3938936020354222       1.623603044556857E-8     2.3938936020354222       4.311298453045437E-8     2.3938936020354222       1.2179878780689996E-7    2.3938936020354222
2.400176787342602         5.202063007709806E-9     2.400176787342602        1.7191734859124704E-8    2.400176787342602        4.565075634182968E-8     2.400176787342602        1.2896019282550263E-7    2.400176787342602
2.4064599726497815        5.2605761839383334E-9    2.4064599726497815       1.7385275889303132E-8    2.4064599726497815       4.616565728935384E-8     2.4064599726497815       1.3041513025692446E-7    2.4064599726497815
2.412743157956961         4.775256638002142E-9     2.412743157956961        1.5781195953150234E-8    2.412743157956961        4.190775697734428E-8     2.412743157956961        1.1841037609063945E-7    2.412743157956961
2.419026343264141         4.015348927359304E-9     2.419026343264141        1.3269853354192422E-8    2.419026343264141        3.5239863547939277E-8    2.419026343264141        9.961143927839793E-8     2.419026343264141
2.4253095285713204        3.5715850768319513E-9    2.4253095285713204       1.1803855276088918E-8    2.4253095285713204       3.134681798330068E-8     2.4253095285713204       8.86402831316387E-8      2.4253095285713204
2.4315927138785           3.3929725587433852E-9    2.4315927138785          1.1214147499080479E-8    2.4315927138785          2.9781010788509076E-8    2.4315927138785          8.423111739248448E-8     2.4315927138785
2.4378758991856793        3.1314980597665248E-9    2.4378758991856793       1.0349834038078727E-8    2.4378758991856793       2.7486583898346302E-8    2.4378758991856793       7.77694708866275E-8      2.4378758991856793
2.4441590844928593        2.9191784009914824E-9    2.4441590844928593       9.647497958661861E-9     2.4441590844928593       2.562196781397679E-8     2.4441590844928593       7.251910444110226E-8     2.4441590844928593
2.4504422698000385        2.8121244826370527E-9    2.4504422698000385       9.293692989572091E-9     2.4504422698000385       2.4682235917529654E-8    2.4504422698000385       6.987217666537789E-8     2.4504422698000385
2.456725455107218         2.6456319876203354E-9    2.456725455107218        8.744257272721989E-9     2.456725455107218        2.322283841051433E-8     2.456725455107218        6.575674807065725E-8     2.456725455107218
2.463008640414398         2.5187572472674523E-9    2.463008640414398        8.325513109798902E-9     2.463008640414398        2.2110966503236906E-8    2.463008640414398        6.261953748179607E-8     2.463008640414398
2.4692918257215775        2.465760103915166E-9     2.4692918257215775       8.150000635016061E-9     2.4692918257215775       2.164579114524643E-8     2.4692918257215775       6.130965547595987E-8     2.4692918257215775
2.4755750110287567        2.358499351210471E-9     2.4755750110287567       7.794367585066503E-9     2.4755750110287567       2.0702254123083126E-8    2.4755750110287567       5.8656669805461746E-8    2.4755750110287567
2.4818581963359367        2.2932087980411137E-9    2.4818581963359367       7.577675318637017E-9     2.4818581963359367       2.0126607183525748E-8    2.4818581963359367       5.703837115825043E-8     2.4818581963359367
2.4881413816431164        2.283112344981831E-9     2.4881413816431164       7.544363974530588E-9     2.4881413816431164       2.0037437310214603E-8    2.4881413816431164       5.678998891101977E-8     2.4881413816431164
2.4944245669502956        2.2170683760309474E-9    2.4944245669502956       7.32628101972138E-9      2.4944245669502956       1.9458135906529717E-8    2.4944245669502956       5.5160101739857254E-8    2.4944245669502956
2.5007077522574757        2.195909603401946E-9     2.5007077522574757       7.255997045526117E-9     2.5007077522574757       1.9271963575234067E-8    2.5007077522574757       5.463386500921996E-8     2.5007077522574757
2.506990937564655         2.2115896134526034E-9    2.506990937564655        7.307585323298581E-9     2.506990937564655        1.9409642817986247E-8    2.506990937564655        5.501960442326468E-8     2.506990937564655
2.5132741228718345        2.169616534925281E-9     2.5132741228718345       7.168714708279384E-9     2.5132741228718345       1.9041080284406854E-8    2.5132741228718345       5.397757136155081E-8     2.5132741228718345
2.519557308179014         2.1759637451992505E-9    2.519557308179014        7.189309606555746E-9     2.519557308179014        1.9095324499161443E-8    2.519557308179014        5.4125813923531994E-8    2.519557308179014
2.5258404934861938        2.200176932194678E-9     2.5258404934861938       7.269275940517482E-9     2.5258404934861938       1.930711762270247E-8     2.5258404934861938       5.472419681748174E-8     2.5258404934861938
2.532123678793373         2.166836245045022E-9     2.532123678793373        7.159329884564474E-9     2.532123678793373        1.9014757943155643E-8    2.532123678793373        5.3902998911585046E-8    2.532123678793373
2.538406864100553         2.1831764474539885E-9    2.538406864100553        7.213418190596812E-9     2.538406864100553        1.9157966060324725E-8    2.538406864100553        5.430749846248156E-8     2.538406864100553
2.5446900494077322        2.199119583410692E-9     2.5446900494077322       7.2662771728267175E-9    2.5446900494077322       1.929766846168302E-8     2.5446900494077322       5.470489693785615E-8     2.5446900494077322
2.550973234714912         2.165839072940173E-9     2.550973234714912        7.156871376631594E-9     2.550973234714912        1.9006348421468805E-8    2.550973234714912        5.388360996942495E-8     2.550973234714912
2.557256420022092         2.1843909774760862E-9    2.557256420022092        7.218894526535596E-9     2.557256420022092        1.9170681588932546E-8    2.557256420022092        5.434363905482898E-8     2.557256420022092
2.563539605329271         2.1845889772002945E-9    2.563539605329271        7.2199414317377E-9       2.563539605329271        1.9173608795490113E-8    2.563539605329271        5.435037653577863E-8     2.563539605329271
2.569822790636451         2.1489261503266974E-9    2.569822790636451        7.102331668199277E-9     2.569822790636451        1.8860980759597438E-8    2.569822790636451        5.346563779492458E-8     2.569822790636451
2.5761059759436304        2.1629874755971436E-9    2.5761059759436304       7.149453248251701E-9     2.5761059759436304       1.8984723608176375E-8    2.5761059759436304       5.3816714584729514E-8    2.5761059759436304
2.58238916125081          2.14266604869888E-9      2.58238916125081         7.083130349799876E-9     2.58238916125081         1.8807050450718007E-8    2.58238916125081         5.332151339238852E-8     2.58238916125081
2.5886723465579893        2.1055460622500333E-9    2.5886723465579893       6.9611916586297985E-9    2.5886723465579893       1.8482910807487138E-8    2.5886723465579893       5.2404891916754916E-8    2.5886723465579893
2.5949555318651694        2.1099185329453337E-9    2.5949555318651694       6.9761130195214926E-9    2.5949555318651694       1.8523577221209343E-8    2.5949555318651694       5.2517081541292404E-8    2.5949555318651694
2.6012387171723486        2.069452880339943E-9     2.6012387171723486       6.841851634717207E-9     2.6012387171723486       1.8168205628733164E-8    2.6012387171723486       5.151386170901082E-8     2.6012387171723486
2.607521902479528         2.0347538613442856E-9    2.607521902479528        6.726447801973448E-9     2.607521902479528        1.786201731123969E-8     2.607521902479528        5.064823869097482E-8     2.607521902479528
2.6138050877867083        2.0260782615647323E-9    2.6138050877867083       6.698068614786545E-9     2.6138050877867083       1.7786901127414366E-8    2.6138050877867083       5.0441835792988877E-8    2.6138050877867083
2.6200882730938875        1.9727831881707073E-9    2.6200882730938875       6.521973902806187E-9     2.6200882730938875       1.732035813698509E-8     2.6200882730938875       4.912693507149389E-8     2.6200882730938875
2.626371458401067         1.9450972981104054E-9    2.626371458401067        6.429879125916194E-9     2.626371458401067        1.7076718785805516E-8    2.626371458401067        4.84362787853694E-8      2.626371458401067
2.6326546437082468        1.9195575292423417E-9    2.6326546437082468       6.345478700626565E-9     2.6326546437082468       1.685193415770604E-8     2.6326546437082468       4.780676129415847E-8     2.6326546437082468
2.6389378290154264        1.8610331106594066E-9    2.6389378290154264       6.152189292328137E-9     2.6389378290154264       1.6336905015915976E-8    2.6389378290154264       4.6351643409484115E-8    2.6389378290154264
2.6452210143226056        1.8376193306131718E-9    2.6452210143226056       6.074762472842559E-9     2.6452210143226056       1.6130541007401136E-8    2.6452210143226056       4.5763120738835966E-8    2.6452210143226056
2.6515041996297857        1.7948121074173223E-9    2.6515041996297857       5.933191350594362E-9     2.6515041996297857       1.575621096004132E-8     2.6515041996297857       4.4703420895705024E-8    2.6515041996297857
2.657787384936965         1.744506847650479E-9     2.657787384936965        5.766436559900586E-9     2.657787384936965        1.5315834274460956E-8    2.657787384936965        4.345138545718164E-8     2.657787384936965
2.6640705702441445        1.7220606743719664E-9    2.6640705702441445       5.6918105441481486E-9    2.6640705702441445       1.5118387984832136E-8    2.6640705702441445       4.289701889270204E-8     2.6640705702441445
2.670353755551324         1.668932288056756E-9     2.670353755551324        5.51624511201273E-9      2.670353755551324        1.4650883862962357E-8    2.670353755551324        4.15879713748507E-8      2.670353755551324
2.676636940858504         1.6339847978301033E-9    2.676636940858504        5.401190336701175E-9     2.676636940858504        1.434397837180377E-8     2.676636940858504        4.072232779924975E-8     2.676636940858504
2.6829201261656834        1.603120100277094E-9     2.6829201261656834       5.299263387760064E-9     2.6829201261656834       1.4073113973167617E-8    2.6829201261656834       3.99621396685901E-8      2.6829201261656834
2.689203311472863         1.5519741309763144E-9    2.689203311472863        5.128922168064099E-9     2.689203311472863        1.362143537307177E-8     2.689203311472863        3.868454881909103E-8     2.689203311472863
2.6954864967800427        1.5312776741781305E-9    2.6954864967800427       5.059345001359323E-9     2.6954864967800427       1.3436636934473384E-8    2.6954864967800427       3.815916690820065E-8     2.6954864967800427
2.701769682087222         1.489489799430144E-9     2.701769682087222        4.920951985438551E-9     2.701769682087222        1.3068150218032617E-8    2.701769682087222        3.712642904680993E-8     2.701769682087222
2.708052867394402         1.4544250360619748E-9    2.708052867394402        4.804635281073552E-9     2.708052867394402        1.2758580465577376E-8    2.708052867394402        3.625042263414777E-8     2.708052867394402
2.714336052701581         1.4356354213182698E-9    2.714336052701581        4.7425269329495564E-9    2.714336052701581        1.2593484933200737E-8    2.714336052701581        3.5784239452441476E-8    2.714336052701581
2.720619238008761         1.3918991316362749E-9    2.720619238008761        4.59790761743915E-9      2.720619238008761        1.2209514596039806E-8    2.720619238008761        3.469793231527923E-8     2.720619238008761
2.7269024233159405        1.3796996068612082E-9    2.7269024233159405       4.557016997268537E-9     2.7269024233159405       1.2100956695332691E-8    2.7269024233159405       3.438269507635509E-8     2.7269024233159405
2.73318560862312          1.3522101665359777E-9    2.73318560862312         4.466139399650428E-9     2.73318560862312         1.1859719145520255E-8    2.73318560862312         3.3709171256804805E-8    2.73318560862312
2.7394687939302993        1.324017587030851E-9     2.7394687939302993       4.372969916003142E-9     2.7394687939302993       1.1613404730692946E-8    2.7394687939302993       3.301004698337634E-8     2.7394687939302993
2.7457519792374794        1.3205238136050968E-9    2.7457519792374794       4.36088568572809E-9      2.7457519792374794       1.1583040539551537E-8    2.7457519792374794       3.291768883211883E-8     2.7457519792374794
2.752035164544659         1.2829433632627037E-9    2.752035164544659        4.235888987847432E-9     2.752035164544659        1.1252262157717649E-8    2.752035164544659        3.1982605620066484E-8    2.752035164544659
2.758318349851838         1.2787784777414638E-9    2.758318349851838        4.222205754023748E-9     2.758318349851838        1.12154420062574E-8      2.758318349851838        3.186467759430413E-8     2.758318349851838
2.7646015351590183        1.2632648062515322E-9    2.7646015351590183       4.172436287625267E-9     2.7646015351590183       1.1080983897510228E-8    2.7646015351590183       3.148862924859496E-8     2.7646015351590183
2.7708847204661975        1.2350688174007583E-9    2.7708847204661975       4.080422026324373E-9     2.7708847204661975       1.0834341218646468E-8    2.7708847204661975       3.079159919870023E-8     2.7708847204661975
2.777167905773377         1.2451917127633276E-9    2.777167905773377        4.113789548319176E-9     2.777167905773377        1.0921592927919759E-8    2.777167905773377        3.1029633774996765E-8    2.777167905773377
2.7834510910805568        1.2129629117333463E-9    2.7834510910805568       4.006725636204709E-9     2.7834510910805568       1.0636444934116976E-8    2.7834510910805568       3.022581596568098E-8     2.7834510910805568
2.7897342763877364        1.2125985269471816E-9    2.7897342763877364       4.005536373882012E-9     2.7897342763877364       1.0632496660784062E-8    2.7897342763877364       3.019754800373349E-8     2.7897342763877364
2.7960174616949156        1.2096926566943735E-9    2.7960174616949156       3.996770141043517E-9     2.7960174616949156       1.0608072252522628E-8    2.7960174616949156       3.0121858018883525E-8    2.7960174616949156
2.8023006470020957        1.1783143671258297E-9    2.8023006470020957       3.893647848865665E-9     2.8023006470020957       1.033344614431921E-8     2.8023006470020957       2.933834247061161E-8     2.8023006470020957
2.808583832309275         1.1959636564240736E-9    2.808583832309275        3.951829955149963E-9     2.808583832309275        1.0487656576104745E-8    2.808583832309275        2.9756353726439035E-8    2.808583832309275
2.8148670176164545        1.1660270310701833E-9    2.8148670176164545       3.852384570876224E-9     2.8148670176164545       1.0223349963816889E-8    2.8148670176164545       2.9015207356855674E-8    2.8148670176164545
2.8211502029236346        1.1619598344393078E-9    2.8211502029236346       3.8385506133371404E-9    2.8211502029236346       1.0187021129706311E-8    2.8211502029236346       2.8906532476498608E-8    2.8211502029236346
2.827433388230814         1.1667730792773398E-9    2.827433388230814        3.8549780666673536E-9    2.827433388230814        1.0231123492031784E-8    2.827433388230814        2.902299864860558E-8     2.827433388230814
2.8337165735379934        1.1289692836895833E-9    2.8337165735379934       3.730591306183227E-9     2.8337165735379934       9.90109647920861E-9      2.8337165735379934       2.8084700335026674E-8    2.8337165735379934
2.839999758845173         1.147247251748678E-9     2.839999758845173        3.7912938730856365E-9    2.839999758845173        1.0061842484850217E-8    2.839999758845173        2.853039457635626E-8     2.839999758845173
2.8462829441523527        1.1173006684590954E-9    2.8462829441523527       3.6938245319625076E-9    2.8462829441523527       9.800904445825242E-9     2.8462829441523527       2.7804983284946633E-8    2.8462829441523527
2.852566129459532         1.1060818361921852E-9    2.852566129459532        3.658228036340262E-9     2.852566129459532        9.704493645412516E-9     2.852566129459532        2.7535660892663588E-8    2.852566129459532
2.858849314766712         1.1135933467294012E-9    2.858849314766712        3.6822011543135987E-9    2.858849314766712        9.768210968639187E-9     2.858849314766712        2.771590028149315E-8     2.858849314766712
2.865132500073891         1.0707343753415597E-9    2.865132500073891        3.538835749203743E-9     2.865132500073891        9.39100778027696E-9      2.865132500073891        2.66428539267381E-8      2.865132500073891
2.871415685381071         1.0880104721107243E-9    2.871415685381071        3.595824136855437E-9     2.871415685381071        9.547740778679713E-9     2.871415685381071        2.7065179637754898E-8    2.871415685381071
2.8776988706882505        1.055355595319043E-9     2.8776988706882505       3.488062119140821E-9     2.8776988706882505       9.26533430146279E-9      2.8776988706882505       2.626291245204845E-8     2.8776988706882505
2.88398205599543          1.0378183634757513E-9    2.88398205599543         3.429451458151582E-9     2.88398205599543         9.109500193797828E-9     2.88398205599543         2.581513329765564E-8     2.88398205599543
2.8902652413026098        1.0438677510382442E-9    2.8902652413026098       3.4499111171851132E-9    2.8902652413026098       9.160485155497527E-9     2.8902652413026098       2.596035711896368E-8     2.8902652413026098
2.8965484266097894        9.939338183442538E-10    2.8965484266097894       3.285907573422478E-9     2.8965484266097894       8.722970204439452E-9     2.8965484266097894       2.4731581708271313E-8    2.8965484266097894
2.902831611916969         1.0094821490974107E-9    2.902831611916969        3.3370534545740987E-9    2.902831611916969        8.860157702716165E-9     2.902831611916969        2.5112960001844462E-8    2.902831611916969
2.9091147972241482        9.730472618039271E-10    2.9091147972241482       3.2152980456007223E-9    2.9091147972241482       8.540632208272323E-9     2.9091147972241482       2.4202884988362417E-8    2.9091147972241482
2.9153979825313283        9.520962870269965E-10    2.9153979825313283       3.144419329845174E-9     2.9153979825313283       8.35575374950274E-9      2.9153979825313283       2.366562245354713E-8     2.9153979825313283
2.9216811678385075        9.549648858407155E-10    2.9216811678385075       3.1527853859823463E-9    2.9216811678385075       8.377991459415923E-9     2.9216811678385075       2.3727097923135816E-8    2.9216811678385075
2.927964353145687         8.994900203155258E-10    2.927964353145687        2.969775021345292E-9     2.927964353145687        7.8894950145105E-9       2.927964353145687        2.235238354540972E-8     2.927964353145687
2.934247538452867         9.138184697212348E-10    2.934247538452867        3.018268533327478E-9     2.934247538452867        8.016247371354982E-9     2.934247538452867        2.2703945007158883E-8    2.934247538452867
2.9405307237600464        8.700248332696114E-10    2.9405307237600464       2.8735981574701204E-9    2.9405307237600464       7.632456757289907E-9     2.9405307237600464       2.1616693071908057E-8    2.9405307237600464
2.9468139090672256        8.486910679643028E-10    2.9468139090672256       2.80286648785103E-9      2.9468139090672256       7.446130596045105E-9     2.9468139090672256       2.1085045842881018E-8    2.9468139090672256
2.9530970943744057        8.477522217286315E-10    2.9530970943744057       2.800760255631603E-9     2.9530970943744057       7.44118545080092E-9      2.9530970943744057       2.107077486301582E-8     2.9530970943744057
2.9593802796815853        7.884140056509523E-10    2.9593802796815853       2.60511420961947E-9      2.9593802796815853       6.920357082708564E-9     2.9593802796815853       1.9598965263779633E-8    2.9593802796815853
2.9656634649887645        8.025837409681446E-10    2.9656634649887645       2.6513176448913313E-9    2.9656634649887645       7.04052385923588E-9      2.9656634649887645       1.9938693302569207E-8    2.9656634649887645
2.9719466502959446        7.51081802759266E-10     2.9719466502959446       2.4811812367857768E-9    2.9719466502959446       6.587334400130314E-9     2.9719466502959446       1.866577966919826E-8     2.9719466502959446
2.978229835603124         7.337728090569923E-10    2.978229835603124        2.4245197180037086E-9    2.978229835603124        6.436981886590123E-9     2.978229835603124        1.8240417591416165E-8    2.978229835603124
2.9845130209103035        7.244399376748118E-10    2.9845130209103035       2.393355772094089E-9     2.9845130209103035       6.3543985311255275E-9    2.9845130209103035       1.801047033650243E-8     2.9845130209103035
2.990796206217483         6.619622393434782E-10    2.990796206217483        2.186786793935454E-9     2.990796206217483        5.804977156502596E-9     2.990796206217483        1.6462279284690518E-8    2.990796206217483
2.9970793915246627        6.778929360497818E-10    2.9970793915246627       2.2398604459763035E-9    2.9970793915246627       5.944015051953279E-9     2.9970793915246627       1.6856313444322755E-8    2.9970793915246627
3.003362576831842         6.173088980460585E-10    3.003362576831842        2.03903504754228E-9      3.003362576831842        5.409923499602967E-9     3.003362576831842        1.5343573110907034E-8    3.003362576831842
3.009645762139022         6.07235976577795E-10     3.009645762139022        2.0055486942978234E-9    3.009645762139022        5.3229631480003295E-9    3.009645762139022        1.508291996708129E-8     3.009645762139022
3.015928947446201         5.881437557850302E-10    3.015928947446201        1.9431382808920706E-9    3.015928947446201        5.160717040689112E-9     3.015928947446201        1.461725222558885E-8     3.015928947446201
3.022212132753381         5.29327994131805E-10     3.022212132753381        1.7478722492226762E-9    3.022212132753381        4.644620081054996E-9     3.022212132753381        1.3157870833346292E-8    3.022212132753381
3.028495318060561         5.474254230384109E-10    3.028495318060561        1.806828723526596E-9     3.028495318060561        4.80136313006277E-9      3.028495318060561        1.3601482438742434E-8    3.028495318060561
3.03477850336774          4.743629955395656E-10    3.03477850336774         1.5671390427203767E-9    3.03477850336774         4.162883275534277E-9     3.03477850336774         1.1798059491862662E-8    3.03477850336774
3.0410616886749198        4.758583435491188E-10    3.0410616886749198       1.5724609602786897E-9    3.0410616886749198       4.174434229646242E-9     3.0410616886749198       1.1829760087160328E-8    3.0410616886749198
3.0473448739820994        4.4267301519364445E-10   3.0473448739820994       1.4605339776869768E-9    3.0473448739820994       3.8767751662557675E-9    3.0473448739820994       1.09905087971789E-8      3.0473448739820994
3.053628059289279         3.8854982003383907E-10   3.053628059289279        1.281583868093114E-9     3.053628059289279        3.4032762415920378E-9    3.053628059289279        9.646432468325223E-9     3.053628059289279
3.0599112445964582        4.077368023291805E-10    3.0599112445964582       1.3459130619766285E-9    3.0599112445964582       3.5757707596170584E-9    3.0599112445964582       1.0132209164823014E-8    3.0599112445964582
3.0661944299036383        3.2466962634590817E-10   3.0661944299036383       1.0689750374202282E-9    3.0661944299036383       2.8403676545173502E-9    3.0661944299036383       8.067419752275737E-9     3.0661944299036383
3.0724776152108175        3.4420292828412046E-10   3.0724776152108175       1.133264930191379E-9     3.0724776152108175       3.0082559113797822E-9    3.0724776152108175       8.558356067524675E-9     3.0724776152108175
3.078760800517997         2.931940127258282E-10    3.078760800517997        9.686240553020023E-10    3.078760800517997        2.5671958524949954E-9    3.078760800517997        7.315987636157998E-9     3.078760800517997
3.0850439858251772        2.493280479230742E-10    3.0850439858251772       8.25327279551656E-10     3.0850439858251772       2.1833343303237488E-9    3.0850439858251772       6.22347425718226E-9      3.0850439858251772
3.0913271711323564        2.648362552981764E-10    3.0913271711323564       8.761197583329589E-10    3.0913271711323564       2.3166103976943855E-9    3.0913271711323564       6.593979026744711E-9     3.0913271711323564
3.097610356439536         1.6723090940162775E-10   3.097610356439536        5.570270817450915E-10    3.097610356439536        1.4685613195913288E-9    3.097610356439536        4.18212636937074E-9      3.097610356439536
3.1038935417467157        2.106977004076168E-10    3.1038935417467157       7.036244655574143E-10    3.1038935417467157       1.8576119096017071E-9    3.1038935417467157       5.262046820993272E-9     3.1038935417467157
3.1101767270538954        1.2894473631271076E-10   3.1101767270538954       4.3147188189324407E-10   3.1101767270538954       1.1358659218675448E-9    3.1101767270538954       3.2169286894680353E-9    3.1101767270538954
3.1164599123610746        1.094226974200857E-10    3.1164599123610746       3.678777084458153E-10    3.1164599123610746       9.681349276108237E-10    3.1164599123610746       2.7561023565120434E-9    3.1164599123610746
3.1227430976682546        1.248257670398598E-10    3.1227430976682546       4.233000956889437E-10    3.1227430976682546       1.114259185575527E-9     3.1227430976682546       3.1836867189662646E-9    3.1227430976682546
3.129026282975434         2.84485285951308E-11     3.129026282975434        8.775087532860113E-11    3.129026282975434        2.4787635825550803E-10   3.129026282975434        6.448552693760083E-10    3.129026282975434
3.1353094682826135        1.2931798731361928E-10   3.1353094682826135       4.274828111583776E-10    3.1353094682826135       1.1306638203110153E-9    3.1353094682826135       3.1952959797445093E-9    3.1353094682826135
3.141592653589793         5.9442880990112494E-24   3.141592653589793        1.9605032214663738E-23   3.141592653589793        5.196591883930955E-23    3.141592653589793        1.4650026476443822E-22   3.141592653589793
3.1478758388969728        1.2931798731362442E-10   3.135309468282614        4.27482811158395E-10     3.135309468282614        1.130663820311011E-9     3.135309468282614        3.1952959797446074E-9    3.135309468282614
3.1541590242041524        2.8448528595123156E-11   3.1290262829754343       8.775087532859654E-11    3.1290262829754343       2.4787635825549283E-10   3.1290262829754343       6.448552693759782E-10    3.1290262829754343
3.160442209511332         1.2482576703986927E-10   3.1227430976682546       4.2330009568895577E-10   3.1227430976682546       1.1142591855755833E-9    3.1227430976682546       3.183686718966422E-9     3.1227430976682546
3.1667253948185117        1.0942269742017737E-10   3.116459912361075        3.6787770844605774E-10   3.116459912361075        9.681349276120256E-10    3.116459912361075        2.7561023565140986E-9    3.116459912361075
3.173008580125691         1.2894473631270588E-10   3.110176727053896        4.3147188189326273E-10   3.110176727053896        1.1358659218674756E-9    3.110176727053896        3.2169286894677876E-9    3.110176727053896
3.179291765432871         2.1069770040760976E-10   3.1038935417467157       7.03624465557403E-10     3.1038935417467157       1.8576119096017758E-9    3.1038935417467157       5.262046820993077E-9     3.1038935417467157
3.18557495074005          1.6723090940162628E-10   3.0976103564395365       5.570270817450759E-10    3.0976103564395365       1.468561319591368E-9     3.0976103564395365       4.1821263693707224E-9    3.0976103564395365
3.19185813604723          2.648362552982149E-10    3.091327171132357        8.761197583331371E-10    3.091327171132357        2.3166103976942883E-9    3.091327171132357        6.593979026745443E-9     3.091327171132357
3.1981413213544094        2.4932804792307786E-10   3.0850439858251772       8.253272795516194E-10    3.0850439858251772       2.183334330323687E-9     3.0850439858251772       6.22347425718232E-9      3.0850439858251772
3.204424506661589         2.931940127258219E-10    3.0787608005179976       9.686240553020178E-10    3.0787608005179976       2.567195852494922E-9     3.0787608005179976       7.31598763615805E-9      3.0787608005179976
3.2107076919687683        3.4420292828412506E-10   3.0724776152108184       1.1332649301914047E-9    3.0724776152108184       3.0082559113797975E-9    3.0724776152108184       8.558356067524923E-9     3.0724776152108184
3.2169908772759483        3.2466962634590155E-10   3.0661944299036383       1.0689750374202288E-9    3.0661944299036383       2.8403676545173023E-9    3.0661944299036383       8.06741975227579E-9      3.0661944299036383
3.223274062583128         4.077368023291763E-10    3.0599112445964587       1.345913061976622E-9     3.0599112445964587       3.5757707596170783E-9    3.0599112445964587       1.0132209164822801E-8    3.0599112445964587
3.229557247890307         3.885498200338336E-10    3.0536280592892795       1.2815838680931114E-9    3.0536280592892795       3.4032762415920783E-9    3.0536280592892795       9.646432468325089E-9     3.0536280592892795
3.2358404331974873        4.426730151936522E-10    3.0473448739820994       1.460533977686974E-9     3.0473448739820994       3.87677516625587E-9      3.0473448739820994       1.0990508797178993E-8    3.0473448739820994
3.2421236185046665        4.758583435491139E-10    3.04106168867492         1.5724609602787058E-9    3.04106168867492         4.17443422964625E-9      3.04106168867492         1.1829760087160438E-8    3.04106168867492
3.248406803811846         4.743629955395629E-10    3.0347785033677406       1.56713904272036E-9      3.0347785033677406       4.16288327553423E-9      3.0347785033677406       1.1798059491862553E-8    3.0347785033677406
3.2546899891190257        5.474254230384132E-10    3.028495318060561        1.8068287235265831E-9    3.028495318060561        4.801363130062843E-9     3.028495318060561        1.3601482438742318E-8    3.028495318060561
3.2609731744262054        5.293279941318158E-10    3.0222121327533813       1.747872249222688E-9     3.0222121327533813       4.644620081055043E-9     3.0222121327533813       1.3157870833346411E-8    3.0222121327533813
3.2672563597333846        5.881437557850267E-10    3.015928947446202        1.943138280892054E-9     3.015928947446202        5.160717040688995E-9     3.015928947446202        1.461725222558879E-8     3.015928947446202
3.2735395450405647        6.072359765777932E-10    3.009645762139022        2.005548694297835E-9     3.009645762139022        5.322963148000392E-9     3.009645762139022        1.508291996708124E-8     3.009645762139022
3.279822730347744         6.173088980460381E-10    3.003362576831843        2.0390350475423625E-9    3.003362576831843        5.4099234996031805E-9    3.003362576831843        1.534357311090729E-8     3.003362576831843
3.2861059156549235        6.77892936049785E-10     2.997079391524663        2.23986044597639E-9      2.997079391524663        5.944015051953078E-9     2.997079391524663        1.685631344432463E-8     2.997079391524663
3.2923891009621036        6.619622393434812E-10    2.990796206217483        2.1867867939354578E-9    2.990796206217483        5.8049771565025535E-9    2.990796206217483        1.646227928469047E-8     2.990796206217483
3.2986722862692828        7.244399376748133E-10    2.984513020910304        2.3933557720940897E-9    2.984513020910304        6.354398531125438E-9     2.984513020910304        1.8010470336502455E-8    2.984513020910304
3.3049554715764624        7.337728090570131E-10    2.9782298356031243       2.424519718003812E-9     2.9782298356031243       6.436981886590397E-9     2.9782298356031243       1.8240417591416397E-8    2.9782298356031243
3.311238656883642         7.510818027592684E-10    2.9719466502959446       2.4811812367858235E-9    2.9719466502959446       6.587334400130449E-9     2.9719466502959446       1.866577966919834E-8     2.9719466502959446
3.3175218421908217        8.025837409681479E-10    2.965663464988765        2.651317644891327E-9     2.965663464988765        7.040523859235817E-9     2.965663464988765        1.9938693302569157E-8    2.965663464988765
3.323805027498001         7.88414005650946E-10     2.959380279681586        2.605114209619441E-9     2.959380279681586        6.920357082708458E-9     2.959380279681586        1.959896526377918E-8     2.959380279681586
3.330088212805181         8.477522217286289E-10    2.9530970943744057       2.800760255631582E-9     2.9530970943744057       7.441185450800992E-9     2.9530970943744057       2.1070774863015858E-8    2.9530970943744057
3.33637139811236          8.486910679643171E-10    2.9468139090672265       2.8028664878509886E-9    2.9468139090672265       7.44613059604515E-9      2.9468139090672265       2.1085045842880406E-8    2.9468139090672265
3.34265458341954          8.700248332696067E-10    2.940530723760047        2.873598157470073E-9     2.940530723760047        7.632456757289876E-9     2.940530723760047        2.1616693071907557E-8    2.940530723760047
3.3489377687267194        9.138184697212438E-10    2.9342475384528672       3.0182685333275433E-9    2.9342475384528672       8.016247371354892E-9     2.9342475384528672       2.2703945007158476E-8    2.9342475384528672
3.355220954033899         8.994900203155205E-10    2.9279643531456876       2.9697750213453077E-9    2.9279643531456876       7.889495014510555E-9     2.9279643531456876       2.235238354540972E-8     2.9279643531456876
3.3615041393410787        9.549648858407275E-10    2.921681167838508        3.152785385982346E-9     2.921681167838508        8.377991459415844E-9     2.921681167838508        2.372709792313599E-8     2.921681167838508
3.3677873246482584        9.520962870270056E-10    2.9153979825313283       3.144419329845224E-9     2.9153979825313283       8.355753749502786E-9     2.9153979825313283       2.3665622453547342E-8    2.9153979825313283
3.374070509955438         9.730472618039095E-10    2.9091147972241487       3.2152980456007103E-9    2.9091147972241487       8.540632208272331E-9     2.9091147972241487       2.420288498836254E-8     2.9091147972241487
3.380353695262617         1.0094821490974274E-9    2.9028316119169695       3.337053454574142E-9     2.9028316119169695       8.860157702716238E-9     2.9028316119169695       2.5112960001844535E-8    2.9028316119169695
3.3866368805697973        9.93933818344248E-10     2.8965484266097894       3.2859075734224193E-9    2.8965484266097894       8.722970204439649E-9     2.8965484266097894       2.4731581708271694E-8    2.8965484266097894
3.3929200658769765        1.0438677510382342E-9    2.89026524130261         3.4499111171851178E-9    2.89026524130261         9.160485155497615E-9     2.89026524130261         2.5960357118963677E-8    2.89026524130261
3.399203251184156         1.0378183634757352E-9    2.8839820559954306       3.4294514581515403E-9    2.8839820559954306       9.109500193797854E-9     2.8839820559954306       2.5815133297655156E-8    2.8839820559954306
3.4054864364913358        1.055355595319038E-9     2.877698870688251        3.488062119140826E-9     2.877698870688251        9.265334301462764E-9     2.877698870688251        2.6262912452048587E-8    2.877698870688251
3.4117696217985154        1.0880104721107154E-9    2.8714156853810713       3.595824136855473E-9     2.8714156853810713       9.547740778679639E-9     2.8714156853810713       2.706517963775478E-8     2.8714156853810713
3.418052807105695         1.0707343753415634E-9    2.8651325000738916       3.5388357492037895E-9    2.8651325000738916       9.391007780276995E-9     2.8651325000738916       2.6642853926738197E-8    2.8651325000738916
3.4243359924128747        1.1135933467293803E-9    2.858849314766712        3.6822011543135065E-9    2.858849314766712        9.768210968638924E-9     2.858849314766712        2.7715900281493235E-8    2.858849314766712
3.4306191777200543        1.1060818361921577E-9    2.8525661294595324       3.658228036340312E-9     2.8525661294595324       9.704493645412686E-9     2.8525661294595324       2.7535660892663737E-8    2.8525661294595324
3.4369023630272335        1.1173006684590888E-9    2.846282944152353        3.6938245319624935E-9    2.846282944152353        9.800904445825131E-9     2.846282944152353        2.7804983284946685E-8    2.846282944152353
3.4431855483344136        1.1472472517486829E-9    2.839999758845173        3.791293873085665E-9     2.839999758845173        1.006184248485015E-8     2.839999758845173        2.8530394576356493E-8    2.839999758845173
3.449468733641593         1.1289692836895713E-9    2.833716573537994        3.730591306183166E-9     2.833716573537994        9.901096479208534E-9     2.833716573537994        2.8084700335027418E-8    2.833716573537994
3.4557519189487724        1.1667730792773706E-9    2.8274333882308142       3.854978066667386E-9     2.8274333882308142       1.0231123492031743E-8    2.8274333882308142       2.902299864860528E-8     2.8274333882308142
3.462035104255952         1.1619598344392958E-9    2.8211502029236346       3.838550613337101E-9     2.8211502029236346       1.0187021129706609E-8    2.8211502029236346       2.8906532476498873E-8    2.8211502029236346
3.4683182895631317        1.1660270310702042E-9    2.814867017616455        3.852384570876264E-9     2.814867017616455        1.0223349963817018E-8    2.814867017616455        2.901520735685501E-8     2.814867017616455
3.474601474870311         1.1959636564240619E-9    2.8085838323092758       3.951829955149913E-9     2.8085838323092758       1.04876565761049E-8      2.8085838323092758       2.975635372643946E-8     2.8085838323092758
3.480884660177491         1.1783143671258206E-9    2.8023006470020952       3.89364784886569E-9      2.8023006470020952       1.0333446144319188E-8    2.8023006470020952       2.933834247061166E-8     2.8023006470020952
3.4871678454846706        1.2096926566943599E-9    2.796017461694916        3.996770141043485E-9     2.796017461694916        1.0608072252522519E-8    2.796017461694916        3.012185801888384E-8     2.796017461694916
3.49345103079185          1.2125985269471954E-9    2.789734276387737        4.005536373882015E-9     2.789734276387737        1.0632496660784249E-8    2.789734276387737        3.0197548003733614E-8    2.789734276387737
3.49973421609903          1.2129629117333663E-9    2.7834510910805568       4.006725636204785E-9     2.7834510910805568       1.0636444934117036E-8    2.7834510910805568       3.022581596568047E-8     2.7834510910805568
3.506017401406209         1.2451917127633107E-9    2.7771679057733776       4.113789548319272E-9     2.7771679057733776       1.0921592927919377E-8    2.7771679057733776       3.102963377499638E-8     2.7771679057733776
3.5123005867133887        1.235068817400769E-9     2.770884720466198        4.080422026324289E-9     2.770884720466198        1.0834341218646389E-8    2.770884720466198        3.0791599198700175E-8    2.770884720466198
3.5185837720205684        1.2632648062515022E-9    2.7646015351590183       4.172436287625216E-9     2.7646015351590183       1.1080983897510097E-8    2.7646015351590183       3.148862924859544E-8     2.7646015351590183
3.524866957327748         1.2787784777414396E-9    2.758318349851838        4.222205754023749E-9     2.758318349851838        1.1215442006257216E-8    2.758318349851838        3.186467759430409E-8     2.758318349851838
3.531150142634927         1.282943363262676E-9     2.7520351645446595       4.235888987847428E-9     2.7520351645446595       1.1252262157717569E-8    2.7520351645446595       3.198260562006668E-8     2.7520351645446595
3.5374333279421073        1.320523813605085E-9     2.7457519792374794       4.360885685728101E-9     2.7457519792374794       1.158304053955163E-8     2.7457519792374794       3.291768883211913E-8     2.7457519792374794
3.5437165132492865        1.324017587030864E-9     2.7394687939303          4.372969916003129E-9     2.7394687939303          1.1613404730692946E-8    2.7394687939303          3.301004698337624E-8     2.7394687939303
3.549999698556466         1.3522101665359857E-9    2.7331856086231205       4.466139399650391E-9     2.7331856086231205       1.1859719145520126E-8    2.7331856086231205       3.370917125680526E-8     2.7331856086231205
3.556282883863646         1.3796996068611964E-9    2.7269024233159405       4.557016997268503E-9     2.7269024233159405       1.2100956695332314E-8    2.7269024233159405       3.438269507635522E-8     2.7269024233159405
3.5625660691708254        1.391899131636261E-9     2.7206192380087613       4.597907617439131E-9     2.7206192380087613       1.2209514596039835E-8    2.7206192380087613       3.469793231527918E-8     2.7206192380087613
3.568849254478005         1.435635421318274E-9     2.714336052701581        4.742526932949488E-9     2.714336052701581        1.2593484933200659E-8    2.714336052701581        3.578423945244174E-8     2.714336052701581
3.5751324397851847        1.454425036061952E-9     2.708052867394402        4.804635281073542E-9     2.708052867394402        1.2758580465577495E-8    2.708052867394402        3.6250422634147143E-8    2.708052867394402
3.5814156250923643        1.4894897994301411E-9    2.7017696820872223       4.920951985438719E-9     2.7017696820872223       1.3068150218032746E-8    2.7017696820872223       3.71264290468097E-8      2.7017696820872223
3.5876988103995435        1.5312776741781276E-9    2.695486496780043        5.059345001359272E-9     2.695486496780043        1.3436636934473386E-8    2.695486496780043        3.8159166908200536E-8    2.695486496780043
3.5939819957067236        1.5519741309763111E-9    2.689203311472863        5.128922168064122E-9     2.689203311472863        1.3621435373071602E-8    2.689203311472863        3.8684548819091197E-8    2.689203311472863
3.600265181013903         1.6031201002771127E-9    2.682920126165684        5.29926338776E-9         2.682920126165684        1.407311397316745E-8     2.682920126165684        3.9962139668589514E-8    2.682920126165684
3.6065483663210824        1.6339847978301266E-9    2.6766369408585042       5.401190336701068E-9     2.6766369408585042       1.4343978371803715E-8    2.6766369408585042       4.0722327799249086E-8    2.6766369408585042
3.612831551628262         1.6689322880567743E-9    2.6703537555513246       5.516245112012877E-9     2.6703537555513246       1.4650883862962395E-8    2.6703537555513246       4.1587971374850145E-8    2.6703537555513246
3.6191147369354417        1.7220606743719674E-9    2.664070570244145        5.691810544148099E-9     2.664070570244145        1.51183879848322E-8      2.664070570244145        4.2897018892702094E-8    2.664070570244145
3.6253979222426214        1.7445068476504971E-9    2.6577873849369653       5.766436559900494E-9     2.6577873849369653       1.531583427446117E-8     2.6577873849369653       4.345138545718173E-8     2.6577873849369653
3.631681107549801         1.7948121074172932E-9    2.6515041996297857       5.933191350594297E-9     2.6515041996297857       1.5756210960041426E-8    2.6515041996297857       4.470342089570441E-8     2.6515041996297857
3.6379642928569806        1.8376193306131789E-9    2.645221014322606        6.074762472842537E-9     2.645221014322606        1.613054100740128E-8     2.645221014322606        4.5763120738836297E-8    2.645221014322606
3.64424747816416          1.8610331106594126E-9    2.638937829015427        6.152189292328142E-9     2.638937829015427        1.6336905015915966E-8    2.638937829015427        4.635164340948392E-8     2.638937829015427
3.65053066347134          1.9195575292423128E-9    2.6326546437082468       6.345478700626559E-9     2.6326546437082468       1.6851934157705987E-8    2.6326546437082468       4.780676129415789E-8     2.6326546437082468
3.656813848778519         1.9450972981103925E-9    2.6263714584010676       6.429879125916216E-9     2.6263714584010676       1.7076718785805555E-8    2.6263714584010676       4.843627878536924E-8     2.6263714584010676
3.6630970340856988        1.9727831881707205E-9    2.620088273093888        6.521973902806173E-9     2.620088273093888        1.7320358136985143E-8    2.620088273093888        4.9126935071494216E-8    2.620088273093888
3.6693802193928784        2.02607826156472E-9      2.6138050877867083       6.698068614786491E-9     2.6138050877867083       1.778690112741433E-8     2.6138050877867083       5.04418357929888E-8      2.6138050877867083
3.675663404700058         2.034753861344272E-9     2.6075219024795286       6.72644780197346E-9      2.6075219024795286       1.78620173112396E-8      2.6075219024795286       5.064823869097513E-8     2.6075219024795286
3.6819465900072372        2.069452880339949E-9     2.601238717172349        6.841851634717192E-9     2.601238717172349        1.8168205628733234E-8    2.601238717172349        5.151386170901054E-8     2.601238717172349
3.6882297753144173        2.109918532945324E-9     2.5949555318651694       6.976113019521467E-9     2.5949555318651694       1.8523577221209254E-8    2.5949555318651694       5.251708154129233E-8     2.5949555318651694
3.694512960621597         2.105546062250031E-9     2.5886723465579897       6.961191658629788E-9     2.5886723465579897       1.8482910807487165E-8    2.5886723465579897       5.2404891916754466E-8    2.5886723465579897
3.700796145928776         2.1426660486988862E-9    2.58238916125081         7.083130349799885E-9     2.58238916125081         1.8807050450717908E-8    2.58238916125081         5.3321513392388165E-8    2.58238916125081
3.7070793312359562        2.162987475597138E-9     2.5761059759436304       7.1494532482517726E-9    2.5761059759436304       1.8984723608176173E-8    2.5761059759436304       5.381671458472917E-8     2.5761059759436304
3.7133625165431354        2.1489261503267053E-9    2.5698227906364512       7.102331668199349E-9     2.5698227906364512       1.886098075959718E-8     2.5698227906364512       5.3465637794925125E-8    2.5698227906364512
3.719645701850315         2.184588977200294E-9     2.563539605329271        7.219941431737671E-9     2.563539605329271        1.917360879548994E-8     2.563539605329271        5.435037653577838E-8     2.563539605329271
3.7259288871574947        2.184390977476071E-9     2.557256420022092        7.218894526535572E-9     2.557256420022092        1.9170681588932705E-8    2.557256420022092        5.434363905482887E-8     2.557256420022092
3.7322120724646743        2.165839072940189E-9     2.5509732347149123       7.156871376631607E-9     2.5509732347149123       1.9006348421468702E-8    2.5509732347149123       5.388360996942436E-8     2.5509732347149123
3.7384952577718535        2.1991195834106683E-9    2.544690049407733        7.266277172826694E-9     2.544690049407733        1.9297668461682966E-8    2.544690049407733        5.470489693785557E-8     2.544690049407733
3.7447784430790336        2.1831764474539947E-9    2.538406864100553        7.21341819059681E-9      2.538406864100553        1.9157966060324748E-8    2.538406864100553        5.4307498462481284E-8    2.538406864100553
3.751061628386213         2.1668362450450264E-9    2.5321236787933734       7.159329884564469E-9     2.5321236787933734       1.9014757943155646E-8    2.5321236787933734       5.3902998911584967E-8    2.5321236787933734
3.7573448136933925        2.2001769321946714E-9    2.5258404934861938       7.269275940517519E-9     2.5258404934861938       1.930711762270248E-8     2.5258404934861938       5.472419681748161E-8     2.5258404934861938
3.7636279990005725        2.175963745199245E-9     2.519557308179014        7.189309606555657E-9     2.519557308179014        1.9095324499161585E-8    2.519557308179014        5.412581392353214E-8     2.519557308179014
3.7699111843077517        2.169616534925288E-9     2.5132741228718345       7.168714708279424E-9     2.5132741228718345       1.9041080284406728E-8    2.5132741228718345       5.397757136155066E-8     2.5132741228718345
3.7761943696149314        2.211589613452597E-9     2.5069909375646553       7.307585323298603E-9     2.5069909375646553       1.9409642817986217E-8    2.5069909375646553       5.50196044232645E-8      2.5069909375646553
3.782477554922111         2.1959096034019552E-9    2.5007077522574757       7.255997045526126E-9     2.5007077522574757       1.9271963575234054E-8    2.5007077522574757       5.4633865009219674E-8    2.5007077522574757
3.7887607402292907        2.217068376030944E-9     2.494424566950296        7.326281019721361E-9     2.494424566950296        1.9458135906529926E-8    2.494424566950296        5.5160101739856957E-8    2.494424566950296
3.79504392553647          2.283112344981837E-9     2.488141381643117        7.544363974530574E-9     2.488141381643117        2.0037437310214663E-8    2.488141381643117        5.678998891102002E-8     2.488141381643117
3.80132711084365          2.293208798041114E-9     2.4818581963359367       7.577675318637002E-9     2.4818581963359367       2.012660718352584E-8     2.4818581963359367       5.70383711582499E-8      2.4818581963359367
3.807610296150829         2.3584993512104683E-9    2.4755750110287575       7.79436758506644E-9      2.4755750110287575       2.0702254123082977E-8    2.4755750110287575       5.865666980546129E-8     2.4755750110287575
3.8138934814580088        2.4657601039151612E-9    2.4692918257215775       8.150000635016003E-9     2.4692918257215775       2.164579114524663E-8     2.4692918257215775       6.130965547595957E-8     2.4692918257215775
3.8201766667651884        2.518757247267438E-9     2.4630086404143983       8.32551310979893E-9      2.4630086404143983       2.211096650323701E-8     2.4630086404143983       6.26195374817968E-8      2.4630086404143983
3.826459852072368         2.6456319876203545E-9    2.4567254551072186       8.744257272721919E-9     2.4567254551072186       2.3222838410514303E-8    2.4567254551072186       6.575674807065686E-8     2.4567254551072186
3.8327430373795477        2.812124482637046E-9     2.450442269800039        9.293692989572151E-9     2.450442269800039        2.4682235917529906E-8    2.450442269800039        6.987217666537708E-8     2.450442269800039
3.8390262226867273        2.919178400991484E-9     2.444159084492859        9.64749795866194E-9      2.444159084492859        2.5621967813977088E-8    2.444159084492859        7.251910444110204E-8     2.444159084492859
3.845309407993907         3.1314980597665103E-9    2.4378758991856797       1.0349834038078747E-8    2.4378758991856797       2.7486583898346292E-8    2.4378758991856797       7.776947088662651E-8     2.4378758991856797
3.851592593301086         3.392972558743342E-9     2.4315927138785005       1.1214147499080467E-8    2.4315927138785005       2.9781010788508884E-8    2.4315927138785005       8.423111739248404E-8     2.4315927138785005
3.8578757786082662        3.571585076831944E-9     2.4253095285713204       1.1803855276088928E-8    2.4253095285713204       3.1346817983300703E-8    2.4253095285713204       8.864028313163908E-8     2.4253095285713204
3.8641589639154454        4.01534892735933E-9      2.4190263432641412       1.3269853354192348E-8    2.4190263432641412       3.523986354793901E-8     2.4190263432641412       9.961143927839725E-8     2.4190263432641412
3.870442149222625         4.775256638002117E-9     2.4127431579569616       1.5781195953150062E-8    2.4127431579569616       4.190775697734388E-8     2.4127431579569616       1.1841037609063873E-7    2.4127431579569616
3.8767253345298047        5.2605761839383E-9       2.406459972649782        1.738527588930319E-8     2.406459972649782        4.616565728935381E-8     2.406459972649782        1.3041513025692393E-7    2.406459972649782
3.8830085198369844        5.202063007709817E-9     2.4001767873426023       1.719173485912461E-8     2.4001767873426023       4.5650756341829594E-8    2.4001767873426023       1.2896019282550258E-7    2.4001767873426023
3.889291705144164         4.9129452153152695E-9    2.3938936020354227       1.623603044556875E-8     2.3938936020354227       4.311298453045459E-8     2.3938936020354227       1.2179878780690043E-7    2.3938936020354227
3.8955748904513436        4.6652837057445255E-9    2.387610416728243        1.541758134359378E-8     2.387610416728243        4.0939644735471006E-8    2.387610416728243        1.1566064218518217E-7    2.387610416728243
3.9018580757585233        4.354284372638431E-9     2.3813272314210634       1.4389975310193078E-8    2.3813272314210634       3.820962395892433E-8     2.3813272314210634       1.0795274480238565E-7    2.3813272314210634
3.9081412610657025        3.932823110692268E-9     2.375044046113884        1.2997269418032124E-8    2.375044046113884        3.450959328005644E-8     2.375044046113884        9.751062608810905E-8     2.375044046113884
3.9144244463728826        3.510802541408781E-9     2.368760860806704        1.1602562117190485E-8    2.368760860806704        3.0805252893133435E-8    2.368760860806704        8.705275642626444E-8     2.368760860806704
3.9207076316800618        3.0699613575381904E-9    2.3624776754995245       1.0145315416098009E-8    2.3624776754995245       2.6935518638197698E-8    2.3624776754995245       7.612703018484193E-8     2.3624776754995245
3.9269908169872414        2.5539411884148052E-9    2.3561944901923453       8.439413854660048E-9     2.3561944901923453       2.2405155644043904E-8    2.3561944901923453       6.334080134543386E-8     2.3561944901923453
3.933274002294421         2.0267243140200206E-9    2.3499113048851656       6.696884366171263E-9     2.3499113048851656       1.777758381294266E-8     2.3499113048851656       5.0278697256351235E-8    2.3499113048851656
3.9395571876016007        1.5094755036767236E-9    2.343628119577986        4.987752771104476E-9     2.343628119577986        1.3239242234491382E-8    2.343628119577986        3.746332368889795E-8     2.343628119577986
3.94584037290878          9.445546419563907E-10    2.3373449342708064       3.121111017773444E-9     2.3373449342708064       8.282241676812827E-9     2.3373449342708064       2.346808108756811E-8     2.3373449342708064
3.95212355821596          3.5837802855519947E-10   2.3310617489636263       1.1842230289408218E-9    2.3310617489636263       3.1377202661941742E-9    2.3310617489636263       8.954963946532494E-9     2.3310617489636263
3.9584067435231396        1.9648324568820004E-10   2.324778563656447        6.49012942978776E-10     2.324778563656447        1.7312836764338876E-9    2.324778563656447        4.8085694556470805E-9    2.324778563656447
3.964689928830319         7.598794504839795E-10    2.318495378349268        2.5099584106487847E-9    2.318495378349268        6.673287575373122E-9     2.318495378349268        1.8737838478509598E-8    2.318495378349268
3.970973114137499         1.3518400712212592E-9    2.312212193042088        4.465465788086358E-9     2.312212193042088        1.1866853527099334E-8    2.312212193042088        3.339288994839551E-8     2.312212193042088
3.977256299444678         1.9109895960799358E-9    2.305929007734908        6.312925040117722E-9     2.305929007734908        1.6774237113887002E-8    2.305929007734908        4.724157285704911E-8     2.305929007734908
3.9835394847518577        2.431477853240507E-9     2.2996458224277285       8.032811734813982E-9     2.2996458224277285       2.1341983614519288E-8    2.2996458224277285       6.01299486847666E-8      2.2996458224277285
3.9898226700590373        2.9643869062132553E-9    2.2933626371205493       9.793661933686128E-9     2.2933626371205493       2.6017465133194286E-8    2.2933626371205493       7.332387301582806E-8     2.2933626371205493
3.996105855366217         3.4859506735798402E-9    2.2870794518133697       1.1517105106997162E-8    2.2870794518133697       3.059373846462917E-8     2.2870794518133697       8.624234426681854E-8     2.2870794518133697
4.002389040673396         3.942251441224787E-9     2.2807962665061905       1.3025345109697627E-8    2.2807962665061905       3.4598418478365944E-8    2.2807962665061905       9.755119646140391E-8     2.2807962665061905
4.008672225980576         4.362628510730433E-9     2.2745130811990104       1.4415220723061793E-8    2.2745130811990104       3.828795379928607E-8     2.2745130811990104       1.0797085711391801E-7    2.2745130811990104
4.0149554112877555        4.7833573309624E-9       2.268229895891831        1.5806032138673564E-8    2.268229895891831        4.1980104098724796E-8    2.268229895891831        1.1839524249207525E-7    2.268229895891831
4.0212385965949355        5.156688272366673E-9     2.2619467105846507       1.703996656143005E-8     2.2619467105846507       4.5256485065865306E-8    2.2619467105846507       1.2764596058570932E-7    2.2619467105846507
4.027521781902115         5.447836868233504E-9     2.255663525277472        1.8002473589407923E-8    2.255663525277472        4.7812074816124684E-8    2.255663525277472        1.3486599052153687E-7    2.255663525277472
4.033804967209294         5.703223974489985E-9     2.2493803399702923       1.884684770976175E-8     2.2493803399702923       5.0053727365182845E-8    2.2493803399702923       1.412004757282559E-7     2.2493803399702923
4.040088152516474         5.9433423761890045E-9    2.243097154663112        1.964054847349543E-8     2.243097154663112        5.216121248001371E-8     2.243097154663112        1.4715296114189955E-7    2.243097154663112
4.046371337823653         6.112825480821883E-9     2.2368139693559335       2.0200725526949402E-8    2.2368139693559335       5.364833443669885E-8     2.2368139693559335       1.51356294869018E-7      2.2368139693559335
4.052654523130833         6.1916580175867584E-9    2.2305307840487534       2.0461393237511235E-8    2.2305307840487534       5.433868055366447E-8     2.2305307840487534       1.533172620905884E-7     2.2305307840487534
4.0589377084380125        6.231952660449455E-9     2.224247598741574        2.0594636220994645E-8    2.224247598741574        5.4689922062337446E-8    2.224247598741574        1.5432186217408054E-7    2.224247598741574
4.065220893745193         6.248041811083716E-9     2.2179644134343937       2.06475814938936E-8      2.2179644134343937       5.482881696971999E-8     2.2179644134343937       1.54723341987217E-7      2.2179644134343937
4.071504079052372         6.185711533576446E-9     2.2116812281272145       2.044144736170026E-8     2.2116812281272145       5.428037633926831E-8     2.2116812281272145       1.531875308241604E-7     2.2116812281272145
4.077787264359552         6.029111399318642E-9     2.2053980428200344       1.9924512130039772E-8    2.2053980428200344       5.290593317137579E-8     2.2053980428200344       1.493271254889497E-7     2.2053980428200344
4.084070449666731         5.83133240774864E-9      2.1991148575128556       1.9271854732789003E-8    2.1991148575128556       5.1170592252532826E-8    2.1991148575128556       1.4444778890789885E-7    2.1991148575128556
4.09035363497391          5.612457296253114E-9     2.1928316722056764       1.8549118595908134E-8    2.1928316722056764       4.924981841352759E-8     2.1928316722056764       1.3904103048812196E-7    2.1928316722056764
4.09663682028109          5.323313849176162E-9     2.1865484868984963       1.7593938610453527E-8    2.1865484868984963       4.671251333804976E-8     2.1865484868984963       1.3189683175987876E-7    2.1865484868984963
4.10292000558827          4.941437461776949E-9     2.1802653015913163       1.6332244344503763E-8    2.1802653015913163       4.3361449926554843E-8    2.1802653015913163       1.224606256931718E-7     2.1802653015913163
4.10920319089545          4.516131862986747E-9     2.1739821162841366       1.4926681953705844E-8    2.1739821162841366       3.962878242438445E-8     2.1739821162841366       1.1194471655378719E-7    2.1739821162841366
4.115486376202629         4.083008448487208E-9     2.167698930976958        1.3494811450038652E-8    2.167698930976958        3.582686999974748E-8     2.167698930976958        1.0122805505916082E-7    2.167698930976958
4.121769561509808         3.6059647464870596E-9    2.1614157456697787       1.19174979039293E-8      2.1614157456697787       3.163866362550985E-8     2.1614157456697787       8.94218739115069E-8      2.1614157456697787
4.128052746816988         3.0491129746417933E-9    2.1551325603625986       1.0076607187956184E-8    2.1551325603625986       2.6750088487069173E-8    2.1551325603625986       7.564375496306211E-8     2.1551325603625986
4.134335932124168         2.4464331225178874E-9    2.1488493750554185       8.08473227406852E-9      2.1488493750554185       2.146067786374243E-8     2.1488493750554185       6.073713564193121E-8     2.1488493750554185
4.140619117431347         1.8510259415525035E-9    2.142566189748239        6.116970591675114E-9     2.142566189748239        1.6235749694191788E-8    2.142566189748239        4.601125320385494E-8     2.142566189748239
4.146902302738527         1.2531885812484875E-9    2.13628300444106         4.140960732004461E-9     2.13628300444106         1.0989151200227707E-8    2.13628300444106         3.122046237842126E-8     2.13628300444106
4.153185488045707         6.067783641512032E-10    2.1299998191338796       2.004531705090891E-9     2.1299998191338796       5.316271064151698E-9     2.1299998191338796       1.5224120368813603E-8    2.1299998191338796
4.159468673352886         8.705068792367492E-11    2.123716633826701        2.8798849304381093E-10   2.123716633826701        7.727222190662705E-10    2.123716633826701        1.910036919234657E-9     2.123716633826701
4.165751858660065         7.667670651804357E-10    2.117433448519521        2.534015866016341E-9     2.117433448519521        6.738861467378053E-9     2.117433448519521        1.875507567040659E-8     2.117433448519521
4.172035043967246         1.4065261050647221E-9    2.1111502632123407       4.647766477744182E-9     2.1111502632123407       1.2354062286336612E-8    2.1111502632123407       3.458932588849478E-8     2.1111502632123407
4.178318229274425         2.0364379940492815E-9    2.104867077905161        6.729169036823013E-9     2.104867077905161        1.7881998120295825E-8    2.104867077905161        5.01767953093086E-8      2.104867077905161
4.184601414581604         2.692113449985279E-9     2.0985838925979823       8.895993686052779E-9     2.0985838925979823       2.3635669147233157E-8    2.0985838925979823       6.640041900493542E-8     2.0985838925979823
4.190884599888784         3.348476862151446E-9     2.092300707290803        1.1065103447430315E-8    2.092300707290803        2.9395501450184482E-8    2.092300707290803        8.264347234556444E-8     2.092300707290803
4.197167785195964         3.948715227903854E-9     2.086017521983623        1.3048523157317398E-8    2.086017521983623        3.466246728632273E-8     2.086017521983623        9.749993797263332E-8     2.086017521983623
4.203450970503143         4.476580493915816E-9     2.079734336676444        1.4792857756276432E-8    2.079734336676444        3.929402779170207E-8     2.079734336676444        1.1056704690846843E-7    2.079734336676444
4.209734155810323         4.969155264136227E-9     2.0734511513692637       1.6420976003229896E-8    2.0734511513692637       4.361624716586187E-8     2.0734511513692637       1.2276322077380097E-7    2.0734511513692637
4.216017341117502         5.4566775987454E-9       2.0671679660620845       1.803243972750711E-8     2.0671679660620845       4.789404521561682E-8     2.0671679660620845       1.3483437713132912E-7    2.0671679660620845
4.222300526424682         5.9130531923531604E-9    2.0608847807549044       1.954057251288584E-8     2.0608847807549044       5.189789358382975E-8     2.0608847807549044       1.4613357740480036E-7    2.0608847807549044
4.228583711731861         6.284660428664043E-9     2.054601595447725        2.07683216708192E-8      2.054601595447725        5.515786318868571E-8     2.054601595447725        1.5533805160799526E-7    2.054601595447725
4.234866897039041         6.5545139240569255E-9    2.0483184101405456       2.1659801247672102E-8    2.0483184101405456       5.752503634689936E-8     2.0483184101405456       1.6202898394529938E-7    2.0483184101405456
4.241150082346221         6.75733840133209E-9      2.042035224833366        2.2329864493895037E-8    2.042035224833366        5.930339744685888E-8     2.042035224833366        1.6706246405697684E-7    2.042035224833366
4.247433267653401         6.930197202075303E-9     2.035752039526186        2.290110943521891E-8     2.035752039526186        6.08182268486703E-8      2.035752039526186        1.713547445681323E-7     2.035752039526186
4.25371645296058          7.062554351831458E-9     2.0294688542190067       2.333862304057074E-8     2.0294688542190067       6.197766916043436E-8     2.0294688542190067       1.7464615114985107E-7    2.0294688542190067
4.259999638267759         7.107198471356505E-9     2.0231856689118275       2.3486261137967797E-8    2.0231856689118275       6.236766007664862E-8     2.0231856689118275       1.7576900171838828E-7    2.0231856689118275
4.266282823574939         7.034438393733706E-9     2.0169024836046474       2.3246167344373655E-8    2.0169024836046474       6.172792535883545E-8     2.0169024836046474       1.739906824928554E-7     2.0169024836046474
4.2725660088821185        6.863613888312666E-9     2.010619298297468        2.268255574368415E-8     2.010619298297468        6.022861644605004E-8     2.010619298297468        1.6979130306972969E-7    2.010619298297468
4.278849194189298         6.640119816118252E-9     2.004336112990289        2.1945190478060565E-8    2.004336112990289        5.8267605660835504E-8    2.004336112990289        1.6429084342819716E-7    2.004336112990289
4.285132379496478         6.386081123264722E-9     1.9980529276831087       2.1106501206987365E-8    1.9980529276831087       5.6037609226780816E-8    1.9980529276831087       1.5803134924223053E-7    1.9980529276831087
4.291415564803658         6.078565185674235E-9     1.9917697423759286       2.009031526292943E-8     1.9917697423759286       5.333701443794329E-8     1.9917697423759286       1.5044410201053033E-7    1.9917697423759286
4.297698750110837         5.677369308036061E-9     1.9854865570687494       1.8764045325175005E-8    1.9854865570687494       4.981443737107018E-8     1.9854865570687494       1.4053780577922586E-7    1.9854865570687494
4.303981935418016         5.169229236360829E-9     1.9792033717615702       1.7084315127346216E-8    1.9792033717615702       4.535443212908168E-8     1.9792033717615702       1.2798774259596662E-7    1.9792033717615702
4.310265120725196         4.583411464494942E-9     1.9729201864543902       1.5148106555985937E-8    1.9729201864543902       4.021329937439975E-8     1.9729201864543902       1.1351864944163404E-7    1.9729201864543902
4.3165483060323755        3.96733599969428E-9      1.966637001147211        1.3112187428078342E-8    1.966637001147211        3.480656434078224E-8     1.966637001147211        9.830147495040069E-8     1.966637001147211
4.322831491339556         3.3465105706509896E-9    1.9603538158400309       1.106062914823065E-8     1.9603538158400309       2.9357749415807253E-8    1.9603538158400309       8.296357411135236E-8     1.9603538158400309
4.329114676646735         2.7064617948652742E-9    1.9540706305328517       8.94527166381013E-9      1.9540706305328517       2.3739500034949505E-8    1.9540706305328517       6.71451777561117E-8      1.9540706305328517
4.335397861953915         2.013640860889229E-9     1.9477874452256716       6.655119138311912E-9     1.9477874452256716       1.7657660301983074E-8    1.9477874452256716       5.0017801942946416E-8    1.9477874452256716
4.341681047261094         1.2521572529688611E-9    1.9415042599184924       4.13779843586732E-9      1.9415042599184924       1.097387891366467E-8     1.9415042599184924       3.119045693564682E-8     1.9415042599184924
4.347964232568273         4.422692001981919E-10    1.9352210746113132       1.4606521065537193E-9    1.9352210746113132       3.866898106239689E-9     1.9352210746113132       1.1160754017453088E-8    1.9352210746113132
4.354247417875452         3.7961781670886505E-10   1.928937889304134        1.2556374701677145E-9    1.928937889304134        3.343358974663471E-9     1.928937889304134        9.136069943987954E-9     1.928937889304134
4.360530603182633         1.1610390049685983E-9    1.922654703996953        3.837892971038754E-9     1.922654703996953        1.0199086994153514E-8    1.922654703996953        2.8462413384814304E-8    1.922654703996953
4.366813788489813         1.8954163204568624E-9    1.9163715186897738       6.26438730905424E-9      1.9163715186897738       1.6642375319985845E-8    1.9163715186897738       4.6619685673979145E-8    1.9163715186897738
4.373096973796992         2.5978045762961603E-9    1.9100883333825946       8.58480970555895E-9      1.9100883333825946       2.2805265111094896E-8    1.9100883333825946       6.398433422178343E-8     1.9100883333825946
4.379380159104172         3.2965361010318146E-9    1.9038051480754146       1.0893063292342338E-8    1.9038051480754146       2.8936126121806917E-8    1.9038051480754146       8.126029280380708E-8     1.9038051480754146
4.385663344411351         4.0050174042447574E-9    1.8975219627682354       1.3233975140620777E-8    1.8975219627682354       3.515287902973366E-8     1.8975219627682354       9.878100240745212E-8     1.8975219627682354
4.39194652971853          4.7067026729163605E-9    1.8912387774610562       1.5553038744077915E-8    1.8912387774610562       4.131058338071124E-8     1.8912387774610562       1.1613722348253743E-7    1.8912387774610562
4.39822971502571          5.362463228633398E-9     1.884955592153876        1.7720683597894235E-8    1.884955592153876        4.7065467053935324E-8    1.884955592153876        1.3236132251324623E-7    1.884955592153876
4.4045129003328904        5.931831705872584E-9     1.878672406846696        1.960278286195773E-8     1.878672406846696        5.206168499739874E-8     1.878672406846696        1.4645057991482721E-7    1.878672406846696
4.41079608564007          6.392622215975701E-9     1.8723892215395168       2.1125846503750317E-8    1.8723892215395168       5.6104621979561615E-8    1.8723892215395168       1.57854210073854E-7      1.8723892215395168
4.417079270947249         6.748551950775589E-9     1.8661060362323376       2.2302319684232675E-8    1.8661060362323376       5.922766836356775E-8     1.8661060362323376       1.6666625987906229E-7    1.8661060362323376
4.423362456254428         7.023025705274745E-9     1.8598228509251584       2.3209608528350838E-8    1.8598228509251584       6.163621303069388E-8     1.8598228509251584       1.7346792383327942E-7    1.8598228509251584
4.429645641561608         7.243254861449617E-9     1.8535396656179783       2.3937459835440294E-8    1.8535396656179783       6.356829807845579E-8     1.8535396656179783       1.7893074655423116E-7    1.8535396656179783
4.435928826868788         7.423238822373639E-9     1.8472564803107983       2.4532122612101322E-8    1.8472564803107983       6.514671114469846E-8     1.8472564803107983       1.8339905945145367E-7    1.8472564803107983
4.442212012175967         7.555408442689063E-9     1.840973295003619        2.4968685602473547E-8    1.840973295003619        6.630574278479883E-8     1.840973295003619        1.8668555946099003E-7    1.840973295003619
4.4484951974831475        7.614753046024478E-9     1.834690109696439        2.5164538990939066E-8    1.834690109696439        6.682624217283798E-8     1.834690109696439        1.8817173616471272E-7    1.834690109696439
4.454778382790327         7.571021311725584E-9     1.8284069243892598       2.5019869163280046E-8    1.8284069243892598       6.644225696229408E-8     1.8284069243892598       1.8710881147494404E-7    1.8284069243892598
4.461061568097506         7.4017579589261E-9       1.8221237390820806       2.4460569449706343E-8    1.8221237390820806       6.495616588351763E-8     1.8221237390820806       1.8294188487900167E-7    1.8221237390820806
4.467344753404685         7.100886158677639E-9     1.8158405537749014       2.3466467895567746E-8    1.8158405537749014       6.231492519115205E-8     1.8158405537749014       1.7552358055969983E-7    1.8158405537749014
4.473627938711866         6.680611506057231E-9     1.8095573684677204       2.207785639905915E-8     1.8095573684677204       5.862641502718245E-8     1.8095573684677204       1.6515778657143457E-7    1.8095573684677204
4.479911124019045         6.167043882377494E-9     1.8032741831605412       2.0380844482035272E-8    1.8032741831605412       5.411958178646254E-8     1.8032741831605412       1.5248691912404425E-7    1.8032741831605412
4.486194309326224         5.591847035202533E-9     1.796990997853362        1.8479884080109895E-8    1.796990997853362        4.9071426081425165E-8    1.796990997853362        1.3828814941672656E-7    1.796990997853362
4.4924774946334045        4.983028159583654E-9     1.790707812546182        1.646791381206837E-8     1.790707812546182        4.3727870084219094E-8    1.790707812546182        1.232522966847568E-7     1.790707812546182
4.498760679940584         4.357448515815299E-9     1.7844246272390027       1.4401036243142739E-8    1.7844246272390027       3.8237581323936306E-8    1.7844246272390027       1.0779929727038123E-7    1.7844246272390027
4.505043865247763         3.717336279192923E-9     1.7781414419318236       1.2286155037407633E-8    1.7781414419318236       3.2619749846941864E-8    1.7781414419318236       9.198705014712557E-8     1.7781414419318236
4.511327050554943         3.0525827388880468E-9    1.7718582566246435       1.0089293572172446E-8    1.7718582566246435       2.678488398111676E-8     1.7718582566246435       7.556565727300226E-8     1.7718582566246435
4.517610235862123         2.347681645279542E-9     1.7655750713174634       7.759440458933065E-9     1.7655750713174634       2.0597102723600734E-8    1.7655750713174634       5.815081922646254E-8     1.7655750713174634
4.523893421169302         1.5894542132431569E-9    1.7592918860102842       5.253572083039943E-9     1.7592918860102842       1.3941433825139418E-8    1.7592918860102842       3.941674993345147E-8     1.7592918860102842
4.5301766064764815        7.737204197069361E-10    1.753008700703105        2.5579432825196365E-9    1.753008700703105        6.781347744150572E-9     1.753008700703105        1.926010072576721E-8     1.753008700703105
4.536459791783661         1.4848298113490333E-10   1.7467255153959258       4.904837142502356E-10    1.7467255153959258       1.3097493165755664E-9    1.7467255153959258       3.5522817093607114E-9    1.7467255153959258
4.542742977090841         1.0287495274271862E-9    1.7404423300887457       3.3988614841411196E-9    1.7404423300887457       9.039005570567851E-9     1.7404423300887457       2.52698994625428E-8      1.7404423300887457
4.549026162398021         1.96043563779289E-9      1.7341591447815656       6.478003660385673E-9     1.7341591447815656       1.7215537696523472E-8    1.7341591447815656       4.829185442389208E-8     1.7341591447815656
4.5553093477052           2.8853076269582102E-9    1.7278759594743864       9.534738250716918E-9     1.7278759594743864       2.5331252535392335E-8    1.7278759594743864       7.114701682209617E-8     1.7278759594743864
4.56159253301238          3.774577978969479E-9     1.7215927741672064       1.2473844342234917E-8    1.7215927741672064       3.313440177153588E-8     1.7215927741672064       9.312338460167767E-8     1.7215927741672064
4.567875718319559         4.601959665822571E-9     1.7153095888600272       1.5208484388505543E-8    1.7153095888600272       4.039492670853856E-8     1.7153095888600272       1.1357206135658547E-7    1.7153095888600272
4.5741589036267385        5.345024214362813E-9     1.709026403552848        1.7664408301759348E-8    1.709026403552848        4.691560943947521E-8     1.709026403552848        1.3193831369072837E-7    1.709026403552848
4.580442088933918         5.986292157744961E-9     1.7027432182456688       1.9783628922218064E-8    1.7027432182456688       5.254236707170571E-8     1.7027432182456688       1.477879792174125E-7     1.7027432182456688
4.586725274241099         6.5137494540410064E-9    1.6964600329384878       2.1526762083747307E-8    1.6964600329384878       5.716993563897029E-8     1.6964600329384878       1.608245618909096E-7     1.6964600329384878
4.593008459548278         6.9211177397820975E-9    1.6901768476313086       2.2873540357461075E-8    1.6901768476313086       6.074417661842077E-8     1.6901768476313086       1.7089616879872173E-7    1.6901768476313086
4.599291644855457         7.207710629430872E-9     1.6838936623241294       2.3821408897949107E-8    1.6838936623241294       6.325938015711375E-8     1.6838936623241294       1.7798637259407438E-7    1.6838936623241294
4.605574830162636         7.37755852158571E-9      1.6776104770169502       2.438299135368906E-8     1.6776104770169502       6.474968039641884E-8     1.6776104770169502       1.821912068766356E-7     1.6776104770169502
4.611858015469816         7.438160399349915E-9     1.6713272917097701       2.458278177831861E-8     1.6713272917097701       6.527938317485466E-8     1.6713272917097701       1.8369277216003544E-7    1.6713272917097701
4.6181412007769955        7.3996727724358555E-9    1.665044106402591        2.4454658010416196E-8    1.665044106402591        6.49380430716212E-8      1.665044106402591        1.827424598780666E-7     1.665044106402591
4.624424386084176         7.274432865095861E-9     1.6587609210954108       2.4040071324706254E-8    1.6587609210954108       6.383626348611724E-8     1.6587609210954108       1.7964861027765826E-7    1.6587609210954108
4.630707571391356         7.076041327992454E-9     1.6524777357882308       2.3384280518994775E-8    1.6524777357882308       6.209489601598024E-8     1.6524777357882308       1.7475063767672938E-7    1.6524777357882308
4.636990756698535         6.818138354018795E-9     1.6461945504810516       2.2532113320665193E-8    1.6461945504810516       5.983272286036756E-8     1.6461945504810516       1.6838603478075704E-7    1.6461945504810516
4.643273942005714         6.513655180643431E-9     1.6399113651738724       2.1526257738553874E-8    1.6399113651738724       5.7161739450626066E-8    1.6399113651738724       1.6087239078228164E-7    1.6399113651738724
4.649557127312893         6.174692769000668E-9     1.6336281798666932       2.040673851713102E-8     1.6336281798666932       5.418779334185547E-8     1.6336281798666932       1.5250614564572567E-7    1.6336281798666932
4.655840312620073         5.8125234343648115E-9    1.627344994559513        1.9210312098178955E-8    1.627344994559513        5.10098456949088E-8      1.627344994559513        1.435635882682616E-7     1.627344994559513
4.6621234979272534        5.437367024480958E-9     1.621061809252333        1.797035051323123E-8     1.621061809252333        4.7717361459994353E-8    1.621061809252333        1.3429677167006142E-7    1.621061809252333
4.668406683234433         5.058100425291602E-9     1.6147786239451538       1.671638930608784E-8     1.6147786239451538       4.4388238247087475E-8    1.6147786239451538       1.2492708161182314E-7    1.6147786239451538
4.674689868541612         4.681987657851726E-9     1.6084954386379746       1.5472728093683126E-8    1.6084954386379746       4.1086668978482656E-8    1.6084954386379746       1.1563645076149106E-7    1.6084954386379746
4.680973053848792         4.3144948629101564E-9    1.6022122533307945       1.4257693856145095E-8    1.6022122533307945       3.78614368349388E-8      1.6022122533307945       1.0656073639864285E-7    1.6022122533307945
4.687256239155971         3.959715994806388E-9     1.5959290680236153       1.3085173429786137E-8    1.5959290680236153       3.474911510428346E-8     1.5959290680236153       9.780080519980391E-8     1.5959290680236153
4.69353942446315          3.621100614656751E-9     1.5896458827164361       1.1966595293700153E-8    1.5896458827164361       3.177943649393792E-8     1.5896458827164361       8.944093638896205E-8     1.5896458827164361
4.699822609770331         3.3013834117862458E-9    1.5833626974092552       1.0910560515524322E-8    1.5833626974092552       2.897503556906412E-8     1.5833626974092552       8.154698219286338E-8     1.5833626974092552
4.7061057950775105        3.002190847564621E-9     1.577079512102076        9.922084567281149E-9     1.577079512102076        2.6349730817197814E-8    1.577079512102076        7.415837580970347E-8     1.577079512102076
4.71238898038469          2.7243063820015158E-9    1.5707963267948968       9.003776423698078E-9     1.5707963267948968       2.3910957673092132E-8    1.5707963267948968       6.729516379741724E-8     1.5707963267948968
4.718672165691869         2.4679454498070934E-9    1.5645131414877176       8.156456799730733E-9     1.5645131414877176       2.1660679884874043E-8    1.5645131414877176       6.09624153984698E-8      1.5645131414877176
4.724955350999049         2.2326508805128705E-9    1.5582299561805375       7.378594921867912E-9     1.5582299561805375       1.9594664113358505E-8    1.5582299561805375       5.514812226453647E-8     1.5582299561805375
4.731238536306228         2.0174867808255767E-9    1.5519467708733583       6.667187343313665E-9     1.5519467708733583       1.7705608013406693E-8    1.5519467708733583       4.9831168966452673E-8    1.5519467708733583
4.737521721613408         1.8214548235832165E-9    1.5456635855661782       6.0192131674147585E-9    1.5456635855661782       1.5985962517805782E-8    1.5456635855661782       4.498983491466013E-8     1.5456635855661782
4.743804906920587         1.6436503922473415E-9    1.539380400258999        5.431705371347254E-9     1.539380400258999        1.4427190057151459E-8    1.539380400258999        4.060070449451185E-8     1.539380400258999
4.7500880922277675        1.4831915056370528E-9    1.533097214951819        4.901409210714996E-9     1.533097214951819        1.3019697465458592E-8    1.533097214951819        3.663805531141667E-8     1.533097214951819
4.756371277534947         1.3389721658703708E-9    1.5268140296446397       4.424547418643211E-9     1.5268140296446397       1.1753112789705991E-8    1.5268140296446397       3.307341766552718E-8     1.5268140296446397
4.762654462842126         1.2094927024872254E-9    1.5205308443374606       3.996430513096373E-9     1.5205308443374606       1.0615189302049474E-8    1.5205308443374606       2.987222829933848E-8     1.5205308443374606
4.768937648149306         1.093145860057543E-9     1.5142476590302805       3.6118938347136134E-9    1.5142476590302805       9.592792009769923E-9     1.5142476590302805       2.6997186951383188E-8    1.5142476590302805
4.775220833456486         9.885774666121426E-10    1.5079644737231004       3.26637032016807E-9      1.5079644737231004       8.67446357981359E-9      1.5079644737231004       2.4415538066307784E-8    1.5079644737231004
4.781504018763665         8.946340581590502E-10    1.5016812884159212       2.9560228750290634E-9    1.5016812884159212       7.850211017750447E-9     1.5016812884159212       2.2098058231412907E-8    1.5016812884159212
4.7877872040708445        8.102511863097738E-10    1.495398103108742        2.6773065745396817E-9    1.495398103108742        7.110292546660355E-9     1.495398103108742        2.0016202187005363E-8    1.495398103108742
4.7940703893780245        7.34557826280855E-10     1.489114917801562        2.4271929911376906E-9    1.489114917801562        6.446316253962156E-9     1.489114917801562        1.8146505268209957E-8    1.489114917801562
4.800353574685204         6.66844921209578E-10     1.4828317324943827       2.2033662119842755E-9    1.4828317324943827       5.851977388055326E-9     1.4828317324943827       1.6472526728490394E-8    1.4828317324943827
4.806636759992383         6.064035748537469E-10    1.4765485471872035       2.003744207667664E-9     1.4765485471872035       5.3216779211168626E-9    1.4765485471872035       1.4979418302116845E-8    1.4765485471872035
4.812919945299563         5.526303082046218E-10    1.4702653618800234       1.8263713324348217E-9    1.4702653618800234       4.850223148120823E-9     1.4702653618800234       1.3652587488587496E-8    1.4702653618800234
4.819203130606743         5.051727560061912E-10    1.4639821765728434       1.669766786329155E-9     1.4639821765728434       4.433796278250666E-9     1.4639821765728434       1.2481065500427362E-8    1.4639821765728434
4.825486315913922         4.636419822831808E-10    1.4576989912656642       1.5324072156111754E-9    1.4576989912656642       4.0685999839191934E-9    1.4576989912656642       1.1453607940886279E-8    1.4576989912656642
4.8317695012211015        4.27233094603022E-10     1.451415805958485        1.4117431538469402E-9    1.451415805958485        3.748129472282922E-9     1.451415805958485        1.0551037227060039E-8    1.451415805958485
4.838052686528282         3.9482523192065767E-10   1.4451326206513049       1.3043363685599303E-9    1.4451326206513049       3.4632222287141165E-9    1.4451326206513049       9.747617420263913E-9     1.4451326206513049
4.844335871835461         3.6533001229838685E-10   1.4388494353441257       1.206763205962527E-9     1.4388494353441257       3.2043620070976453E-9    1.4388494353441257       9.017926846523359E-9     1.4388494353441257
4.850619057142641         3.3787217373981263E-10   1.4325662500369456       1.1161497901855722E-9    1.4325662500369456       2.9635509987825333E-9    1.4325662500369456       8.34044368442614E-9      1.4325662500369456
4.85690224244982          3.119676316217956E-10    1.4262830647297664       1.0307921282136785E-9    1.4262830647297664       2.7363750425607653E-9    1.4262830647297664       7.702219215147932E-9     1.4262830647297664
4.863185427757            2.8777568621699544E-10   1.4199998794225863       9.510793014515053E-10    1.4199998794225863       2.5242587084978E-9       1.4199998794225863       7.10627061465268E-9      1.4199998794225863
4.869468613064179         2.660069097065924E-10    1.4137166941154071       8.793145175026545E-10    1.4137166941154071       2.333564644440077E-9     1.4137166941154071       6.570142510860998E-9     1.4137166941154071
4.8757517983713585        2.473472028031943E-10    1.407433508808228        8.178133422415215E-10    1.407433508808228        2.170426691617741E-9     1.407433508808228        6.111047143691342E-9     1.407433508808228
4.882034983678538         2.3180309971031827E-10   1.4011503235010487       7.665905462929061E-10    1.4011503235010487       2.0347055069931306E-9    1.4011503235010487       5.728451496058234E-9     1.4011503235010487
4.888318168985719         2.18423310648721E-10     1.3948671381938678       7.223894551756627E-10    1.3948671381938678       1.9175173067152336E-9    1.3948671381938678       5.397436822581293E-9     1.3948671381938678
4.894601354292898         2.0569552201641502E-10   1.3885839528866886       6.801764146304236E-10    1.3885839528866886       1.8053539977106207E-9    1.3885839528866886       5.080463631425179E-9     1.3885839528866886
4.900884539600077         1.925564664992376E-10    1.3823007675795094       6.366221878304535E-10    1.3823007675795094       1.6894581131414073E-9    1.3823007675795094       4.753423390654313E-9     1.3823007675795094
4.907167724907257         1.7931140988198955E-10   1.3760175822723293       5.929544418198988E-10    1.3760175822723293       1.5733064106923954E-9    1.3760175822723293       4.426467408882158E-9     1.3760175822723293
4.913450910214436         1.6747576492530774E-10   1.36973439696515         5.5415026754187E-10      1.36973439696515         1.4702452866458898E-9    1.36973439696515         4.1373363240807965E-9    1.36973439696515
4.919734095521616         1.582763272561641E-10    1.363451211657971        5.240039673395765E-10    1.363451211657971        1.3903411131949057E-9    1.363451211657971        3.914185425277871E-9     1.363451211657971
4.926017280828796         1.5108493432872072E-10   1.3571680263507908       5.001882087726934E-10    1.3571680263507908       1.3273687186095564E-9    1.3571680263507908       3.738814683895891E-9     1.3571680263507908
4.932300466135976         1.4377078351199916E-10   1.3508848410436107       4.755912258173964E-10    1.3508848410436107       1.2624008581849257E-9    1.3508848410436107       3.557049790168048E-9     1.3508848410436107
4.938583651443155         1.3499482472302455E-10   1.3446016557364315       4.459578007016966E-10    1.3446016557364315       1.1840706646678311E-9    1.3446016557364315       3.336460372626802E-9     1.3446016557364315
4.944866836750334         1.2597465185303886E-10   1.3383184704292523       4.156327270511485E-10    1.3383184704292523       1.1038541814618026E-9    1.3383184704292523       3.1097622461226324E-9    1.3383184704292523
4.951150022057513         1.1944537505082266E-10   1.3320352851220731       3.9389226937089756E-10   1.3320352851220731       1.0463788307522197E-9    1.3320352851220731       2.9470813142501987E-9    1.3320352851220731
4.957433207364693         1.1613192702708485E-10   1.325752099814893        3.831384478766728E-10    1.325752099814893        1.0180307155468001E-9    1.325752099814893        2.8669630745991035E-9    1.325752099814893
4.9637163926718735        1.1317698999292485E-10   1.319468914507713        3.7373540463247295E-10   1.319468914507713        9.931604167797752E-10    1.319468914507713        2.797332507983957E-9     1.319468914507713
4.969999577979053         1.0759571535703011E-10   1.3131857292005338       3.555569338326474E-10    1.3131857292005338       9.4481968464396E-10      1.3131857292005338       2.6618954326031124E-9    1.3131857292005338
4.976282763286233         1.0018823309282278E-10   1.3069025438933537       3.3113599612723485E-10   1.3069025438933537       8.798326294894548E-10    1.3069025438933537       2.479116431146121E-9     1.3069025438933537
4.982565948593412         9.461219777844175E-11    1.3006193585861745       3.1262673135838256E-10   1.3006193585861745       8.306588273385341E-10    1.3006193585861745       2.3399571718294363E-9    1.3006193585861745
4.988849133900591         9.182428744239471E-11    1.2943361732789953       3.0325109589085163E-10   1.2943361732789953       8.059575801987209E-10    1.2943361732789953       2.268882255073052E-9     1.2943361732789953
4.99513231920777          8.832586389753769E-11    1.288052987971816        2.914765729987695E-10    1.288052987971816        7.750264876776453E-10    1.288052987971816        2.1801119384083496E-9    1.288052987971816
5.001415504514951         8.239671653949985E-11    1.2817698026646351       2.7171172401556896E-10   1.2817698026646351       7.227887145919943E-10    1.2817698026646351       2.032182171088389E-9     1.2817698026646351
5.0076986898221305        7.782833474296795E-11    1.275486617357456        2.565851072627742E-10    1.275486617357456        6.826447632055151E-10    1.275486617357456        1.9194346948005876E-9    1.275486617357456
5.01398187512931          7.75225908025638E-11     1.2692034320502767       2.557015727460051E-10    1.2692034320502767       6.801123375409451E-10    1.2692034320502767       1.91332388701243E-9      1.2692034320502767
5.020265060436489         7.705673056852015E-11    1.2629202467430976       2.5438945020154687E-10   1.2629202467430976       6.762664870179751E-10    1.2629202467430976       1.9037567382069347E-9    1.2629202467430976
5.026548245743669         7.231172511054181E-11    1.2566370614359175       2.3890251137821927E-10   1.2566370614359175       6.347441269377861E-10    1.2566370614359175       1.7876690688552386E-9    1.2566370614359175
5.032831431050848         6.709761793711349E-11    1.2503538761287383       2.2175108222358907E-10   1.2503538761287383       5.889395209603581E-10    1.2503538761287383       1.658752471871558E-9     1.2503538761287383
5.039114616358028         6.60940219937637E-11     1.2440706908215582       2.184297674632852E-10    1.2440706908215582       5.800206481644906E-10    1.2440706908215582       1.6330184625932825E-9    1.2440706908215582
5.045397801665208         6.498021805505692E-11    1.237787505514378        2.146871951964969E-10    1.237787505514378        5.70111221084618E-10     1.237787505514378        1.6040609691581418E-9    1.237787505514378
5.0516809869723875        6.023146506744254E-11    1.231504320207199        1.9891246879535935E-10   1.231504320207199        5.282976780726757E-10    1.231504320207199        1.485486848318271E-9     1.231504320207199
5.057964172279567         5.7547485820309895E-11   1.2252211349000197       1.8999816502271754E-10   1.2252211349000197       5.046548594923594E-10    1.2252211349000197       1.418559872533722E-9     1.2252211349000197
5.064247357586746         5.898880166974438E-11    1.2189379495928405       1.9479071385815085E-10   1.2189379495928405       5.173585311291323E-10    1.2189379495928405       1.4542335806299269E-9    1.2189379495928405
5.070530542893926         5.69990114523782E-11     1.2126547642856604       1.8831311596036738E-10   1.2126547642856604       5.0013747703796E-10      1.2126547642856604       1.4059551290928438E-9    1.2126547642856604
5.076813728201106         5.202724034163666E-11    1.2063715789784804       1.7194979634750395E-10   1.2063715789784804       4.5670129369954476E-10   1.2063715789784804       1.2840443556713215E-9    1.2063715789784804
5.083096913508285         5.215655774259725E-11    1.2000883936713012       1.7234093733597397E-10   1.2000883936713012       4.5777418277377676E-10   1.2000883936713012       1.2874407751312234E-9    1.2000883936713012
5.0893800988154645        5.275520747759398E-11    1.193805208364122        1.7415952053185165E-10   1.193805208364122        4.626441872051217E-10    1.193805208364122        1.3016435804957158E-9    1.193805208364122
5.095663284122645         4.812673712323395E-11    1.1875220230569419       1.586988974645282E-10    1.1875220230569419       4.216019588681566E-10    1.1875220230569419       1.1866725061945312E-9    1.1875220230569419
5.101946469429824         4.6181423918844396E-11   1.1812388377497627       1.52217651817331E-10     1.1812388377497627       4.0438150366513443E-10   1.1812388377497627       1.1386331823156612E-9    1.1812388377497627
5.108229654737003         4.722165105855682E-11    1.1749556524425835       1.5575884198607773E-10   1.1749556524425835       4.138022351034724E-10    1.1749556524425835       1.1654529070080816E-9    1.1749556524425835
5.114512840044184         4.312079623290925E-11    1.1686724671354025       1.4242383855740932E-10   1.1686724671354025       3.784499238650904E-10    1.1686724671354025       1.0659209557906566E-9    1.1686724671354025
5.120796025351363         4.1354003357478944E-11   1.1623892818282233       1.367594249796638E-10    1.1623892818282233       3.6346994730673216E-10   1.1623892818282233       1.023512086473353E-9     1.1623892818282233
5.127079210658542         4.4557265617451524E-11   1.1561060965210441       1.4753009393958143E-10   1.1561060965210441       3.9212401952799296E-10   1.1561060965210441       1.1034942623373062E-9    1.1561060965210441
5.1333623959657215        4.156202966513467E-11    1.149822911213865        1.3774849512464584E-10   1.149822911213865        3.6613448273017486E-10   1.149822911213865        1.0294388413635023E-9    1.149822911213865
5.139645581272902         3.847881240472071E-11    1.1435397259066848       1.275635124481524E-10    1.1435397259066848       3.3901614248478454E-10   1.1435397259066848       9.52542495564073E-10     1.1435397259066848
5.145928766580081         3.980091363887977E-11    1.1372565405995056       1.3183598879471594E-10   1.1372565405995056       3.502223562999833E-10    1.1372565405995056       9.837287501258759E-10    1.1372565405995056
5.152211951887261         3.576265765126942E-11    1.1309733552923256       1.1829303554278572E-10   1.1309733552923256       3.141093299126637E-10    1.1309733552923256       8.821932888921423E-10    1.1309733552923256
5.15849513719444          3.5463754000833496E-11   1.1246901699851464       1.1714187704986313E-10   1.1246901699851464       3.1097020782077444E-10   1.1246901699851464       8.736934067090575E-10    1.1246901699851464
5.16477832250162          3.8856470937652296E-11   1.1184069846779663       1.2816705376415424E-10   1.1184069846779663       3.4017671968222153E-10   1.1184069846779663       9.565124910031974E-10    1.1184069846779663
5.171061507808799         3.442044804448048E-11    1.112123799370787        1.1345352677762226E-10   1.112123799370787        3.0112181717509645E-10   1.112123799370787        8.472089395951149E-10    1.112123799370787
5.177344693115979         3.3635440009369925E-11   1.105840614063608        1.1092787985442459E-10   1.105840614063608        2.944696815629233E-10    1.105840614063608        8.287505230578148E-10    1.105840614063608
5.183627878423159         3.335585780332752E-11    1.0995574287564278       1.1015114883983973E-10   1.0995574287564278       2.9251839031394984E-10   1.0995574287564278       8.23576040963976E-10     1.0995574287564278
5.189911063730339         2.917475446009622E-11    1.0932742434492477       9.645685934229214E-11    1.0932742434492477       2.562410172561251E-10    1.0932742434492477       7.215667744317679E-10    1.0932742434492477
5.196194249037518         3.340274461660682E-11    1.0869910581420685       1.1052418631144811E-10   1.0869910581420685       2.93666748471914E-10     1.0869910581420685       8.269676814313932E-10    1.0869910581420685
5.202477434344697         3.178925354884391E-11    1.0807078728348893       1.0523788966369569E-10   1.0807078728348893       2.7969803909017213E-10   1.0807078728348893       7.877993886179832E-10    1.0807078728348893
5.208760619651877         2.9125507605510346E-11   1.0744246875277093       9.642717115304982E-11    1.0744246875277093       2.5630465353354277E-10   1.0744246875277093       7.220044028318481E-10    1.0744246875277093
5.215043804959056         3.1049843467141034E-11   1.06814150222053         1.0271175385350717E-10   1.06814150222053         2.729774005167085E-10    1.06814150222053         7.690332111673433E-10    1.06814150222053
5.221326990266236         2.652643258663897E-11    1.0618583169133509       8.765836839333679E-11    1.0618583169133509       2.329775808844573E-10    1.0618583169133509       6.5650465480133E-10      1.0618583169133509
5.227610175573417         2.9972906954628244E-11   1.05557513160617         9.89429149126772E-11     1.05557513160617         2.629143715739067E-10    1.05557513160617         7.407007788956336E-10    1.05557513160617
5.233893360880596         2.845021215101983E-11    1.0492919462989907       9.37369958267624E-11     1.0492919462989907       2.4905344367569653E-10   1.0492919462989907       7.014258416414944E-10    1.0492919462989907
5.240176546187775         2.6089193648347605E-11   1.0430087609918115       8.58727859828556E-11     1.0430087609918115       2.2816162017827324E-10   1.0430087609918115       6.424962023638231E-10    1.0430087609918115
5.246459731494954         2.8288861314763605E-11   1.0367255756846323       9.311549847609985E-11    1.0367255756846323       2.4739404537189295E-10   1.0367255756846323       6.964137346711965E-10    1.0367255756846323
5.252742916802134         2.3878997819744222E-11   1.0304423903774522       7.859380783637827E-11    1.0304423903774522       2.0886197057437806E-10   1.0304423903774522       5.878909488064838E-10    1.0304423903774522
5.259026102109313         2.7737535184322018E-11   1.024159205070273        9.144591771818037E-11    1.024159205070273        2.430269732780268E-10    1.024159205070273        6.83954989279897E-10     1.024159205070273
5.2653092874164935        2.3833380240455985E-11   1.017876019763093        7.869500428270827E-11    1.017876019763093        2.0919692622001798E-10   1.017876019763093        5.886970232544819E-10    1.017876019763093
5.271592472723673         2.5240841259961698E-11   1.0115928344559137       8.340602229079739E-11    1.0115928344559137       2.2173352730025262E-10   1.0115928344559137       6.241683997365042E-10    1.0115928344559137
5.277875658030853         2.4905353072658786E-11   1.0053096491487337       8.238885839905665E-11    1.0053096491487337       2.1898664191565449E-10   1.0053096491487337       6.16523697853312E-10     1.0053096491487337
5.284158843338032         2.2850563469164584E-11   0.9990264638415545       7.559520603213784E-11    0.9990264638415545       2.0093267513669095E-10   0.9990264638415545       5.657830727740153E-10    0.9990264638415545
5.290442028645211         2.451922447000724E-11    0.9927432785343753       8.11023865020951E-11     0.9927432785343753       2.154477799290096E-10    0.9927432785343753       6.063555663378006E-10    0.9927432785343753
5.296725213952391         2.0392456965881672E-11   0.9864600932271953       6.743341355038794E-11    0.9864600932271953       1.7911498247821375E-10   0.9864600932271953       5.040114592471989E-10    0.9864600932271953
5.303008399259571         2.512648159692781E-11    0.9801769079200151       8.305100627084872E-11    0.9801769079200151       2.2049081018818981E-10   0.9801769079200151       6.201905600440999E-10    0.9801769079200151
5.3092915845667505        2.039929842344874E-11    0.9738937226128359       6.740713370641292E-11    0.9738937226128359       1.788861494634976E-10    0.9738937226128359       5.027659497565501E-10    0.9738937226128359
5.31557476987393          2.326412445525079E-11    0.9676105373056567       7.685898877122644E-11    0.9676105373056567       2.0396110911665265E-10   0.9676105373056567       5.729812443623299E-10    0.9676105373056567
5.32185795518111          1.8302290079330115E-11   0.9613273519984766       6.044366638637868E-11    0.9613273519984766       1.603666656479383E-10    0.9613273519984766       4.5005699276851093E-10   0.9613273519984766
5.328141140488289         2.3172282515406063E-11   0.9550441666912975       7.652114871354836E-11    0.9550441666912975       2.030812167099206E-10    0.9550441666912975       5.703565973063045E-10    0.9550441666912975
5.334424325795468         2.0316724808503947E-11   0.9487609813841184       6.707148326827934E-11    0.9487609813841184       1.7799959605499208E-10   0.9487609813841184       4.999962301474952E-10    0.9487609813841184
5.340707511102648         2.1499389302348614E-11   0.9424777960769383       7.096818553183481E-11    0.9424777960769383       1.88370818544968E-10     0.9424777960769383       5.292763782828466E-10    0.9424777960769383
5.346990696409828         1.7558771132973374E-11   0.9361946107697581       5.7953596461379806E-11   0.9361946107697581       1.5383843381112189E-10   0.9361946107697581       4.3243566421599566E-10   0.9361946107697581
5.353273881717008         2.072764646258288E-11    0.9299114254625789       6.841322604171692E-11    0.9299114254625789       1.816335640651486E-10    0.9299114254625789       5.108123618204502E-10    0.9299114254625789
5.359557067024187         1.9401684692930884E-11   0.9236282401553997       6.409151241568006E-11    0.9236282401553997       1.701664665226032E-10    0.9236282401553997       4.791180430157903E-10    0.9236282401553997
5.365840252331367         1.988021115822212E-11    0.9173450548482197       6.56927904045949E-11     0.9173450548482197       1.744179018356222E-10    0.9173450548482197       4.911366402838542E-10    0.9173450548482197
5.372123437638546         1.6662764694766897E-11   0.9110618695410405       5.5133933093088034E-11   0.9110618695410405       1.463755262064995E-10    0.9110618695410405       4.1239920622574737E-10   0.9110618695410405
5.378406622945726         1.949728086371862E-11    0.9047786842338603       6.449939442671226E-11    0.9047786842338603       1.712464073747108E-10    0.9047786842338603       4.82410155957179E-10     0.9047786842338603
5.384689808252905         1.7915002539968542E-11   0.8984954989266811       5.93418093944841E-11     0.8984954989266811       1.5754298942759405E-10   0.8984954989266811       4.4391694918849685E-10   0.8984954989266811
5.390972993560085         1.9282630854655678E-11   0.892212313619501        6.387022901638745E-11    0.892212313619501        1.6956410342674165E-10   0.892212313619501        4.776252026358278E-10    0.892212313619501
5.397256178867265         1.5395910172325934E-11   0.8859291283123218       5.103881889711572E-11    0.8859291283123218       1.3550269345690817E-10   0.8859291283123218       3.8161703299429536E-10   0.8859291283123218
5.403539364174444         1.9506904036612606E-11   0.8796459430051426       6.461719725220862E-11    0.8796459430051426       1.7156649331153968E-10   0.8796459430051426       4.831082021894981E-10    0.8796459430051426
5.409822549481623         1.5615481211679363E-11   0.8733627576979635       5.1735338869775216E-11   0.8733627576979635       1.3738627038618587E-10   0.8733627576979635       3.867393954949424E-10    0.8733627576979635
5.416105734788804         1.8939426222301493E-11   0.8670795723907825       6.270336942448717E-11    0.8670795723907825       1.6652162328180758E-10   0.8670795723907825       4.686268091266449E-10    0.8670795723907825
5.422388920095983         1.3877223714862114E-11   0.8607963870836033       4.5944553718438005E-11   0.8607963870836033       1.2204057116271157E-10   0.8607963870836033       3.4342684082181594E-10   0.8607963870836033
5.428672105403162         1.914239455991266E-11    0.8545132017764241       6.331866317125365E-11    0.8545132017764241       1.681863586851216E-10    0.8545132017764241       4.733018089559051E-10    0.8545132017764241
5.4349552907103424        1.3820836450429535E-11   0.8482300164692441       4.571419321004338E-11    0.8482300164692441       1.2144519703483332E-10   0.8482300164692441       3.417074235017561E-10    0.8482300164692441
5.441238476017522         1.767734274735012E-11    0.8419468311620648       5.843090479835101E-11    0.8419468311620648       1.5520444898630891E-10   0.8419468311620648       4.367309515771868E-10    0.8419468311620648
5.447521661324701         1.468303166543899E-11    0.8356636458548856       4.854160219910367E-11    0.8356636458548856       1.2894327052359128E-10   0.8356636458548856       3.6297274266335965E-10   0.8356636458548856
5.453804846631881         1.656878350771886E-11    0.8293804605477055       5.4744336748663005E-11   0.8293804605477055       1.4538741911204217E-10   0.8293804605477055       4.0924695274714423E-10   0.8293804605477055
5.460088031939061         1.5421534843392374E-11   0.8230972752405256       5.0968955268583086E-11   0.8230972752405256       1.3536329689637807E-10   0.8230972752405256       3.8101066310610767E-10   0.8230972752405256
5.46637121724624          1.4240468838081817E-11   0.8168140899333463       4.7048080987580683E-11   0.8168140899333463       1.2492601625877746E-10   0.8168140899333463       3.516863552435953E-10    0.8168140899333463
5.472654402553419         1.7460959938216134E-11   0.8105309046261671       5.7701102799327136E-11   0.8105309046261671       1.5321426165409747E-10   0.8105309046261671       4.313772614212458E-10    0.8105309046261671
5.478937587860599         1.2007567587918574E-11   0.8042477193189879       3.967056263387305E-11    0.8042477193189879       1.0532939861208173E-10   0.8042477193189879       2.9645724461123577E-10   0.8042477193189879
5.485220773167779         1.7033722926726272E-11   0.7979645340118078       5.628333709128116E-11    0.7979645340118078       1.4944340210302875E-10   0.7979645340118078       4.205820350041407E-10    0.7979645340118078
5.491503958474959         1.3132241118488463E-11   0.7916813487046277       4.3394386298412356E-11   0.7916813487046277       1.1522508297158611E-10   0.7916813487046277       3.24387594289021E-10     0.7916813487046277
5.497787143782138         1.5550171436173028E-11   0.7853981633974485       5.137046909711945E-11    0.7853981633974485       1.3640518388940542E-10   0.7853981633974485       3.837820430877458E-10    0.7853981633974485
5.504070329089318         1.4331654415896546E-11   0.7791149780902684       4.735747256315255E-11    0.7791149780902684       1.2575763786370326E-10   0.7791149780902684       3.5381373269605656E-10   0.7791149780902684
5.510353514396497         1.2884092578618385E-11   0.7728317927830892       4.255865513131143E-11    0.7728317927830892       1.1301640430511708E-10   0.7728317927830892       3.179199097424226E-10    0.7728317927830892
5.516636699703676         1.6682072450041065E-11   0.76654860747591         5.511573773198246E-11    0.76654860747591         1.4636173134504813E-10   0.76654860747591         4.1177854836348954E-10   0.76654860747591
5.522919885010856         1.051174965498185E-11    0.7602654221687308       3.4723706555307436E-11   0.7602654221687308       9.221488944038299E-11    0.7602654221687308       2.5927821398207207E-10   0.7602654221687308
5.529203070318037         1.5511648459238076E-11   0.7539822368615499       5.1240014240478255E-11   0.7539822368615499       1.3606465953778664E-10   0.7539822368615499       3.8271104077130787E-10   0.7539822368615499
5.535486255625216         1.3971207323483404E-11   0.7476990515543707       4.615952412067526E-11    0.7476990515543707       1.2257612397273273E-10   0.7476990515543707       3.4486560253359064E-10   0.7476990515543707
5.541769440932395         1.1419133605056655E-11   0.7414158662471915       3.770918848252331E-11    0.7414158662471915       1.0012345340253713E-10   0.7414158662471915       2.815148942435116E-10    0.7414158662471915
5.548052626239574         1.5730554192551184E-11   0.7351326809400123       5.1965095743957204E-11   0.7351326809400123       1.3798096329349794E-10   0.7351326809400123       3.881223606101298E-10    0.7351326809400123
5.554335811546754         1.1024103911606979E-11   0.7288494956328322       3.641010157440123E-11    0.7288494956328322       9.66747170293412E-11     0.7288494956328322       2.7197870296463245E-10   0.7288494956328322
5.5606189968539335        1.392699125071947E-11    0.722566310325653        4.598965931703763E-11    0.722566310325653        1.2210449300048147E-10   0.722566310325653        3.434032010785423E-10    0.722566310325653
5.5669021821611135        1.3688731109706377E-11   0.7162831250184729       4.5213363871210216E-11   0.7162831250184729       1.2004872604336573E-10   0.7162831250184729       3.376639534642762E-10    0.7162831250184729
5.573185367468294         1.0683275800419955E-11   0.7099999397112928       3.526338030111627E-11    0.7099999397112928       9.36304194594095E-11     0.7099999397112928       2.633543260054995E-10    0.7099999397112928
5.579468552775473         1.501112895939627E-11    0.7037167544041137       4.9565013262670254E-11   0.7037167544041137       1.3160645084969195E-10   0.7037167544041137       3.701362718214037E-10    0.7037167544041137
5.585751738082652         1.112296044671094E-11    0.6974335690969344       3.6721639082078275E-11   0.6974335690969344       9.750759007260737E-11    0.6974335690969344       2.7418365302124167E-10   0.6974335690969344
5.592034923389831         1.2019534358034045E-11   0.6911503837897552       3.966707565318278E-11    0.6911503837897552       1.0533739500849178E-10   0.6911503837897552       2.9624376227438423E-10   0.6911503837897552
5.598318108697011         1.474881832284643E-11    0.6848671984825753       4.869099848019459E-11    0.6848671984825753       1.2929928783864876E-10   0.6848671984825753       3.6361742401746653E-10   0.6848671984825753
5.604601294004191         9.313214593153973E-12    0.6785840131753951       3.072646459913692E-11    0.6785840131753951       8.160273168427787E-11    0.6785840131753951       2.2934908453293673E-10   0.6785840131753951
5.610884479311371         1.3270624910596454E-11   0.6723008278682159       4.3799173940665244E-11   0.6723008278682159       1.1632043329952583E-10   0.6723008278682159       3.2712943365757345E-10   0.6723008278682159
5.61716766461855          1.3897986168548245E-11   0.6660176425610367       4.587615307367545E-11    0.6660176425610367       1.218361757877238E-10    0.6660176425610367       3.4259360705814307E-10   0.6660176425610367
5.62345084992573          8.499360118681391E-12    0.6597344572538566       2.803199810229732E-11    0.6597344572538566       7.445779182600323E-11    0.6597344572538566       2.0920477000293857E-10   0.6597344572538566
5.629734035232909         1.3945045537053543E-11   0.6534512719466774       4.603311347561986E-11    0.6534512719466774       1.2225375166643447E-10   0.6534512719466774       3.4384464171593987E-10   0.6534512719466774
5.636017220540088         1.3048294450583542E-11   0.6471680866394982       4.307044181372322E-11    0.6471680866394982       1.143892161459138E-10    0.6471680866394982       3.216383229143589E-10    0.6471680866394982
5.642300405847269         8.205812628963294E-12    0.6408849013323172       2.706855671880989E-11    0.6408849013323172       7.189627798857672E-11    0.6408849013323172       2.0201882152949297E-10   0.6408849013323172
5.648583591154448         1.4123134096107553E-11   0.6346017160251382       4.663247049909734E-11    0.6346017160251382       1.2383795049499832E-10   0.6346017160251382       3.4835387619246805E-10   0.6346017160251382
5.654866776461628         1.2511317538579777E-11   0.6283185307179588       4.130299004345351E-11    0.6283185307179588       1.0969194461890145E-10   0.6283185307179588       3.0843972728707957E-10   0.6283185307179588
5.661149961768807         7.986711023537115E-12    0.6220353454107796       2.6355708609460262E-11   0.6220353454107796       6.999442586228436E-11    0.6220353454107796       1.9671956739610524E-10   0.6220353454107796
5.667433147075987         1.3924014545026894E-11   0.6157521601035997       4.5987100792233253E-11   0.6157521601035997       1.2211451365295908E-10   0.6157521601035997       3.4356933349369327E-10   0.6157521601035997
5.673716332383166         1.2409451313617057E-11   0.6094689747964204       4.097635069711922E-11    0.6094689747964204       1.0881519778512703E-10   0.6094689747964204       3.060028428519324E-10    0.6094689747964204
5.679999517690346         7.749493244145294E-12    0.6031857894892403       2.5581101831828323E-11   0.6031857894892403       6.792987173669995E-11    0.6031857894892403       1.9096898758153726E-10   0.6031857894892403
5.686282702997525         1.3331639946417843E-11   0.5969026041820611       4.4041760074147693E-11   0.5969026041820611       1.16940714900703E-10     0.5969026041820611       3.2906911685934927E-10   0.5969026041820611
5.6925658883047054        1.2728109070990622E-11   0.5906194188748811       4.2039057388704625E-11   0.5906194188748811       1.116287736723019E-10    0.5906194188748811       3.139495818933766E-10    0.5906194188748811
5.698849073611885         7.774597310680073E-12    0.5843362335677018       2.5669948207893526E-11   0.5843362335677018       6.816221145249176E-11    0.5843362335677018       1.9168136799172545E-10   0.5843362335677018
5.705132258919064         1.2181438102112338E-11   0.5780530482605226       4.025054988192248E-11    0.5780530482605226       1.0686942069618364E-10   0.5780530482605226       3.0077171127871096E-10   0.5780530482605226
5.711415444226244         1.3263614046162577E-11   0.5717698629533425       4.3817173356933094E-11   0.5717698629533425       1.1634479669622096E-10   0.5717698629533425       3.2724101167396344E-10   0.5717698629533425
5.717698629533424         8.599143024635747E-12    0.5654866776461625       2.839898635081081E-11    0.5654866776461625       7.54077618241903E-11     0.5654866776461625       2.1213385907595442E-10   0.5654866776461625
5.723981814840603         1.0273423164901858E-11   0.5592034923389833       3.39511257867723E-11     0.5592034923389833       9.014195922271448E-11    0.5592034923389833       2.537189406726912E-10    0.5592034923389833
5.730265000147782         1.3547619075587658E-11   0.5529203070318041       4.476255668627702E-11    0.5529203070318041       1.1885344021397772E-10   0.5529203070318041       3.343178856032293E-10    0.5529203070318041
5.7365481854549625        1.0454834976985033E-11   0.546637121724624        3.453596833126043E-11    0.546637121724624        9.170360471541474E-11    0.546637121724624        2.580409299726819E-10    0.546637121724624
5.742831370762142         7.779965387497251E-12    0.5403539364174448       2.5712073910832993E-11   0.5403539364174448       6.826755297594449E-11    0.5403539364174448       1.921387671800309E-10    0.5403539364174448
5.749114556069321         1.2877815364288093E-11   0.5340707511102656       4.255418533447993E-11    0.5340707511102656       1.1298954967343836E-10   0.5340707511102656       3.178357791711657E-10    0.5340707511102656
5.755397741376501         1.2725346967652813E-11   0.5277875658030855       4.204533091399375E-11    0.5277875658030855       1.1164243315653176E-10   0.5277875658030855       3.141864104474552E-10    0.5277875658030855
5.761680926683681         6.4860364953704774E-12   0.5215043804959054       2.1429913116463882E-11   0.5215043804959054       5.69021037689796E-11     0.5215043804959054       1.6005768291425573E-10   0.5215043804959054
5.76796411199086          1.0624794278469589E-11   0.5152211951887262       3.511135355162864E-11    0.5152211951887262       9.322800359494405E-11    0.5152211951887262       2.622514008806054E-10    0.5152211951887262
5.774247297298039         1.4101291546164825E-11   0.508938009881547        4.6598707650295176E-11   0.508938009881547        1.2373300438468298E-10   0.508938009881547        3.4823077195457166E-10   0.508938009881547
5.7805304826052195        8.921234912398727E-12    0.5026548245743669       2.947363499939368E-11    0.5026548245743669       7.826301105918791E-11    0.5026548245743669       2.2010063893408894E-10   0.5026548245743669
5.786813667912399         7.28170283058951E-12     0.4963716392671878       2.4061828286901625E-11   0.4963716392671878       6.389005914465879E-11    0.4963716392671878       1.79735586742897E-10     0.4963716392671878
5.793096853219579         1.3084290997088743E-11   0.4900884539600077       4.324371865895588E-11    0.4900884539600077       1.1482295210524953E-10   0.4900884539600077       3.2317405167516593E-10   0.4900884539600077
5.799380038526758         1.2472974041838864E-11   0.4838052686528285       4.121343582009559E-11    0.4838052686528285       1.0943551503567727E-10   0.4838052686528285       3.0782092478831126E-10   0.4838052686528285
5.805663223833938         7.326755412632885E-12    0.4775220833456484       2.4206698785306804E-11   0.4775220833456484       6.427933173520323E-11    0.4775220833456484       1.8090371987972343E-10   0.4775220833456484
5.811946409141117         8.972784964947628E-12    0.4712388980384692       2.9659336935556364E-11   0.4712388980384692       7.875084289605181E-11    0.4712388980384692       2.2165401300524832E-10   0.4712388980384692
5.8182295944482965        1.350984373660785E-11    0.46495571273129         4.4644899668480465E-11   0.46495571273129         1.185441582403829E-10    0.46495571273129         3.3348471152473537E-10   0.46495571273129
5.824512779755476         1.176649830465424E-11    0.4586725274241108       3.888213947211974E-11    0.4586725274241108       1.0324674814296726E-10   0.4586725274241108       2.9058469484205614E-10   0.4586725274241108
5.830795965062657         5.582916319845419E-12    0.4523893421169298       1.8448308863723378E-11   0.4523893421169298       4.8985808946853375E-11   0.4523893421169298       1.3775771225688644E-10   0.4523893421169298
5.837079150369836         1.0148470548451779E-11   0.44610615680975063      3.353980115512921E-11    0.44610615680975063      8.905457785499308E-11    0.44610615680975063      2.505485387355482E-10    0.44610615680975063
5.843362335677015         1.397432700077664E-11    0.43982297150257144      4.618465164639346E-11    0.43982297150257144      1.226323174229894E-10    0.43982297150257144      3.4514591789936466E-10   0.43982297150257144
5.849645520984195         1.0615931365218212E-11   0.4335397861953914       3.507735844560493E-11    0.4335397861953914       9.314299594395441E-11    0.4335397861953914       2.619831179648392E-10    0.4335397861953914
5.855928706291374         5.826130694183257E-12    0.4272566008882122       1.925245559472784E-11    0.4272566008882122       5.11206160960932E-11     0.4272566008882122       1.4388879305810228E-10   0.4272566008882122
5.8622118915985535        1.0398332992820628E-11   0.420973415581033        3.4370655415113156E-11   0.420973415581033        9.125979237613723E-11    0.420973415581033        2.568535946760782E-10    0.420973415581033
5.868495076905734         1.3964135724229206E-11   0.4146902302738529       4.614760393231919E-11    0.4146902302738529       1.225332615946049E-10    0.4146902302738529       3.447305120716056E-10    0.4146902302738529
5.874778262212914         1.0985637530759701E-11   0.40840704496667285      3.630351550270931E-11    0.40840704496667285      9.639749705916603E-11    0.40840704496667285      2.7131809208915834E-10   0.40840704496667285
5.881061447520093         5.01609906588023E-12     0.4021238596594936       1.6576365499719784E-11   0.4021238596594936       4.401502471395875E-11    0.4021238596594936       1.2376313935086487E-10   0.4021238596594936
5.887344632827272         1.0116288974529123E-11   0.3958406743523144       3.3435175403963937E-11   0.3958406743523144       8.877525190077381E-11    0.3958406743523144       2.497923840916861E-10    0.3958406743523144
5.893627818134451         1.4026997918613592E-11   0.3895574890451352       4.6359947811879823E-11   0.3895574890451352       1.230953137242486E-10    0.3895574890451352       3.464427393530292E-10    0.3895574890451352
5.899911003441631         1.1755478615591265E-11   0.3832743037379552       3.884576552729081E-11    0.3832743037379552       1.0314818350816347E-10   0.3832743037379552       2.9016378984211644E-10   0.3832743037379552
5.906194188748811         5.802010634593117E-12    0.3769911184307751       1.9173864992403227E-11   0.3769911184307751       5.0910722299631144E-11   0.3769911184307751       1.43331825822732E-10     0.3769911184307751
5.912477374055991         8.361588952482686E-12    0.37070793312359585      2.763906583223848E-11    0.37070793312359585      7.338401511292173E-11    0.37070793312359585      2.0652371299912409E-10   0.37070793312359585
5.918760559363171         1.392115735552369E-11    0.36442474781641576      4.6008125290705803E-11   0.36442474781641576      1.2216215062257233E-10   0.36442474781641576      3.4372299809462493E-10   0.36442474781641576
5.92504374467035          1.318261855595048E-11    0.3581415625092366       4.3567219979199046E-11   0.3581415625092366       1.156804720663706E-10    0.3581415625092366       3.255711834084079E-10    0.3581415625092366
5.931326929977529         7.280044570322039E-12    0.35185837720205737      2.4054918413879983E-11   0.35185837720205737      6.387547813418112E-11    0.35185837720205737      1.7964110802139415E-10   0.35185837720205737
5.937610115284708         6.403782567153574E-12    0.3455751918948782       2.1166321693942232E-11   0.3455751918948782       5.6199344675882254E-11   0.3455751918948782       1.5817967340545077E-10   0.3455751918948782
5.943893300591889         1.2382206434183629E-11   0.3392920065876972       4.0925931312293456E-11   0.3392920065876972       1.0866323221858079E-10   0.3392920065876972       3.058117214460171E-10    0.3392920065876972
5.9501764858990684        1.4695156754268245E-11   0.333008821280518        4.856449318101248E-11    0.333008821280518        1.2895259679293935E-10   0.333008821280518        3.6282303882521255E-10   0.333008821280518
5.956459671206248         1.0448294201510715E-11   0.32672563597333887      3.4529624056081164E-11   0.32672563597333887      9.168330214926742E-11    0.32672563597333887      2.5804329234919433E-10   0.32672563597333887
5.962742856513427         4.345854243731318E-12    0.3204424506661596       1.436153598253579E-11    0.3204424506661596       3.813358501617451E-11    0.3204424506661596       1.0720948015937416E-10   0.3204424506661596
5.969026041820607         9.77817931183895E-12     0.3141592653589796       3.231820053202019E-11    0.3141592653589796       8.581134756114474E-11    0.3141592653589796       2.414835282033964E-10    0.3141592653589796
5.975309227127786         1.442177363626875E-11    0.30787608005180034      4.766507138456176E-11    0.30787608005180034      1.265583534621931E-10    0.30787608005180034      3.5616237929951357E-10   0.30787608005180034
5.981592412434966         1.4039800080893924E-11   0.30159289474462025      4.6398022122978555E-11   0.30159289474462025      1.2320096652200285E-10   0.30159289474462025      3.466397348271837E-10    0.30159289474462025
5.987875597742146         7.842257315706853E-12    0.2953097094374402       2.5917015411961153E-11   0.2953097094374402       6.881443127476563E-11    0.2953097094374402       1.936911614703174E-10    0.2953097094374402
5.9941587830493255        4.807713608948119E-12    0.28902652413026103      1.5891313915959495E-11   0.28902652413026103      4.219212891064014E-11    0.28902652413026103      1.1867828509709344E-10   0.28902652413026103
6.000441968356505         1.2181457336192769E-11   0.28274333882308184      4.026018674565125E-11    0.28274333882308184      1.0690005038550718E-10   0.28274333882308184      3.0082298652622393E-10   0.28274333882308184
6.006725153663684         1.537367608010005E-11    0.2764601535159026       5.0810497961976776E-11   0.2764601535159026       1.3491109382556247E-10   0.2764601535159026       3.7965764096787203E-10   0.2764601535159026
6.013008338970864         1.3338476277400665E-11   0.2701769682087225       4.4079720365084633E-11   0.2701769682087225       1.1704543386812465E-10   0.2701769682087225       3.2932446599638195E-10   0.2701769682087225
6.019291524278044         6.220522264533945E-12    0.2638937829015425       2.0557886786043495E-11   0.2638937829015425       5.4584397565594766E-11   0.2638937829015425       1.5364835300465352E-10   0.2638937829015425
6.025574709585223         6.012018039755732E-12    0.2576105975943633       1.9872209948356343E-11   0.2576105975943633       5.276259006166777E-11    0.2576105975943633       1.484431158504685E-10    0.2576105975943633
6.031857894892402         1.3598051000719301E-11   0.251327412287184        4.4941681062695996E-11   0.251327412287184        1.1933028808111046E-10   0.251327412287184        3.3580559977827635E-10   0.251327412287184
6.0381410801995825        1.609656032726459E-11    0.24504422698000397      5.3198937043120403E-11   0.24504422698000397      1.4125434170419534E-10   0.24504422698000397      3.9749518807446834E-10   0.24504422698000397
6.044424265506762         1.3348680071700765E-11   0.23876104167282475      4.4113817006832786E-11   0.23876104167282475      1.1713533173981315E-10   0.23876104167282475      3.29591293632155E-10     0.23876104167282475
6.050707450813941         5.715247201967702E-12    0.23247785636564555      1.888815155091501E-11    0.23247785636564555      5.015153433117984E-11    0.23247785636564555      1.411622200145713E-10    0.23247785636564555
6.056990636121122         6.3958471835531385E-12   0.2261946710584646       2.114065454512463E-11    0.2261946710584646       5.613040807151552E-11    0.2261946710584646       1.5792150460232622E-10   0.2261946710584646
6.063273821428301         1.4305091519201549E-11   0.21991148575128538      4.7278184539532654E-11   0.21991148575128538      1.2553446687929786E-10   0.21991148575128538      3.532714616424932E-10    0.21991148575128538
6.06955700673548          1.702148838849056E-11    0.21362830044410622      5.625556981028386E-11    0.21362830044410622      1.493715742107895E-10    0.21362830044410622      4.2032491271361724E-10   0.21362830044410622
6.0758401920426595        1.4390071728229662E-11   0.20734511513692702      4.755635373367955E-11    0.20734511513692702      1.2627466582508275E-10   0.20734511513692702      3.553259931962892E-10    0.20734511513692702
6.0821233773498395        6.4447558265146934E-12   0.20106192982974694      2.1298341178110037E-11   0.20106192982974694      5.6552557635436764E-11   0.20106192982974694      1.5915231442043302E-10   0.20106192982974694
6.088406562657019         5.648972872907044E-12    0.19477874452256774      1.8671353043473134E-11   0.19477874452256774      4.9576007858359066E-11   0.19477874452256774      1.3946938506517479E-10   0.19477874452256774
6.094689747964199         1.431209558383657E-11    0.18849555921538763      4.73019696302618E-11     0.18849555921538763      1.2559644586970423E-10   0.18849555921538763      3.534532327174501E-10    0.18849555921538763
6.100972933271379         1.817137482979825E-11    0.18221237390820758      6.00556235257585E-11     0.18221237390820758      1.5946257294051255E-10   0.18221237390820758      4.4871413502700823E-10   0.18221237390820758
6.107256118578558         1.6503372741158394E-11   0.17592918860102838      5.454132278670637E-11    0.17592918860102838      1.448206385073174E-10    0.17592918860102838      4.0752519167982243E-10   0.17592918860102838
6.113539303885737         8.767787367642421E-12    0.16964600329384918      2.8975554217620497E-11   0.16964600329384918      7.693875484408223E-11    0.16964600329384918      2.1649948927442698E-10   0.16964600329384918
6.1198224891929165        3.769462698086394E-12    0.16336281798667         1.2458786777481372E-11   0.16336281798667         3.308093960531008E-11    0.16336281798667         9.304228206680828E-11    0.16336281798667
6.126105674500097         1.3321798552821268E-11   0.15707963267948988      4.4029365866324024E-11   0.15707963267948988      1.1690607649996533E-10   0.15707963267948988      3.2900298146901036E-10   0.15707963267948988
6.132388859807277         1.922403132213866E-11    0.1507964473723098       6.353472962969571E-11    0.1507964473723098       1.6870109460904967E-10   0.1507964473723098       4.747077191476576E-10    0.1507964473723098
6.138672045114456         1.9489459506432858E-11   0.14451326206513063      6.441060699520639E-11    0.14451326206513063      1.7102562096393974E-10   0.14451326206513063      4.812735290141393E-10    0.14451326206513063
6.144955230421635         1.2855495895594131E-11   0.1382300767579514       4.248542467699616E-11    0.1382300767579514       1.1281067957719254E-10   0.1382300767579514       3.1743373488777325E-10   0.1382300767579514
6.151238415728815         3.1952032461568593E-12   0.13194689145077135      1.0558778629824297E-11   0.13194689145077135      2.8036148544833794E-11   0.13194689145077135      7.886006866049938E-11    0.13194689145077135
6.157521601035994         1.080422795507171E-11    0.12566370614359212      3.5708691375279765E-11   0.12566370614359212      9.481369466762181E-11    0.12566370614359212      2.668344487610023E-10    0.12566370614359212
6.1638047863431735        1.9579095681290942E-11   0.11938052083641294      6.470862977627326E-11    0.11938052083641294      1.7181715688075154E-10   0.11938052083641294      4.834769344005313E-10    0.11938052083641294
6.1700879716503545        2.292755801088062E-11    0.11309733552923197      7.57737289600776E-11     0.11309733552923197      2.0119820810647524E-10   0.11309733552923197      5.661838956289954E-10    0.11309733552923197
6.176371156957534         1.8612506779055787E-11   0.10681415022205279      6.151236416094709E-11    0.10681415022205279      1.6333078732562483E-10   0.10681415022205279      4.595935386471819E-10    0.10681415022205279
6.182654342264713         8.52457563717356E-12     0.10053096491487358      2.8171647454643886E-11   0.10053096491487358      7.480425237818359E-11    0.10053096491487358      2.104957647418582E-10    0.10053096491487358
6.188937527571892         6.125628294345899E-12    0.09424777960769438      2.024630490114566E-11    0.09424777960769438      5.3758373589577965E-11   0.09424777960769438      1.5130261768303355E-10   0.09424777960769438
6.195220712879072         1.8448759829106098E-11   0.0879645943005143       6.097279026999896E-11    0.0879645943005143       1.6189713373076082E-10   0.0879645943005143       4.5556889259739156E-10   0.0879645943005143
6.201503898186251         2.6299595908716766E-11   0.08168140899333512      8.691893117502665E-11    0.08168140899333512      2.3079097776588048E-10   0.08168140899333512      6.494531744010826E-10    0.08168140899333512
6.2077870834934314        2.601304725547203E-11    0.07539822368615504      8.597084843175381E-11    0.07539822368615504      2.2827484719838473E-10   0.07539822368615504      6.423516990231016E-10    0.07539822368615504
6.214070268800611         1.762178300643745E-11    0.06911503837897584      5.823764414143256E-11    0.06911503837897584      1.5463617231499413E-10   0.06911503837897584      4.3514715581944144E-10   0.06911503837897584
6.220353454107791         3.0160474058101622E-12   0.06283185307179576      9.967222951283553E-12    0.06283185307179576      2.6464861550518198E-11   0.06283185307179576      7.447076052250425E-11    0.06283185307179576
6.22663663941497          1.492665294538841E-11    0.056548667764616554     4.933294910097803E-11    0.056548667764616554     1.3098975170032858E-10   0.056548667764616554     3.685968084925322E-10    0.056548667764616554
6.232919824722149         2.950791284502064E-11    0.05026548245743736      9.752189563389963E-11    0.05026548245743736      2.589459873982359E-10    0.05026548245743736      7.28680822129187E-10     0.05026548245743736
6.239203010029329         3.6289648597533233E-11   0.043982297150257275     1.1993492824038408E-10   0.043982297150257275     3.1845627318734123E-10   0.043982297150257275     8.961259147748029E-10    0.043982297150257275
6.245486195336509         3.24101847783515E-11     0.0376991118430772       1.071129994891511E-10    0.0376991118430772       2.844129368404117E-10    0.0376991118430772       8.003348251884544E-10    0.0376991118430772
6.2517693806436885        1.6960022844710585E-11   0.031415926535897996     5.605076806460733E-11    0.031415926535897996     1.488292366773892E-10    0.031415926535897996     4.187997751807016E-10    0.031415926535897996
6.258052565950868         7.755220098231261E-12    0.025132741228718804     2.5630885980052963E-11   0.025132741228718804     6.805572218450567E-11    0.025132741228718804     1.9151214644258813E-10   0.025132741228718804
6.264335751258048         3.7135454148813754E-11   0.01884955592153872      1.2273069150337243E-10   0.01884955592153872      3.258810331244787E-10    0.01884955592153872      9.17022401710225E-10     0.01884955592153872
6.270618936565227         6.604364154226663E-11    0.012566370614359525     2.1827022836838366E-10   0.012566370614359525     5.795614147647771E-10    0.012566370614359525     1.6308833995766774E-9    0.012566370614359525
6.276902121872406         9.1888139585753E-11      0.006283185307180329     3.036838268037912E-10    0.006283185307180329     8.063578416403371E-10    0.006283185307180329     2.269076568651997E-9     0.006283185307180329
6.283185307179586         9.73716765475368E-24     2.4492935982947064E-16   3.218070259365891E-23    2.4492935982947064E-16   8.544788494565921E-23    2.4492935982947064E-16   2.4044918167539083E-22   2.4492935982947064E-16
