% Model:              DipoleAxial_above2.mph
% Version:            COMSOL 6.2.0.290
% Date:               Jun 15 2025, 21:07
% Dimension:          1
% Nodes:              1001
% Expressions:        8
% Description:        Radiation pattern
% theta                   Far-field norm           Elevation angle          Far-field norm           Elevation angle          Far-field norm           Elevation angle          Far-field norm           Elevation angle
0                         0                        0                        0                        0                        0                        0                        0                        0
0.006283185307179587      0.09913835290364961      0.006283185307179587     0.17797604974342313      0.006283185307179587     0.2740333270259598       0.006283185307179587     0.3442089965361946       0.006283185307179587
0.012566370614359173      0.20184356827433314      0.012566370614359173     0.3627341624025456       0.012566370614359173     0.5577327498876248       0.012566370614359173     0.7002314938502615       0.012566370614359173
0.01884955592153876       0.3080473911315645       0.01884955592153876      0.5544769011210625       0.01884955592153876      0.8505052015962339       0.01884955592153876      1.0672770760784458       0.01884955592153876
0.025132741228718346      0.4136133067777838       0.025132741228718346     0.7457504166825998       0.025132741228718346     1.1403310850367392       0.025132741228718346     1.4308536686249593       0.025132741228718346
0.031415926535897934      0.5155749617781163       0.03141592653589793      0.9307774520830229       0.03141592653589793      1.4185031987694376       0.03141592653589793      1.7809219461047059       0.03141592653589793
0.03769911184307752       0.6166877786822192       0.037699111843077525     1.114009274330501        0.037699111843077525     1.6926364439777162       0.037699111843077525     2.127119984758945        0.037699111843077525
0.0439822971502571        0.7214406430676685       0.0439822971502571       1.3033006585868996       0.0439822971502571       1.975906478313808        0.0439822971502571       2.4848742792409952       0.0439822971502571
0.05026548245743669       0.8288608362858886       0.05026548245743669      1.4969418087431623       0.05026548245743669      2.266881441826432        0.05026548245743669      2.851142259882706        0.05026548245743669
0.05654866776461628       0.9338874345476863       0.05654866776461628      1.6860195525117314       0.05654866776461628      2.5526711605836687       0.05654866776461628      3.209394834414695        0.05654866776461628
0.06283185307179587       1.035313428687336        0.06283185307179587      1.8687028962883427       0.06283185307179587      2.8303471769912227       0.06283185307179587      3.5563009041908913       0.06283185307179587
0.06911503837897544       1.1370507484376269       0.06911503837897544      2.05238046397338         0.06911503837897544      3.1103574408557533       0.06911503837897544      3.905431156160746        0.06911503837897544
0.07539822368615504       1.2412934665183253       0.07539822368615504      2.2410972123663844       0.07539822368615504      3.39799216055641         0.07539822368615504      4.264018000475241        0.07539822368615504
0.08168140899333463       1.345576498195798        0.08168140899333463      2.430221337410447        0.08168140899333463      3.6856679023558283       0.08168140899333463      4.623429520164099        0.08168140899333463
0.0879645943005142        1.4474675765348122       0.0879645943005142       2.6150870345429813       0.0879645943005142       3.966070526444314        0.0879645943005142       4.975282035552549        0.0879645943005142
0.09424777960769379       1.548040437355599        0.09424777960769379      2.797366420834074        0.09424777960769379      4.241833768339522        0.09424777960769379      5.323018991853297        0.09424777960769379
0.10053096491487339       1.6496299809293384       0.10053096491487339      2.98103303585593         0.10053096491487339      4.519445240430112        0.10053096491487339      5.674132361087438        0.10053096491487339
0.10681415022205297       1.7529959262435373       0.10681415022205297      3.167348820643957        0.10681415022205297      4.801408112622734        0.10681415022205297      6.030628582947874        0.10681415022205297
0.11309733552923255       1.8574739389300887       0.11309733552923255      3.3552637242703516       0.11309733552923255      5.086477380487285        0.11309733552923255      6.389817691743936        0.11309733552923255
0.11938052083641214       1.9619319385324239       0.11938052083641214      3.543084084382161        0.11938052083641214      5.372059953661356        0.11938052083641214      6.747926917177953        0.11938052083641214
0.12566370614359174       2.06513806311711         0.12566370614359174      3.728941257390103        0.12566370614359174      5.655029528053271        0.12566370614359174      7.1015012317410084       0.12566370614359174
0.13194689145077132       2.166505951865663        0.13194689145077132      3.911973943941858        0.13194689145077132      5.933645697036881        0.13194689145077132      7.44946105562815         0.13194689145077132
0.13823007675795088       2.266768765990145        0.1382300767579509       4.093459870035267        0.1382300767579509       6.209436353248364        0.1382300767579509       7.794590007191121        0.1382300767579509
0.1445132620651305        2.3674373787615144       0.1445132620651305       4.275864968035287        0.1445132620651305       6.4860008829813545       0.1445132620651305       8.141517759465739        0.1445132620651305
0.15079644737231007       2.4695557600189146       0.15079644737231007      4.4607793268636          0.15079644737231007      6.765982017147346        0.15079644737231007      8.49317385655813         0.15079644737231007
0.15707963267948966       2.572878115571969        0.15707963267948966      4.647635305217935        0.15707963267948966      7.048923433633997        0.15707963267948966      8.848642885229749        0.15707963267948966
0.16336281798666927       2.676054635263041        0.16336281798666927      4.834064936336247        0.16336281798666927      7.331498006545018        0.16336281798666927      9.203706196631536        0.16336281798666927
0.16964600329384882       2.7779683862046536       0.16964600329384882      5.018184312786865        0.16964600329384882      7.610809476809995        0.16964600329384882      9.554852002200812        0.16964600329384882
0.1759291886010284        2.8790252169145063       0.1759291886010284       5.200829260607377        0.1759291886010284       7.887871025344862        0.1759291886010284       9.903342088479652        0.1759291886010284
0.18221237390820802       2.9804314405473025       0.182212373908208        5.384233152981852        0.182212373908208        8.165875530977383        0.182212373908208        10.252874293542842       0.182212373908208
0.18849555921538758       3.082295982907388        0.18849555921538755      5.568565853446554        0.18849555921538755      8.445202652383083        0.18849555921538755      10.603490999875541       0.18849555921538755
0.19477874452256716       3.183700394180556        0.19477874452256716      5.75202667137724         0.19477874452256716      8.723516031176755        0.19477874452256716      10.952108004659303       0.19477874452256716
0.20106192982974677       3.2845509305542877       0.20106192982974677      5.934249970669073        0.20106192982974677      9.000552023466565        0.20106192982974677      11.29872489071672        0.20106192982974677
0.20734511513692636       3.3857226528243496       0.20734511513692636      6.116694113114489        0.20734511513692636      9.278405547013913        0.20734511513692636      11.646479951617824       0.20734511513692636
0.21362830044410594       3.4872862313951947       0.2136283004441059       6.299524765974392        0.2136283004441059       9.55693839367131         0.2136283004441059       11.995370022123886       0.2136283004441059
0.21991148575128552       3.5883395355407903       0.2199114857512855       6.4813107612857905       0.2199114857512855       9.83368513981189         0.2199114857512855       12.341998799044296       0.2199114857512855
0.2261946710584651        3.6888676679061194       0.2261946710584651       6.662306483953025        0.2261946710584651       10.108959644831703       0.2261946710584651       12.686404330936636       0.2261946710584651
0.2324778563656447        3.7900655296732806       0.2324778563656447       6.844891866814345        0.2324778563656447       10.386343813015499       0.2324778563656447       13.033165471904121       0.2324778563656447
0.23876104167282428       3.8923012970477644       0.23876104167282428      7.029768066259753        0.23876104167282428      10.666772653191352       0.23876104167282428      13.383991166146323       0.23876104167282428
0.24504422698000386       3.994170401975727        0.24504422698000386      7.214253928912507        0.24504422698000386      10.946078951659096       0.24504422698000386      13.734147080587153       0.24504422698000386
0.25132741228718347       4.094204450963781        0.25132741228718347      7.395488841878054        0.25132741228718347      11.220107470558094       0.25132741228718347      14.07837500575911        0.25132741228718347
0.257610597594363         4.192599520364966        0.25761059759436294      7.57365378820143         0.25761059759436294      11.489629914428207       0.25761059759436294      14.417071738662393       0.25761059759436294
0.26389378290154264       4.290796328330734        0.26389378290154264      7.7512489257026145       0.26389378290154264      11.758899037674635       0.26389378290154264      14.755014822035756       0.26389378290154264
0.2701769682087222        4.389957983511644        0.2701769682087222       7.930363335918672        0.2701769682087222       12.031078030994184       0.2701769682087222       15.096165514922038       0.2701769682087222
0.27646015351590175       4.49015093572672         0.27646015351590175      8.111204238386502        0.27646015351590175      12.305988003682335       0.27646015351590175      15.44082369257472        0.27646015351590175
0.2827433388230814        4.590626763764535        0.2827433388230814       8.292564453925348        0.2827433388230814       12.581280432640826       0.2827433388230814       15.786538660041481       0.2827433388230814
0.289026524130261         4.690630648722547        0.289026524130261        8.473207328115295        0.289026524130261        12.85499198933399        0.289026524130261        16.13081271440808        0.289026524130261
0.29530970943744056       4.789931608146201        0.29530970943744056      8.652768874963256        0.29530970943744056      13.12689155073481        0.29530970943744056      16.472865766178188       0.29530970943744056
0.30159289474462014       4.888611610355453        0.30159289474462014      8.831348752403255        0.30159289474462014      13.397496297582185       0.30159289474462014      16.812883583975022       0.30159289474462014
0.3078760800517997        4.98663873090938         0.30787608005179967      9.008738132077884        0.30787608005179967      13.666659965348082       0.30787608005179967      17.150539646882006       0.30787608005179967
0.3141592653589793        5.084019889365931        0.3141592653589793       9.184760595030895        0.3141592653589793       13.934125823618153       0.3141592653589793       17.48556352797471        0.3141592653589793
0.3204424506661589        5.181171912107532        0.3204424506661589       9.36006318679838         0.3204424506661589       14.200808100853353       0.3204424506661589       17.81918943283763        0.3204424506661589
0.32672563597333854       5.2786480631452735       0.32672563597333854      9.53568789467996         0.32672563597333854      14.468117238367457       0.32672563597333854      18.153450374886564       0.32672563597333854
0.33300882128051806       5.376595182034751        0.33300882128051806      9.71202507679062         0.33300882128051806      14.736382397325267       0.33300882128051806      18.4893456561905         0.33300882128051806
0.33929200658769765       5.4748735964918716       0.33929200658769765      9.888911511272022        0.33929200658769765      15.005179869776248       0.33929200658769765      18.82692290036195        0.33929200658769765
0.3455751918948773        5.573445433180171        0.3455751918948773       10.066295027791893       0.3455751918948773       15.274531685489984       0.3455751918948773       19.166154861408856       0.3455751918948773
0.3518583772020568        5.672099312745801        0.35185837720205687      10.243804099673515       0.35185837720205687      15.544173089889327       0.35185837720205687      19.50586703104934        0.35185837720205687
0.3581415625092364        5.770071890096963        0.35814156250923634      10.420134854045713       0.35814156250923634      15.812278877195041       0.35814156250923634      19.842804193165115       0.35814156250923634
0.36442474781641604       5.8667123912357875       0.3644247478164161       10.59422425310795        0.3644247478164161       16.077011413105698       0.3644247478164161       20.174421180108585       0.3644247478164161
0.37070793312359557       5.962515053206588        0.37070793312359557      10.767001098950363       0.37070793312359557      16.339370945006046       0.37070793312359557      20.502593826264796       0.37070793312359557
0.37699111843077515       6.058777103051809        0.37699111843077515      10.940697970942084       0.37699111843077515      16.602578781602656       0.37699111843077515      20.832172080074574       0.37699111843077515
0.3832743037379548        6.1560336272208085       0.3832743037379548       11.116109923536468       0.3832743037379548       16.86807630348072        0.3832743037379548       21.165239917446563       0.3832743037379548
0.3895574890451343        6.253340024778642        0.3895574890451343       11.291479303091855       0.3895574890451343       17.13355156575581        0.3895574890451343       21.49855891327999        0.3895574890451343
0.39584067435231396       6.349350874699942        0.3958406743523139       11.46451971514513        0.3958406743523139       17.395666667219526       0.3958406743523139       21.82746534045099        0.3958406743523139
0.40212385965949354       6.4437664170525135       0.40212385965949354      11.634897436895868       0.40212385965949354      17.65381725581626        0.40212385965949354      22.151021345806598       0.40212385965949354
0.40840704496667307       6.537469174153286        0.40840704496667307      11.804283465538735       0.40840704496667307      17.91044888983487        0.40840704496667307      22.47243033430851        0.40840704496667307
0.4146902302738527        6.631441815100807        0.4146902302738527       11.974352144795125       0.4146902302738527       18.168123554298983       0.4146902302738527       22.795119167356965       0.4146902302738527
0.4209734155810323        6.725782462572214        0.4209734155810323       12.145120221885437       0.4209734155810323       18.426880013392015       0.4209734155810323       23.1192892165353         0.4209734155810323
0.4272566008882119        6.819749752861808        0.4272566008882119       12.315143077453229       0.4272566008882119       18.68446053093057        0.4272566008882119       23.44225097832115        0.4272566008882119
0.43353978619539146       6.912686334974464        0.43353978619539146      12.483187749958171       0.43353978619539146      18.938986795806052       0.43353978619539146      23.76180921082191        0.43353978619539146
0.43982297150257105       7.004859417133897        0.43982297150257105      12.649714961040365       0.43982297150257105      19.19134711010855        0.43982297150257105      24.079115650881786       0.43982297150257105
0.44610615680975063       7.0972672827676          0.44610615680975063      12.81654837928742        0.44610615680975063      19.444577954552923       0.44610615680975063      24.39773395884181        0.44610615680975063
0.4523893421169302        7.190512755160617        0.45238934211693016      12.984879057117803       0.45238934211693016      19.700548806151627       0.45238934211693016      24.719565468465518       0.45238934211693016
0.4586725274241098        7.284041119732104        0.4586725274241098       13.153849213746895       0.4586725274241098       19.957684011099104       0.4586725274241098       25.04232409276653        0.4586725274241098
0.4649557127312894        7.376754098106139        0.4649557127312894       13.321547590544453       0.4649557127312894       20.212663123589962       0.4649557127312894       25.36194369276296        0.4649557127312894
0.47123889803846897       7.4682749402181345       0.4712388980384689       13.487229774743266       0.4712388980384689       20.464116692490084       0.4712388980384689       25.677136725339672       0.4712388980384689
0.47752208334564855       7.559242387721921        0.4775220833456485       13.651910410921866       0.4775220833456485       20.713685837698396       0.4775220833456485       25.99034304777502        0.4775220833456485
0.48380526865282814       7.6503504486647795       0.48380526865282814      13.816742177074094       0.48380526865282814      20.96344077080521        0.48380526865282814      26.304168453574167       0.48380526865282814
0.4900884539600077        7.7415511230675795       0.4900884539600077       13.98161650908348        0.4900884539600077       21.213491724389772       0.4900884539600077       26.6184282405516         0.4900884539600077
0.49637163926718736       7.832424480865264        0.49637163926718736      14.145785842506642       0.49637163926718736      21.462757078118056       0.49637163926718736      26.93144805417822        0.49637163926718736
0.5026548245743669        7.922926254190183        0.5026548245743669       14.309173751004758       0.5026548245743669       21.71099155388334        0.5026548245743669       27.24286801451403        0.5026548245743669
0.5089380098815465        8.013347064061708        0.5089380098815465       14.472318999416935       0.5089380098815465       21.958880154082237       0.5089380098815465       27.553679405965486       0.5089380098815465
0.515221195188726         8.103752445020051        0.515221195188726        14.635388717900767       0.515221195188726        22.206644465981825       0.515221195188726        27.864217716670694       0.515221195188726
0.5215043804959058        8.193925257115716        0.5215043804959058       14.798054820502042       0.5215043804959058       22.453760463058167       0.5215043804959058       28.173755613907684       0.5215043804959058
0.5277875658030853        8.283793174750649        0.5277875658030853       14.960234128457637       0.5277875658030853       22.6999435119934         0.5277875658030853       28.481961232855564       0.5277875658030853
0.5340707511102648        8.373472429431802        0.5340707511102648       15.122168302223573       0.5340707511102648       22.945361679666533       0.5340707511102648       28.789295583693292       0.5340707511102648
0.5403539364174444        8.462870563695136        0.5403539364174444       15.2837098581852         0.5403539364174444       23.189854074070674       0.5403539364174444       29.095794690744693       0.5403539364174444
0.546637121724624         8.551675687447158        0.546637121724624        15.444263573219224       0.546637121724624        23.432946940970933       0.546637121724624        29.400763825251          0.546637121724624
0.5529203070318035        8.639838313126708        0.5529203070318035       15.60362702475921        0.5529203070318035       23.674759556179744       0.5529203070318035       29.70398591468622        0.5529203070318035
0.5592034923389833        8.727667259385312        0.5592034923389831       15.7622372672356         0.5592034923389831       23.915886578352218       0.5592034923389831       30.006008946638094       0.5592034923389831
0.5654866776461628        8.815326743249864        0.5654866776461628       15.920401546784921       0.5654866776461628       24.156255798129212       0.5654866776461628       30.306937672407724       0.5654866776461628
0.5717698629533423        8.902677248945476        0.5717698629533423       16.078039210464524       0.5717698629533423       24.395325191125554       0.5717698629533423       30.60639061316077        0.5717698629533423
0.578053048260522         8.989815583941061        0.578053048260522        16.23549245957025        0.578053048260522        24.633745834208092       0.578053048260522        30.905205709342695       0.578053048260522
0.5843362335677015        9.077257179129115        0.5843362335677015       16.3936607882418         0.5843362335677015       24.87329267126217        0.5843362335677015       31.20541480020177        0.5843362335677015
0.5906194188748811        9.165147284656022        0.5906194188748811       16.552589428960218       0.5906194188748811       25.1141527738588         0.5906194188748811       31.50718975543126        0.5906194188748811
0.5969026041820608        9.25267894850802         0.5969026041820606       16.71064691204934        0.5969026041820606       25.353619630493185       0.5969026041820606       31.80726298319187        0.5969026041820606
0.6031857894892403        9.338868693454385        0.6031857894892403       16.866115673856374       0.6031857894892403       25.58899769316768        0.6031857894892403       32.1022722130779         0.6031857894892403
0.6094689747964198        9.423738835760005        0.6094689747964198       17.019261492332635       0.6094689747964198       25.820986388092997       0.6094689747964198       32.39290584981416        0.6094689747964198
0.6157521601035995        9.508197684385792        0.6157521601035995       17.17187665960045        0.6157521601035995       26.05256268463399        0.6157521601035995       32.682849554599834       0.6157521601035995
0.6220353454107791        9.592851738362254        0.6220353454107791       17.32498932512264        0.6220353454107791       26.285048613088474       0.6220353454107791       32.97409779885727        0.6220353454107791
0.6283185307179586        9.677492281868648        0.6283185307179586       17.47802287910434        0.6283185307179586       26.51710524362781        0.6283185307179586       33.265314833496454       0.6283185307179586
0.6346017160251383        9.761741820231894        0.6346017160251383       17.630156294448312       0.6346017160251383       26.747475504154774       0.6346017160251383       33.55471858106686        0.6346017160251383
0.6408849013323178        9.8456040266623          0.6408849013323178       17.78141235168986        0.6408849013323178       26.97671518521762        0.6408849013323178       33.84238502821011        0.6408849013323178
0.6471680866394973        9.92918536972718         0.6471680866394973       17.932103619780413       0.6471680866394973       27.20563040341194        0.6471680866394973       34.12906725290203        0.6471680866394973
0.6534512719466771        10.012341312687026       0.6534512719466771       18.082100760768814       0.6534512719466771       27.433633216722832       0.6534512719466771       34.41451196207262        0.6534512719466771
0.6597344572538566        10.094857414898506       0.6597344572538566       18.2311054076308         0.6597344572538566       27.659609957970453       0.6597344572538566       34.69794137938344        0.6597344572538566
0.6660176425610361        10.17668620469544        0.6660176425610361       18.37904164168996        0.6660176425610361       27.883383256736202       0.6660176425610361       34.97908611704855        0.6660176425610361
0.6723008278682158        10.25786428468648        0.6723008278682158       18.52587287299957        0.6723008278682158       28.105530291164833       0.6723008278682158       35.25806840174481        0.6723008278682158
0.6785840131753953        10.338513117822247       0.6785840131753953       18.67164061600747        0.6785840131753953       28.326634103642785       0.6785840131753953       35.53531760368141        0.6785840131753953
0.6848671984825748        10.419005026205314       0.6848671984825748       18.816912636178643       0.6848671984825748       28.547353964565396       0.6848671984825748       35.812036704165635       0.6848671984825748
0.6911503837897546        10.499674079875241       0.6911503837897546       18.96239735930316        0.6911503837897546       28.768213784412797       0.6911503837897546       36.08931945126396        0.6911503837897546
0.6974335690969341        10.580150871447005       0.6974335690969341       19.107678916069577       0.6974335690969341       28.98845179132918        0.6974335690969341       36.366015919291335       0.6974335690969341
0.7037167544041136        10.659468269778728       0.7037167544041136       19.251154095331216       0.7037167544041136       29.206025313718616       0.7037167544041136       36.63898098740602        0.7037167544041136
0.7099999397112933        10.737219406007632       0.7099999397112933       19.39194644254056        0.7099999397112933       29.419900123402773       0.7099999397112933       36.90675753563868        0.7099999397112933
0.7162831250184728        10.814232778726012       0.7162831250184728       19.531253780143835       0.7162831250184728       29.631697577929934       0.7162831250184728       37.171849763543875       0.7162831250184728
0.7225663103256524        10.891610341411312       0.7225663103256523       19.67092817731884        0.7225663103256523       29.843875477582763       0.7225663103256523       37.43777965480477        0.7225663103256523
0.7288494956328321        10.969365359280179       0.7288494956328321       19.811164862314552       0.7288494956328321       30.05671085233256        0.7288494956328321       37.70475773582253        0.7288494956328321
0.7351326809400116        11.04658108685334        0.7351326809400116       19.95059827067777        0.7351326809400116       30.268360052472694       0.7351326809400116       37.97008308292953        0.7351326809400116
0.7414158662471911        11.122765347004227       0.7414158662471911       20.088444553901084       0.7414158662471911       30.477648649237135       0.7414158662471911       38.23227979702408        0.7414158662471911
0.7476990515543708        11.198363241947067       0.7476990515543707       20.225351431914184       0.7476990515543707       30.685285144952484       0.7476990515543707       38.492597372175354       0.7476990515543707
0.7539822368615503        11.273843224114833       0.7539822368615503       20.361945471924653       0.7539822368615503       30.892101580529776       0.7539822368615503       38.75220282462308        0.7539822368615503
0.7602654221687299        11.348976240923987       0.7602654221687299       20.497736744431936       0.7602654221687299       31.097664098933922       0.7602654221687299       39.01022712100477        0.7602654221687299
0.7665486074759096        11.423394979436752       0.7665486074759096       20.6321299356474         0.7665486074759096       31.301444737936826       0.7665486074759096       39.265764445292234       0.7665486074759096
0.7728317927830891        11.497304875334518       0.7728317927830891       20.765580423108965       0.7728317927830891       31.504065222126837       0.7728317927830891       39.51987849805256        0.7728317927830891
0.7791149780902686        11.571048218475402       0.7791149780902688       20.898746836454645       0.7791149780902688       31.70609553116486        0.7791149780902688       39.77370924971203        0.7791149780902688
0.7853981633974483        11.644309966384466       0.7853981633974483       21.031096554725714       0.7853981633974483       31.90652577418304        0.7853981633974483       40.02584370742593        0.7853981633974483
0.7916813487046279        11.716481582977238       0.7916813487046279       21.161575161267315       0.7916813487046279       32.10405301912969        0.7916813487046279       40.27397073716214        0.7916813487046279
0.7979645340118074        11.787722933872715       0.7979645340118074       21.290459831735305       0.7979645340118074       32.29945715321015        0.7979645340118074       40.51871456740054        0.7979645340118074
0.8042477193189871        11.858899744007186       0.8042477193189871       21.419217181750852       0.8042477193189871       32.49484218314434        0.8042477193189871       40.763213967053986       0.8042477193189871
0.8105309046261666        11.930296570298825       0.8105309046261666       21.54826769974362        0.8105309046261666       32.690361012660325       0.8105309046261666       41.00844549247452        0.8105309046261666
0.8168140899333461        12.001101647302674       0.8168140899333461       21.676161892188375       0.8168140899333461       32.88361806395206        0.8168140899333461       41.25149557416717        0.8168140899333461
0.8230972752405259        12.070582961521598       0.8230972752405259       21.80167735128605        0.8230972752405259       33.07318889392061        0.8230972752405259       41.48984017547659        0.8230972752405259
0.8293804605477054        12.139234235049427       0.8293804605477055       21.925751986622576       0.8293804605477055       33.261130328940204       0.8293804605477055       41.72535485394555        0.8293804605477055
0.835663645854885         12.208194765930447       0.835663645854885        22.050368348682856       0.835663645854885        33.4506227252028         0.835663645854885        41.9621109121731         0.835663645854885
0.8419468311620646        12.277836795580205       0.8419468311620646       22.176091548014302       0.8419468311620646       33.64210631592815        0.8419468311620646       42.2013019342693         0.8419468311620646
0.8482300164692441        12.347457391790854       0.8482300164692441       22.30164130614957        0.8482300164692441       33.833111449138336       0.8482300164692441       42.44025104330733        0.8482300164692441
0.8545132017764238        12.416201486995238       0.8545132017764238       22.425571126437255       0.8545132017764238       34.02126955991894        0.8545132017764238       42.67587859532897        0.8545132017764238
0.8607963870836034        12.483826745478096       0.8607963870836034       22.54755433736418        0.8607963870836034       34.20624641090438        0.8607963870836034       42.907531035329946       0.8607963870836034
0.8670795723907829        12.550666646629036       0.8670795723907829       22.668245515209872       0.8670795723907829       34.38923046878197        0.8670795723907829       43.136747209812754       0.8670795723907829
0.8733627576979625        12.617262073085058       0.8733627576979625       22.788623740531246       0.8733627576979625       34.57179554343143        0.8733627576979625       43.365687197829246       0.8733627576979625
0.8796459430051421        12.683972970941177       0.8796459430051421       22.909312589886763       0.8796459430051421       34.7549512885218         0.8796459430051421       43.595571146312736       0.8796459430051421
0.8859291283123216        12.75059409790675        0.8859291283123216       23.029870309879318       0.8859291283123216       34.93808563066414        0.8859291283123216       43.82537873055661        0.8859291283123216
0.8922123136195013        12.816398617762404       0.8922123136195013       23.14887371962095        0.8922123136195013       35.11894656267055        0.8922123136195013       44.05221685257301        0.8922123136195013
0.8984954989266809        12.880870420721147       0.8984954989266809       23.265324192237053       0.8984954989266809       35.2957331983525         0.8984954989266809       44.27408396799236        0.8984954989266809
0.9047786842338604        12.944335075351955       0.9047786842338604       23.379874611524194       0.9047786842338604       35.46921993350123        0.9047786842338604       44.49216391196313        0.9047786842338604
0.91106186954104          13.007576602142995       0.91106186954104         23.49409684744487        0.91106186954104         35.64195340612695        0.91106186954104         44.70944012648732        0.91106186954104
0.9173450548482196        13.07089616479866        0.9173450548482196       23.608618710635845       0.9173450548482196       35.815340390188055       0.9173450548482196       44.927228843894206       0.9173450548482196
0.9236282401553992        13.133845531104622       0.9236282401553992       23.722531586466772       0.9236282401553992       35.98827159364502        0.9236282401553992       45.14401571554544        0.9236282401553992
0.9299114254625788        13.195868354743785       0.9299114254625788       23.8346311506267         0.9299114254625788       36.15867472617913        0.9299114254625788       45.35760386667992        0.9299114254625788
0.9361946107697584        13.25695231237386        0.9361946107697584       23.944797172472047       0.9361946107697584       36.32586542051697        0.9361946107697584       45.56758972625073        0.9361946107697584
0.9424777960769379        13.317626050649618       0.9424777960769379       24.054095423372917       0.9424777960769379       36.49129550282747        0.9424777960769379       45.77571492214309        0.9424777960769379
0.9487609813841175        13.378443016740789       0.9487609813841175       24.16374400398898        0.9487609813841175       36.657222174100916       0.9487609813841175       45.984233267253416       0.9487609813841175
0.9550441666912971        13.439425052183498       0.9550441666912971       24.27390173358321        0.9550441666912971       36.824440819027444       0.9550441666912971       46.19371180695388        0.9550441666912971
0.9613273519984767        13.49995879096004        0.9613273519984767       24.383371860337707       0.9613273519984767       36.99121115200788        0.9613273519984767       46.402180150987455       0.9613273519984767
0.9676105373056563        13.559397717477209       0.9676105373056563       24.490778454619146       0.9676105373056563       37.15493977131963        0.9676105373056563       46.607006698616324       0.9676105373056563
0.9738937226128359        13.6178193983511         0.9738937226128359       24.596139072839467       0.9738937226128359       37.315107350567054       0.9738937226128359       46.807884296577434       0.9738937226128359
0.9801769079200154        13.67590799998692        0.9801769079200154       24.700790718959798       0.9801769079200154       37.473727492550424       0.9801769079200154       47.007050244200144       0.9801769079200154
0.986460093227195         13.733948845127918       0.986460093227195        24.80551176893198        0.986460093227195        37.632468830231055       0.986460093227195        47.20601974709454        0.986460093227195
0.9927432785343747        13.791292181034814       0.9927432785343747       24.909321640011672       0.9927432785343747       37.7902733017956         0.9927432785343747       47.40321271201144        0.9927432785343747
0.9990264638415542        13.847122135123586       0.9990264638415542       25.010663724043447       0.9990264638415542       37.94471108143826        0.9990264638415542       47.59585388520155        0.9990264638415542
1.0053096491487339        13.901495668368158       1.0053096491487339       25.10931194445333        1.0053096491487339       38.0950222871455         1.0053096491487339       47.78341151142367        1.0053096491487339
1.0115928344559133        13.955238787729701       1.0115928344559133       25.20646035153796        1.0115928344559133       38.242763776880636       1.0115928344559133       47.96794128092445        1.0115928344559133
1.017876019763093         14.008951155589418       1.017876019763093        25.30320218007662        1.017876019763093        38.38976312389293        1.017876019763093        48.15149852310178        1.017876019763093
1.0241592050702726        14.062489096155982       1.0241592050702726       25.399586368942686       1.0241592050702726       38.53641977112935        1.0241592050702726       48.33441932233957        1.0241592050702726
1.030442390377452         14.115409581730749       1.030442390377452        25.495111509189616       1.030442390377452        38.6819980599622         1.030442390377452        48.51602327322885        1.030442390377452
1.0367255756846316        14.167597423693621       1.0367255756846316       25.589564903357104       1.0367255756846316       38.825793871402986       1.0367255756846316       48.69592086734872        1.0367255756846316
1.0430087609918115        14.219348395958386       1.0430087609918115       25.683204727051134       1.0430087609918115       38.96778363621936        1.0430087609918115       48.87432502474597        1.0430087609918115
1.049291946298991         14.270985826681102       1.049291946298991        25.776383465362695       1.049291946298991        39.108503672672896       1.049291946298991        49.051597371690214       1.049291946298991
1.0555751316061706        14.322481757452268       1.0555751316061706       25.86910887404658        1.0555751316061706       39.24843152794342        1.0555751316061706       49.22773236101753        1.0555751316061706
1.0618583169133502        14.373451041207714       1.0618583169133502       25.960943624015073       1.0618583169133502       39.38741609300561        1.0618583169133502       49.402245869926304       1.0618583169133502
1.0681415022205296        14.423566439284537       1.0681415022205296       26.05145365177148        1.0681415022205296       39.52487731192045        1.0681415022205296       49.57477319455649        1.0681415022205296
1.0744246875277093        14.472980607582974       1.0744246875277093       26.140808245809648       1.0744246875277093       39.66063000117717        1.0744246875277093       49.74581496218984        1.0744246875277093
1.080707872834889         14.522199668882644       1.080707872834889        26.229694278279787       1.080707872834889        39.7951441621391         1.080707872834889        49.91637404843355        1.080707872834889
1.0869910581420683        14.571470567316164       1.0869910581420683       26.318467948661652       1.0869910581420683       39.92877845107504        1.0869910581420683       50.08653613130846        1.0869910581420683
1.093274243449248         14.620426774210081       1.093274243449248        26.406597016467302       1.093274243449248        40.06112809668366        1.093274243449248        50.25485883382109        1.093274243449248
1.0995574287564276        14.668441680969476       1.0995574287564276       26.493148680422223       1.0995574287564276       40.19145832095786        1.0995574287564276       50.419619185752545       1.0995574287564276
1.105840614063607         14.71524054106003        1.105840614063607        26.57771510730045        1.105840614063607        40.319547457645854       1.105840614063607        50.58047190633469        1.105840614063607
1.1121237993707869        14.761095166715146       1.1121237993707869       26.660745060832713       1.1121237993707869       40.445839624768524       1.1121237993707869       50.73865109293272        1.1121237993707869
1.1184069846779665        14.80651930677232        1.1184069846779665       26.743099727381846       1.1184069846779665       40.57093799578381        1.1184069846779665       50.895775132825314       1.1184069846779665
1.124690169985146         14.851826549949548       1.124690169985146        26.82531837842038        1.124690169985146        40.6950676001303         1.124690169985146        51.052502390413245       1.124690169985146
1.1309733552923256        14.896849291594796       1.1309733552923256       26.907060440921256       1.1309733552923256       40.81775873359491        1.1309733552923256       51.20785193412308        1.1309733552923256
1.1372565405995052        14.941002518525085       1.1372565405995052       26.987152269133983       1.1372565405995052       40.93795010948129        1.1372565405995052       51.359622509270125       1.1372565405995052
1.1435397259066846        14.983751957328389       1.1435397259066846       27.064467264522463       1.1435397259066846       41.05479576319949        1.1435397259066846       51.50604566411079        1.1435397259066846
1.1498229112138643        15.0251385252862         1.1498229112138643       27.138999402594752       1.1498229112138643       41.16861605758153        1.1498229112138643       51.647517345285245       1.1498229112138643
1.156106096521044         15.065775009909103       1.156106096521044        27.21194797470455        1.156106096521044        41.28076373319168        1.156106096521044        51.78647458909632        1.156106096521044
1.1623892818282233        15.106281846640243       1.1623892818282233       27.28465689282444        1.1623892818282233       41.392399290896485       1.1623892818282233       51.92534868301169        1.1623892818282233
1.168672467135403         15.146855275172774       1.168672467135403        27.35769268300862        1.168672467135403        41.50379649186608        1.168672467135403        52.06498208045691        1.168672467135403
1.1749556524425828        15.187423329062844       1.1749556524425828       27.431002069447363       1.1749556524425828       41.61498868083297        1.1749556524425828       52.20508078916137        1.1749556524425828
1.1812388377497622        15.227941243254833       1.1812388377497622       27.504427544330103       1.1812388377497622       41.72631368175046        1.1812388377497622       52.345213222062625       1.1812388377497622
1.1875220230569419        15.268244297007817       1.1875220230569419       27.577520046463835       1.1875220230569419       41.83749730799873        1.1875220230569419       52.484420787961035       1.1875220230569419
1.1938052083641215        15.307737724295706       1.1938052083641215       27.64907576543039        1.1938052083641215       41.9465321520282         1.1938052083641215       52.620380143437046       1.1938052083641215
1.200088393671301         15.345629815207971       1.200088393671301        27.71760551583702        1.200088393671301        42.050568863209335       1.200088393671301        52.75039571417381        1.200088393671301
1.2063715789784806        15.381645007527013       1.2063715789784806       27.782616631811596       1.2063715789784806       42.14844081863191        1.2063715789784806       52.87384137653173        1.2063715789784806
1.2126547642856602        15.4163615378629         1.2126547642856602       27.845200736612338       1.2126547642856602       42.24197479739495        1.2126547642856602       52.99309998178607        1.2126547642856602
1.2189379495928396        15.450738678267232       1.2189379495928396       27.9071701779327         1.2189379495928396       42.33456335377473        1.2189379495928396       53.111677438047636       1.2189379495928396
1.2252211349000193        15.485402919115277       1.2252211349000193       27.96975963359984        1.2252211349000193       42.42868296222259        1.2252211349000193       53.23164587524473        1.2252211349000193
1.231504320207199         15.520415262665178       1.231504320207199        28.033169622462452       1.231504320207199        42.52477047833996        1.231504320207199        53.35294578882449        1.231504320207199
1.2377875055143783        15.555494064621401       1.2377875055143783       28.096908978558723       1.2377875055143783       42.62173509875588        1.2377875055143783       53.47434430747438        1.2377875055143783
1.2440706908215582        15.590223391280812       1.2440706908215582       28.160131959791098       1.2440706908215582       42.717819571214          1.2440706908215582       53.59428916312307        1.2440706908215582
1.2503538761287378        15.624119081981409       1.2503538761287378       28.22178515570223        1.2503538761287378       42.81119189974461        1.2503538761287378       53.71115833787654        1.2503538761287378
1.2566370614359172        15.656771071290546       1.2566370614359172       28.28095903107534        1.2566370614359172       42.90059282475091        1.2566370614359172       53.82367987686951        1.2566370614359172
1.2629202467430969        15.688070197221233       1.2629202467430969       28.337405309590554       1.2629202467430969       42.98596327340556        1.2629202467430969       53.93160117836332        1.2629202467430969
1.2692034320502765        15.718260755695889       1.2692034320502765       28.391680317689797       1.2692034320502765       43.0684028232832         1.2692034320502765       54.03577270396804        1.2692034320502765
1.275486617357456         15.74775267279053        1.275486617357456        28.444751585391465       1.275486617357456        43.14939102737469        1.275486617357456        54.137480289656516       1.275486617357456
1.2817698026646356        15.776917383232675       1.2817698026646356       28.49749246401827        1.2817698026646356       43.23000335027126        1.2817698026646356       54.23783785006556        1.2817698026646356
1.2880529879718152        15.805992930647133       1.2880529879718152       28.550375819505216       1.2880529879718152       43.31059339801883        1.2880529879718152       54.337630265737204       1.2880529879718152
1.2943361732789946        15.835002652792037       1.2943361732789946       28.60329509754181        1.2943361732789946       43.39076246300856        1.2943361732789946       54.43713572745175        1.2943361732789946
1.3006193585861743        15.863687343604466       1.3006193585861743       28.655547710398363       1.3006193585861743       43.46952965991002        1.3006193585861743       54.535789008900444       1.3006193585861743
1.3069025438933541        15.891624073947403       1.3069025438933541       28.706215075699976       1.3069025438933541       43.545899983433436       1.3069025438933541       54.632311478719586       1.3069025438933541
1.3131857292005336        15.91852218664981        1.3131857292005336       28.754786484327973       1.3131857292005336       43.61955102239064        1.3131857292005336       54.72551172857625        1.3131857292005336
1.3194689145077132        15.944392012385126       1.3194689145077132       28.801411294237237       1.3194689145077132       43.69086318900513        1.3194689145077132       54.814954197465696       1.3194689145077132
1.3257520998148928        15.96940432608212        1.3257520998148928       28.84652178979468        1.3257520998148928       43.76018502131           1.3257520998148928       54.90084877701353        1.3257520998148928
1.3320352851220723        15.993660335659296       1.3320352851220723       28.89035216697939        1.3320352851220723       43.827297644081554       1.3320352851220723       54.983595021560475       1.3320352851220723
1.338318470429252         16.017167879635156       1.338318470429252        28.932928583379734       1.338318470429252        43.891823323535114       1.338318470429252        55.0636732858785         1.338318470429252
1.3446016557364315        16.039989035805323       1.3446016557364315       28.974380739877375       1.3446016557364315       43.95401570151547        1.3446016557364315       55.141773735476626       1.3446016557364315
1.350884841043611         16.062311941916327       1.350884841043611        29.0150358665178         1.350884841043611        44.01486381068326        1.350884841043611        55.21865750396723        1.350884841043611
1.3571680263507906        16.084361201606697       1.3571680263507906       29.055178651037515       1.3571680263507906       44.07538339238934        1.3571680263507906       55.2947929166834         1.3571680263507906
1.3634512116579702        16.106272123507505       1.3634512116579702       29.09484130656875        1.3634512116579702       44.13592897719116        1.3634512116579702       55.37022044807209        1.3634512116579702
1.3697343969651496        16.12803000792467        1.3697343969651496       29.13386174424255        1.3697343969651496       44.19613996186143        1.3697343969651496       55.444719653644555       1.3697343969651496
1.3760175822723295        16.149458819678866       1.3760175822723295       29.172041028578708       1.3760175822723295       44.25530430243699        1.3760175822723295       55.51791541997424        1.3760175822723295
1.3823007675795091        16.17024248267171        1.3823007675795091       29.20915695306029        1.3823007675795091       44.312633434353536       1.3823007675795091       55.589164130590284       1.3823007675795091
1.3885839528866886        16.1900184188611         1.3885839528866886       29.244867537659033       1.3885839528866886       44.36733769867462        1.3885839528866886       55.65751453195046        1.3885839528866886
1.3948671381938682        16.208551503385916       1.3948671381938682       29.278742226482258       1.3948671381938682       44.4187704610223         1.3948671381938682       55.722060774789945       1.3948671381938682
1.4011503235010478        16.225892786369066       1.4011503235010478       29.310527574017435       1.4011503235010478       44.466779089881356       1.4011503235010478       55.7825555072002         1.4011503235010478
1.4074335088082273        16.24237576778166        1.4074335088082273       29.340424803506593       1.4074335088082273       44.51195698328498        1.4074335088082273       55.839714168549115       1.4074335088082273
1.413716694115407         16.258389841489624       1.413716694115407        29.369017799323387       1.413716694115407        44.55534387852585        1.413716694115407        55.89473066044959        1.413716694115407
1.4199998794225865        16.274068177366505       1.4199998794225865       29.396798378971866       1.4199998794225865       44.59762279386025        1.4199998794225865       55.948244283203344       1.4199998794225865
1.426283064729766         16.289163642567193       1.426283064729766        29.423722986015836       1.426283064729766        44.63853755309893        1.426283064729766        55.99971109338983        1.426283064729766
1.4325662500369456        16.303266972987572       1.4325662500369456       29.449294811062202       1.4325662500369456       44.67720439678751        1.4325662500369456       56.047918722471415       1.4325662500369456
1.4388494353441252        16.31620215168065        1.4388494353441252       29.473134025791442       1.4388494353441252       44.713095166974256       1.4388494353441252       56.092263318294634       1.4388494353441252
1.4451326206513049        16.328245664012012       1.4451326206513049       29.495469745503627       1.4451326206513049       44.74673221876039        1.4451326206513049       56.13359262425586        1.4451326206513049
1.4514158059584845        16.339973098265574       1.4514158059584845       29.517066512994276       1.4514158059584845       44.779418991271555       1.4514158059584845       56.1738234785676         1.4514158059584845
1.4576989912656642        16.351860298981205       1.4576989912656642       29.53864629516395        1.4576989912656642       44.81225413059244        1.4576989912656642       56.214637223310106       1.4576989912656642
1.4639821765728436        16.363942797526978       1.4639821765728436       29.56029484624719        1.4639821765728436       44.8452563392793         1.4639821765728436       56.2562448314424         1.4639821765728436
1.4702653618800232        16.37577581415933        1.4702653618800232       29.58133746897559        1.4702653618800232       44.8772804010231         1.4702653618800232       56.297126647224424       1.4702653618800232
1.4765485471872029        16.38673242551178        1.4765485471872029       29.600813161694013       1.4765485471872029       44.9068098808201         1.4765485471872029       56.33501827184378        1.4765485471872029
1.4828317324943823        16.396432185212213       1.4828317324943823       29.61818842705891        1.4828317324943823       44.93303941598286        1.4828317324943823       56.368493186350044       1.4828317324943823
1.489114917801562         16.40495887623292        1.489114917801562        29.633689805222744       1.489114917801562        44.9563438073238         1.489114917801562        56.397856708490664       1.489114917801562
1.4953981031087415        16.412687437394545       1.4953981031087415       29.647951050129915       1.4953981031087415       44.97771623441687        1.4953981031087415       56.424547953430945       1.4953981031087415
1.501681288415921         16.419916053804908       1.501681288415921        29.661369748985607       1.501681288415921        44.99777881978434        1.501681288415921        56.44969050860236        1.501681288415921
1.5079644737231006        16.426681421614152       1.5079644737231006       29.673861596352264       1.5079644737231006       45.01640876347813        1.5079644737231006       56.473281593163996       1.5079644737231006
1.5142476590302805        16.432882432717914       1.5142476590302805       29.685177308020123       1.5142476590302805       45.03324841418609        1.5142476590302805       56.494667709014664       1.5142476590302805
1.5205308443374599        16.438466245165444       1.5205308443374599       29.695256176859882       1.5205308443374599       45.04829330905444        1.5205308443374599       56.51345329433127        1.5205308443374599
1.5268140296446395        16.44342155374901        1.5268140296446395       29.704138567862326       1.5268140296446395       45.061766060319016       1.5268140296446395       56.52971328547087        1.5268140296446395
1.5330972149518192        16.447656015733536       1.5330972149518192       29.71165294917485        1.5330972149518192       45.07354580120214        1.5330972149518192       56.54352552048383        1.5330972149518192
1.5393804002589986        16.451022481110634       1.5393804002589986       29.71745520569072        1.5393804002589986       45.083084637931485       1.5393804002589986       56.554750077841305       1.5393804002589986
1.5456635855661782        16.45353634698778        1.5456635855661782       29.721516906035355       1.5456635855661782       45.09010173507138        1.5456635855661782       56.56348671595249        1.5456635855661782
1.5519467708733579        16.45550565320568        1.5519467708733579       29.724472295232076       1.5519467708733579       45.09523436312831        1.5519467708733579       56.57052560634519        1.5519467708733579
1.5582299561805373        16.457330783090757       1.5582299561805373       29.72726865176629        1.5582299561805373       45.09970470892544        1.5582299561805373       56.5769305706989         1.5582299561805373
1.564513141487717         16.45911624068981        1.564513141487717        29.73034271756776        1.564513141487717        45.10416460962184        1.564513141487717        56.58295647244263        1.564513141487717
1.5707963267948966        16.46051154254679        1.5707963267948966       29.73316088551058        1.5707963267948966       45.10793015857929        1.5707963267948966       56.58750770786137        1.5707963267948966
1.5770795121020762        16.461003954166262       1.5770795121020762       29.734660490899024       1.5770795121020762       45.10953716452242        1.5770795121020762       56.588968640304664       1.5770795121020762
1.5833626974092558        16.460396860198816       1.5833626974092558       29.734184467643967       1.5833626974092558       45.10814024172829        1.5833626974092558       56.58671685173552        1.5833626974092558
1.5896458827164355        16.45896486130188        1.5896458827164355       29.731940551977036       1.5896458827164355       45.10427658476165        1.5896458827164355       56.58166832494999        1.5896458827164355
1.595929068023615         16.457101965383618       1.595929068023615        29.728522136106786       1.595929068023615        45.09914279943023        1.595929068023615        56.5751307876551         1.595929068023615
1.6022122533307945        16.454856457436144       1.6022122533307945       29.724096523452683       1.6022122533307945       45.093204459597985       1.6022122533307945       56.56722266286262        1.6022122533307945
1.6084954386379742        16.45189084308183        1.6084954386379742       29.718235076289435       1.6084954386379742       45.08571602765068        1.6084954386379742       56.55673343404082        1.6084954386379742
1.6147786239451536        16.44788604298971        1.6147786239451536       29.71051474801915        1.6147786239451536       45.07556969360202        1.6147786239451536       56.54254283693273        1.6147786239451536
1.6210618092523332        16.442857205155512       1.6210618092523332       29.701027257447247       1.6210618092523332       45.06227744157314        1.6210618092523332       56.524737560267795       1.6210618092523332
1.6273449945595129        16.437011757317194       1.6273449945595129       29.69015187772776        1.6273449945595129       45.04598048161967        1.6273449945595129       56.50410321556188        1.6273449945595129
1.6336281798666923        16.430440651505048       1.6336281798666923       29.67806248941653        1.6336281798666923       45.02693731843052        1.6336281798666923       56.48101956114107        1.6336281798666923
1.639911365173872         16.423129043874802       1.639911365173872        29.664776019403025       1.639911365173872        45.00555708553872        1.639911365173872        56.45549748697162        1.639911365173872
1.6461945504810518        16.415211441053504       1.6461945504810518       29.65058156089752        1.6461945504810518       44.98280132551602        1.6461945504810518       56.42809097011209        1.6461945504810518
1.6524777357882312        16.406955739583807       1.6524777357882312       29.635951786946503       1.6524777357882312       44.959787231251156       1.6524777357882312       56.39982974929568        1.6524777357882312
1.6587609210954108        16.398367499972384       1.6587609210954108       29.62079660429391        1.6587609210954108       44.93652760930497        1.6587609210954108       56.37076584283755        1.6587609210954108
1.6650441064025905        16.38897240590823        1.6650441064025905       29.60410107910585        1.6650441064025905       44.91140497632809        1.6650441064025905       56.33913079000186        1.6650441064025905
1.67132729170977          16.378211719427714       1.67132729170977         29.584721153779345       1.67132729170977         44.88248172182716        1.67132729170977         56.302712553509444       1.67132729170977
1.6776104770169495        16.366068639745205       1.6776104770169495       29.56259642319602        1.6776104770169495       44.849444093162845       1.6776104770169495       56.261167008098745       1.6776104770169495
1.6838936623241292        16.35317168929924        1.6838936623241292       29.538961481407945       1.6838936623241292       44.813988354908005       1.6838936623241292       56.21657198582976        1.6838936623241292
1.6901768476313086        16.34023027040191        1.6901768476313086       29.515270794017685       1.6901768476313086       44.77821856384131        1.6901768476313086       56.17156501737112        1.6901768476313086
1.6964600329384882        16.327439745374544       1.6964600329384882       29.49201933801038        1.6964600329384882       44.742869522552944       1.6964600329384882       56.127168835031206       1.6964600329384882
1.7027432182456679        16.314457083621292       1.7027432182456679       29.468613722364637       1.7027432182456679       44.707113586012134       1.7027432182456679       56.08245672627502        1.7027432182456679
1.7090264035528475        16.300830207558825       1.7090264035528475       29.444142189673368       1.7090264035528475       44.66970526312694        1.7090264035528475       56.03586578744616        1.7090264035528475
1.7153095888600272        16.2863257547294         1.7153095888600272       29.418044290179573       1.7153095888600272       44.62993603141235        1.7153095888600272       55.9863905549149         1.7153095888600272
1.7215927741672068        16.270900520225528       1.7215927741672068       29.390161623336684       1.7215927741672068       44.587637232834936       1.7215927741672068       55.93370350771345        1.7215927741672068
1.7278759594743862        16.254562594064204       1.7278759594743862       29.360536866599446       1.7278759594743862       44.54283829684693        1.7278759594743862       55.87782523233384        1.7278759594743862
1.7341591447815659        16.2373885603444         1.7341591447815659       29.329407946606125       1.7341591447815659       44.495786536879415       1.7341591447815659       55.819124944179194       1.7341591447815659
1.7404423300887455        16.21959725634036        1.7404423300887455       29.297253880993          1.7404423300887455       44.44708940643689        1.7404423300887455       55.75839483525248        1.7404423300887455
1.746725515395925         16.201449786273056       1.746725515395925        29.264550413605804       1.746725515395925        44.397410992326854       1.746725515395925        55.69640585837348        1.746725515395925
1.7530087007031045        16.183037617431218       1.7530087007031045       29.23139326047066        1.7530087007031045       44.34692621484281        1.7530087007031045       55.63326022396893        1.7530087007031045
1.7592918860102842        16.164239156536084       1.7592918860102842       29.197476244732112       1.7592918860102842       44.295268857570846       1.7592918860102842       55.56842195587009        1.7592918860102842
1.7655750713174636        16.1448965140511         1.7655750713174636       29.162460702121244       1.7655750713174636       44.24204812466173        1.7655750713174636       55.501433376452155       1.7655750713174636
1.7718582566246432        16.124943930762242       1.7718582566246432       29.126217713225024       1.7718582566246432       44.18716899497543        1.7718582566246432       55.432301500206265       1.7718582566246432
1.778141441931823         16.10432526942352        1.778141441931823        29.088666709770756       1.778141441931823        44.13054783038018        1.778141441931823        55.36105601969713        1.778141441931823
1.7844246272390025        16.082901071782135       1.7844246272390025       29.049605370025485       1.7844246272390025       44.07182577110007        1.7844246272390025       55.28731262019713        1.7844246272390025
1.7907078125461822        16.06057413943401        1.7907078125461822       29.008943449333024       1.7907078125461822       44.01071827121674        1.7907078125461822       55.21071212057815        1.7907078125461822
1.7969909978533618        16.037502054542127       1.7969909978533618       28.96707085303564        1.7969909978533618       43.947614884900844       1.7969909978533618       55.131730432547286       1.7969909978533618
1.8032741831605412        16.01407565877153        1.8032741831605412       28.92476838721378        1.8032741831605412       43.883533607253746       1.8032741831605412       55.0516443183429         1.8032741831605412
1.8095573684677209        15.990608067514476       1.8095573684677209       28.88259783102361        1.8095573684677209       43.81928317222706        1.8095573684677209       54.971432077006575       1.8095573684677209
1.8158405537749005        15.96702829460725        1.8158405537749005       28.8403487577536         1.8158405537749005       43.75463831957941        1.8158405537749005       54.89069850787618        1.8158405537749005
1.82212373908208          15.942886391040018       1.82212373908208         28.797094753523723       1.82212373908208         43.68835356747416        1.82212373908208         54.80774672741439        1.82212373908208
1.8284069243892596        15.917682002243634       1.8284069243892596       28.751833935610236       1.8284069243892596       43.61904737048115        1.8284069243892596       54.72079520778204        1.8284069243892596
1.8346901096964392        15.891226840753964       1.8346901096964392       28.704160250257264       1.8346901096964392       43.546191447780465       1.8346901096964392       54.629251920582355       1.8346901096964392
1.8409732950036186        15.86371874076243        1.8409732950036186       28.654402081066465       1.8409732950036186       43.47034327159171        1.8409732950036186       54.5339207000118         1.8409732950036186
1.8472564803107985        15.835512457432724       1.8472564803107985       28.603227129628458       1.8472564803107985       43.39255680843548        1.8472564803107985       54.43615652332287        1.8472564803107985
1.8535396656179781        15.806895479828775       1.8535396656179781       28.551249641919203       1.8535396656179781       43.31376541259757        1.8535396656179781       54.33707436220643        1.8535396656179781
1.8598228509251575        15.778057384491591       1.8598228509251575       28.49893678800087        1.8598228509251575       43.23463457893547        1.8598228509251575       54.237433553572714       1.8598228509251575
1.8661060362323372        15.74905501484125        1.8661060362323372       28.446466098216348       1.8661060362323372       43.15538108188445        1.8661060362323372       54.13749241453176        1.8661060362323372
1.8723892215395168        15.719635991896885       1.8723892215395168       28.393360236550272       1.8723892215395168       43.075241560671856       1.8723892215395168       54.03638570623574        1.8723892215395168
1.8786724068466962        15.689259400160463       1.8786724068466962       28.33856433895774        1.8786724068466962       42.9925507185944         1.8786724068466962       53.93220583292335        1.8786724068466962
1.8849555921538759        15.657574268426137       1.8849555921538759       28.281392902272067       1.8849555921538759       42.90613262573008        1.8849555921538759       53.82364355037005        1.8849555921538759
1.8912387774610555        15.62483909326711        1.8912387774610555       28.222319199294652       1.8912387774610555       42.816550462691986       1.8912387774610555       53.711394858086784       1.8912387774610555
1.897521962768235         15.591613605147268       1.897521962768235        28.16237203863269        1.897521962768235        42.72532984021204        1.897521962768235        53.59711887443649        1.897521962768235
1.9038051480754146        15.558085355219339       1.9038051480754146       28.101865394107808       1.9038051480754146       42.63310211185625        1.9038051480754146       53.481274847833134       1.9038051480754146
1.9100883333825942        15.52402817063073        1.9100883333825942       28.040334267483075       1.9100883333825942       42.53939568985475        1.9100883333825942       53.36317147287186        1.9100883333825942
1.9163715186897738        15.489403990716117       1.9163715186897738       27.977679848781673       1.9163715186897738       42.4441747181036         1.9163715186897738       53.243044635809504       1.9163715186897738
1.9226547039969535        15.454522411370554       1.9226547039969535       27.914487674069242       1.9226547039969535       42.3482520267307         1.9226547039969535       53.12235835652399        1.9226547039969535
1.9289378893041331        15.419387361735255       1.9289378893041331       27.850819715984795       1.9289378893041331       42.25159473271007        1.9289378893041331       53.001276029810775       1.9289378893041331
1.9352210746113125        15.383317297287098       1.9352210746113125       27.785488518252166       1.9352210746113125       42.152404637593825       1.9352210746113125       52.87731615456637        1.9352210746113125
1.9415042599184922        15.345649482565412       1.9415042599184922       27.71732528233118        1.9415042599184922       42.04905107370313        1.9415042599184922       52.747982258008534       1.9415042599184922
1.9477874452256718        15.30664010959335        1.9477874452256718       27.646823433476317       1.9477874452256718       41.94239145655293        1.9477874452256718       52.6140499351505         1.9477874452256718
1.9540706305328512        15.267255952184463       1.9540706305328512       27.575757033818828       1.9540706305328512       41.83504469544541        1.9540706305328512       52.47883631758501        1.9540706305328512
1.9603538158400309        15.228105792866922       1.9603538158400309       27.50521789262436        1.9603538158400309       41.72846573166997        1.9603538158400309       52.34440199200685        1.9603538158400309
1.9666370011472105        15.188897271006258       1.9666370011472105       27.434617580763728       1.9666370011472105       41.62162252146699        1.9666370011472105       52.20965813421499        1.9666370011472105
1.97292018645439          15.148941657705837       1.97292018645439         27.36262907405485        1.97292018645439         41.51253601245897        1.97292018645439         52.072204761643334       1.97292018645439
1.9792033717615698        15.107865970219954       1.9792033717615698       27.28852612718231        1.9792033717615698       41.40022668930254        1.9792033717615698       51.93084709117274        1.9792033717615698
1.9854865570687494        15.065748552167626       1.9854865570687494       27.212454379219455       1.9854865570687494       41.28495738059854        1.9854865570687494       51.785982904480456       1.9854865570687494
1.9917697423759289        15.02287640105149        1.9917697423759289       27.134971879171          1.9917697423759289       41.1674868679555         1.9917697423759289       51.63862875425407        1.9917697423759289
1.9980529276831085        14.979612550432142       1.9980529276831085       27.056767017668616       1.9980529276831085       41.048763459725606       1.9980529276831085       51.489925094297966       1.9980529276831085
2.004336112990288         14.936337361715447       2.004336112990288        26.978528734838907       2.004336112990288        40.92986835467071        2.004336112990288        51.341035275344446       2.004336112990288
2.0106192982974678        14.893211701142626       2.0106192982974678       26.900529673073034       2.0106192982974678       40.81137374983447        2.0106192982974678       51.19246302625574        2.0106192982974678
2.016902483604647         14.849923129552366       2.016902483604647        26.822196194059288       2.016902483604647        40.692543149596446       2.016902483604647        51.0432184608528         2.016902483604647
2.0231856689118266        14.805813661707019       2.0231856689118266       26.74235615183761        2.0231856689118266       40.57158857960164        2.0231856689118266       50.891179165643734       2.0231856689118266
2.0294688542190062        14.760404060224204       2.0294688542190062       26.66017862544037        2.0294688542190062       40.44712396251923        2.0294688542190062       50.73477774416522        2.0294688542190062
2.035752039526186         14.713856586790824       2.035752039526186        26.575991163828874       2.035752039526186        40.31952267454137        2.035752039526186        50.57454963713712        2.035752039526186
2.0420352248333655        14.666923894999746       2.0420352248333655       26.49117751176486        2.0420352248333655       40.19083603270759        2.0420352248333655       50.413029039086226       2.0420352248333655
2.048318410140545         14.620344114543746       2.048318410140545        26.40708390471651        2.048318410140545        40.06312480439342        2.048318410140545        50.25277841024827        2.048318410140545
2.054601595447725         14.574119459583002       2.054601595447725        26.323705980872646       2.054601595447725        39.93644774415155        2.054601595447725        50.093915141559464       2.054601595447725
2.060884780754904         14.527359505756266       2.060884780754904        26.239384378523905       2.060884780754904        39.808411745436615       2.060884780754904        49.93343136692245        2.060884780754904
2.067167966062084         14.479023940591974       2.067167966062084        26.152146044401306       2.067167966062084        39.676183954814604       2.067167966062084        49.76760009213969        2.067167966062084
2.0734511513692633        14.428969662647619       2.0734511513692633       26.06164678912642        2.0734511513692633       39.53932340349485        2.0734511513692633       49.59562476936062        2.0734511513692633
2.079734336676443         14.378150900665945       2.079734336676443        25.96960814354264        2.079734336676443        39.40032536164861        2.079734336676443        49.42058671181651        2.079734336676443
2.086017521983623         14.327627078895937       2.086017521983623        25.878046928053315       2.086017521983623        39.26197986034826        2.086017521983623        49.24625607018194        2.086017521983623
2.092300707290802         14.27747690088636        2.092300707290802        25.787238706943          2.092300707290802        39.12450389102432        2.092300707290802        49.07328603472193        2.092300707290802
2.098583892597982         14.226866457580567       2.098583892597982        25.695727663423853       2.098583892597982        38.985743528534364       2.098583892597982        48.89911873576066        2.098583892597982
2.1048670779051615        14.175045914518545       2.1048670779051615       25.602088433557185       2.1048670779051615       38.84378142898105        2.1048670779051615       48.72115053306442        2.1048670779051615
2.111150263212341         14.121994096952335       2.111150263212341        25.506169710267738       2.111150263212341        38.69855410186376        2.111150263212341        48.539018382830406       2.111150263212341
2.1174334485195203        14.0681735175461         2.1174334485195203       25.408765686735098       2.1174334485195203       38.55116831829186        2.1174334485195203       48.354071867926294       2.1174334485195203
2.1237166338267004        14.014044166137218       2.1237166338267004       25.310766213312856       2.1237166338267004       38.40271451009017        2.1237166338267004       48.16791650072784        2.1237166338267004
2.1299998191338796        13.95988081743984        2.1299998191338796       25.21274892219047        2.1299998191338796       38.2539206552115         2.1299998191338796       47.981683788120456       2.1299998191338796
2.1362830044410592        13.905676806637327       2.1362830044410592       25.114720284125514       2.1362830044410592       38.10490279144733        2.1362830044410592       47.795423405369          2.1362830044410592
2.142566189748239         13.85100900088664        2.142566189748239        25.015877341068123       2.142566189748239        37.95467972919363        2.142566189748239        47.607518075955376       2.142566189748239
2.1488493750554185        13.795276901825327       2.1488493750554185       24.915117152408204       2.1488493750554185       37.80171465134253        2.1488493750554185       47.41568697167295        2.1488493750554185
2.155132560362598         13.73834959695651        2.155132560362598        24.812247670097253       2.155132560362598        37.64566119053285        2.155132560362598        47.21948874625122        2.155132560362598
2.161415745669778         13.680810214241992       2.161415745669778        24.70837649680926        2.161415745669778        37.48806169053965        2.161415745669778        47.02120755109304        2.161415745669778
2.1676989309769574        13.623291537631443       2.1676989309769574       24.60462607267344        2.1676989309769574       37.330552028781845       2.1676989309769574       46.82329899574085        2.1676989309769574
2.1739821162841366        13.565665676528026       2.1739821162841366       24.500662526512127       2.1739821162841366       37.17267066593235        2.1739821162841366       46.625297680648444       2.1739821162841366
2.1802653015913167        13.50717204425546        2.1802653015913167       24.395017099741224       2.1802653015913167       37.012270701844805       2.1802653015913167       46.42426380867938        2.1802653015913167
2.186548486898496         13.44735180349637        2.186548486898496        24.286864740419563       2.186548486898496        36.84812934252938        2.186548486898496        46.21834272995951        2.186548486898496
2.1928316722056755        13.386599186804416       2.1928316722056755       24.177008344288257       2.1928316722056755       36.68141318765737        2.1928316722056755       46.00898887406688        2.1928316722056755
2.199114857512855         13.325675131790268       2.199114857512855        24.0668987902134         2.199114857512855        36.51422524952859        2.199114857512855        45.799229663133836       2.199114857512855
2.205398042820035         13.264857656421382       2.205398042820035        23.957023067639373       2.205398042820035        36.34722896362547        2.205398042820035        45.59032285980713        2.205398042820035
2.211681228127214         13.203766374666369       2.211681228127214        23.846618690090324       2.211681228127214        36.17929065660427        2.211681228127214        45.38081232646998        2.211681228127214
2.217964413434394         13.1419326353039         2.217964413434394        23.734804245135912       2.217964413434394        36.00922258801336        2.217964413434394        45.168608340290554       2.217964413434394
2.2242475987415737        13.079267611791883       2.2242475987415737       23.621481137212566       2.2242475987415737       35.837075835434064       2.2242475987415737       44.95307561665462        2.2242475987415737
2.230530784048753         13.015911330361538       2.230530784048753        23.507012629233383       2.230530784048753        35.66350401041063        2.230530784048753        44.73485711124306        2.230530784048753
2.236813969355933         12.951914327174821       2.236813969355933        23.391548317542608       2.236813969355933        35.48864611461004        2.236813969355933        44.51462544961702        2.236813969355933
2.243097154663112         12.887305687566288       2.243097154663112        23.275091473974374       2.243097154663112        35.31229992730688        2.243097154663112        44.29282200246937        2.243097154663112
2.249380339970292         12.822278761111557       2.249380339970292        23.157865723581534       2.249380339970292        35.13465490255637        2.249380339970292        44.069958944326494       2.249380339970292
2.2556635252774715        12.756986207897597       2.2556635252774715       23.040028053960135       2.2556635252774715       34.95596035496021        2.2556635252774715       43.846055232837664       2.2556635252774715
2.261946710584651         12.691244779805848       2.261946710584651        22.921213537355307       2.261946710584651        34.77576987739635        2.261946710584651        43.62007767969029        2.261946710584651
2.2682298958918303        12.624776818096999       2.2682298958918303       22.80100649684286        2.2682298958918303       34.59352006732435        2.2682298958918303       43.39110842936361        2.2682298958918303
2.2745130811990104        12.557680536448798       2.2745130811990104       22.679758520300023       2.2745130811990104       34.40972215945215        2.2745130811990104       43.15990953752156        2.2745130811990104
2.28079626650619          12.4902724088659         2.28079626650619         22.558199431328628       2.28079626650619         34.225427912017345       2.28079626650619         42.928038151499315       2.28079626650619
2.2870794518133692        12.422483379170536       2.2870794518133692       22.436218287115096       2.2870794518133692       34.04042542056797        2.2870794518133692       42.69544206496654        2.2870794518133692
2.2933626371205493        12.353891276019072       2.2933626371205493       22.312878094469088       2.2933626371205493       33.85323862226363        2.2933626371205493       42.46048182863578        2.2933626371205493
2.2996458224277285        12.284461636113067       2.2996458224277285       22.187869161005953       2.2996458224277285       33.663334246557405       2.2996458224277285       42.222642566251004       2.2996458224277285
2.305929007734908         12.21475222281524        2.305929007734908        22.062078900935553       2.305929007734908        33.47209215919391        2.305929007734908        41.98351310600533        2.305929007734908
2.312212193042088         12.145109787328435       2.312212193042088        21.93623623636653        2.312212193042088        33.280844022349875       2.312212193042088        41.74422201682559        2.312212193042088
2.3184953783492674        12.075086770538752       2.3184953783492674       21.80973815033229        2.3184953783492674       33.08898061102784        2.3184953783492674       41.50342110861343        2.3184953783492674
2.3247785636564466        12.004029887610427       2.3247785636564466       21.68149234263856        2.3247785636564466       32.89493397604262        2.3247785636564466       41.2591029379358         2.3247785636564466
2.3310617489636267        11.931949830423559       2.3310617489636267       21.55140083395456        2.3310617489636267       32.69826171968079        2.3310617489636267       41.01136096091715        2.3310617489636267
2.337344934270806         11.859413352904415       2.337344934270806        21.420303060434154       2.337344934270806        32.49978132378056        2.337344934270806        40.761972945110905       2.337344934270806
2.3436281195779856        11.786773955092892       2.3436281195779856       21.288789796060566       2.3436281195779856       32.30021419023072        2.3436281195779856       40.51194670257852        2.3436281195779856
2.3499113048851656        11.713904371656534       2.3499113048851656       21.15676335144544        2.3499113048851656       32.09971933901837        2.3499113048851656       40.26085415510001        2.3499113048851656
2.356194490192345         11.640585798575897       2.356194490192345        21.02399369643654        2.356194490192345        31.898450095092464       2.356194490192345        40.00824423292505        2.356194490192345
2.3624776754995245        11.56679480827067        2.3624776754995245       20.89048635319485        2.3624776754995245       31.69661662317086        2.3624776754995245       39.754446727339534       2.3624776754995245
2.368760860806704         11.492601651609096       2.368760860806704        20.756312516557127       2.368760860806704        31.4940285667766         2.368760860806704        39.49993631093239        2.368760860806704
2.3750440461138838        11.41803319640879        2.3750440461138838       20.62148986528906        2.3750440461138838       31.29018411501825        2.3750440461138838       39.24469660818428        2.3750440461138838
2.381327231421063         11.34304663172548        2.381327231421063        20.485992008642977       2.381327231421063        31.084718715266334       2.381327231421063        38.98818798530397        2.381327231421063
2.387610416728243         11.267503182154732       2.387610416728243        20.349607209744928       2.387610416728243        30.877390619783757       2.387610416728243        38.72947524984952        2.387610416728243
2.3938936020354222        11.191263603560765       2.3938936020354222       20.21199285080878        2.3938936020354222       30.668038760214998       2.3938936020354222       38.467800073331894       2.3938936020354222
2.400176787342602         11.114456366528586       2.400176787342602        20.073191177224555       2.400176787342602        30.45711227592009        2.400176787342602        38.20365537191485        2.400176787342602
2.4064599726497815        11.037475736455052       2.4064599726497815       19.933809690813316       2.4064599726497815       30.24574600751642        2.4064599726497815       37.93875713859263        2.4064599726497815
2.412743157956961         10.960485615656996       2.412743157956961        19.794274525763843       2.412743157956961        30.03452141737852        2.412743157956961        37.67411832555992        2.412743157956961
2.419026343264141         10.883117776984944       2.419026343264141        19.654221188139033       2.419026343264141        29.82254420761572        2.419026343264141        37.40869240224792        2.419026343264141
2.4253095285713204        10.804987344416775       2.4253095285713204       19.513174106200417       2.4253095285713204       29.60864860638927        2.4253095285713204       37.140957746805775       2.4253095285713204
2.4315927138785           10.726342131471347       2.4315927138785          19.371504851105914       2.4315927138785          29.39316031113706        2.4315927138785          36.871285840441026       2.4315927138785
2.4378758991856793        10.647769385389907       2.4378758991856793       19.22993810123777        2.4378758991856793       29.17736107955432        2.4378758991856793       36.601324497326765       2.4378758991856793
2.4441590844928593        10.569342273990483       2.4441590844928593       19.088289084544165       2.4441590844928593       28.961461901125364       2.4441590844928593       36.33137604342645        2.4441590844928593
2.4504422698000385        10.4905781235822         2.4504422698000385       18.945674196937265       2.4504422698000385       28.744542575455817       2.4504422698000385       36.06018793902103        2.4504422698000385
2.456725455107218         10.411282876374786       2.456725455107218        18.80207039998792        2.456725455107218        28.52659707107067        2.456725455107218        35.787471236538934       2.456725455107218
2.463008640414398         10.331835940055042       2.463008640414398        18.65856708355501        2.463008640414398        28.3089236721775         2.463008640414398        35.51455704838851        2.463008640414398
2.4692918257215775        10.2523810309778         2.4692918257215775       18.51556024700091        2.4692918257215775       28.091683223280512       2.4692918257215775       35.241656076928386       2.4692918257215775
2.4755750110287567        10.172296993792195       2.4755750110287567       18.371657230279204       2.4755750110287567       27.872573514943443       2.4755750110287567       34.96635093647725        2.4755750110287567
2.4818581963359367        10.09094535889528        2.4818581963359367       18.22520809532165        2.4818581963359367       27.649307670578338       2.4818581963359367       34.686399606978924       2.4818581963359367
2.4881413816431164        10.0085656290039         2.4881413816431164       18.076286717482237       2.4881413816431164       27.4225089851396         2.4881413816431164       34.40278283960352        2.4881413816431164
2.4944245669502956        9.925900895335847        2.4944245669502956       17.92629084502794        2.4944245669502956       27.194760042750936       2.4944245669502956       34.11826708860773        2.4944245669502956
2.5007077522574757        9.84319309644792         2.5007077522574757       17.776114099719308       2.5007077522574757       26.96742972224395        2.5007077522574757       33.83388393353357        2.5007077522574757
2.506990937564655         9.760124877500804        2.506990937564655        17.625736243887093       2.506990937564655        26.739915644207326       2.506990937564655        33.54870752141408        2.506990937564655
2.5132741228718345        9.676604368642097        2.5132741228718345       17.475243963491586       2.5132741228718345       26.51154907612117        2.5132741228718345       33.262410177605624       2.5132741228718345
2.519557308179014         9.59294341404375         2.519557308179014        17.32495179758593        2.519557308179014        26.282432466661025       2.519557308179014        32.975690435671375       2.519557308179014
2.5258404934861938        9.509179018105309        2.5258404934861938       17.174348899646564       2.5258404934861938       26.052216235108958       2.5258404934861938       32.6880505345957         2.5258404934861938
2.532123678793373         9.424805436773767        2.532123678793373        17.02206166732992        2.532123678793373        25.819731592729955       2.532123678793373        32.397408977811835       2.532123678793373
2.538406864100553         9.339427062948387        2.538406864100553        16.867409501428494       2.538406864100553        25.584608471230254       2.538406864100553        32.10286625291992        2.538406864100553
2.5446900494077322        9.253268803244543        2.5446900494077322       16.71130774591344        2.5446900494077322       25.348172595281277       2.5446900494077322       31.806320312424404       2.5446900494077322
2.550973234714912         9.166797074351821        2.550973234714912        16.555161485466268       2.550973234714912        25.11197032821815        2.550973234714912        31.51028262976927        2.550973234714912
2.557256420022092         9.080188346965617        2.557256420022092        16.39942724639698        2.557256420022092        24.87615913893865        2.557256420022092        31.215167069341035       2.557256420022092
2.563539605329271         8.993448841194596        2.563539605329271        16.24369938822447        2.563539605329271        24.63996518211222        2.563539605329271        30.919688562247412       2.563539605329271
2.569822790636451         8.90674032855977         2.569822790636451        16.08762931334377        2.569822790636451        24.402937303485107       2.569822790636451        30.622936836693555       2.569822790636451
2.5761059759436304        8.820200956030371        2.5761059759436304       15.931112884436754       2.5761059759436304       24.16496133682799        2.5761059759436304       30.32485835070787        2.5761059759436304
2.58238916125081          8.733586827813134        2.58238916125081         15.773906461179891       2.58238916125081         23.925667609236253       2.58238916125081         30.0253413884523         2.58238916125081
2.5886723465579893        8.646430656667432        2.5886723465579893       15.61572253387946        2.5886723465579893       23.684776134840227       2.5886723465579893       29.724134346289834       2.5886723465579893
2.5949555318651694        8.558497611328104        2.5949555318651694       15.456588569167755       2.5949555318651694       23.44269398585751        2.5949555318651694       29.42146061677408        2.5949555318651694
2.6012387171723486        8.469827289711354        2.6012387171723486       15.296591416687829       2.6012387171723486       23.19988467987539        2.6012387171723486       29.117616930121013       2.6012387171723486
2.607521902479528         8.380446421868719        2.607521902479528        15.135431317742974       2.607521902479528        22.95591311834371        2.607521902479528        28.812091474854107       2.607521902479528
2.6138050877867083        8.29040867662693         2.6138050877867083       14.972857544460238       2.6138050877867083       22.710116583773274       2.6138050877867083       28.504191437100186       2.6138050877867083
2.6200882730938875        8.200072981042183        2.6200882730938875       14.809451362781715       2.6200882730938875       22.463070314280117       2.6200882730938875       28.194481867148724       2.6200882730938875
2.626371458401067         8.10987283037823         2.626371458401067        14.646156652939638       2.626371458401067        22.21610286735729        2.626371458401067        27.88424423992873        2.626371458401067
2.6326546437082468        8.019689854949254        2.6326546437082468       14.48288284214017        2.6326546437082468       21.96914678808435        2.6326546437082468       27.573311409765754       2.6326546437082468
2.6389378290154264        7.928937790497561        2.6389378290154264       14.318503858741604       2.6389378290154264       21.720573541012115       2.6389378290154264       27.260146021008968       2.6389378290154264
2.6452210143226056        7.837536288467271        2.6452210143226056       14.152726618802536       2.6452210143226056       21.46996077036693        2.6452210143226056       26.944893355291487       2.6452210143226056
2.6515041996297857        7.746307207199403        2.6515041996297857       13.987006712922543       2.6515041996297857       21.219536194988162       2.6515041996297857       26.63051566322074        2.6515041996297857
2.657787384936965         7.6559111155176405       2.657787384936965        13.822674818395514       2.657787384936965        20.971360722126075       2.657787384936965        26.319111810803797       2.657787384936965
2.6640705702441445        7.565758562179713        2.6640705702441445       13.658854540842045       2.6640705702441445       20.72410556979686        2.6640705702441445       26.008377835993635       2.6640705702441445
2.670353755551324         7.474615311239649        2.670353755551324        13.493461782001393       2.670353755551324        20.474528312242168       2.670353755551324        25.693973523523834       2.670353755551324
2.676636940858504         7.3821080949993805       2.676636940858504        13.325945636680705       2.676636940858504        20.221682703561168       2.676636940858504        25.37482902778875        2.676636940858504
2.6829201261656834        7.288986243482409        2.6829201261656834       13.157785780807428       2.6829201261656834       19.967697880362092       2.6829201261656834       25.05388881697019        2.6829201261656834
2.689203311472863         7.195968369742668        2.689203311472863        12.990323663969635       2.689203311472863        19.714393494168714       2.689203311472863        24.733838698510226       2.689203311472863
2.6954864967800427        7.103004539484703        2.6954864967800427       12.82331327299245        2.6954864967800427       19.461040056415673       2.6954864967800427       24.41439594123026        2.6954864967800427
2.701769682087222         7.00975756099144         2.701769682087222        12.655814359713839       2.701769682087222        19.20597118223939        2.701769682087222        24.094060604685883       2.701769682087222
2.708052867394402         6.916225354542668        2.708052867394402        12.48749811728602        2.708052867394402        18.94898432688461        2.708052867394402        23.77246706911595        2.708052867394402
2.714336052701581         6.822689316229565        2.714336052701581        12.318731083132358       2.714336052701581        18.691520906198477       2.714336052701581        23.45033151378989        2.714336052701581
2.720619238008761         6.7293673555253015       2.720619238008761        12.149996888124296       2.720619238008761        18.435194034003167       2.720619238008761        23.12833399139942        2.720619238008761
2.7269024233159405        6.6361222833906295       2.7269024233159405       11.981318167034944       2.7269024233159405       18.180138064135203       2.7269024233159405       22.80627218484047        2.7269024233159405
2.73318560862312          6.542271384298566        2.73318560862312         11.811820942626486       2.73318560862312         17.92418804687812        2.73318560862312         22.48249913087853        2.73318560862312
2.7394687939302993        6.446971164402356        2.7394687939302993       11.640278698409887       2.7394687939302993       17.664348552810516       2.7394687939302993       22.154930260504823       2.7394687939302993
2.7457519792374794        6.350228250270946        2.7457519792374794       11.466729575097101       2.7457519792374794       17.400053903463323       2.7457519792374794       21.82382964898675        2.7457519792374794
2.752035164544659         6.2531910490715354       2.752035164544659        11.292886114895438       2.752035164544659        17.13408102680353        2.752035164544659        21.492389384148446       2.752035164544659
2.758318349851838         6.156891360256546        2.758318349851838        11.120018222146282       2.758318349851838        16.869109069574186       2.758318349851838        21.16282429252738        2.758318349851838
2.7646015351590183        6.061051704383141        2.7646015351590183       10.947182239682759       2.7646015351590183       16.604671897083108       2.7646015351590183       20.833263366274462       2.7646015351590183
2.7708847204661975        5.964739693062178        2.7708847204661975       10.772713132270662       2.7708847204661975       16.33903672341888        2.7708847204661975       20.500644124259733       2.7708847204661975
2.777167905773377         5.867774629359552        2.777167905773377        10.596737321086954       2.777167905773377        16.072512950148734       2.777167905773377        20.165308006849042       2.777167905773377
2.7834510910805568        5.770712337629567        2.7834510910805568       10.420823403603563       2.7834510910805568       15.806616184968117       2.7834510910805568       19.83019790897922        2.7834510910805568
2.7897342763877364        5.673735243623451        2.7897342763877364       10.245651108869096       2.7897342763877364       15.54101834694471        2.7897342763877364       19.496497767418315       2.7897342763877364
2.7960174616949156        5.57636808364346         2.7960174616949156       10.070397984392953       2.7960174616949156       15.273782586884304       2.7960174616949156       19.162574319411654       2.7960174616949156
2.8023006470020957        5.478255133740837        2.8023006470020957       9.89425083222071         2.8023006470020957       15.004366259674544       2.8023006470020957       18.826801233772326       2.8023006470020957
2.808583832309275         5.3796964252534725       2.808583832309275        9.717514053538693        2.808583832309275        14.73465644635506        2.808583832309275        18.489583556085265       2.808583832309275
2.8148670176164545        5.281389333369004        2.8148670176164545       9.541211220956846        2.8148670176164545       14.466999748829307       2.8148670176164545       18.15273270984511        2.8148670176164545
2.8211502029236346        5.183755635320163        2.8211502029236346       9.36590940086226         2.8211502029236346       14.201872283272476       2.8211502029236346       17.817514460764425       2.8211502029236346
2.827433388230814         5.086365992644933        2.827433388230814        9.1907387620385          2.827433388230814        13.937178418825228       2.827433388230814        17.4828471837066         2.827433388230814
2.8337165735379934        4.988236111867613        2.8337165735379934       9.013955720581622        2.8337165735379934       13.670041094215565       2.8337165735379934       17.14599123702107        2.8337165735379934
2.839999758845173         4.8890968989469386       2.839999758845173        8.83518473935287         2.839999758845173        13.400017004019368       2.839999758845173        16.806240413127366       2.839999758845173
2.8462829441523527        4.789869763035803        2.8462829441523527       8.656202531852598        2.8462829441523527       13.12938515856774        2.8462829441523527       16.4662232702996         2.8462829441523527
2.852566129459532         4.691143195173682        2.852566129459532        8.478168121374141        2.852566129459532        12.85885274483347        2.852566129459532        16.127165054226346       2.852566129459532
2.858849314766712         4.591938876331315        2.858849314766712        8.2993902247644          2.858849314766712        12.585336095896364       2.858849314766712        15.785519078176657       2.858849314766712
2.865132500073891         4.491241406619884        2.865132500073891        8.118016445480466        2.865132500073891        12.30705191445084        2.865132500073891        15.438442684782117       2.865132500073891
2.871415685381071         4.390018923780092        2.871415685381071        7.9356005853454334       2.871415685381071        12.028319387071114       2.871415685381071        15.090003627063812       2.871415685381071
2.8776988706882505        4.290061535875676        2.8776988706882505       7.7550758097395125       2.8776988706882505       11.754786008467299       2.8776988706882505       14.746424194052816       2.8776988706882505
2.88398205599543          4.1912946797199755       2.88398205599543         7.576135933332794        2.88398205599543         11.485563485805582       2.88398205599543         14.407018406872561       2.88398205599543
2.8902652413026098        4.092022154732054        2.8902652413026098       7.3958656538698095       2.8902652413026098       11.21495821339959        2.8902652413026098       14.065798105582761       2.8902652413026098
2.8965484266097894        3.991562871351637        2.8965484266097894       7.213458816019583        2.8965484266097894       10.940768300079094       2.8965484266097894       13.72078726236581        2.8965484266097894
2.902831611916969         3.890907772876709        2.902831611916969        7.03113954191338         2.902831611916969        10.665807430300433       2.902831611916969        13.375703091259629       2.902831611916969
2.9091147972241482        3.790847653253162        2.9091147972241482       6.850484707182067        2.9091147972241482       10.39185471969891        2.9091147972241482       13.032970707686026       2.9091147972241482
2.9153979825313283        3.690978602597829        2.9153979825313283       6.670519534100328        2.9153979825313283       10.117025965219737       2.9153979825313283       12.690525186610326       2.9153979825313283
2.9216811678385075        3.5905741716004087       2.9216811678385075       6.489476369074588        2.9216811678385075       9.839402211063977        2.9216811678385075       12.345484417691843       2.9216811678385075
2.927964353145687         3.48926776753869         2.927964353145687        6.306390838256391        2.927964353145687        9.559529325769063        2.927964353145687        11.996815741852895       2.927964353145687
2.934247538452867         3.3869868324792494       2.934247538452867        6.121241069985457        2.934247538452867        9.279016173841855        2.934247538452867        11.64479665439101        2.934247538452867
2.9405307237600464        3.284162855014618        2.9405307237600464       5.935247170213636        2.9405307237600464       8.999181251001197        2.9405307237600464       11.291189699236455       2.9405307237600464
2.9468139090672256        3.1817855657651757       2.9468139090672256       5.7505956958988325       2.9468139090672256       8.720847607266553        2.9468139090672256       10.939202183234578       2.9468139090672256
2.9530970943744057        3.0804662245227754       2.9530970943744057       5.568364750215149        2.9530970943744057       8.44355068353783         2.9530970943744057       10.590556503580308       2.9530970943744057
2.9593802796815853        2.979695433576229        2.9593802796815853       5.387082873439487        2.9593802796815853       8.16548864506549         2.9593802796815853       10.243412031370603       2.9593802796815853
2.9656634649887645        2.878604949281268        2.9656634649887645       5.20439696776894         2.9656634649887645       7.885732078546485        2.9656634649887645       9.895119538980728        2.9656634649887645
2.9719466502959446        2.777154706300696        2.9719466502959446       5.019733003567022        2.9719466502959446       7.605855397848431        2.9719466502959446       9.545985448093377        2.9719466502959446
2.978229835603124         2.676023196279269        2.978229835603124        4.834479927050193        2.978229835603124        7.328189972534071        2.978229835603124        9.198558302409857        2.978229835603124
2.9845130209103035        2.5754453401897837       2.9845130209103035       4.649863363314204        2.9845130209103035       7.052721887062791        2.9845130209103035       8.85363674150343         2.9845130209103035
2.990796206217483         2.4745802357639852       2.990796206217483        4.465394980101122        2.990796206217483        6.776441222975014        2.990796206217483        8.508235981680825        2.990796206217483
2.9970793915246627        2.372282874162078        2.9970793915246627       4.279765396362925        2.9970793915246627       6.4961672969217705       2.9970793915246627       8.158213859010074        2.9970793915246627
3.003362576831842         2.268517521523999        3.003362576831842        4.093099904497319        3.003362576831842        6.212216755482842        3.003362576831842        7.803085686764297        3.003362576831842
3.009645762139022         2.1645985517038677       3.009645762139022        3.9074341301718873       3.009645762139022        5.928505569425592        3.009645762139022        7.447056059791252        3.009645762139022
3.015928947446201         2.061612398527016        3.015928947446201        3.724196921566937        3.015928947446201        5.647963071427217        3.015928947446201        7.093865974670108        3.015928947446201
3.022212132753381         1.9589857541599607       3.022212132753381        3.5419934662712897       3.022212132753381        5.368675652676449        3.022212132753381        6.741852735116275        3.022212132753381
3.028495318060561         1.8553520085135025       3.028495318060561        3.3582377457057886       3.028495318060561        5.086427205445984        3.028495318060561        6.386637111654403        3.028495318060561
3.03477850336774          1.7505895846553312       3.03477850336774         3.1725202283049647       3.03477850336774         4.800465611269212        3.03477850336774         6.0278358380042825       3.03477850336774
3.0410616886749198        1.6460269702009607       3.0410616886749198       2.9866301441425245       3.0410616886749198       4.51427783891678         3.0410616886749198       5.669652121686928        3.0410616886749198
3.0473448739820994        1.5426151652876627       3.0473448739820994       2.8013396290610473       3.0473448739820994       4.230701752814492        3.0473448739820994       5.314737640808469        3.0473448739820994
3.053628059289279         1.4398786321220105       3.053628059289279        2.6150679421022223       3.053628059289279        3.9488086149469845       3.053628059289279        4.960986347746558        3.053628059289279
3.0599112445964582        1.3371008605763544       3.0599112445964582       2.4265662819815494       3.0599112445964582       3.666628956833823        3.0599112445964582       4.606027801962445        3.0599112445964582
3.0661944299036383        1.234863008213118        3.0661944299036383       2.2377276825403145       3.0661944299036383       3.385194366566434        3.0661944299036383       4.25257409107493         3.0661944299036383
3.0724776152108175        1.1344482883258034       3.0724776152108175       2.0519992869642962       3.0724776152108175       3.1074998202609945       3.0724776152108175       3.9059768550857656       3.0724776152108175
3.078760800517997         1.0354499652978069       3.078760800517997        1.8694772725186117       3.078760800517997        2.8327902297984786       3.078760800517997        3.5654676057850043       3.078760800517997
3.0850439858251772        0.9349575001123257       3.0850439858251772       1.685299427381449        3.0850439858251772       2.554458016893165        3.0850439858251772       3.2210375459543448       3.0850439858251772
3.0913271711323564        0.8306047318382926       3.0913271711323564       1.4954295790702363       3.0913271711323564       2.267472329551682        3.0913271711323564       2.8639386345886595       3.0913271711323564
3.097610356439536         0.7241873798978964       3.097610356439536        1.30333836946076         3.097610356439536        1.9770070113830744       3.097610356439536        2.499348594637977        3.097610356439536
3.1038935417467157        0.6200156351835315       3.1038935417467157       1.1167156139860632       3.1038935417467157       1.6935692909861864       3.1038935417467157       2.141081349287711        3.1038935417467157
3.1101767270538954        0.5190120507109173       3.1101767270538954       0.936541315137592        3.1101767270538954       1.4179346183588422       3.1101767270538954       1.7919440052584998       3.1101767270538954
3.1164599123610746        0.41686307196889677      3.1164599123610746       0.754048809258368        3.1164599123610746       1.137556544776375        3.1164599123610746       1.4377393208365203       3.1164599123610746
3.1227430976682546        0.3099472177352626       3.1227430976682546       0.5619932567418419       3.1227430976682546       0.8433690186514716       3.1227430976682546       1.0672167855899584       3.1227430976682546
3.129026282975434         0.20134631638311573      3.129026282975434        0.36580523571476176      3.129026282975434        0.545587205935558        3.129026282975434        0.6920220376482359       3.129026282975434
3.1353094682826135        0.09761363400972797      3.1353094682826135       0.17759138225759796      3.1353094682826135       0.2634443975978387       3.1353094682826135       0.3350184936345515       3.1353094682826135
3.141592653589793         1.876163357133922E-15    3.141592653589793        3.4151516781437586E-15   3.141592653589793        5.05478325541117E-15     3.141592653589793        6.4356862533326835E-15   3.141592653589793
3.1478758388969728        0.097613634009744        3.135309468282614        0.17759138225757434      3.135309468282614        0.26344439759783755      3.135309468282614        0.33501849363444214      3.135309468282614
3.1541590242041524        0.20134631638311537      3.1290262829754343       0.36580523571473395      3.1290262829754343       0.5455872059355481       3.1290262829754343       0.6920220376481367       3.1290262829754343
3.160442209511332         0.3099472177352686       3.1227430976682546       0.5619932567418726       3.1227430976682546       0.8433690186515158       3.1227430976682546       1.0672167855900674       3.1227430976682546
3.1667253948185117        0.41686307196862504      3.116459912361075        0.7540488092581008       3.116459912361075        1.1375565447758997       3.116459912361075        1.4377393208356775       3.116459912361075
3.173008580125691         0.519012050710928        3.110176727053896        0.9365413151375879       3.110176727053896        1.4179346183587624       3.110176727053896        1.7919440052584492       3.110176727053896
3.179291765432871         0.6200156351835281       3.1038935417467157       1.1167156139860457       3.1038935417467157       1.6935692909862163       3.1038935417467157       2.1410813492876932       3.1038935417467157
3.18557495074005          0.7241873798978853       3.0976103564395365       1.303338369460785        3.0976103564395365       1.9770070113830758       3.0976103564395365       2.499348594637953        3.0976103564395365
3.19185813604723          0.83060473183836         3.091327171132357        1.4954295790702048       3.091327171132357        2.2674723295519064       3.091327171132357        2.863938634588669        3.091327171132357
3.1981413213544094        0.9349575001123166       3.0850439858251772       1.6852994273814426       3.0850439858251772       2.5544580168931734       3.0850439858251772       3.221037545954364        3.0850439858251772
3.204424506661589         1.0354499652977802       3.0787608005179976       1.8694772725185684       3.0787608005179976       2.8327902297984724       3.0787608005179976       3.565467605784846        3.0787608005179976
3.2107076919687683        1.1344482883258136       3.0724776152108184       2.051999286964302        3.0724776152108184       3.1074998202609927       3.0724776152108184       3.90597685508563         3.0724776152108184
3.2169908772759483        1.2348630082131309       3.0661944299036383       2.2377276825402848       3.0661944299036383       3.385194366566416        3.0661944299036383       4.252574091074921        3.0661944299036383
3.223274062583128         1.3371008605763093       3.0599112445964587       2.4265662819815477       3.0599112445964587       3.6666289568339154       3.0599112445964587       4.606027801962361        3.0599112445964587
3.229557247890307         1.4398786321220207       3.0536280592892795       2.615067942102167        3.0536280592892795       3.9488086149469526       3.0536280592892795       4.9609863477466645       3.0536280592892795
3.2358404331974873        1.5426151652876594       3.0473448739820994       2.8013396290610935       3.0473448739820994       4.230701752814479        3.0473448739820994       5.314737640808448        3.0473448739820994
3.2421236185046665        1.6460269702009718       3.04106168867492         2.9866301441424734       3.04106168867492         4.514277838916781        3.04106168867492         5.669652121686894        3.04106168867492
3.248406803811846         1.7505895846553174       3.0347785033677406       3.1725202283049185       3.0347785033677406       4.800465611269149        3.0347785033677406       6.0278358380043          3.0347785033677406
3.2546899891190257        1.855352008513504        3.028495318060561        3.3582377457057953       3.028495318060561        5.086427205445947        3.028495318060561        6.38663711165452         3.028495318060561
3.2609731744262054        1.958985754159974        3.0222121327533813       3.541993466271253        3.0222121327533813       5.368675652676427        3.0222121327533813       6.741852735116337        3.0222121327533813
3.2672563597333846        2.061612398526996        3.015928947446202        3.724196921566895        3.015928947446202        5.647963071427158        3.015928947446202        7.093865974670073        3.015928947446202
3.2735395450405647        2.1645985517038446       3.009645762139022        3.9074341301719686       3.009645762139022        5.928505569425599        3.009645762139022        7.447056059791312        3.009645762139022
3.279822730347744         2.268517521524013        3.003362576831843        4.093099904497119        3.003362576831843        6.212216755482964        3.003362576831843        7.80308568676441         3.003362576831843
3.2861059156549235        2.372282874162035        2.997079391524663        4.2797653963631115       2.997079391524663        6.496167296921598        2.997079391524663        8.158213859009948        2.997079391524663
3.2923891009621036        2.474580235763972        2.990796206217483        4.465394980101124        2.990796206217483        6.776441222975067        2.990796206217483        8.508235981680714        2.990796206217483
3.2986722862692828        2.575445340189789        2.984513020910304        4.649863363314234        2.984513020910304        7.052721887062914        2.984513020910304        8.853636741503385        2.984513020910304
3.3049554715764624        2.6760231962791474       2.9782298356031243       4.8344799270503565       2.9782298356031243       7.328189972533963        2.9782298356031243       9.198558302409591        2.9782298356031243
3.311238656883642         2.777154706300706        2.9719466502959446       5.019733003566989        2.9719466502959446       7.605855397848424        2.9719466502959446       9.54598544809336         2.9719466502959446
3.3175218421908217        2.878604949281232        2.965663464988765        5.204396967768941        2.965663464988765        7.8857320785464395       2.965663464988765        9.895119538980694        2.965663464988765
3.323805027498001         2.9796954335763193       2.959380279681586        5.38708287343958         2.959380279681586        8.165488645065718        2.959380279681586        10.243412031370902       2.959380279681586
3.330088212805181         3.080466224522777        2.9530970943744057       5.568364750215148        2.9530970943744057       8.443550683537985        2.9530970943744057       10.590556503580443       2.9530970943744057
3.33637139811236          3.1817855657651752       2.9468139090672265       5.750595695898775        2.9468139090672265       8.720847607266656        2.9468139090672265       10.939202183234643       2.9468139090672265
3.34265458341954          3.2841628550146353       2.940530723760047        5.935247170213677        2.940530723760047        8.99918125100113         2.940530723760047        11.291189699236549       2.940530723760047
3.3489377687267194        3.3869868324792254       2.9342475384528672       6.121241069985436        2.9342475384528672       9.279016173841894        2.9342475384528672       11.644796654390978       2.9342475384528672
3.355220954033899         3.489267767538686        2.9279643531456876       6.306390838256393        2.9279643531456876       9.559529325769025        2.9279643531456876       11.996815741852709       2.9279643531456876
3.3615041393410787        3.5905741716003923       2.921681167838508        6.48947636907459         2.921681167838508        9.83940221106401         2.921681167838508        12.345484417691855       2.921681167838508
3.3677873246482584        3.690978602597778        2.9153979825313283       6.670519534100223        2.9153979825313283       10.117025965219744       2.9153979825313283       12.69052518661033        2.9153979825313283
3.374070509955438         3.7908476532531346       2.9091147972241487       6.850484707182137        2.9091147972241487       10.391854719698836       2.9091147972241487       13.032970707685868       2.9091147972241487
3.380353695262617         3.890907772876631        2.9028316119169695       7.031139541913369        2.9028316119169695       10.665807430300342       2.9028316119169695       13.375703091259277       2.9028316119169695
3.3866368805697973        3.9915628713516154       2.8965484266097894       7.213458816019699        2.8965484266097894       10.940768300079034       2.8965484266097894       13.72078726236589        2.8965484266097894
3.3929200658769765        4.092022154732052        2.89026524130261         7.395865653869767        2.89026524130261         11.214958213399537       2.89026524130261         14.065798105582775       2.89026524130261
3.399203251184156         4.191294679719929        2.8839820559954306       7.576135933332859        2.8839820559954306       11.485563485805425       2.8839820559954306       14.40701840687242        2.8839820559954306
3.4054864364913358        4.29006153587566         2.877698870688251        7.755075809739489        2.877698870688251        11.754786008467356       2.877698870688251        14.74642419405282        2.877698870688251
3.4117696217985154        4.3900189237800875       2.8714156853810713       7.935600585345512        2.8714156853810713       12.02831938707113        2.8714156853810713       15.090003627063767       2.8714156853810713
3.418052807105695         4.491241406619881        2.8651325000738916       8.118016445480455        2.8651325000738916       12.307051914450739       2.8651325000738916       15.438442684782101       2.8651325000738916
3.4243359924128747        4.591938876331305        2.858849314766712        8.29939022476443         2.858849314766712        12.585336095896501       2.858849314766712        15.785519078176597       2.858849314766712
3.4306191777200543        4.691143195173731        2.8525661294595324       8.478168121374111        2.8525661294595324       12.858852744833568       2.8525661294595324       16.127165054226396       2.8525661294595324
3.4369023630272335        4.789869763035774        2.846282944152353        8.656202531852607        2.846282944152353        13.129385158567715       2.846282944152353        16.46622327029964        2.846282944152353
3.4431855483344136        4.889096898946984        2.839999758845173        8.835184739352865        2.839999758845173        13.40001700401939        2.839999758845173        16.80624041312734        2.839999758845173
3.449468733641593         4.9882361118676375       2.833716573537994        9.013955720581636        2.833716573537994        13.670041094215692       2.833716573537994        17.14599123702119        2.833716573537994
3.4557519189487724        5.08636599264488         2.8274333882308142       9.190738762038597        2.8274333882308142       13.937178418825141       2.8274333882308142       17.48284718370656        2.8274333882308142
3.462035104255952         5.183755635320124        2.8211502029236346       9.365909400862492        2.8211502029236346       14.20187228327251        2.8211502029236346       17.817514460764272       2.8211502029236346
3.4683182895631317        5.281389333368967        2.814867017616455        9.541211220956818        2.814867017616455        14.466999748829403       2.814867017616455        18.152732709845115       2.814867017616455
3.474601474870311         5.37969642525348         2.8085838323092758       9.717514053538691        2.8085838323092758       14.734656446355013       2.8085838323092758       18.48958355608524        2.8085838323092758
3.480884660177491         5.478255133740845        2.8023006470020952       9.894250832220767        2.8023006470020952       15.004366259674507       2.8023006470020952       18.826801233772308       2.8023006470020952
3.4871678454846706        5.576368083643368        2.796017461694916        10.070397984392939       2.796017461694916        15.27378258688443        2.796017461694916        19.16257431941191        2.796017461694916
3.49345103079185          5.673735243623475        2.789734276387737        10.245651108869183       2.789734276387737        15.54101834694454        2.789734276387737        19.496497767418273       2.789734276387737
3.49973421609903          5.770712337629586        2.7834510910805568       10.42082340360357        2.7834510910805568       15.806616184968078       2.7834510910805568       19.830197908978988       2.7834510910805568
3.506017401406209         5.867774629359421        2.7771679057733776       10.596737321086943       2.7771679057733776       16.07251295014883        2.7771679057733776       20.165308006849116       2.7771679057733776
3.5123005867133887        5.964739693062093        2.770884720466198        10.772713132270571       2.770884720466198        16.339036723418875       2.770884720466198        20.500644124259715       2.770884720466198
3.5185837720205684        6.061051704383146        2.7646015351590183       10.947182239682707       2.7646015351590183       16.604671897083175       2.7646015351590183       20.833263366274515       2.7646015351590183
3.524866957327748         6.156891360256527        2.758318349851838        11.120018222146207       2.758318349851838        16.869109069574186       2.758318349851838        21.162824292527503       2.758318349851838
3.531150142634927         6.253191049071512        2.7520351645446595       11.29288611489548        2.7520351645446595       17.13408102680346        2.7520351645446595       21.492389384148424       2.7520351645446595
3.5374333279421073        6.350228250270913        2.7457519792374794       11.466729575097112       2.7457519792374794       17.4000539034633         2.7457519792374794       21.823829648986813       2.7457519792374794
3.5437165132492865        6.446971164402333        2.7394687939303          11.640278698409865       2.7394687939303          17.66434855281048        2.7394687939303          22.15493026050466        2.7394687939303
3.549999698556466         6.542271384298524        2.7331856086231205       11.811820942626479       2.7331856086231205       17.92418804687812        2.7331856086231205       22.48249913087857        2.7331856086231205
3.556282883863646         6.636122283390679        2.7269024233159405       11.981318167034823       2.7269024233159405       18.180138064135317       2.7269024233159405       22.806272184840253       2.7269024233159405
3.5625660691708254        6.7293673555253015       2.7206192380087613       12.149996888124544       2.7206192380087613       18.435194034003093       2.7206192380087613       23.128333991399447       2.7206192380087613
3.568849254478005         6.822689316229529        2.714336052701581        12.318731083132347       2.714336052701581        18.69152090619849        2.714336052701581        23.450331513790022       2.714336052701581
3.5751324397851847        6.916225354542632        2.708052867394402        12.487498117285952       2.708052867394402        18.948984326884496       2.708052867394402        23.77246706911574        2.708052867394402
3.5814156250923643        7.0097575609914555       2.7017696820872223       12.655814359713903       2.7017696820872223       19.205971182239466       2.7017696820872223       24.094060604686042       2.7017696820872223
3.5876988103995435        7.1030045394847035       2.695486496780043        12.823313272992538       2.695486496780043        19.461040056415662       2.695486496780043        24.4143959412302         2.695486496780043
3.5939819957067236        7.195968369742619        2.689203311472863        12.990323663969642       2.689203311472863        19.714393494168654       2.689203311472863        24.73383869851015        2.689203311472863
3.600265181013903         7.288986243482425        2.682920126165684        13.157785780807478       2.682920126165684        19.967697880362106       2.682920126165684        25.053888816970236       2.682920126165684
3.6065483663210824        7.382108094999362        2.6766369408585042       13.325945636680732       2.6766369408585042       20.221682703561093       2.6766369408585042       25.374829027788717       2.6766369408585042
3.612831551628262         7.474615311239666        2.6703537555513246       13.493461782001415       2.6703537555513246       20.474528312242295       2.6703537555513246       25.693973523523884       2.6703537555513246
3.6191147369354417        7.565758562179691        2.664070570244145        13.658854540842032       2.664070570244145        20.724105569796908       2.664070570244145        26.008377835993716       2.664070570244145
3.6253979222426214        7.655911115517599        2.6577873849369653       13.822674818395582       2.6577873849369653       20.971360722126004       2.6577873849369653       26.319111810803566       2.6577873849369653
3.631681107549801         7.7463072071994095       2.6515041996297857       13.9870067129225         2.6515041996297857       21.219536194988084       2.6515041996297857       26.630515663220713       2.6515041996297857
3.6379642928569806        7.837536288467247        2.645221014322606        14.15272661880255        2.645221014322606        21.469960770367027       2.645221014322606        26.94489335529141        2.645221014322606
3.64424747816416          7.928937790497556        2.638937829015427        14.318503858741668       2.638937829015427        21.720573541012104       2.638937829015427        27.260146021008957       2.638937829015427
3.65053066347134          8.01968985494924         2.6326546437082468       14.48288284214016        2.6326546437082468       21.969146788084277       2.6326546437082468       27.573311409765637       2.6326546437082468
3.656813848778519         8.10987283037821         2.6263714584010676       14.646156652939634       2.6263714584010676       22.216102867357364       2.6263714584010676       27.884244239928588       2.6263714584010676
3.6630970340856988        8.200072981042151        2.620088273093888        14.809451362781655       2.620088273093888        22.463070314280085       2.620088273093888        28.194481867148877       2.620088273093888
3.6693802193928784        8.290408676626937        2.6138050877867083       14.972857544460272       2.6138050877867083       22.710116583773296       2.6138050877867083       28.504191437100165       2.6138050877867083
3.675663404700058         8.38044642186874         2.6075219024795286       15.135431317742874       2.6075219024795286       22.955913118343748       2.6075219024795286       28.81209147485413        2.6075219024795286
3.6819465900072372        8.469827289711402        2.601238717172349        15.29659141668782        2.601238717172349        23.199884679875325       2.601238717172349        29.1176169301212         2.601238717172349
3.6882297753144173        8.558497611328162        2.5949555318651694       15.456588569167764       2.5949555318651694       23.442693985857414       2.5949555318651694       29.42146061677418        2.5949555318651694
3.694512960621597         8.646430656667457        2.5886723465579897       15.615722533879469       2.5886723465579897       23.684776134840273       2.5886723465579897       29.724134346289613       2.5886723465579897
3.700796145928776         8.733586827813157        2.58238916125081         15.773906461180031       2.58238916125081         23.925667609236164       2.58238916125081         30.025341388452485       2.58238916125081
3.7070793312359562        8.820200956030357        2.5761059759436304       15.931112884436756       2.5761059759436304       24.16496133682798        2.5761059759436304       30.32485835070807        2.5761059759436304
3.7133625165431354        8.90674032855973         2.5698227906364512       16.087629313343793       2.5698227906364512       24.402937303484993       2.5698227906364512       30.62293683669359        2.5698227906364512
3.719645701850315         8.993448841194606        2.563539605329271        16.24369938822435        2.563539605329271        24.639965182112068       2.563539605329271        30.919688562247334       2.563539605329271
3.7259288871574947        9.080188346965587        2.557256420022092        16.399427246396947       2.557256420022092        24.876159138938686       2.557256420022092        31.215167069340822       2.557256420022092
3.7322120724646743        9.166797074351836        2.5509732347149123       16.555161485466222       2.5509732347149123       25.11197032821816        2.5509732347149123       31.510282629769215       2.5509732347149123
3.7384952577718535        9.253268803244564        2.544690049407733        16.711307745913306       2.544690049407733        25.348172595281316       2.544690049407733        31.806320312424237       2.544690049407733
3.7447784430790336        9.33942706294838         2.538406864100553        16.86740950142845        2.538406864100553        25.58460847123027        2.538406864100553        32.102866252919995       2.538406864100553
3.751061628386213         9.42480543677373         2.5321236787933734       17.022061667329897       2.5321236787933734       25.819731592729998       2.5321236787933734       32.39740897781173        2.5321236787933734
3.7573448136933925        9.509179018105232        2.5258404934861938       17.17434889964663        2.5258404934861938       26.05221623510899        2.5258404934861938       32.68805053459572        2.5258404934861938
3.7636279990005725        9.592943414043772        2.519557308179014        17.32495179758592        2.519557308179014        26.28243246666099        2.519557308179014        32.975690435671325       2.519557308179014
3.7699111843077517        9.676604368642126        2.5132741228718345       17.47524396349151        2.5132741228718345       26.511549076121085       2.5132741228718345       33.26241017760557        2.5132741228718345
3.7761943696149314        9.76012487750083         2.5069909375646553       17.625736243887015       2.5069909375646553       26.739915644207276       2.5069909375646553       33.54870752141416        2.5069909375646553
3.782477554922111         9.843193096447937        2.5007077522574757       17.776114099719237       2.5007077522574757       26.96742972224383        2.5007077522574757       33.8338839335337         2.5007077522574757
3.7887607402292907        9.925900895335793        2.494424566950296        17.926290845027843       2.494424566950296        27.194760042750868       2.494424566950296        34.11826708860748        2.494424566950296
3.79504392553647          10.008565629003899       2.488141381643117        18.076286717482276       2.488141381643117        27.422508985139515       2.488141381643117        34.40278283960359        2.488141381643117
3.80132711084365          10.090945358895274       2.4818581963359367       18.2252080953217         2.4818581963359367       27.64930767057818        2.4818581963359367       34.68639960697926        2.4818581963359367
3.807610296150829         10.172296993792136       2.4755750110287575       18.371657230279155       2.4755750110287575       27.872573514943173       2.4755750110287575       34.96635093647728        2.4755750110287575
3.8138934814580088        10.252381030977784       2.4692918257215775       18.51556024700085        2.4692918257215775       28.091683223280473       2.4692918257215775       35.24165607692828        2.4692918257215775
3.8201766667651884        10.331835940055006       2.4630086404143983       18.658567083554964       2.4630086404143983       28.308923672177446       2.4630086404143983       35.51455704838856        2.4630086404143983
3.826459852072368         10.411282876374738       2.4567254551072186       18.802070399987933       2.4567254551072186       28.526597071070803       2.4567254551072186       35.78747123653872        2.4567254551072186
3.8327430373795477        10.490578123582168       2.450442269800039        18.945674196937226       2.450442269800039        28.744542575455768       2.450442269800039        36.060187939020935       2.450442269800039
3.8390262226867273        10.569342273990555       2.444159084492859        19.088289084544208       2.444159084492859        28.96146190112528        2.444159084492859        36.33137604342638        2.444159084492859
3.845309407993907         10.647769385389918       2.4378758991856797       19.22993810123773        2.4378758991856797       29.177361079554423       2.4378758991856797       36.60132449732665        2.4378758991856797
3.851592593301086         10.726342131471254       2.4315927138785005       19.371504851105886       2.4315927138785005       29.39316031113683        2.4315927138785005       36.87128584044111        2.4315927138785005
3.8578757786082662        10.804987344416793       2.4253095285713204       19.51317410620039        2.4253095285713204       29.60864860638922        2.4253095285713204       37.14095774680585        2.4253095285713204
3.8641589639154454        10.883117776984983       2.4190263432641412       19.654221188139037       2.4190263432641412       29.822544207615806       2.4190263432641412       37.408692402247915       2.4190263432641412
3.870442149222625         10.960485615656955       2.4127431579569616       19.794274525763917       2.4127431579569616       30.034521417378574       2.4127431579569616       37.674118325559945       2.4127431579569616
3.8767253345298047        11.037475736455098       2.406459972649782        19.933809690813355       2.406459972649782        30.245746007516413       2.406459972649782        37.93875713859271        2.406459972649782
3.8830085198369844        11.114456366528561       2.4001767873426023       20.073191177224526       2.4001767873426023       30.457112275919933       2.4001767873426023       38.203655371914884       2.4001767873426023
3.889291705144164         11.191263603560788       2.3938936020354227       20.211992850808766       2.3938936020354227       30.668038760214966       2.3938936020354227       38.46780007333208        2.3938936020354227
3.8955748904513436        11.267503182154737       2.387610416728243        20.349607209744974       2.387610416728243        30.877390619783714       2.387610416728243        38.72947524984932        2.387610416728243
3.9018580757585233        11.343046631725498       2.3813272314210634       20.485992008643          2.3813272314210634       31.084718715266206       2.3813272314210634       38.988187985303895       2.3813272314210634
3.9081412610657025        11.418033196408775       2.375044046113884        20.621489865289025       2.375044046113884        31.29018411501834        2.375044046113884        39.244696608184135       2.375044046113884
3.9144244463728826        11.492601651609151       2.368760860806704        20.756312516557134       2.368760860806704        31.494028566776507       2.368760860806704        39.4999363109323         2.368760860806704
3.9207076316800618        11.566794808270688       2.3624776754995245       20.890486353194966       2.3624776754995245       31.696616623170893       2.3624776754995245       39.75444672733935        2.3624776754995245
3.9269908169872414        11.640585798575982       2.3561944901923453       21.023993696436555       2.3561944901923453       31.8984500950924         2.3561944901923453       40.00824423292506        2.3561944901923453
3.933274002294421         11.713904371656518       2.3499113048851656       21.156763351445477       2.3499113048851656       32.099719339018264       2.3499113048851656       40.260854155100276       2.3499113048851656
3.9395571876016007        11.786773955092878       2.343628119577986        21.288789796060613       2.343628119577986        32.300214190230804       2.343628119577986        40.511946702578484       2.343628119577986
3.94584037290878          11.859413352904443       2.3373449342708064       21.420303060434037       2.3373449342708064       32.49978132378067        2.3373449342708064       40.76197294511101        2.3373449342708064
3.95212355821596          11.931949830423616       2.3310617489636263       21.551400833954624       2.3310617489636263       32.69826171968086        2.3310617489636263       41.01136096091716        2.3310617489636263
3.9584067435231396        12.004029887610425       2.324778563656447        21.681492342638453       2.324778563656447        32.894933976042445       2.324778563656447        41.259102937935666       2.324778563656447
3.964689928830319         12.075086770538718       2.318495378349268        21.809738150332375       2.318495378349268        33.08898061102778        2.318495378349268        41.50342110861333        2.318495378349268
3.970973114137499         12.145109787328472       2.312212193042088        21.936236236366582       2.312212193042088        33.280844022349754       2.312212193042088        41.74422201682548        2.312212193042088
3.977256299444678         12.214752222815244       2.305929007734908        22.062078900935454       2.305929007734908        33.47209215919392        2.305929007734908        41.98351310600513        2.305929007734908
3.9835394847518577        12.284461636113083       2.2996458224277285       22.187869161005988       2.2996458224277285       33.6633342465575         2.2996458224277285       42.222642566250876       2.2996458224277285
3.9898226700590373        12.353891276019045       2.2933626371205493       22.312878094469095       2.2933626371205493       33.85323862226367        2.2933626371205493       42.46048182863589        2.2933626371205493
3.996105855366217         12.422483379170489       2.2870794518133697       22.43621828711511        2.2870794518133697       34.04042542056792        2.2870794518133697       42.69544206496655        2.2870794518133697
4.002389040673396         12.490272408865984       2.2807962665061905       22.558199431328557       2.2807962665061905       34.22542791201733        2.2807962665061905       42.92803815149944        2.2807962665061905
4.008672225980576         12.557680536448784       2.2745130811990104       22.679758520300037       2.2745130811990104       34.40972215945212        2.2745130811990104       43.15990953752156        2.2745130811990104
4.0149554112877555        12.624776818097025       2.268229895891831        22.801006496842827       2.268229895891831        34.59352006732427        2.268229895891831        43.39110842936383        2.268229895891831
4.0212385965949355        12.691244779805873       2.2619467105846507       22.921213537355293       2.2619467105846507       34.775769877396534       2.2619467105846507       43.62007767969025        2.2619467105846507
4.027521781902115         12.756986207897631       2.255663525277472        23.040028053960167       2.255663525277472        34.955960354960204       2.255663525277472        43.84605523283765        2.255663525277472
4.033804967209294         12.822278761111512       2.2493803399702923       23.1578657235815         2.2493803399702923       35.13465490255637        2.2493803399702923       44.069958944326835       2.2493803399702923
4.040088152516474         12.887305687566302       2.243097154663112        23.27509147397447        2.243097154663112        35.31229992730696        2.243097154663112        44.29282200246943        2.243097154663112
4.046371337823653         12.951914327174826       2.2368139693559335       23.39154831754268        2.2368139693559335       35.48864611460988        2.2368139693559335       44.51462544961704        2.2368139693559335
4.052654523130833         13.015911330361519       2.2305307840487534       23.507012629233415       2.2305307840487534       35.663504010410676       2.2305307840487534       44.73485711124325        2.2305307840487534
4.0589377084380125        13.07926761179185        2.224247598741574        23.62148113721262        2.224247598741574        35.83707583543408        2.224247598741574        44.9530756166548         2.224247598741574
4.065220893745193         13.141932635303919       2.2179644134343937       23.734804245135955       2.2179644134343937       36.00922258801329        2.2179644134343937       45.16860834029055        2.2179644134343937
4.071504079052372         13.203766374666422       2.2116812281272145       23.846618690090335       2.2116812281272145       36.179290656604216       2.2116812281272145       45.380812326470014       2.2116812281272145
4.077787264359552         13.26485765642133        2.2053980428200344       23.957023067639387       2.2053980428200344       36.347228963625504       2.2053980428200344       45.59032285980697        2.2053980428200344
4.084070449666731         13.32567513179025        2.1991148575128556       24.066898790213326       2.1991148575128556       36.51422524952867        2.1991148575128556       45.79922966313386        2.1991148575128556
4.09035363497391          13.38659918680446        2.1928316722056764       24.17700834428833        2.1928316722056764       36.68141318765717        2.1928316722056764       46.008988874067136       2.1928316722056764
4.09663682028109          13.447351803496435       2.1865484868984963       24.28686474041956        2.1865484868984963       36.84812934252943        2.1865484868984963       46.218342729959474       2.1865484868984963
4.10292000558827          13.507172044255393       2.1802653015913163       24.39501709974127        2.1802653015913163       37.01227070184516        2.1802653015913163       46.42426380867944        2.1802653015913163
4.10920319089545          13.565665676528015       2.1739821162841366       24.500662526512052       2.1739821162841366       37.17267066593226        2.1739821162841366       46.62529768064828        2.1739821162841366
4.115486376202629         13.623291537631406       2.167698930976958        24.60462607267348        2.167698930976958        37.33055202878173        2.167698930976958        46.823298995740835       2.167698930976958
4.121769561509808         13.680810214241998       2.1614157456697787       24.708376496809343       2.1614157456697787       37.488061690539695       2.1614157456697787       47.021207551092985       2.1614157456697787
4.128052746816988         13.73834959695651        2.1551325603625986       24.812247670097356       2.1551325603625986       37.64566119053283        2.1551325603625986       47.219488746250946       2.1551325603625986
4.134335932124168         13.795276901825277       2.1488493750554185       24.91511715240823        2.1488493750554185       37.801714651342536       2.1488493750554185       47.41568697167305        2.1488493750554185
4.140619117431347         13.851009000886704       2.142566189748239        25.015877341068162       2.142566189748239        37.95467972919364        2.142566189748239        47.60751807595553        2.142566189748239
4.146902302738527         13.905676806637304       2.13628300444106         25.114720284125465       2.13628300444106         38.104902791447266       2.13628300444106         47.79542340536906        2.13628300444106
4.153185488045707         13.959880817439812       2.1299998191338796       25.212748922190436       2.1299998191338796       38.25392065521148        2.1299998191338796       47.98168378812024        2.1299998191338796
4.159468673352886         14.014044166137216       2.123716633826701        25.310766213312686       2.123716633826701        38.402714510090206       2.123716633826701        48.167916500727884       2.123716633826701
4.165751858660065         14.06817351754603        2.117433448519521        25.40876568673497        2.117433448519521        38.55116831829191        2.117433448519521        48.35407186792639        2.117433448519521
4.172035043967246         14.12199409695232        2.1111502632123407       25.506169710267798       2.1111502632123407       38.69855410186374        2.1111502632123407       48.53901838283055        2.1111502632123407
4.178318229274425         14.175045914518588       2.104867077905161        25.60208843355718        2.104867077905161        38.843781428981266       2.104867077905161        48.721150533064495       2.104867077905161
4.184601414581604         14.226866457580545       2.0985838925979823       25.69572766342382        2.0985838925979823       38.98574352853434        2.0985838925979823       48.899118735760545       2.0985838925979823
4.190884599888784         14.277476900886365       2.092300707290803        25.787238706942883       2.092300707290803        39.12450389102437        2.092300707290803        49.07328603472176        2.092300707290803
4.197167785195964         14.327627078895926       2.086017521983623        25.878046928053323       2.086017521983623        39.26197986034819        2.086017521983623        49.24625607018199        2.086017521983623
4.203450970503143         14.378150900665986       2.079734336676444        25.96960814354266        2.079734336676444        39.40032536164857        2.079734336676444        49.42058671181667        2.079734336676444
4.209734155810323         14.428969662647667       2.0734511513692637       26.061646789126478       2.0734511513692637       39.53932340349487        2.0734511513692637       49.59562476936063        2.0734511513692637
4.216017341117502         14.479023940592018       2.0671679660620845       26.152146044401285       2.0671679660620845       39.67618395481467        2.0671679660620845       49.76760009213986        2.0671679660620845
4.222300526424682         14.527359505756264       2.0608847807549044       26.239384378523877       2.0608847807549044       39.80841174543656        2.0608847807549044       49.93343136692256        2.0608847807549044
4.228583711731861         14.574119459582997       2.054601595447725        26.323705980872717       2.054601595447725        39.93644774415171        2.054601595447725        50.09391514155954        2.054601595447725
4.234866897039041         14.620344114543723       2.0483184101405456       26.40708390471666        2.0483184101405456       40.06312480439328        2.0483184101405456       50.252778410248204       2.0483184101405456
4.241150082346221         14.666923894999712       2.042035224833366        26.491177511764946       2.042035224833366        40.19083603270766        2.042035224833366        50.41302903908627        2.042035224833366
4.247433267653401         14.713856586790781       2.035752039526186        26.57599116382887        2.035752039526186        40.31952267454134        2.035752039526186        50.57454963713722        2.035752039526186
4.25371645296058          14.760404060224143       2.0294688542190067       26.660178625440352       2.0294688542190067       40.44712396251924        2.0294688542190067       50.73477774416511        2.0294688542190067
4.259999638267759         14.80581366170709        2.0231856689118275       26.74235615183758        2.0231856689118275       40.57158857960153        2.0231856689118275       50.89117916564364        2.0231856689118275
4.266282823574939         14.849923129552424       2.0169024836046474       26.822196194059245       2.0169024836046474       40.6925431495966         2.0169024836046474       51.04321846085295        2.0169024836046474
4.2725660088821185        14.893211701142581       2.010619298297468        26.90052967307291        2.010619298297468        40.81137374983445        2.010619298297468        51.19246302625569        2.010619298297468
4.278849194189298         14.936337361715356       2.004336112990289        26.978528734838974       2.004336112990289        40.929868354670795       2.004336112990289        51.34103527534457        2.004336112990289
4.285132379496478         14.979612550432156       1.9980529276831087       27.056767017668637       1.9980529276831087       41.04876345972589        1.9980529276831087       51.489925094297945       1.9980529276831087
4.291415564803658         15.022876401051475       1.9917697423759286       27.13497187917103        1.9917697423759286       41.16748686795554        1.9917697423759286       51.63862875425387        1.9917697423759286
4.297698750110837         15.065748552167673       1.9854865570687494       27.212454379219455       1.9854865570687494       41.28495738059853        1.9854865570687494       51.78598290448042        1.9854865570687494
4.303981935418016         15.107865970219953       1.9792033717615702       27.28852612718231        1.9792033717615702       41.40022668930244        1.9792033717615702       51.93084709117287        1.9792033717615702
4.310265120725196         15.148941657705773       1.9729201864543902       27.362629074054862       1.9729201864543902       41.512536012459094       1.9729201864543902       52.0722047616432         1.9729201864543902
4.3165483060323755        15.188897271006212       1.966637001147211        27.434617580763735       1.966637001147211        41.62162252146684        1.966637001147211        52.209658134214926       1.966637001147211
4.322831491339556         15.228105792866902       1.9603538158400309       27.505217892624273       1.9603538158400309       41.72846573167023        1.9603538158400309       52.344401992006645       1.9603538158400309
4.329114676646735         15.26725595218438        1.9540706305328517       27.5757570338187         1.9540706305328517       41.835044695445504       1.9540706305328517       52.47883631758487        1.9540706305328517
4.335397861953915         15.306640109593344       1.9477874452256716       27.64682343347634        1.9477874452256716       41.94239145655287        1.9477874452256716       52.61404993515025        1.9477874452256716
4.341681047261094         15.345649482565465       1.9415042599184924       27.717325282331213       1.9415042599184924       42.04905107370316        1.9415042599184924       52.74798225800841        1.9415042599184924
4.347964232568273         15.383317297287117       1.9352210746113132       27.78548851825213        1.9352210746113132       42.15240463759375        1.9352210746113132       52.87731615456618        1.9352210746113132
4.354247417875452         15.419387361735263       1.928937889304134        27.85081971598476        1.928937889304134        42.25159473270976        1.928937889304134        53.00127602981069        1.928937889304134
4.360530603182633         15.45452241137058        1.922654703996953        27.914487674069292       1.922654703996953        42.34825202673084        1.922654703996953        53.12235835652416        1.922654703996953
4.366813788489813         15.489403990716117       1.9163715186897738       27.977679848781673       1.9163715186897738       42.4441747181036         1.9163715186897738       53.243044635809504       1.9163715186897738
4.373096973796992         15.524028170630745       1.9100883333825946       28.040334267483136       1.9100883333825946       42.53939568985473        1.9100883333825946       53.363171472871905       1.9100883333825946
4.379380159104172         15.558085355219339       1.9038051480754146       28.101865394107808       1.9038051480754146       42.63310211185625        1.9038051480754146       53.481274847833134       1.9038051480754146
4.385663344411351         15.591613605147229       1.8975219627682354       28.16237203863271        1.8975219627682354       42.72532984021184        1.8975219627682354       53.59711887443654        1.8975219627682354
4.39194652971853          15.624839093267077       1.8912387774610562       28.22231919929465        1.8912387774610562       42.816550462691964       1.8912387774610562       53.711394858086734       1.8912387774610562
4.39822971502571          15.657574268426224       1.884955592153876        28.281392902272042       1.884955592153876        42.9061326257302         1.884955592153876        53.823643550370306       1.884955592153876
4.4045129003328904        15.689259400160479       1.878672406846696        28.338564338957852       1.878672406846696        42.992550718594416       1.878672406846696        53.93220583292357        1.878672406846696
4.41079608564007          15.719635991896885       1.8723892215395168       28.393360236550272       1.8723892215395168       43.075241560671856       1.8723892215395168       54.03638570623574        1.8723892215395168
4.417079270947249         15.749055014841229       1.8661060362323376       28.446466098216362       1.8661060362323376       43.15538108188462        1.8661060362323376       54.137492414532225       1.8661060362323376
4.423362456254428         15.77805738449159        1.8598228509251584       28.498936788000865       1.8598228509251584       43.23463457893528        1.8598228509251584       54.237433553572586       1.8598228509251584
4.429645641561608         15.806895479828704       1.8535396656179783       28.551249641919043       1.8535396656179783       43.31376541259763        1.8535396656179783       54.33707436220673        1.8535396656179783
4.435928826868788         15.835512457432678       1.8472564803107983       28.60322712962845        1.8472564803107983       43.39255680843551        1.8472564803107983       54.436156523322644       1.8472564803107983
4.442212012175967         15.863718740762412       1.840973295003619        28.654402081066387       1.840973295003619        43.47034327159173        1.840973295003619        54.533920700011706       1.840973295003619
4.4484951974831475        15.89122684075399        1.834690109696439        28.70416025025728        1.834690109696439        43.54619144778052        1.834690109696439        54.62925192058272        1.834690109696439
4.454778382790327         15.917682002243575       1.8284069243892598       28.7518339356102         1.8284069243892598       43.61904737048095        1.8284069243892598       54.720795207781826       1.8284069243892598
4.461061568097506         15.942886391040025       1.8221237390820806       28.797094753523794       1.8221237390820806       43.68835356747419        1.8221237390820806       54.807746727414205       1.8221237390820806
4.467344753404685         15.9670282946072         1.8158405537749014       28.84034875775343        1.8158405537749014       43.75463831957954        1.8158405537749014       54.890698507876195       1.8158405537749014
4.473627938711866         15.990608067514493       1.8095573684677204       28.88259783102346        1.8095573684677204       43.819283172226875       1.8095573684677204       54.97143207700621        1.8095573684677204
4.479911124019045         16.014075658771528       1.8032741831605412       28.924768387213728       1.8032741831605412       43.88353360725378        1.8032741831605412       55.05164431834286        1.8032741831605412
4.486194309326224         16.037502054542106       1.796990997853362        28.967070853035754       1.796990997853362        43.94761488490072        1.796990997853362        55.1317304325472         1.796990997853362
4.4924774946334045        16.06057413943403        1.790707812546182        29.008943449332996       1.790707812546182        44.01071827121668        1.790707812546182        55.21071212057827        1.790707812546182
4.498760679940584         16.082901071782057       1.7844246272390027       29.049605370025585       1.7844246272390027       44.07182577110007        1.7844246272390027       55.287312620197184       1.7844246272390027
4.505043865247763         16.10432526942346        1.7781414419318236       29.088666709770646       1.7781414419318236       44.130547830379854       1.7781414419318236       55.36105601969692        1.7781414419318236
4.511327050554943         16.124943930762246       1.7718582566246435       29.12621771322496        1.7718582566246435       44.18716899497543        1.7718582566246435       55.432301500206364       1.7718582566246435
4.517610235862123         16.144896514051155       1.7655750713174634       29.162460702121415       1.7655750713174634       44.242048124661814       1.7655750713174634       55.501433376451864       1.7655750713174634
4.523893421169302         16.164239156536066       1.7592918860102842       29.197476244732048       1.7592918860102842       44.29526885757087        1.7592918860102842       55.56842195587007        1.7592918860102842
4.5301766064764815        16.183037617431353       1.753008700703105        29.23139326047085        1.753008700703105        44.34692621484307        1.753008700703105        55.63326022396948        1.753008700703105
4.536459791783661         16.20144978627305        1.7467255153959258       29.26455041360588        1.7467255153959258       44.39741099232668        1.7467255153959258       55.69640585837379        1.7467255153959258
4.542742977090841         16.219597256340332       1.7404423300887457       29.297253880993015       1.7404423300887457       44.44708940643692        1.7404423300887457       55.75839483525246        1.7404423300887457
4.549026162398021         16.23738856034439        1.7341591447815656       29.329407946606143       1.7341591447815656       44.49578653687936        1.7341591447815656       55.81912494417911        1.7341591447815656
4.5553093477052           16.25456259406423        1.7278759594743864       29.360536866599407       1.7278759594743864       44.54283829684699        1.7278759594743864       55.877825232333954       1.7278759594743864
4.56159253301238          16.27090052022541        1.7215927741672064       29.390161623337015       1.7215927741672064       44.587637232834815       1.7215927741672064       55.93370350771317        1.7215927741672064
4.567875718319559         16.2863257547294         1.7153095888600272       29.418044290179573       1.7153095888600272       44.62993603141235        1.7153095888600272       55.9863905549149         1.7153095888600272
4.5741589036267385        16.300830207558842       1.709026403552848        29.444142189673286       1.709026403552848        44.669705263126986       1.709026403552848        56.035865787446355       1.709026403552848
4.580442088933918         16.31445708362128        1.7027432182456688       29.468613722364648       1.7027432182456688       44.70711358601206        1.7027432182456688       56.08245672627476        1.7027432182456688
4.586725274241099         16.32743974537452        1.6964600329384878       29.49201933801039        1.6964600329384878       44.74286952255306        1.6964600329384878       56.127168835031405       1.6964600329384878
4.593008459548278         16.340230270401907       1.6901768476313086       29.515270794017702       1.6901768476313086       44.77821856384131        1.6901768476313086       56.17156501737111        1.6901768476313086
4.599291644855457         16.353171689299227       1.6838936623241294       29.538961481407885       1.6838936623241294       44.813988354907856       1.6838936623241294       56.21657198582986        1.6838936623241294
4.605574830162636         16.366068639745187       1.6776104770169502       29.562596423195966       1.6776104770169502       44.84944409316287        1.6776104770169502       56.26116700809878        1.6776104770169502
4.611858015469816         16.378211719427696       1.6713272917097701       29.584721153779384       1.6713272917097701       44.882481721827034       1.6713272917097701       56.30271255350919        1.6713272917097701
4.6181412007769955        16.38897240590823        1.665044106402591        29.604101079105813       1.665044106402591        44.911404976328          1.665044106402591        56.3391307900019         1.665044106402591
4.624424386084176         16.398367499972377       1.6587609210954108       29.620796604293922       1.6587609210954108       44.93652760930498        1.6587609210954108       56.37076584283748        1.6587609210954108
4.630707571391356         16.406955739583836       1.6524777357882308       29.63595178694654        1.6524777357882308       44.95978723125114        1.6524777357882308       56.399829749295634       1.6524777357882308
4.636990756698535         16.415211441053543       1.6461945504810516       29.65058156089756        1.6461945504810516       44.982801325515965       1.6461945504810516       56.42809097011205        1.6461945504810516
4.643273942005714         16.423129043874784       1.6399113651738724       29.664776019403078       1.6399113651738724       45.00555708553872        1.6399113651738724       56.45549748697162        1.6399113651738724
4.649557127312893         16.430440651504984       1.6336281798666932       29.67806248941623        1.6336281798666932       45.02693731843047        1.6336281798666932       56.48101956114094        1.6336281798666932
4.655840312620073         16.437011757317187       1.627344994559513        29.690151877727754       1.627344994559513        45.04598048161961        1.627344994559513        56.504103215561855       1.627344994559513
4.6621234979272534        16.442857205155473       1.621061809252333        29.70102725744734        1.621061809252333        45.062277441573          1.621061809252333        56.52473756026771        1.621061809252333
4.668406683234433         16.447886042989698       1.6147786239451538       29.710514748019133       1.6147786239451538       45.07556969360196        1.6147786239451538       56.542542836932775       1.6147786239451538
4.674689868541612         16.451890843081845       1.6084954386379746       29.71823507628946        1.6084954386379746       45.085716027650584       1.6084954386379746       56.556733434041114       1.6084954386379746
4.680973053848792         16.454856457436133       1.6022122533307945       29.72409652345267        1.6022122533307945       45.093204459597985       1.6022122533307945       56.56722266286262        1.6022122533307945
4.687256239155971         16.457101965383508       1.5959290680236153       29.728522136106672       1.5959290680236153       45.09914279942999        1.5959290680236153       56.57513078765467        1.5959290680236153
4.69353942446315          16.45896486130192        1.5896458827164361       29.731940551977036       1.5896458827164361       45.104276584761415       1.5896458827164361       56.58166832494988        1.5896458827164361
4.699822609770331         16.460396860198664       1.5833626974092552       29.734184467643875       1.5833626974092552       45.10814024172817        1.5833626974092552       56.58671685173553        1.5833626974092552
4.7061057950775105        16.461003954166237       1.577079512102076        29.734660490899024       1.577079512102076        45.10953716452244        1.577079512102076        56.58896864030463        1.577079512102076
4.71238898038469          16.460511542546758       1.5707963267948968       29.73316088551056        1.5707963267948968       45.10793015857933        1.5707963267948968       56.58750770786145        1.5707963267948968
4.718672165691869         16.459116240689845       1.5645131414877176       29.73034271756771        1.5645131414877176       45.10416460962169        1.5645131414877176       56.58295647244262        1.5645131414877176
4.724955350999049         16.457330783090764       1.5582299561805375       29.727268651766252       1.5582299561805375       45.099704708925444       1.5582299561805375       56.57693057069875        1.5582299561805375
4.731238536306228         16.455505653205684       1.5519467708733583       29.724472295232076       1.5519467708733583       45.095234363128355       1.5519467708733583       56.570525606345306       1.5519467708733583
4.737521721613408         16.453536346987768       1.5456635855661782       29.72151690603537        1.5456635855661782       45.09010173507143        1.5456635855661782       56.563486715952465       1.5456635855661782
4.743804906920587         16.45102248111062        1.539380400258999        29.717455205690733       1.539380400258999        45.08308463793156        1.539380400258999        56.5547500778411         1.539380400258999
4.7500880922277675        16.44765601573366        1.533097214951819        29.711652949174983       1.533097214951819        45.073545801202535       1.533097214951819        56.54352552048425        1.533097214951819
4.756371277534947         16.443421553748934       1.5268140296446397       29.70413856786231        1.5268140296446397       45.061766060319115       1.5268140296446397       56.52971328547079        1.5268140296446397
4.762654462842126         16.438466245165504       1.5205308443374606       29.69525617686007        1.5205308443374606       45.04829330905457        1.5205308443374606       56.51345329433142        1.5205308443374606
4.768937648149306         16.432882432717914       1.5142476590302805       29.685177308020133       1.5142476590302805       45.03324841418603        1.5142476590302805       56.49466770901467        1.5142476590302805
4.775220833456486         16.426681421614166       1.5079644737231004       29.673861596352307       1.5079644737231004       45.0164087634782         1.5079644737231004       56.473281593164145       1.5079644737231004
4.781504018763665         16.419916053804922       1.5016812884159212       29.661369748985635       1.5016812884159212       44.997778819784365       1.5016812884159212       56.44969050860244        1.5016812884159212
4.7877872040708445        16.412687437394485       1.495398103108742        29.647951050129784       1.495398103108742        44.97771623441676        1.495398103108742        56.424547953431          1.495398103108742
4.7940703893780245        16.40495887623293        1.489114917801562        29.633689805222755       1.489114917801562        44.95634380732376        1.489114917801562        56.39785670849063        1.489114917801562
4.800353574685204         16.396432185212277       1.4828317324943827       29.618188427058783       1.4828317324943827       44.93303941598292        1.4828317324943827       56.36849318635031        1.4828317324943827
4.806636759992383         16.38673242551188        1.4765485471872035       29.600813161694095       1.4765485471872035       44.906809880820376       1.4765485471872035       56.33501827184396        1.4765485471872035
4.812919945299563         16.375775814159336       1.4702653618800234       29.58133746897559        1.4702653618800234       44.87728040102316        1.4702653618800234       56.29712664722444        1.4702653618800234
4.819203130606743         16.363942797526967       1.4639821765728434       29.560294846247256       1.4639821765728434       44.84525633927929        1.4639821765728434       56.25624483144246        1.4639821765728434
4.825486315913922         16.351860298981194       1.4576989912656642       29.53864629516396        1.4576989912656642       44.812254130592486       1.4576989912656642       56.2146372233102         1.4576989912656642
4.8317695012211015        16.33997309826563        1.451415805958485        29.517066512994283       1.451415805958485        44.77941899127151        1.451415805958485        56.17382347856775        1.451415805958485
4.838052686528282         16.328245664011995       1.4451326206513049       29.495469745503616       1.4451326206513049       44.74673221876035        1.4451326206513049       56.1335926242558         1.4451326206513049
4.844335871835461         16.316202151680653       1.4388494353441257       29.473134025791428       1.4388494353441257       44.71309516697417        1.4388494353441257       56.09226331829475        1.4388494353441257
4.850619057142641         16.30326697298755        1.4325662500369456       29.44929481106228        1.4325662500369456       44.67720439678752        1.4325662500369456       56.0479187224714         1.4325662500369456
4.85690224244982          16.28916364256721        1.4262830647297664       29.423722986015935       1.4262830647297664       44.638537553098764       1.4262830647297664       55.99971109338942        1.4262830647297664
4.863185427757            16.2740681773664         1.4199998794225863       29.396798378971948       1.4199998794225863       44.59762279386007        1.4199998794225863       55.94824428320313        1.4199998794225863
4.869468613064179         16.258389841489667       1.4137166941154071       29.369017799323444       1.4137166941154071       44.555343878525754       1.4137166941154071       55.89473066044958        1.4137166941154071
4.8757517983713585        16.242375767781603       1.407433508808228        29.340424803506597       1.407433508808228        44.51195698328475        1.407433508808228        55.83971416854901        1.407433508808228
4.882034983678538         16.22589278636913        1.4011503235010487       29.310527574017364       1.4011503235010487       44.46677908988128        1.4011503235010487       55.78255550720027        1.4011503235010487
4.888318168985719         16.208551503386005       1.3948671381938678       29.278742226482223       1.3948671381938678       44.418770461022376       1.3948671381938678       55.72206077479           1.3948671381938678
4.894601354292898         16.1900184188611         1.3885839528866886       29.244867537659033       1.3885839528866886       44.36733769867462        1.3885839528866886       55.65751453195046        1.3885839528866886
4.900884539600077         16.170242482671696       1.3823007675795094       29.20915695306038        1.3823007675795094       44.312633434353494       1.3823007675795094       55.589164130590255       1.3823007675795094
4.907167724907257         16.149458819678852       1.3760175822723293       29.172041028578683       1.3760175822723293       44.255304302436905       1.3760175822723293       55.51791541997429        1.3760175822723293
4.913450910214436         16.12803000792464        1.36973439696515         29.13386174424257        1.36973439696515         44.196139961861135       1.36973439696515         55.444719653644434       1.36973439696515
4.919734095521616         16.106272123507516       1.363451211657971        29.094841306568714       1.363451211657971        44.13592897719093        1.363451211657971        55.37022044807215        1.363451211657971
4.926017280828796         16.08436120160672        1.3571680263507908       29.055178651037497       1.3571680263507908       44.07538339238941        1.3571680263507908       55.29479291668337        1.3571680263507908
4.932300466135976         16.062311941916338       1.3508848410436107       29.01503586651775        1.3508848410436107       44.014863810683075       1.3508848410436107       55.21865750396726        1.3508848410436107
4.938583651443155         16.03998903580533        1.3446016557364315       28.97438073987736        1.3446016557364315       43.95401570151549        1.3446016557364315       55.14177373547662        1.3446016557364315
4.944866836750334         16.01716787963522        1.3383184704292523       28.932928583379702       1.3383184704292523       43.891823323535334       1.3383184704292523       55.06367328587876        1.3383184704292523
4.951150022057513         15.993660335659323       1.3320352851220731       28.890352166979426       1.3320352851220731       43.82729764408165        1.3320352851220731       54.983595021560646       1.3320352851220731
4.957433207364693         15.969404326082085       1.325752099814893        28.846521789794615       1.325752099814893        43.7601850213101         1.325752099814893        54.90084877701357        1.325752099814893
4.9637163926718735        15.944392012385032       1.319468914507713        28.801411294237305       1.319468914507713        43.690863189005114       1.319468914507713        54.814954197465454       1.319468914507713
4.969999577979053         15.918522186649831       1.3131857292005338       28.754786484327855       1.3131857292005338       43.619551022390574       1.3131857292005338       54.72551172857618        1.3131857292005338
4.976282763286233         15.891624073947385       1.3069025438933537       28.706215075699976       1.3069025438933537       43.54589998343339        1.3069025438933537       54.63231147871957        1.3069025438933537
4.982565948593412         15.863687343604486       1.3006193585861745       28.65554771039849        1.3006193585861745       43.46952965991006        1.3006193585861745       54.535789008900494       1.3006193585861745
4.988849133900591         15.835002652791921       1.2943361732789953       28.60329509754182        1.2943361732789953       43.390762463008336       1.2943361732789953       54.43713572745141        1.2943361732789953
4.99513231920777          15.80599293064711        1.288052987971816        28.550375819505106       1.288052987971816        43.31059339801883        1.288052987971816        54.33763026573684        1.288052987971816
5.001415504514951         15.776917383232593       1.2817698026646351       28.497492464018208       1.2817698026646351       43.23000335027119        1.2817698026646351       54.23783785006546        1.2817698026646351
5.0076986898221305        15.74775267279053        1.275486617357456        28.444751585391465       1.275486617357456        43.14939102737469        1.275486617357456        54.137480289656516       1.275486617357456
5.01398187512931          15.718260755695896       1.2692034320502767       28.391680317689723       1.2692034320502767       43.06840282328312        1.2692034320502767       54.03577270396793        1.2692034320502767
5.020265060436489         15.688070197221199       1.2629202467430976       28.33740530959058        1.2629202467430976       42.9859632734055         1.2629202467430976       53.931601178363394       1.2629202467430976
5.026548245743669         15.656771071290551       1.2566370614359175       28.280959031075444       1.2566370614359175       42.90059282475092        1.2566370614359175       53.823679876869555       1.2566370614359175
5.032831431050848         15.624119081981435       1.2503538761287383       28.22178515570231        1.2503538761287383       42.811191899744685       1.2503538761287383       53.711158337876604       1.2503538761287383
5.039114616358028         15.590223391280812       1.2440706908215582       28.160131959791098       1.2440706908215582       42.717819571214          1.2440706908215582       53.59428916312307        1.2440706908215582
5.045397801665208         15.555494064621312       1.237787505514378        28.096908978558606       1.237787505514378        42.62173509875557        1.237787505514378        53.47434430747404        1.237787505514378
5.0516809869723875        15.520415262665178       1.231504320207199        28.033169622462452       1.231504320207199        42.52477047833996        1.231504320207199        53.35294578882449        1.231504320207199
5.057964172279567         15.485402919115275       1.2252211349000197       27.969759633599974       1.2252211349000197       42.428682962222645       1.2252211349000197       53.23164587524479        1.2252211349000197
5.064247357586746         15.450738678267252       1.2189379495928405       27.90717017793271        1.2189379495928405       42.33456335377473        1.2189379495928405       53.111677438047586       1.2189379495928405
5.070530542893926         15.416361537862917       1.2126547642856604       27.84520073661236        1.2126547642856604       42.24197479739486        1.2126547642856604       52.99309998178605        1.2126547642856604
5.076813728201106         15.38164500752702        1.2063715789784804       27.782616631811624       1.2063715789784804       42.14844081863197        1.2063715789784804       52.87384137653173        1.2063715789784804
5.083096913508285         15.345629815207959       1.2000883936713012       27.717605515837093       1.2000883936713012       42.05056886320916        1.2000883936713012       52.75039571417377        1.2000883936713012
5.0893800988154645        15.30773772429576        1.193805208364122        27.64907576543039        1.193805208364122        41.946532152028276       1.193805208364122        52.620380143437245       1.193805208364122
5.095663284122645         15.268244297007817       1.1875220230569419       27.577520046463835       1.1875220230569419       41.83749730799873        1.1875220230569419       52.484420787961035       1.1875220230569419
5.101946469429824         15.22794124325484        1.1812388377497627       27.504427544330024       1.1812388377497627       41.726313681750405       1.1812388377497627       52.34521322206271        1.1812388377497627
5.108229654737003         15.187423329062835       1.1749556524425835       27.431002069447334       1.1749556524425835       41.61498868083295        1.1749556524425835       52.20508078916156        1.1749556524425835
5.114512840044184         15.14685527517272        1.1686724671354025       27.35769268300869        1.1686724671354025       41.503796491866034       1.1686724671354025       52.06498208045692        1.1686724671354025
5.120796025351363         15.106281846640309       1.1623892818282233       27.28465689282446        1.1623892818282233       41.392399290896414       1.1623892818282233       51.92534868301164        1.1623892818282233
5.127079210658542         15.065775009909109       1.1561060965210441       27.21194797470461        1.1561060965210441       41.28076373319152        1.1561060965210441       51.78647458909635        1.1561060965210441
5.1333623959657215        15.025138525286227       1.149822911213865        27.138999402594823       1.149822911213865        41.168616057581445       1.149822911213865        51.64751734528521        1.149822911213865
5.139645581272902         14.983751957328403       1.1435397259066848       27.064467264522566       1.1435397259066848       41.054795763199635       1.1435397259066848       51.50604566411063        1.1435397259066848
5.145928766580081         14.941002518525133       1.1372565405995056       26.98715226913397        1.1372565405995056       40.93795010948125        1.1372565405995056       51.35962250927023        1.1372565405995056
5.152211951887261         14.896849291594796       1.1309733552923256       26.90706044092124        1.1309733552923256       40.81775873359488        1.1309733552923256       51.207851934123106       1.1309733552923256
5.15849513719444          14.851826549949573       1.1246901699851464       26.82531837842042        1.1246901699851464       40.69506760013015        1.1246901699851464       51.052502390413316       1.1246901699851464
5.16477832250162          14.806519306772291       1.1184069846779663       26.74309972738183        1.1184069846779663       40.57093799578375        1.1184069846779663       50.89577513282526        1.1184069846779663
5.171061507808799         14.761095166715187       1.112123799370787        26.66074506083275        1.112123799370787        40.44583962476835        1.112123799370787        50.738651092932976       1.112123799370787
5.177344693115979         14.715240541060108       1.105840614063608        26.57771510730044        1.105840614063608        40.31954745764591        1.105840614063608        50.58047190633481        1.105840614063608
5.183627878423159         14.668441680969456       1.0995574287564278       26.493148680422166       1.0995574287564278       40.191458320957906       1.0995574287564278       50.41961918575242        1.0995574287564278
5.189911063730339         14.620426774210037       1.0932742434492477       26.4065970164672         1.0932742434492477       40.06112809668377        1.0932742434492477       50.25485883382106        1.0932742434492477
5.196194249037518         14.571470567316172       1.0869910581420685       26.31846794866164        1.0869910581420685       39.92877845107496        1.0869910581420685       50.086536131308215       1.0869910581420685
5.202477434344697         14.522199668882676       1.0807078728348893       26.2296942782798         1.0807078728348893       39.79514416213916        1.0807078728348893       49.91637404843357        1.0807078728348893
5.208760619651877         14.472980607582974       1.0744246875277093       26.140808245809648       1.0744246875277093       39.66063000117717        1.0744246875277093       49.74581496218984        1.0744246875277093
5.215043804959056         14.423566439284524       1.06814150222053         26.051453651771492       1.06814150222053         39.52487731192057        1.06814150222053         49.574773194556535       1.06814150222053
5.221326990266236         14.373451041207726       1.0618583169133509       25.960943624015087       1.0618583169133509       39.38741609300561        1.0618583169133509       49.40224586992624        1.0618583169133509
5.227610175573417         14.322481757452238       1.05557513160617         25.86910887404643        1.05557513160617         39.2484315279434         1.05557513160617         49.227732361017544       1.05557513160617
5.233893360880596         14.27098582668112        1.0492919462989907       25.77638346536268        1.0492919462989907       39.10850367267285        1.0492919462989907       49.051597371690285       1.0492919462989907
5.240176546187775         14.219348395958386       1.0430087609918115       25.683204727051134       1.0430087609918115       38.96778363621936        1.0430087609918115       48.87432502474597        1.0430087609918115
5.246459731494954         14.167597423693621       1.0367255756846323       25.589564903357143       1.0367255756846323       38.82579387140305        1.0367255756846323       48.69592086734882        1.0367255756846323
5.252742916802134         14.115409581730761       1.0304423903774522       25.495111509189638       1.0304423903774522       38.68199805996214        1.0304423903774522       48.516023273228726       1.0304423903774522
5.259026102109313         14.062489096155941       1.024159205070273        25.399586368942742       1.024159205070273        38.53641977112943        1.024159205070273        48.33441932233952        1.024159205070273
5.2653092874164935        14.008951155589418       1.017876019763093        25.30320218007662        1.017876019763093        38.38976312389293        1.017876019763093        48.15149852310178        1.017876019763093
5.271592472723673         13.95523878772972        1.0115928344559137       25.20646035153794        1.0115928344559137       38.24276377688075        1.0115928344559137       47.96794128092428        1.0115928344559137
5.277875658030853         13.901495668368145       1.0053096491487337       25.109311944453307       1.0053096491487337       38.095022287145476       1.0053096491487337       47.783411511423616       1.0053096491487337
5.284158843338032         13.847122135123593       0.9990264638415545       25.010663724043532       0.9990264638415545       37.94471108143838        0.9990264638415545       47.59585388520162        0.9990264638415545
5.290442028645211         13.791292181034855       0.9927432785343753       24.90932164001168        0.9927432785343753       37.7902733017958         0.9927432785343753       47.40321271201139        0.9927432785343753
5.296725213952391         13.733948845127944       0.9864600932271953       24.805511768932092       0.9864600932271953       37.63246883023104        0.9864600932271953       47.20601974709456        0.9864600932271953
5.303008399259571         13.675907999986979       0.9801769079200151       24.700790718959773       0.9801769079200151       37.47372749255053        0.9801769079200151       47.007050244200045       0.9801769079200151
5.3092915845667505        13.6178193983511         0.9738937226128359       24.596139072839467       0.9738937226128359       37.315107350567054       0.9738937226128359       46.807884296577434       0.9738937226128359
5.31557476987393          13.559397717477218       0.9676105373056567       24.490778454619115       0.9676105373056567       37.15493977131959        0.9676105373056567       46.60700669861638        0.9676105373056567
5.32185795518111          13.499958790960015       0.9613273519984766       24.383371860337764       0.9613273519984766       36.9912111520079         0.9613273519984766       46.40218015098758        0.9613273519984766
5.328141140488289         13.439425052183509       0.9550441666912975       24.273901733583315       0.9550441666912975       36.82444081902751        0.9550441666912975       46.193711806953665       0.9550441666912975
5.334424325795468         13.378443016740798       0.9487609813841184       24.163744003989056       0.9487609813841184       36.65722217410081        0.9487609813841184       45.984233267253394       0.9487609813841184
5.340707511102648         13.317626050649617       0.9424777960769383       24.054095423372825       0.9424777960769383       36.49129550282747        0.9424777960769383       45.7757149221432         0.9424777960769383
5.346990696409828         13.256952312373805       0.9361946107697581       23.944797172472047       0.9361946107697581       36.32586542051704        0.9361946107697581       45.56758972625075        0.9361946107697581
5.353273881717008         13.195868354743817       0.9299114254625789       23.834631150626688       0.9299114254625789       36.15867472617913        0.9299114254625789       45.3576038666799         0.9299114254625789
5.359557067024187         13.133845531104651       0.9236282401553997       23.722531586466754       0.9236282401553997       35.98827159364503        0.9236282401553997       45.144015715545464       0.9236282401553997
5.365840252331367         13.070896164798704       0.9173450548482197       23.60861871063588        0.9173450548482197       35.81534039018809        0.9173450548482197       44.92722884389428        0.9173450548482197
5.372123437638546         13.007576602142985       0.9110618695410405       23.494096847444847       0.9110618695410405       35.64195340612707        0.9110618695410405       44.70944012648712        0.9110618695410405
5.378406622945726         12.944335075351924       0.9047786842338603       23.37987461152413        0.9047786842338603       35.46921993350123        0.9047786842338603       44.49216391196322        0.9047786842338603
5.384689808252905         12.880870420721182       0.8984954989266811       23.265324192236978       0.8984954989266811       35.295733198352444       0.8984954989266811       44.274083967992425       0.8984954989266811
5.390972993560085         12.816398617762419       0.892212313619501        23.14887371962099        0.892212313619501        35.11894656267039        0.892212313619501        44.05221685257309        0.892212313619501
5.397256178867265         12.750594097906744       0.8859291283123218       23.029870309879293       0.8859291283123218       34.93808563066423        0.8859291283123218       43.825378730556565       0.8859291283123218
5.403539364174444         12.683972970941204       0.8796459430051426       22.90931258988675        0.8796459430051426       34.75495128852187        0.8796459430051426       43.59557114631275        0.8796459430051426
5.409822549481623         12.617262073085115       0.8733627576979635       22.78862374053134        0.8733627576979635       34.571795543431335       0.8733627576979635       43.36568719782919        0.8733627576979635
5.416105734788804         12.550666646628995       0.8670795723907825       22.668245515209975       0.8670795723907825       34.389230468781925       0.8670795723907825       43.13674720981282        0.8670795723907825
5.422388920095983         12.483826745478067       0.8607963870836033       22.54755433736421        0.8607963870836033       34.2062464109044         0.8607963870836033       42.90753103532999        0.8607963870836033
5.428672105403162         12.416201486995288       0.8545132017764241       22.42557112643727        0.8545132017764241       34.02126955991888        0.8545132017764241       42.67587859532874        0.8545132017764241
5.4349552907103424        12.347457391790854       0.8482300164692441       22.30164130614957        0.8482300164692441       33.833111449138336       0.8482300164692441       42.44025104330733        0.8482300164692441
5.441238476017522         12.277836795580225       0.8419468311620648       22.176091548014252       0.8419468311620648       33.64210631592814        0.8419468311620648       42.201301934269566       0.8419468311620648
5.447521661324701         12.208194765930417       0.8356636458548856       22.050368348682987       0.8356636458548856       33.45062272520275        0.8356636458548856       41.96211091217324        0.8356636458548856
5.453804846631881         12.139234235049415       0.8293804605477055       21.925751986622586       0.8293804605477055       33.261130328940254       0.8293804605477055       41.7253548539456         0.8293804605477055
5.460088031939061         12.07058296152162        0.8230972752405256       21.8016773512861         0.8230972752405256       33.07318889392056        0.8230972752405256       41.489840175476424       0.8230972752405256
5.46637121724624          12.001101647302683       0.8168140899333463       21.676161892188418       0.8168140899333463       32.883618063952106       0.8168140899333463       41.25149557416727        0.8168140899333463
5.472654402553419         11.930296570298834       0.8105309046261671       21.54826769974368        0.8105309046261671       32.69036101266048        0.8105309046261671       41.00844549247455        0.8105309046261671
5.478937587860599         11.858899744007234       0.8042477193189879       21.41921718175082        0.8042477193189879       32.494842183144314       0.8042477193189879       40.76321396705411        0.8042477193189879
5.485220773167779         11.78772293387272        0.7979645340118078       21.290459831735383       0.7979645340118078       32.299457153210255       0.7979645340118078       40.51871456740057        0.7979645340118078
5.491503958474959         11.716481582977313       0.7916813487046277       21.161575161267358       0.7916813487046277       32.104053019129545       0.7916813487046277       40.273970737162124       0.7916813487046277
5.497787143782138         11.644309966384437       0.7853981633974485       21.031096554725707       0.7853981633974485       31.906525774182967       0.7853981633974485       40.025843707425885       0.7853981633974485
5.504070329089318         11.57104821847545        0.7791149780902684       20.89874683645452        0.7791149780902684       31.706095531164873       0.7791149780902684       39.77370924971205        0.7791149780902684
5.510353514396497         11.497304875334512       0.7728317927830892       20.765580423108986       0.7728317927830892       31.50406522212674        0.7728317927830892       39.519878498052655       0.7728317927830892
5.516636699703676         11.423394979436766       0.76654860747591         20.63212993564742        0.76654860747591         31.30144473793706        0.76654860747591         39.26576444529229        0.76654860747591
5.522919885010856         11.348976240924006       0.7602654221687308       20.497736744432018       0.7602654221687308       31.097664098933894       0.7602654221687308       39.010227121004746       0.7602654221687308
5.529203070318037         11.273843224114815       0.7539822368615499       20.361945471924734       0.7539822368615499       30.892101580529804       0.7539822368615499       38.75220282462312        0.7539822368615499
5.535486255625216         11.198363241947067       0.7476990515543707       20.225351431914184       0.7476990515543707       30.685285144952484       0.7476990515543707       38.492597372175354       0.7476990515543707
5.541769440932395         11.122765347004183       0.7414158662471915       20.0884445539012         0.7414158662471915       30.477648649237118       0.7414158662471915       38.23227979702409        0.7414158662471915
5.548052626239574         11.046581086853344       0.7351326809400123       19.950598270677702       0.7351326809400123       30.268360052472794       0.7351326809400123       37.97008308292939        0.7351326809400123
5.554335811546754         10.969365359280236       0.7288494956328322       19.8111648623145         0.7288494956328322       30.056710852332625       0.7288494956328322       37.704757735822604       0.7288494956328322
5.5606189968539335        10.891610341411319       0.722566310325653        19.6709281773188         0.722566310325653        29.843875477582724       0.722566310325653        37.437779654804636       0.722566310325653
5.5669021821611135        10.814232778726016       0.7162831250184729       19.531253780143878       0.7162831250184729       29.63169757793015        0.7162831250184729       37.17184976354395        0.7162831250184729
5.573185367468294         10.737219406007586       0.7099999397112928       19.391946442540522       0.7099999397112928       29.41990012340244        0.7099999397112928       36.906757535638526       0.7099999397112928
5.579468552775473         10.659468269778719       0.7037167544041137       19.251154095331287       0.7037167544041137       29.206025313718612       0.7037167544041137       36.63898098740595        0.7037167544041137
5.585751738082652         10.580150871447028       0.6974335690969344       19.10767891606959        0.6974335690969344       28.988451791329144       0.6974335690969344       36.36601591929141        0.6974335690969344
5.592034923389831         10.499674079875295       0.6911503837897552       18.962397359303242       0.6911503837897552       28.76821378441279        0.6911503837897552       36.08931945126409        0.6911503837897552
5.598318108697011         10.419005026205257       0.6848671984825753       18.816912636178728       0.6848671984825753       28.54735396456525        0.6848671984825753       35.81203670416568        0.6848671984825753
5.604601294004191         10.338513117822291       0.6785840131753951       18.671640616007444       0.6785840131753951       28.3266341036427         0.6785840131753951       35.53531760368126        0.6785840131753951
5.610884479311371         10.257864284686466       0.6723008278682159       18.525872872999606       0.6723008278682159       28.105530291164843       0.6723008278682159       35.258068401744886       0.6723008278682159
5.61716766461855          10.176686204695509       0.6660176425610367       18.37904164168995        0.6660176425610367       27.883383256736167       0.6660176425610367       34.979086117048794       0.6660176425610367
5.62345084992573          10.09485741489851        0.6597344572538566       18.231105407630775       0.6597344572538566       27.659609957970456       0.6597344572538566       34.697941379383444       0.6597344572538566
5.629734035232909         10.012341312687004       0.6534512719466774       18.082100760768824       0.6534512719466774       27.433633216722775       0.6534512719466774       34.41451196207276        0.6534512719466774
5.636017220540088         9.929185369727163        0.6471680866394982       17.932103619780342       0.6471680866394982       27.2056304034121         0.6471680866394982       34.12906725290181        0.6471680866394982
5.642300405847269         9.84560402666226         0.6408849013323172       17.781412351689813       0.6408849013323172       26.976715185217486       0.6408849013323172       33.84238502821013        0.6408849013323172
5.648583591154448         9.761741820231846        0.6346017160251382       17.630156294448252       0.6346017160251382       26.747475504154817       0.6346017160251382       33.55471858106681        0.6346017160251382
5.654866776461628         9.677492281868654        0.6283185307179588       17.478022879104312       0.6283185307179588       26.517105243627885       0.6283185307179588       33.26531483349637        0.6283185307179588
5.661149961768807         9.592851738362334        0.6220353454107796       17.324989325122647       0.6220353454107796       26.28504861308849        0.6220353454107796       32.97409779885719        0.6220353454107796
5.667433147075987         9.508197684385761        0.6157521601035997       17.171876659600496       0.6157521601035997       26.05256268463397        0.6157521601035997       32.68284955459981        0.6157521601035997
5.673716332383166         9.423738835759998        0.6094689747964204       17.019261492332735       0.6094689747964204       25.820986388093036       0.6094689747964204       32.392905849814134       0.6094689747964204
5.679999517690346         9.338868693454385        0.6031857894892403       16.866115673856374       0.6031857894892403       25.58899769316768        0.6031857894892403       32.1022722130779         0.6031857894892403
5.686282702997525         9.252678948508066        0.5969026041820611       16.710646912049366       0.5969026041820611       25.353619630493224       0.5969026041820611       31.80726298319185        0.5969026041820611
5.6925658883047054        9.165147284656022        0.5906194188748811       16.552589428960218       0.5906194188748811       25.1141527738588         0.5906194188748811       31.50718975543126        0.5906194188748811
5.698849073611885         9.07725717912914         0.5843362335677018       16.393660788241842       0.5843362335677018       24.873292671262192       0.5843362335677018       31.20541480020176        0.5843362335677018
5.705132258919064         8.989815583941036        0.5780530482605226       16.235492459570306       0.5780530482605226       24.633745834207932       0.5780530482605226       30.90520570934283        0.5780530482605226
5.711415444226244         8.902677248945484        0.5717698629533425       16.078039210464638       0.5717698629533425       24.39532519112548        0.5717698629533425       30.606390613160826       0.5717698629533425
5.717698629533424         8.815326743249818        0.5654866776461625       15.920401546784959       0.5654866776461625       24.15625579812939        0.5654866776461625       30.306937672407606       0.5654866776461625
5.723981814840603         8.727667259385315        0.5592034923389833       15.76223726723563        0.5592034923389833       23.91588657835214        0.5592034923389833       30.006008946638175       0.5592034923389833
5.730265000147782         8.639838313126754        0.5529203070318041       15.603627024759225       0.5529203070318041       23.67475955617966        0.5529203070318041       29.703985914686427       0.5529203070318041
5.7365481854549625        8.551675687447158        0.546637121724624        15.444263573219224       0.546637121724624        23.432946940970933       0.546637121724624        29.400763825251          0.546637121724624
5.742831370762142         8.46287056369514         0.5403539364174448       15.283709858185325       0.5403539364174448       23.189854074070627       0.5403539364174448       29.09579469074471        0.5403539364174448
5.749114556069321         8.373472429431752        0.5340707511102656       15.122168302223455       0.5340707511102656       22.94536167966637        0.5340707511102656       28.789295583693217       0.5340707511102656
5.755397741376501         8.283793174750606        0.5277875658030855       14.960234128457671       0.5277875658030855       22.69994351199342        0.5277875658030855       28.4819612328555         0.5277875658030855
5.761680926683681         8.193925257115678        0.5215043804959054       14.798054820502054       0.5215043804959054       22.45376046305799        0.5215043804959054       28.173755613907545       0.5215043804959054
5.76796411199086          8.103752445020074        0.5152211951887262       14.635388717900868       0.5152211951887262       22.206644465981885       0.5152211951887262       27.864217716670712       0.5152211951887262
5.774247297298039         8.013347064061794        0.508938009881547        14.472318999417022       0.508938009881547        21.95888015408232        0.508938009881547        27.553679405965568       0.508938009881547
5.7805304826052195        7.922926254190183        0.5026548245743669       14.309173751004758       0.5026548245743669       21.71099155388334        0.5026548245743669       27.24286801451403        0.5026548245743669
5.786813667912399         7.832424480865262        0.4963716392671878       14.145785842506625       0.4963716392671878       21.462757078117974       0.4963716392671878       26.931448054178187       0.4963716392671878
5.793096853219579         7.7415511230675795       0.4900884539600077       13.98161650908348        0.4900884539600077       21.213491724389772       0.4900884539600077       26.6184282405516         0.4900884539600077
5.799380038526758         7.650350448664798        0.4838052686528285       13.81674217707421        0.4838052686528285       20.963440770805104       0.4838052686528285       26.30416845357435        0.4838052686528285
5.805663223833938         7.559242387721943        0.4775220833456484       13.651910410921884       0.4775220833456484       20.713685837698364       0.4775220833456484       25.990343047775042       0.4775220833456484
5.811946409141117         7.4682749402181114       0.4712388980384692       13.487229774743254       0.4712388980384692       20.464116692490098       0.4712388980384692       25.6771367253395         0.4712388980384692
5.8182295944482965        7.376754098106181        0.46495571273129         13.321547590544538       0.46495571273129         20.212663123589863       0.46495571273129         25.361943692762996       0.46495571273129
5.824512779755476         7.2840411197321355       0.4586725274241108       13.153849213746971       0.4586725274241108       19.9576840110991         0.4586725274241108       25.04232409276664        0.4586725274241108
5.830795965062657         7.190512755160603        0.4523893421169298       12.984879057117752       0.4523893421169298       19.700548806151723       0.4523893421169298       24.719565468465373       0.4523893421169298
5.837079150369836         7.0972672827676          0.44610615680975063      12.81654837928742        0.44610615680975063      19.444577954552923       0.44610615680975063      24.39773395884181        0.44610615680975063
5.843362335677015         7.004859417133897        0.43982297150257144      12.649714961040344       0.43982297150257144      19.19134711010863        0.43982297150257144      24.07911565088172        0.43982297150257144
5.849645520984195         6.91268633497443         0.4335397861953914       12.483187749958143       0.4335397861953914       18.938986795806024       0.4335397861953914       23.761809210821745       0.4335397861953914
5.855928706291374         6.819749752861787        0.4272566008882122       12.315143077453353       0.4272566008882122       18.684460530930583       0.4272566008882122       23.442250978321184       0.4272566008882122
5.8622118915985535        6.7257824625722655       0.420973415581033        12.14512022188543        0.420973415581033        18.426880013392086       0.420973415581033        23.119289216535233       0.420973415581033
5.868495076905734         6.63144181510082         0.4146902302738529       11.974352144795144       0.4146902302738529       18.168123554299015       0.4146902302738529       22.795119167357065       0.4146902302738529
5.874778262212914         6.537469174153316        0.40840704496667285      11.804283465538724       0.40840704496667285      17.91044888983492        0.40840704496667285      22.47243033430865        0.40840704496667285
5.881061447520093         6.443766417052525        0.4021238596594936       11.634897436895917       0.4021238596594936       17.65381725581627        0.4021238596594936       22.151021345806633       0.4021238596594936
5.887344632827272         6.349350874699937        0.3958406743523144       11.464519715145109       0.3958406743523144       17.39566666721963        0.3958406743523144       21.82746534045114        0.3958406743523144
5.893627818134451         6.253340024778718        0.3895574890451352       11.291479303091865       0.3895574890451352       17.13355156575574        0.3895574890451352       21.49855891328013        0.3895574890451352
5.899911003441631         6.156033627220801        0.3832743037379552       11.116109923536415       0.3832743037379552       16.86807630348082        0.3832743037379552       21.165239917446613       0.3832743037379552
5.906194188748811         6.058777103051799        0.3769911184307751       10.940697970942052       0.3769911184307751       16.602578781602634       0.3769911184307751       20.832172080074525       0.3769911184307751
5.912477374055991         5.962515053206628        0.37070793312359585      10.767001098950384       0.37070793312359585      16.33937094500618        0.37070793312359585      20.502593826264942       0.37070793312359585
5.918760559363171         5.866712391235866        0.36442474781641576      10.594224253107914       0.36442474781641576      16.07701141310562        0.36442474781641576      20.174421180108602       0.36442474781641576
5.92504374467035          5.770071890096963        0.3581415625092366       10.420134854045747       0.3581415625092366       15.81227887719499        0.3581415625092366       19.842804193165197       0.3581415625092366
5.931326929977529         5.672099312745803        0.35185837720205737      10.243804099673596       0.35185837720205737      15.544173089889478       0.35185837720205737      19.505867031049252       0.35185837720205737
5.937610115284708         5.573445433180204        0.3455751918948782       10.06629502779192        0.3455751918948782       15.274531685490135       0.3455751918948782       19.166154861409044       0.3455751918948782
5.943893300591889         5.474873596491857        0.3392920065876972       9.888911511272166        0.3392920065876972       15.005179869776223       0.3392920065876972       18.82692290036188        0.3392920065876972
5.9501764858990684        5.376595182034833        0.333008821280518        9.7120250767907          0.333008821280518        14.7363823973253         0.333008821280518        18.48934565619058        0.333008821280518
5.956459671206248         5.278648063145238        0.32672563597333887      9.535687894679953        0.32672563597333887      14.468117238367471       0.32672563597333887      18.153450374886628       0.32672563597333887
5.962742856513427         5.181171912107507        0.3204424506661596       9.360063186798376        0.3204424506661596       14.200808100853513       0.3204424506661596       17.81918943283761        0.3204424506661596
5.969026041820607         5.084019889365929        0.3141592653589796       9.184760595030873        0.3141592653589796       13.934125823618155       0.3141592653589796       17.485563527974872       0.3141592653589796
5.975309227127786         4.986638730909374        0.30787608005180034      9.008738132077973        0.30787608005180034      13.66665996534802        0.30787608005180034      17.150539646882116       0.30787608005180034
5.981592412434966         4.88861161035546         0.30159289474462025      8.83134875240325         0.30159289474462025      13.39749629758223        0.30159289474462025      16.812883583975093       0.30159289474462025
5.987875597742146         4.789931608146138        0.2953097094374402       8.652768874963302        0.2953097094374402       13.126891550734936       0.2953097094374402       16.47286576617806        0.2953097094374402
5.9941587830493255        4.690630648722567        0.28902652413026103      8.473207328115317        0.28902652413026103      12.854991989333959       0.28902652413026103      16.13081271440806        0.28902652413026103
6.000441968356505         4.59062676376451         0.28274333882308184      8.292564453925456        0.28274333882308184      12.58128043264072        0.28274333882308184      15.786538660041357       0.28274333882308184
6.006725153663684         4.490150935726816        0.2764601535159026       8.111204238386547        0.2764601535159026       12.305988003682312       0.2764601535159026       15.440823692574716       0.2764601535159026
6.013008338970864         4.389957983511668        0.2701769682087225       7.930363335918608        0.2701769682087225       12.03107803099414        0.2701769682087225       15.096165514922008       0.2701769682087225
6.019291524278044         4.29079632833075         0.2638937829015425       7.751248925702651        0.2638937829015425       11.758899037674642       0.2638937829015425       14.755014822035728       0.2638937829015425
6.025574709585223         4.192599520364995        0.2576105975943633       7.573653788201336        0.2576105975943633       11.489629914428201       0.2576105975943633       14.41707173866262        0.2576105975943633
6.031857894892402         4.094204450963786        0.251327412287184        7.395488841877919        0.251327412287184        11.220107470557997       0.251327412287184        14.078375005759055       0.251327412287184
6.0381410801995825        3.994170401975706        0.24504422698000397      7.214253928912438        0.24504422698000397      10.9460789516592         0.24504422698000397      13.734147080586979       0.24504422698000397
6.044424265506762         3.892301297047821        0.23876104167282475      7.0297680662597894       0.23876104167282475      10.666772653191456       0.23876104167282475      13.383991166146625       0.23876104167282475
6.050707450813941         3.7900655296732806       0.23247785636564555      6.844891866814291        0.23247785636564555      10.386343813015563       0.23247785636564555      13.03316547190415        0.23247785636564555
6.056990636121122         3.6888676679061034       0.2261946710584646       6.662306483953031        0.2261946710584646       10.108959644831522       0.2261946710584646       12.68640433093656        0.2261946710584646
6.063273821428301         3.5883395355407877       0.21991148575128538      6.481310761285816        0.21991148575128538      9.833685139811879        0.21991148575128538      12.341998799044374       0.21991148575128538
6.06955700673548          3.487286231395177        0.21362830044410622      6.2995247659745          0.21362830044410622      9.556938393671139        0.21362830044410622      11.995370022123755       0.21362830044410622
6.0758401920426595        3.3857226528243283       0.20734511513692702      6.116694113114457        0.20734511513692702      9.278405547013872        0.20734511513692702      11.646479951617762       0.20734511513692702
6.0821233773498395        3.2845509305543006       0.20106192982974694      5.934249970669034        0.20106192982974694      9.000552023466586        0.20106192982974694      11.298724890716702       0.20106192982974694
6.088406562657019         3.1837003941805424       0.19477874452256774      5.7520266713772035       0.19477874452256774      8.723516031176718        0.19477874452256774      10.952108004659221       0.19477874452256774
6.094689747964199         3.0822959829073904       0.18849555921538763      5.568565853446513        0.18849555921538763      8.44520265238305         0.18849555921538763      10.603490999875515       0.18849555921538763
6.100972933271379         2.9804314405472896       0.18221237390820758      5.384233152981712        0.18221237390820758      8.16587553097708         0.18221237390820758      10.252874293542533       0.18221237390820758
6.107256118578558         2.8790252169145014       0.17592918860102838      5.200829260607342        0.17592918860102838      7.8878710253447935       0.17592918860102838      9.903342088479612        0.17592918860102838
6.113539303885737         2.7779683862046984       0.16964600329384918      5.018184312786858        0.16964600329384918      7.610809476810038        0.16964600329384918      9.554852002200752        0.16964600329384918
6.1198224891929165        2.676054635263064        0.16336281798667         4.8340649363363175       0.16336281798667         7.33149800654498         0.16336281798667         9.203706196631549        0.16336281798667
6.126105674500097         2.5728781155719647       0.15707963267948988      4.647635305217988        0.15707963267948988      7.048923433634031        0.15707963267948988      8.848642885229804        0.15707963267948988
6.132388859807277         2.469555760018898        0.1507964473723098       4.460779326863607        0.1507964473723098       6.765982017147291        0.1507964473723098       8.493173856558153        0.1507964473723098
6.138672045114456         2.367437378761515        0.14451326206513063      4.275864968035301        0.14451326206513063      6.486000882981289        0.14451326206513063      8.141517759465897        0.14451326206513063
6.144955230421635         2.266768765990162        0.1382300767579514       4.0934598700352725       0.1382300767579514       6.209436353248354        0.1382300767579514       7.794590007191091        0.1382300767579514
6.151238415728815         2.166505951865649        0.13194689145077135      3.9119739439418564       0.13194689145077135      5.933645697036903        0.13194689145077135      7.4494610556281655       0.13194689145077135
6.157521601035994         2.0651380631171157       0.12566370614359212      3.728941257390157        0.12566370614359212      5.655029528053213        0.12566370614359212      7.101501231741048        0.12566370614359212
6.1638047863431735        1.9619319385324878       0.11938052083641294      3.543084084382104        0.11938052083641294      5.372059953661474        0.11938052083641294      6.747926917178095        0.11938052083641294
6.1700879716503545        1.8574739389300832       0.11309733552923197      3.3552637242703254       0.11309733552923197      5.086477380487204        0.11309733552923197      6.3898176917438745       0.11309733552923197
6.176371156957534         1.7529959262435284       0.10681415022205279      3.167348820643949        0.10681415022205279      4.8014081126227985       0.10681415022205279      6.030628582947815        0.10681415022205279
6.182654342264713         1.649629980929328        0.10053096491487358      2.9810330358559347       0.10053096491487358      4.519445240430071        0.10053096491487358      5.674132361087463        0.10053096491487358
6.188937527571892         1.5480404373555996       0.09424777960769438      2.7973664208341154       0.09424777960769438      4.241833768339569        0.09424777960769438      5.32301899185337         0.09424777960769438
6.195220712879072         1.4474675765348177       0.0879645943005143       2.615087034542986        0.0879645943005143       3.966070526444354        0.0879645943005143       4.975282035552525        0.0879645943005143
6.201503898186251         1.345576498195851        0.08168140899333512      2.430221337410481        0.08168140899333512      3.685667902356           0.08168140899333512      4.623429520164255        0.08168140899333512
6.2077870834934314        1.2412934665183253       0.07539822368615504      2.2410972123663844       0.07539822368615504      3.39799216055641         0.07539822368615504      4.264018000475241        0.07539822368615504
6.214070268800611         1.137050748437611        0.06911503837897584      2.0523804639734293       0.06911503837897584      3.1103574408557755       0.06911503837897584      3.9054311561607093       0.06911503837897584
6.220353454107791         1.0353134286873291       0.06283185307179576      1.8687028962883754       0.06283185307179576      2.830347176991231        0.06283185307179576      3.5563009041908447       0.06283185307179576
6.22663663941497          0.9338874345476419       0.056548667764616554     1.6860195525117796       0.056548667764616554     2.552671160583742        0.056548667764616554     3.2093948344146392       0.056548667764616554
6.232919824722149         0.8288608362859005       0.05026548245743736      1.4969418087431474       0.05026548245743736      2.2668814418265186       0.05026548245743736      2.8511422598827987       0.05026548245743736
6.239203010029329         0.7214406430676721       0.043982297150257275     1.3033006585869222       0.043982297150257275     1.9759064783138234       0.043982297150257275     2.4848742792409464       0.043982297150257275
6.245486195336509         0.6166877786821332       0.0376991118430772       1.1140092743304228       0.0376991118430772       1.6926364439775214       0.0376991118430772       2.1271199847586417       0.0376991118430772
6.2517693806436885        0.5155749617781233       0.031415926535897996     0.9307774520830785       0.031415926535897996     1.4185031987694297       0.031415926535897996     1.7809219461046493       0.031415926535897996
6.258052565950868         0.4136133067776393       0.025132741228718804     0.7457504166823282       0.025132741228718804     1.1403310850360922       0.025132741228718804     1.4308536686243851       0.025132741228718804
6.264335751258048         0.30804739113155444      0.01884955592153872      0.5544769011210365       0.01884955592153872      0.8505052015962075       0.01884955592153872      1.0672770760784491       0.01884955592153872
6.270618936565227         0.20184356827434277      0.012566370614359525     0.3627341624025677       0.012566370614359525     0.5577327498876986       0.012566370614359525     0.7002314938501643       0.012566370614359525
6.276902121872406         0.0991383529034254       0.006283185307180329     0.17797604974312398      0.006283185307180329     0.2740333270253506       0.006283185307180329     0.34420899653543474      0.006283185307180329
6.283185307179586         3.8361950830158574E-15   2.4492935982947064E-16   6.884490840355653E-15    2.4492935982947064E-16   1.0604689492626856E-14   2.4492935982947064E-16   1.3322721082667083E-14   2.4492935982947064E-16
